source_id,sku,name,brand_name,compliance_category,sub_type,cannabis_type,weight_formatted,price,quantity,is_active,image_count
701f881eb27623ff,850012603351,Juicy Peach x Mimosa | 100mg | 10pk,Lost Farm,edibles,Gummies | Chews,sativa,100mg,30,19,True,1
54fa4ce7438b8437,,Twisted Cookies | Flower | 3.5g,Zizzle,flower,Full Bud,hybrid_sativa,3.5g,48,17,True,1
c572f1dddea61850,355750341324,White Peach (Fast Acting) | 10mg | 10pk,CANNABALS,edibles,Gummies | Chews,sativa,100mg,22,46,True,1
fd387f302c417b6a,,Stratus Silicone 14mm Bowl,Stratus,accessories,Bongs/pipes,,,10,272,True,1
f09fbca55e3c26f6,,OOZE Honey Pot Silicone Containers,OOZE,accessories,Storage,na,,4,65,True,1
19bccf7f56866b73,,Extendible Jar,,accessories,Storage,,,11,5,True,1
15a8e9c8332c57a8,,Raw Perfecto Cone Tips 100ct,Raw,accessories,Papers,na,,10,32,True,1
a8d879010f91390d,716165177111,6pk RAW 1 1/4 Size Cone Classic,Raw,accessories,Papers,,,6,188,True,1
91cae1c9846e7db3,,6pk HEMP RAW 1 1/4 Cone,Raw,accessories,Papers,na,,6,119,True,1
00b221187416b837,,Pineapple Express | 1g | Era Pod | Live Rosin W/ Diamonds,Pax,vaporizers,Live Rosin/resin Pod,sativa,1g,88,13,True,1
f9c3b9b0943a9401,850052046057,Protab | Extra Strength | Indica | 5ct 20mg Tablets | 100mg THC,LEVEL,edibles,Tablets,indica,100mg,24,9,True,1
97b757777793d9a4,850052046071,Protab+ | LIGHTS OUT | 5ct 20mg Tablets | 100mg THC+CBN+CBG,LEVEL,edibles,Tablets,indica,100mg,24,2,True,1
05b028b76e515b8d,850049967044,Blueberry Kush | 510 Cart | 1g,Jaunty,vaporizers,Cart,indica,1g,45,40,True,1
95ae9777e8b5d9b3,,DO-SI-DO | 1g 510 Cartridge,Hepworth,vaporizers,Cart,hybrid_indica,1g,33,35,True,1
e1df73dc2a6b0db8,HDBEANBLK01,Happy Days Black Beanie | Hat,Happy Days,accessories,Apparel,,,15,49,True,1
8a61b978e5cb3efa,,Mushroom Smell Proof Lockable Wristlet with Built in Combination Lock Blue,,accessories,Apparel,,,30,1,True,1
2832acdc28d1384e,,Triple Chamber Bubbler,MASTER DISTRO,accessories,Bongs/pipes,,,75,1,True,1
6de3a71f736ca786,,Six Chamber Bubbler,MASTER DISTRO,accessories,Bongs/pipes,,,125,6,True,1
d660eae5a3bd7f68,,Double Chamber Bubbler,Happy Days,accessories,Bongs/pipes,,,50,11,True,1
9afa75d48d1b28c8,,"Glass Pipe 5""",MASTER DISTRO,accessories,Bongs/pipes,,,35,224,True,1
159ea6c92886cf36,HDSSTSHIRTVC01,Happy Days T-Shirts (Various Colors),Happy Days,accessories,Apparel,,,25,96,True,5
41167b263cd46695,,Glass One Hitter (Assorted Colors),MASTER DISTRO,accessories,Bongs/pipes,,,6,182,True,1
cd161e3b2e8ed0d0,,PM Insentives Terpene Spray (THC-Free),Chime & Chill,merchandise,Cbd,,,20,5,True,1
5d81440c9f5b4a81,,AM SPA Soak CBD:CBG (THC-Free),Chime & Chill,merchandise,Cbd,,,30,10,True,1
a3a56186fe7a3c63,,PM SPA Soak CBD:CBN (THC-Free),Chime & Chill,merchandise,Cbd,,,30,2,True,1
26bb098498a097b1,,PM Cream CBD:CBN (THC-Free),Chime & Chill,merchandise,Cbd Topical,,,30,14,True,1
3528a7ca1a5be320,,AM Cream CBD:CBG (THC-Free),Chime & Chill,merchandise,Cbd Topical,,,30,11,True,1
7d96847fa27cb4df,,Trio Chime Card (THC-Free),Chime & Chill,merchandise,Cbd,,,15,5,True,1
7fc94663d5f7cd4c,,OP6 CBD Pain Relief Cream | Cooling,OP6,merchandise,Cbd Topical,,,70,24,True,1
c10a148d65bd461a,,Core | Premium Battery | Black,Vessel,accessories,Batteries,,,36,79,True,1
7d7e1c2e88de54d6,,Pipe | Filtered Premium Dry Herb Pipe | Gunmetal,Vessel,accessories,Bongs/pipes,,,70,20,True,1
0a302ef474a0fdfc,,Compass | Premium Vape Battery | Copper,Vessel,accessories,Batteries,,,45,13,True,1
a3364ffb6605a21a,,Helix Filtered Premium Dry Herb One Hitter | Gunmetal,Vessel,accessories,Bongs/pipes,,,65,8,True,1
db4a64d8f77eb620,810210391238,Concord Crush / Lychee Luxe | Slide Vape | 3g AIO,Eureka,vaporizers,Disposable,hybrid,3g,120,13,True,1
11492257e32ed1cf,,PMU Oral Solution THCv (THC-Free),Chime & Chill,merchandise,Cbd,,200mg,30,10,True,1
3ddf8e2c63fcdc07,,AM Oral Solution CBD:CBG (THC-Free),Chime & Chill,merchandise,Cbd,,200mg,30,23,True,1
4cb7b1351712ffbb,,Orange Cookies | Budder | 1g,#Hash,concentrates,Badder,hybrid,1g,30,60,True,1
a33be850caf42c4a,850012603993,Tropical Burst | 2:1 10 mg Sour Gummies | 10pk (Energy),Camino,edibles,Gummies | Chews,,100mg,30,35,True,1
d7e62fcc39c71ecb,,Battery Charging Cable | USB to Dual Micro USB/USB C,Happy Days,accessories,Batteries,,,3,682,True,1
fe3a8b4c9b41f470,810210391412,Melon Madness / Sour Appleicious | Slide Vape | 3g AIO,Eureka,vaporizers,Disposable,,3g,120,13,True,1
cb70556fe629db0a,HDBBCAP01,Happy Days Hat (various colors),Happy Days,accessories,Apparel,,,15,57,True,1
10c68ac01178b931,850054361141,Unwind: Flower Shaped Live Rosin Chocolate Bar | 100mg THC + 50mg CBN,Soft Power Sweets,edibles,Chocolates,,100mg,30,19,True,1
33b0a6ee6eb46646,,Passionfruit Punch (Pride) | 100mg | 20pk,Camino,edibles,Gummies | Chews,na,100mg,28,21,True,1
571bb9931f4dbf14,,Stainless Screen for Pipe,MASTER DISTRO,accessories,Bongs/pipes,,,1,737,True,1
1ad6bdf2d6865af1,195893353071,Peanut Butter CBD Chews | Calm | 150mg | 30pk,Happy Hounds,merchandise,Cbd Pets,,150mg,36,125,True,1
fc32353894750af5,,Replacement Parts Kit for iven Dry Herb Vaporizer,e1011 Labs,accessories,Accessories,,,10,33,True,1
3c939b2b0667c9a7,,Water Pipe Attachment for iven Dry Herb Vaporizer,e1011 Labs,accessories,Accessories,,,20,14,True,1
a2ebe87977ec9cc5,,Lip Incense Holder | O'om by Vanessa Deleon,H'om,accessories,Other Accessories,,,24,6,True,1
70a42c7bd7f258ed,,Huckleberry | 100mg Gummies | 10pk,Wyld,edibles,Gummies | Chews,hybrid,100mg,24,3,True,1
fe89c1e92c28d217,810109862481,Grapefruit Gummies | 1:1:1 THC:CBG:CBC | 100mg | 10pk,Wyld,edibles,Gummies | Chews,sativa,100mg,26,19,True,1
b5382631bc62e8b3,,Nic The Bruiser | 3.5g Flower,Leal,flower,Full Bud,hybrid_indica,3.5g,24,70,True,1
c4c1aeedeca1a27a,,Focus V AERIS Swappable Battery Pack,Focus V,accessories,Dab Accessories,,,80,1,True,1
d339d1b9cc033975,,Cookie Stash | Indoor Flower | 28g,LivWell,flower,Full Bud,sativa,28g,140,88,True,1
64edf83b776c1a02,,Blue Dream CBD Crumble K.O. Concentrated Care (THC-Free),Chime & Chill,merchandise,Cbd,,1g,45,15,True,2
f2e9b006dd7d2651,SM1P002-SWT,Scored Single Piece Sour Watermelon | 100mg | 10 Servings,Smokiez,edibles,Gummies | Chews,hybrid,100mg,16,21,True,1
cead34c21bad8a72,,Melon Madness (Fusion) | POD RELOAD | 1g,Eureka,vaporizers,Pod,hybrid,1g,46,16,True,1
061ce54bf9ed73f5,,Mango Haze - Sativa (Classic) | POD RELOAD | 1g,Eureka,vaporizers,Pod,sativa,1g,54,20,True,1
cf747b357a9664fb,,"Concord Crush | ""STARTER KIT"" | (Fusion) | AIO | 1g",Eureka,vaporizers,Disposable,hybrid,1g,63,5,True,1
efd6284629a40517,,"Melon Madness | ""STARTER KIT"" | (Fusion) | AIO | 1g",Eureka,vaporizers,Disposable,hybrid,1g,63,8,True,1
c0f560916e6f4a1c,,"Mimosa | ""STARTER KIT"" | (Classic) | AIO | 1g",Eureka,vaporizers,Disposable,hybrid,1g,60,9,True,1
d2c0b1d50b2f4b47,,Mimosa - Hybrid (Classic) | POD RELOAD | 1g,Eureka,vaporizers,Pod,hybrid,1g,54,21,True,1
0b17ea5d7ab69478,,Zoap | Flower | 28g,Matter,flower,Full Bud,indica,28g,160,90,True,1
e286024053c0fbb1,SG3-KIT-STBK-02,Stündenglass Kompact Gravity Infuser - Black,Stundenglass,accessories,Bongs/pipes,,,599.95,1,True,1
75d0873895998da0,,Wooden Tips | 10 Pack | Small,Purple Rose,accessories,Other Accessories,na,,22,2,True,1
fa374231b08bddd6,,Aeris Smart Device Handheld Dab E-Rig | Clear,Focus V,accessories,Dab Accessories,,,280,2,True,1
3645459ec09a4c29,850012603443,Midnight Mint Dark Chocolate | 100mg THC: 40mg CBN,Kiva,edibles,Chocolate Bar,indica,100mg,30,3,True,1
02150d95ac70d626,853126004793,Dark Chocolate | Kiva | 100mg,Kiva,edibles,Chocolate Bar,hybrid,100mg,30,15,True,1
337af4e9f49aa10c,766008633649,"Silicon 4"" Pipe With Glass Bowl",Stratus,accessories,Bongs/pipes,,,15,198,True,1
421406d893e14f9b,616361428485,Stratus Banger Slurpy,Stratus,accessories,Bongs/pipes,,,25,1,True,1
a11fa6643d5d7989,,Stratus Banger Thermo,Stratus,accessories,Bongs/pipes,,,25,4,True,1
795dbe91a720c6a0,,Relax Indica Blue Razz | 1:1 THC:CBD + CBN | Waterless Live Rosin,MyHI,edibles,Gummies | Chews,indica,100mg,22,21,True,1
f08e2e36014360d6,355750341805,Blueberry Dreams | Brick | 100mg THC:CBN,CANNABALS,edibles,Gummies | Chews,indica,100mg,20,18,True,1
043d09a0c8271162,MY071025OG,OG Kush Dreamy Indica | 1:1 THC:CBD + CBN | 1g Waterless Live Rosin AIO Vape,MyHI,vaporizers,Vape Live Rosin/resin Disposable,indica,1g,54,21,True,1
1d03c6cb3832d9fa,,Sour Diesel Strain Series Social Sativa | 3:1 THC:CBD + THCv + CBC | 1g Waterless Live Rosin AIO Vape,MyHI,vaporizers,Vape Live Rosin/resin Disposable,sativa,1g,54,18,True,1
bef6094e2585676c,,Cloud 9 Sparkling Pear (Hybrid) | 20 Gummies | 100mg THC/100mg CBG 1:1,Beboe,edibles,Gummies | Chews,hybrid,100mg,28,19,True,1
2f749ad9a9e5a26d,,Gold Pax Era Go Battery,Pax,accessories,Batteries,na,,20,3,True,1
c76cbf4bda869e81,,Large 10g-14g | Cannagar Mold Kit,Purple Rose,accessories,Other Accessories,na,,65,4,True,1
06e43d49eda47bcb,,"Sour Appleicious | ""STARTER KIT"" | (Fusion) | AIO | 1g",Eureka,vaporizers,Disposable,sativa,1g,63,11,True,1
be10bcece9e668ed,720140164904,Lychee Dream | Infused 5pk .6g | 3g Total,Ayrloom,pre_rolls,Infused Pre Rolls Multi Pack,sativa,3g,40,54,True,1
e2d2be2665f0811c,,Guava Gelato | Trip | 1g | AIO | Live Rosin W/ Diamonds,Pax,vaporizers,Vape Live Rosin/resin Disposable,hybrid,1g,88,36,True,1
ee4f73b11605f2b1,,Purple Afghani | Trip 1g AIO Live Rosin With Diamonds,Pax,vaporizers,Vape Live Rosin/resin Disposable,indica,1g,88,35,True,1
487868ff731cf8fd,,Puffco Peak Pro 3DXL | Onyx,Puffco,accessories,Dab Accessories,na,,420,14,True,1
ad5519f6fe3f4fb3,,Burnout Crewneck Pullover (Various Sizes & Colors) XL Deep Blue,Happy Days,accessories,Apparel,,,35,2,True,1
9db7268a0ece98de,,Burnout Sweatpants (Various Sizes & Colors) S Deep Blue,Happy Days,accessories,Apparel,,,35,6,True,1
9a6d8841e9c5acb2,,Burnout Sweatpants (Various Sizes & Colors) XL Deep Blue,Happy Days,accessories,Apparel,,,35,9,True,1
b2da2078c744a6a3,,Burnout Crewneck Pullover (Various Sizes & Colors) M Deep Blue,Happy Days,accessories,Apparel,,,35,4,True,1
9861304f2ba6e8ae,,Burnout Sweatpants (Various Sizes & Colors) M Deep Blue,Happy Days,accessories,Apparel,,,35,7,True,1
909d381cb399f482,,Burnout Sweatpants (Various Sizes & Colors) L Deep Blue,Happy Days,accessories,Apparel,,,35,10,True,1
6d86678bbd00c27b,HDCWHRSTM01,Chambray Wash Hoodie (Various Sizes & Colors) M Rust,Happy Days,accessories,Apparel,,,36,3,True,1
307de79b4624764b,HDCWHMBLU2XL01,Chambray Wash Hoodie (Various Sizes & Colors) 2XL Malibu Blue,Happy Days,accessories,Apparel,,,36,4,True,1
d9cb4a8135ef3497,HDCWHMBLUL01,Chambray Wash Hoodie (Various Sizes & Colors) L Malibu Blue,Happy Days,accessories,Apparel,,,36,10,True,1
e30847ef7c7e8f7a,HDCWHRSTS01,Chambray Wash Hoodie (Various Sizes & Colors) S Rust,Happy Days,accessories,Apparel,,,36,6,True,1
9b884220220f3593,HDCWHRSTXL01,Chambray Wash Hoodie (Various Sizes & Colors) XL Rust,Happy Days,accessories,Apparel,,,36,14,True,1
3348fe514b69dd46,HDCWHMBLUXL01,Chambray Wash Hoodie (Various Sizes & Colors) XL Malibu Blue,Happy Days,accessories,Apparel,,,36,19,True,1
f4ef4365714c66d0,HDCWHMBLUM01,Chambray Wash Hoodie (Various Sizes & Colors) M Malibu Blue,Happy Days,accessories,Apparel,,,36,6,True,1
109ff36689d9aede,HDCWHMBLUS01,Chambray Wash Hoodie (Various Sizes & Colors) S Malibu Blue,Happy Days,accessories,Apparel,,,36,3,True,1
ce27b093b3884199,HDMKTCBHWHTM01,Mixed Knit Tassel Cord Baja Hoodie (Various Sizes & Colors) M Wheat,Happy Days,accessories,Rewards Hoodies,,,36,12,True,1
3525f4633d6dd5ba,HDCWHRST2XL01,Chambray Wash Hoodie (Various Sizes & Colors) 2XL Rust,Happy Days,accessories,Apparel,,,36,9,True,1
490f137bacaafbd1,HDCWHRSTL01,Chambray Wash Hoodie (Various Sizes & Colors) L Rust,Happy Days,accessories,Apparel,,,36,10,True,1
a804b78574054a23,,King Size Pink/Purple Pre Rolled Cones | 3pk,Blazy Susan,accessories,Papers,,,3,45,True,1
aed28201eea71830,,King Slim Size Pink Rolling Papers,Blazy Susan,accessories,Papers,na,,3,32,True,1
d154bfea8f1e91c8,850070949811,The Mind Safari Hybrid | .6g Prerolls | 6pk,Lowell Farms,pre_rolls,Pre Roll Multi Pack,hybrid,3.6g,41.5,42,True,1
485a15bd738ebd00,850058286884,Pineapple Express (FF) | 1g 510 Cart,Florist Farms,vaporizers,Cart,hybrid,1g,40,17,True,1
0c7e471bf321022a,,LIVE RESIN | Candy Rain Badder 1g,MFNY,concentrates,Badder,indica,1g,55,12,True,1
af0eb98f347178ea,716165201953,6pk RAW 1 1/4 Size Cone Organic Hemp,Raw,accessories,Papers,,,6,124,True,1
c0bd357016684415,716165174578,King Size Classic Pre Rolled Cones | 3pk,Raw,accessories,Papers,na,,4,757,True,1
430343c69bed8c5c,716165289920,King Size Black Pre Rolled Cones | 3pk,Raw,accessories,Papers,na,,4,932,True,1
f1d1f04047d065f3,716165202103,King Size Organic Hemp Pre Rolled Cones | 3pk,Raw,accessories,Papers,na,,4,595,True,1
299805909e167047,,Cheech & Chong Gift Set - Purple Tie Dye,CHEECH & CHONG,accessories,Accessories,,,50,1,True,1
079088d217a03569,,Stratus Silicone Wax Reclaimer (Various Colors),Stratus,accessories,Dab Accessories,,,9.99,5,True,1
7e4b1e4a0b7f548d,810139761808,MFNY Skunk | LIVE RESIN | Tincture,MFNY,tinctures,Tinctures,indica,467.5mg,48,18,True,1
af92f0ca7ff61770,,Pax Era Go Battery | Black,Pax,accessories,Batteries,,,20,62,True,1
63e08cae9adbdd8e,,Kush Cake | 1g Pre Roll,Leal,pre_rolls,Pre Roll Singles,hybrid_indica,1g,7.5,112,True,1
66eb21f32a4bc2b0,,Hella Jelly | 3.5g Flower,Leal,flower,Full Bud,hybrid_sativa,3.5g,24,37,True,1
06c84912b004703f,,"Smell Proof Lockable Case with Built in Combination Lock | 8""x4""x3"" (Multiple Styles)",Happy Days,accessories,Storage,,,30,1031,True,1
9d1137492f170ef5,,"Smell Proof Lockable Wristlet with Built in Combination Lock | 11"" x 6"" (Multiple Styles)",Happy Days,accessories,Storage,,,25,1143,True,1
5e0637c37f878680,716165280965,Raw Classic Black 1 1/4,Raw,accessories,Papers,na,,3,272,True,1
d759e8c7f4de44c8,716165174011,Raw Connoisseur Pack King Size W/Tips,Raw,accessories,Papers,na,,3,46,True,1
1f61dd3da789e14b,,40oz Stainless Steel Insulation Hot & Cold With Straw,Happy Days,accessories,Other Accessories,,,25,40,True,3
d3880f2bc3e2c28d,,Comfort Colors Long Sleeve With Pocket XL Grey,Happy Days,accessories,Apparel,,,35,8,True,2
b9917cf40e313cac,,Comfort Colors Long Sleeve With Pocket L Grey,Happy Days,accessories,Apparel,,,35,6,True,2
66aebc765bb5dc94,HDCCLSSWPICBLL01,Comfort Colors Long Sleeve With Pocket L Ice Blue,Happy Days,accessories,Apparel,,,35,2,True,1
31abec79f78a864b,,Comfort Colors Long Sleeve With Pocket XL Black,Happy Days,accessories,Apparel,,,35,5,True,1
e05607a3b63a4267,,"Cheech & Chong Glass 16"" Tall Colour Changing Moe Money Tube Triple Donut",CHEECH & CHONG,accessories,Bongs/pipes,,,158,6,True,1
10757e2e3b2532f1,,Blue Zushi | High Purity THC | 1G | PAX Trip AIO,Pax,vaporizers,Disposable,hybrid,1g,55,75,True,1
60356f14b29c7531,810099152531,Blue Dream | Live Rosin with Diamonds | 1G | PAX High Performance Era Pod,Pax,vaporizers,Live Rosin/resin Pod,sativa,1g,88,36,True,1
6312201b62bc8f33,810099152234,Northern Lights | 1g | Era Pod | Live Rosin W/ Diamonds,Pax,vaporizers,Live Rosin/resin Pod,indica,1g,88,36,True,1
d368bd38da4c6b3f,,King Louis XIII (Sapphire) | AIO Pen | 1g,Sapphire,vaporizers,Disposable,hybrid_indica,1g,37.5,42,True,1
b58c788427ce385d,,Blue Dream | Live Rosin with Diamonds | 1G | PAX Trip All In One,Pax,vaporizers,Vape Live Rosin/resin Disposable,sativa,1g,88,35,True,1
859ac9b6da23196c,,S - Cappuccino Saltwash Cropped T-Shirt,Happy Days,accessories,Apparel,,,25,3,True,1
94fbe554b7588fff,,L - Cappuccino Saltwash Cropped T-Shirt,Happy Days,accessories,Apparel,,,25,8,True,1
596eeaef7e4a5e8c,,XL - Cappuccino Saltwash Cropped T-Shirt,Happy Days,accessories,Apparel,,,25,3,True,1
8506ea40e7c9319e,,XL - Sea Bright Blue Cropped T-Shirt,Happy Days,accessories,Apparel,,,25,4,True,1
9168adaee51ba8f1,,L - Sea Bright Blue Cropped T-Shirt,Happy Days,accessories,Apparel,,,25,7,True,1
ebf9d4d3756e1f45,,M - Sea Bright Blue Cropped T-Shirt,Happy Days,accessories,Apparel,,,25,2,True,1
77255e99e0f66183,,S - Sea Bright Blue Cropped T-Shirt,Happy Days,accessories,Apparel,,,25,4,True,1
6b1bca1d6745b204,,L - Soft Pink / Rich Pink Tonal Dye Shorts,Happy Days,accessories,Apparel,,,35,1,True,1
2b7da4f862f8fc05,,XL - Soft Pink / Rich Pink Tonal Dye Shorts,Happy Days,accessories,Apparel,,,35,1,True,1
2142b54432fa2008,HDTDHSPRPS01,S - Soft Pink / Rich Pink Tonal Dye Hoodie,Happy Days,accessories,Apparel,,,45,4,True,1
1c8d81a13f415093,HDTDHSPRPM01,M - Soft Pink / Rich Pink Tonal Dye Hoodie,Happy Days,accessories,Apparel,,,45,5,True,1
69ea300251986499,HDTDHSPRPL01,L - Soft Pink / Rich Pink Tonal Dye Hoodie,Happy Days,accessories,Apparel,,,45,2,True,1
e3dbc843f797afe4,HDTDHSPRPXL01,XL - Soft Pink / Rich Pink Tonal Dye Hoodie,Happy Days,accessories,Apparel,,,45,5,True,1
6dbe13ee23921112,HDTDHCCXL01,XL - Coconut / Caramel Tonal Dye Hoodie,Happy Days,accessories,Apparel,,,45,1,True,1
b4df72deaefe1a3b,,Nantucket Adult Crewneck Sweatshirt (Grey)- Large,Happy Days,accessories,Apparel,,,40,7,True,1
9ca3503a5981aca0,HDCREWOATS01,Nantucket Adult Crewneck Sweatshirt (Oatmeal)-Small,Happy Days,accessories,Apparel,,,40,3,True,1
8dd383bb0330a9ab,,PMU: Light & Sweet - White Chocolate with Ground Espresso (THC-Free),Chime & Chill,merchandise,Cbd Chocolate,,840mg,36,10,True,3
0e3be4d7965c2a76,,Galactic Gas (Sapphire) | AIO Pen | 1g,Sapphire,vaporizers,Disposable,hybrid,1g,37.5,15,True,1
221df096839b6bfe,634240296796,Cinderella 99 | .5g Preroll | 7pk,Dank,pre_rolls,Pre Roll Multi Pack,hybrid_sativa,3.5g,40,5,True,1
ef97ac3b2c3d5d3c,355750342024,Pink Lychee | Liquid Diamond | 2g AIO,CANNABALS,vaporizers,Disposable,hybrid,2g,65,15,True,1
057f0998842d1610,810028448094,Puffco Pivot 3D Replacement Chamber 2-Pack,Puffco,accessories,Dab Accessories,na,,60,37,True,1
57b7cfc4c086816e,634240330957,Green Crack | .5g Preroll | 7pk,Dank,pre_rolls,Pre Roll Multi Pack,sativa,3.5g,40,41,True,1
729e57da7b46e8b0,9007316405358220,Lime Sugar Cookie | AIO | 1g | Cannabis Terpenes (no botanical terps) - HTFSE,Gezoont,vaporizers,Disposable,hybrid,1g,50,27,True,1
2a97633b33b235d9,,Men's Burnout Sweatpants - Beach White - Large,Happy Days,accessories,Apparel,,,35,8,True,1
f6e3398dd805498a,,Men's Burnout Sweatpants - Beach White - Extra Large,Happy Days,accessories,Apparel,,,35,8,True,1
438e45973b4fa15a,716165177319,Raw Classic 1 1/4 Size Papers,Raw,accessories,Papers,na,,3,163,True,1
674094021ee3ac5d,850049967792,Strawberry Meltz | Cold Cure Live Rosin Badder | 1g,Jaunty,concentrates,Rosin,sativa,1g,60,12,True,1
2bf19519bda2f0e7,850049967815,Bloomfruit | Cold Cure Live Rosin Badder | 1g,Jaunty,concentrates,Rosin,hybrid,1g,60,9,True,1
d361d2886c2ab6a7,716165280521,Raw Hemp Wick 10ft,Raw,accessories,Other Accessories,na,,3,209,True,1
d1c044c204bd0b38,,Grape Ape | AIO Pen | 1g,New York Honey,vaporizers,Disposable,indica,1g,40,11,True,1
db7860a04f7189fe,GGPR08,Gorilla Glue | 0.5g Pre Rolls  | 6pk | Micro Grower,Back Home Cannabis,pre_rolls,Pre Roll Multi Pack,hybrid_indica,3g,32,27,True,1
3ea970001b4e1c5c,716165303756,Raw Organic Hemp X Lyrical Lemonade King Size Wide Papers,Raw,accessories,Papers,na,,8,56,True,1
7bb2445b46c18e39,HDCREWOATL01,Nantucket Adult Crewneck Sweatshirt (Oatmeal)-Large,Happy Days,accessories,Apparel,,,40,2,True,1
a3050e6f968e09f2,,Nantucket Adult Crewneck Sweatshirt (Grey)- XL,Happy Days,accessories,Apparel,,,40,4,True,1
e752dc3ab1b25da5,HDCREWOATM01,Nantucket Adult Crewneck Sweatshirt (Oatmeal)-Medium,Happy Days,accessories,Apparel,,,40,2,True,1
1276bc18cb08f54b,,Nantucket Adult Crewneck Sweatshirt (Grey)- Medium,Happy Days,accessories,Apparel,,,40,3,True,1
e7da2cb0b8a6a1f9,,Nantucket Adult Crewneck Sweatshirt (Grey)- Small,Happy Days,accessories,Apparel,,,40,2,True,1
2a69a79d672ab497,720140165116,Energy | Vape AIO | 1g,Ayrloom,vaporizers,Disposable,sativa,1g,45,17,True,1
26ef3ae69951884c,,Puffco Peak Pro 3DXL (Pearl),Puffco,accessories,Dab Accessories,na,,420,4,True,1
e6f18c6a8eca9e34,716165203339,Raw Lean Cones 20pk,Raw,accessories,Papers,na,,10,98,True,1
8c70b8a08449f634,,Clear Mini 1g-2g | (LIMITED EDITION) Cannagar Mold Kit,Purple Rose,accessories,Other Accessories,na,,64,1,True,1
a946c00bf99ad4fc,HDSSTSHIRTXS01,Happy Days T-Shirt (XS) (Various Colors),Happy Days,accessories,Apparel,,,25,12,True,1
19c175ca15adf5f5,HDSSTSHIRTM01,Happy Days T-Shirt (Medium) (Various Colors),Happy Days,accessories,Apparel,,,25,36,True,1
3be63efcf6e9d7cb,HDSSTSHIRTS01,Happy Days T-Shirt (Small) (Various Colors),Happy Days,accessories,Apparel,,,25,34,True,4
c4ee9511691e9e58,716165303862,Raw Ethereal 1 1/4 Papers,Raw,accessories,Papers,,,3,57,True,1
529ea9c51438454f,767814468067,Northern Lights | POD Reload | 1g,Rove,vaporizers,Live Rosin/resin Pod,indica,1g,80,10,True,1
8119a5690c4e084f,810139762300,2PK LIVE RESIN | Hash Burger | .5g 510 Cart,MFNY,vaporizers,Vape - Live Rosin/resin Cart,indica,1g,65,3,True,1
986cae6d3095e25b,,Pipe | Filtered Premium Dry Herb Pipe | Emerald,Vessel,accessories,Bongs/pipes,,,70,14,True,1
ee4cd4271c3bdb32,,Tango Gelee | Live Resin | 3.5g Baller Jar,KINGSROAD,concentrates,Sauce,hybrid,3.5g,122,17,True,1
281016ed0644604f,,Bananaconda | 5 Pack 1.75g - Dogwalkers (Stay),Dogwalkers,pre_rolls,Pre Roll Multi Pack,hybrid,1.75g,30,28,True,1
c669453c5e51679a,810183301852,Ahhhberry | Indoor Flower | 3.5g,CHEECH & CHONG,flower,Full Bud,hybrid,3.5g,40,43,True,1
68e0eaaf7648ceea,716165281429,Raw Roller 79mm,Raw,accessories,Other Accessories,,,5,23,True,1
43fb75738c83f005,716165179177,Raw Organic Hemp Single Wide Papers,Raw,accessories,Papers,na,,3,45,True,1
73a674711c22f44c,,Super Sativa Tangerine | 2:1 THC:CBD + THCv + CBC | Waterless Live Rosin,MyHI,edibles,Gummies | Chews,sativa,100mg,22,21,True,1
dba99202a6776519,810161523221,Maui Wowie | 1g Mini Tank High THC | AIO,Jetty,vaporizers,Disposable,sativa,1g,47.5,27,True,1
3cdde714cee1c8f9,850043506607,Strawberry - Chocolate Covered Gummies - 10mg 10pk,Soft Power Sweets,edibles,Gummies | Chews,indica,100mg,28,17,True,1
39f1ddec3ac9ce65,810028443570,Puffco Proxy 3D Chamber,Puffco,accessories,Dab Accessories,na,,50,14,True,1
c4c8b408e4c6e947,HDRWHBLKM01,Happy Days Hoodie-Black-M,Happy Days,flower,Rewards Hoodies,,,35,20,True,1
85a50b98aa086885,HDRWHBURL01,Happy Days Hoodie-Burgundy-L,Happy Days,flower,Rewards Hoodies,,,35,27,True,1
0145c7c8c2041f8c,HDRWHBLUXL01,Happy Days Hoodie-Blue-XL,Happy Days,flower,Rewards Hoodies,,,35,13,True,1
fd082d857922e0d7,HDRWHGRYXL01,Happy Days Hoodie-Grey-XL,Happy Days,flower,Rewards Hoodies,,,35,37,True,1
06cd42b382bcc9ac,742228422287,Black Scotti (Value Line) | 3.5g,Rolling Green,flower,Full Bud,hybrid_sativa,3.5g,36,50,True,2
ebd98ffd777a4e2e,716165179481,Raw Pre Rolled Tips 21 Pack,Raw,accessories,Papers,na,,3,11,True,1
869f4d3a39126e2e,,Pineapple Express (Fast Acting) | 100mg | 10pk,Incredibles,edibles,Gummies | Chews,,100mg,20,5,True,1
41e72a1aa8899092,7348392492332782,"Clementine (Afternoon Delight #4) | Solventless Live Rosin | 10mg THC, 10pk - 100mg Total",Rythm,edibles,Gummies | Chews,,100mg,30,114,True,2
e021a05dd029b615,767914229254,Maui Waui | Mini Bar .5g Diamonds AIO,Rove,vaporizers,Vape Live Rosin/resin Disposable,sativa,0.5g,45,28,True,2
6db69465bdb4f36b,HDRWHBLU2XL01,Happy Days Hoodie-Blue-2XL,Happy Days,flower,Rewards Hoodies,,,35,23,True,1
cc7b6cfbd10224c1,HDRWHBLK3XL01,Happy Days Hoodie-Black-3XL,Happy Days,flower,Rewards Hoodies,,,35,31,True,1
240c3d8b95cbb3ad,HDRWHBUR2XL01,Happy Days Hoodie-Burgundy-2XL,Happy Days,flower,Rewards Hoodies,,,35,38,True,1
71d5c3ea5efc474e,HDRWHBLK2XL01,Happy Days Hoodie-Black-2XL,Happy Days,flower,Rewards Hoodies,,,35,10,True,1
8976ed4a6b0782cd,HDRWHGRY2XL01,Happy Days Hoodie-Grey-2XL,Happy Days,flower,Rewards Hoodies,,,35,14,True,1
9843c8b420548262,,Trop Cherry | 3.5g Flower,House of Sacci,flower,Full Bud,hybrid,3.5g,50,32,True,1
f0e1090667b315db,HDHoodieRewardsMaroon-M,Happy Days Hoodie-Burgundy-M,Happy Days,flower,Rewards Hoodies,,,35,11,True,1
e7c72261db43e935,HDRWHBLUL01,Happy Days Hoodie-Blue-L,Happy Days,flower,Rewards Hoodies,,,35,42,True,1
6834a0bd32b619de,HDRWHGRYM01,Happy Days Hoodie-Grey-M,Happy Days,flower,Rewards Hoodies,,,35,9,True,1
594338781c270b42,HDRWHBURXL01,Happy Days Hoodie-Burgundy-XL,Happy Days,flower,Rewards Hoodies,,,35,30,True,1
f9e89d27cc2fdbe2,HDRWHGRYL01,Happy Days Hoodie-Grey-L,Happy Days,flower,Rewards Hoodies,,,35,18,True,1
c871aa9a9ad09bd7,HDRWHBLUM01,Happy Days Hoodie-Blue-M,Happy Days,flower,Rewards Hoodies,,,35,14,True,1
bf46bb6affcc6652,810161522989,Acapulco Gold | 1g 510 Cartridge,Jetty,vaporizers,Cart,sativa,1g,45,34,True,1
07fa990c716dc6d2,,Women's Racerback Tank Top | Fushia Frost (Pink) | XS,Happy Days,accessories,Apparel,,,20,8,True,1
eb76c9054fc4d1e0,,Women's Racerback Tank Top | Turquoise (Blue) | L,Happy Days,accessories,Apparel,,,20,8,True,1
4c63b875cc29fd33,,Women's Racerback Tank Top | Turquoise (Blue) | S,Happy Days,accessories,Apparel,,,20,10,True,1
f617569fa02601d9,,Women's Racerback Tank Top | Fushia Frost (Pink) | L,Happy Days,accessories,Apparel,,,20,7,True,1
951b07dc0bbabec8,,Women's Racerback Tank Top | Turquoise (Blue) | XXL,Happy Days,accessories,Apparel,,,20,4,True,1
c538668ec55a615f,,Women's Racerback Tank Top | Fushia Frost (Pink) | XL,Happy Days,accessories,Apparel,,,20,3,True,1
ee8604d584e6b110,,Women's Racerback Tank Top | Fushia Frost (Pink) | S,Happy Days,accessories,Apparel,,,20,8,True,1
019ecafd14ba2643,,Women's Racerback Tank Top | Turquoise (Blue) | XS,Happy Days,accessories,Apparel,,,20,8,True,1
14d2b5b2b2462464,,Women's Racerback Tank Top | Turquoise (Blue) | XL,Happy Days,accessories,Apparel,,,20,4,True,1
65a37f56c3ae6111,,Women's Racerback Tank Top | Turquoise (Blue) | M,Happy Days,accessories,Apparel,,,20,7,True,1
a0910a25b96b5e07,,Women's Racerback Tank Top | Fushia Frost (Pink) | XXL,Happy Days,accessories,Apparel,,,20,5,True,1
8dbdef78e217f41a,,Women's Racerback Tank Top | Fushia Frost (Pink) | M,Happy Days,accessories,Apparel,,,20,8,True,1
3f57bd574d522a5e,810076070964,Raspberry Lemonade | 10mg Gummies | 10pk (Bliss),Camino,edibles,Gummies | Chews,na,100mg,28,30,True,1
8264348cce511cad,716165178422,Raw Classic 1 1/2 Size Papers,Raw,accessories,Papers,na,,3,86,True,1
0261f7ad7332efe8,716165173663,Raw Classic Single Wide Size,Raw,accessories,Papers,,,3,89,True,1
6b96767b5b4125f0,7001191230013884,Orange Mimosa - Daytime Delight Scored Brick | 100mg THC: 100mg CBG : 20mg THCV | Single Piece 10 Doses,Gezoont,edibles,Gummies | Chews,sativa,100mg,17,3,True,1
a61a2c818278ee18,,Clear Sleeved Spoon | Fumed,B Money Glass,accessories,Bongs/pipes,,,60,1,True,1
5137b95e445f5ed8,,Frit (Assorted Colors),B Money Glass,accessories,Bongs/pipes,,,40,3,True,1
82a748716834ae07,,Wrap and Rake Push Bubbler,B Money Glass,accessories,Bongs/pipes,,,120,1,True,1
b3bf5a2e914e2df1,810161523207,Blue Dream | 1g Mini Tank High THC | AIO,Jetty,vaporizers,Disposable,sativa,1g,47.5,53,True,1
308ef244d9ae83aa,~6540927166089077,Presidential (OG) | 1.5g Infused Blunt,Presidential,pre_rolls,Infused Pre-roll,indica,1.5g,35,37,True,1
f9d0577bafe904db,HDQPOVRPPNKM01,Paradise Pink Quarter Zip Pullover | Medium,Happy Days,accessories,Apparel,,,40,4,True,1
cc90446533465447,HDQPOVRSBLUS01,Seabright Blue Quarter Zip Pullover | Small,Happy Days,accessories,Apparel,,,35,10,True,1
69411055d4e4d795,HDQPOVRSBLUL01,Seabright Blue Quarter Zip Pullover | Large,Happy Days,accessories,Apparel,,,35,9,True,1
7444e30fe1ba160b,HDQPOVRPPNKL01,Paradise Pink Quarter Zip Pullover | Large,Happy Days,accessories,Apparel,,,40,7,True,1
135969c7f5fd0d82,,Seabright Blue Shorts | Large,Happy Days,accessories,Apparel,,,25,1,True,1
27486aa8a42c5dad,HDQPOVRSBLUM01,Seabright Blue Quarter Zip Pullover | Medium,Happy Days,accessories,Apparel,,,35,10,True,1
c98ffdfae81c801f,HDQPOVRPPNKS01,Paradise Pink Quarter Zip Pullover | Small,Happy Days,accessories,Apparel,,,40,7,True,1
19be51e2fc143b96,,Paradise Pink Shorts | Large,Happy Days,accessories,Apparel,,,25,4,True,1
051055cf7749ef11,,Paradise Pink Shorts | Medium,Happy Days,accessories,Apparel,,,25,3,True,1
38e5d47aba114c66,,Fleece Hoodie | Bright Red | XXL,Happy Days,accessories,Apparel,,,36,8,True,1
bcf59c52114e3db6,,Fleece Hoodie | Bright Red | L,Happy Days,accessories,Apparel,,,36,9,True,1
a18dd6b6baa87802,,Fleece Hoodie | Sailor Blue | XL,Happy Days,accessories,Apparel,,,36,5,True,1
6724e75de48c2ea1,,Fleece Hoodie | Bright Red | M,Happy Days,accessories,Apparel,,,36,3,True,1
68002fc98061d8a1,,Fleece Hoodie | Sailor Blue | XXL,Happy Days,accessories,Apparel,,,36,5,True,1
75da56338e3b8c0c,,Fleece Hoodie | Sailor Blue | M,Happy Days,accessories,Apparel,,,36,4,True,1
f8346916d0ef2226,,Fleece Hoodie | Sailor Blue | L,Happy Days,accessories,Apparel,,,36,8,True,1
42b21ccfb06f1db5,HDCREWESPM01,Crewneck | Espresso (Brown) | M,Happy Days,accessories,Apparel,,,35,19,True,1
2dd5220871081e35,HDCREWMNTXL01,Crewneck | Cool Mint (Light Green) | XL,Happy Days,accessories,Apparel,,,35,13,True,1
a877c3d531241256,HDCREWMNTM01,Crewneck | Cool Mint (Light Green) | M,Happy Days,accessories,Apparel,,,35,15,True,1
9f789c2506eaf751,HDCREWMNTL01,Crewneck | Cool Mint (Light Green) | L,Happy Days,accessories,Apparel,,,35,17,True,1
419521e3fbc00089,HDCREWESPXL01,Crewneck | Espresso (Brown) | XL,Happy Days,accessories,Apparel,,,35,10,True,1
6c756e6ba314b361,HDPOVRSANDXL01,1/4 Zip Pullover | Sand (Tan) | XL,Happy Days,accessories,Apparel,,,40,6,True,1
57d800ee33bc8e50,HDPOVRSAND2XL01,1/4 Zip Pullover | Sand (Tan) | XXL,Happy Days,accessories,Apparel,,,40,6,True,1
81344850639cd326,HDPOVRSANDL01,1/4 Zip Pullover | Sand (Tan) | L,Happy Days,accessories,Apparel,,,40,8,True,1
599fa0b01a3d001f,HDCREWESPL01,Crewneck | Espresso (Brown) | L,Happy Days,accessories,Apparel,,,35,20,True,1
5932b8f5da518527,HDCREWESPS01,Crewneck | Espresso (Brown) | S,Happy Days,accessories,Apparel,,,35,8,True,1
805e13d39d3dfb7f,HDCREWMNTS01,Crewneck | Cool Mint (Light Green) | S,Happy Days,accessories,Apparel,,,35,9,True,1
ce55614f3bb88825,HDPOVRSANDM01,1/4 Zip Pullover | Sand (Tan) | M,Happy Days,accessories,Apparel,,,40,7,True,1
67310e4e41fe810a,,1/4 Zip Pullover | Pebble Grey | XXL,Happy Days,accessories,Apparel,,,40,4,True,1
3bdbf9baafb1d953,,1/4 Zip Pullover | Pebble Grey | M,Happy Days,accessories,Apparel,,,40,4,True,1
476a9a6daa0d89f7,,1/4 Zip Pullover | Pebble Grey | L,Happy Days,accessories,Apparel,,,40,3,True,1
c3c72c472464415e,,1/4 Zip Pullover | Pebble Grey | XL,Happy Days,accessories,Apparel,,,40,3,True,1
e6c6916d27be253a,810139762645,Candy Rain l Live Rosin Badder l 1g,MFNY,concentrates,Rosin,indica,1g,75,23,True,1
cddff4b0a93431c3,810076072722,Strawberry Lemonade x Napa | 100mg | 10pk,Lost Farm,edibles,Gummies | Chews,hybrid_sativa,100mg,30,37,True,1
cc3e3b766dec4fa3,twpr08,Trainwreck | 0.5g Pre Rolls  | 6pk | Micro Grower,Back Home Cannabis,pre_rolls,Pre Roll Multi Pack,hybrid_sativa,3g,32,16,True,1
00b6cfe48053a99f,,Cheddar Cheeze l Indoor l 3.5g (Indica Dominant),Rythm,flower,Full Bud,hybrid_indica,3.5g,50,23,True,1
900c53ddbb055b8d,HDSSILBBFGRN3XL01,Happy Days Short Sleeve T-Shirt | I like big buds | Forest Green-XXXL,Happy Days,accessories,Apparel,,,25,3,True,1
aebee34ac0d325be,HDSSILBBFGRNXL01,Happy Days Short Sleeve T-Shirt | I like big buds | Forest Green-XL,Happy Days,accessories,Apparel,,,25,8,True,1
b6cd250c9a8c62f4,HDSSILBBFGRNL01,Happy Days Short Sleeve T-Shirt | I like big buds | Forest Green-L,Happy Days,accessories,Apparel,,,25,12,True,1
596617a0c636626e,HDSSILBBFGRNS01,Happy Days Short Sleeve T-Shirt | I like big buds | Forest Green-S,Happy Days,accessories,Apparel,,,25,2,True,1
31636c2c4f5c743c,HDSSILBBFGRNM01,Happy Days Short Sleeve T-Shirt | I like big buds | Forest Green-M,Happy Days,accessories,Apparel,,,25,1,True,1
ee24da8ae713c97d,HDSSVNHMBOMTGRDM01,Happy Days Short Sleeve V-Neck| Hit me baby one more time | Garnet Red-M,Happy Days,accessories,Apparel,,,25,8,True,1
5c2beb3d92470874,HDSSSBTBLBLUL01,Happy Days Short Sleeve T-Shirt | Saved by the Bud | Light Blue-L,Happy Days,accessories,Apparel,,,25,12,True,1
22eed2e4ea269ab8,HDSSSBTBLBLU2XL01,Happy Days Short Sleeve T-Shirt | Saved by the Bud | Light Blue-XXL,Happy Days,accessories,Apparel,,,25,2,True,1
f35055e03406511f,HDSSSBTBLBLUM01,Happy Days Short Sleeve T-Shirt | Saved by the Bud | Light Blue-M,Happy Days,accessories,Apparel,,,25,4,True,1
3396c869ed20e4f5,HDSSSBTBLBLUXL01,Happy Days Short Sleeve T-Shirt | Saved by the Bud | Light Blue-XL,Happy Days,accessories,Apparel,,,25,12,True,1
17abd7fa3b4a7432,HDSSSBTBLBLU3XL01,Happy Days Short Sleeve T-Shirt | Saved by the Bud | Light Blue-XXXL,Happy Days,accessories,Apparel,,,25,4,True,1
22810394887960d7,HDSSVNHMBOMTGRDS01,Happy Days Short Sleeve V-Neck| Hit me baby one more time | Garnet Red-S,Happy Days,accessories,Apparel,,,25,5,True,1
387027d8e233d0f3,HDSSVNHMBOMTGRDL01,Happy Days Short Sleeve V-Neck| Hit me baby one more time | Garnet Red-L,Happy Days,accessories,Apparel,,,25,4,True,1
05e630a7aa8884f5,HDSSSBTBLBLUS01,Happy Days Short Sleeve T-Shirt | Saved by the Bud | Light Blue-S,Happy Days,accessories,Apparel,,,25,3,True,1
86bec0dcd560f8fe,,"Cheech & Chong Glass 4.5"" Colour Changing Labrador Hand Pipe",CHEECH & CHONG,accessories,Bongs/pipes,,,37,10,True,1
82f5e68afbeb580b,850063095761,Pink Berry Daydream (Creative) | 10:2:2 THC:CBG:CBC | 10pk,Off Hours,edibles,Gummies | Chews,,100mg,28,51,True,2
f1c46039fe126a1c,HDSSDDDYSGE2XL01,Happy Days Short Sleeve T-Shirt | Double Dab Dare Ya | Sage (Green)-XXL,Happy Days,accessories,Apparel,,,25,1,True,1
9de3e388c0e13a0d,HDSSDDDYSGEXL01,Happy Days Short Sleeve T-Shirt | Double Dab Dare Ya | Sage (Green)-XL,Happy Days,accessories,Apparel,,,25,10,True,1
9fdd562f9379bc38,HDSSHHLBLU3XL01,Happy Days Short Sleeve T-Shirt | High Hopes | Light Blue-XXXL,Happy Days,accessories,Apparel,,,25,2,True,1
e82011ad652935d3,HDSSDDDYSGE3XL01,Happy Days Short Sleeve T-Shirt | Double Dab Dare Ya | Sage (Green)-XXXL,Happy Days,accessories,Apparel,,,25,1,True,1
61e069529543d148,HDSSHHLBLU2XL01,Happy Days Short Sleeve T-Shirt | High Hopes | Light Blue-XXL,Happy Days,accessories,Apparel,,,25,2,True,1
c78a8f4966a2a0d1,HDSSHHLBLUM01,Happy Days Short Sleeve T-Shirt | High Hopes | Light Blue-M,Happy Days,accessories,Apparel,,,25,8,True,1
243315d85f3ac6df,HDSSHHLBLUL01,Happy Days Short Sleeve T-Shirt | High Hopes | Light Blue-L,Happy Days,accessories,Apparel,,,25,8,True,1
04c867a710a5678a,HDSSDDDYSGEL01,Happy Days Short Sleeve T-Shirt | Double Dab Dare Ya | Sage (Green)-L,Happy Days,accessories,Apparel,,,25,11,True,1
98e9d73babada040,HDSSDDDYSGES01,Happy Days Short Sleeve T-Shirt | Double Dab Dare Ya | Sage (Green)-S,Happy Days,accessories,Apparel,,,25,3,True,2
6936e276c051ac31,HDSSSMSHBLKM01,Happy Days Short Sleeve T-Shirt | Smokeshow | Black-M,Happy Days,accessories,Apparel,,,25,5,True,1
fc2cb89188cccf98,HDSSHHLBLUXL01,Happy Days Short Sleeve T-Shirt | High Hopes | Light Blue-XL,Happy Days,accessories,Apparel,,,25,13,True,1
1ed799ab30f3c84d,HDSSSMSHBLK3XL01,Happy Days Short Sleeve T-Shirt | Smokeshow | Black-XXXL,Happy Days,accessories,Apparel,,,25,3,True,1
8cda97e13858488d,HDSSSMSHBLKXL01,Happy Days Short Sleeve T-Shirt | Smokeshow | Black-XL,Happy Days,accessories,Apparel,,,25,8,True,1
ac4be2c08ceaf24f,HDSSSMSHBLKS01,Happy Days Short Sleeve T-Shirt | Smokeshow | Black-S,Happy Days,accessories,Apparel,,,25,3,True,1
c23318dc991b8555,HDSSDDDYSGEM01,Happy Days Short Sleeve T-Shirt | Double Dab Dare Ya | Sage (Green)-M,Happy Days,accessories,Apparel,,,25,6,True,1
cbf02abb41b452c6,HDSSHHLBLUS01,Happy Days Short Sleeve T-Shirt | High Hopes | Light Blue-S,Happy Days,accessories,Apparel,,,25,4,True,1
9dee28fbfd2cd162,HDSSSMSHBLKL01,Happy Days Short Sleeve T-Shirt | Smokeshow | Black-L,Happy Days,accessories,Apparel,,,25,10,True,1
f732044c06511df6,850052046088,Protab+ Recover | Relief | THC+THCa+CBDa+CBG+CBC | 10mg THC | 10pk,LEVEL,edibles,Tablets,indica,10mg,24,30,True,1
04d27ca788738bd7,810109863921,Pineapple (Sativa) | Rosin Infused 100mg THC | 10pk,Good Tide,edibles,Gummies | Chews,sativa,100mg,26,97,True,1
6bc49a79665db21d,810109863952,Grapefruit (Sativa) | Rosin Infused 10:10:10 THC:CBD:CBC | 100mg 10pk,Good Tide,edibles,Gummies | Chews,sativa,100mg,30,25,True,1
a734b32a99989af3,634240395949,Space Jam | .5g Preroll | 7pk,Dank,pre_rolls,Pre Roll Multi Pack,hybrid_indica,3.5g,40,69,True,1
2b6c0c347ffbe74e,NYRZM4B1425,Blue Razzleberry (Sativa) MEGA | 1:1 THC:CBG | 100mg,Gron,edibles,Gummies | Chews,sativa,100mg,18,40,True,1
14a31d4ed836d6a4,nybug1a0626,Blueberry Lemonade (Sativa) | 3:1 CBG:THC l Live Rosin | 10mg 10pk,Gron,edibles,Gummies | Chews,sativa,100mg,22,60,True,1
b11d9dd22097e991,HDSSOHWSBLUXL01,Happy Days Short Sleeve T-Shirt | One Hit Wonder | Sapphire Blue-XL,Happy Days,accessories,Apparel,,,25,14,True,1
fdce0d71dd74d6bf,HDSSOHWSBLU3XL01,Happy Days Short Sleeve T-Shirt | One Hit Wonder | Sapphire Blue-XXXL,Happy Days,accessories,Apparel,,,25,3,True,1
b519e3a213c4bde6,HDSSOHWSBLUL01,Happy Days Short Sleeve T-Shirt | One Hit Wonder | Sapphire Blue-L,Happy Days,accessories,Apparel,,,25,14,True,1
25c76649cf245ac7,HDSSOHWSBLU2XL01,Happy Days Short Sleeve T-Shirt | One Hit Wonder | Sapphire Blue-XXL,Happy Days,accessories,Apparel,,,25,9,True,1
3afd3c29e5fcb11c,HDSSOHWSBLUM01,Happy Days Short Sleeve T-Shirt | One Hit Wonder | Sapphire Blue-M,Happy Days,accessories,Apparel,,,25,10,True,1
aa3aeb43607d0f53,HDSSVNBMBLKM01,Happy Days Short Sleeve V-Neck | Barbie/Marley | Black-M,Happy Days,accessories,Apparel,,,25,6,True,1
3e9e1556b3538c84,HDSSVNBMBLKS01,Happy Days Short Sleeve V-Neck | Barbie/Marley | Black-S,Happy Days,accessories,Apparel,,,25,9,True,1
188010b3026e2bf3,HDSSVNBMBLKL01,Happy Days Short Sleeve V-Neck | Barbie/Marley | Black-L,Happy Days,accessories,Apparel,,,25,7,True,1
b22949ad5a459262,HDSSOHWSBLUS01,Happy Days Short Sleeve T-Shirt | One Hit Wonder | Sapphire Blue-S,Happy Days,accessories,Apparel,,,25,4,True,1
0055bfe0ed510e17,850073994795,Quicks Rip Van Winkle (Indica) | .35g Prerolls | 10pk,Lowell Farms,pre_rolls,Pre Roll Multi Pack,indica,3.5g,40,37,True,1
5822d84c24434656,HDLSSSLGSFGRNXL01,Happy Days Long Sleeve Shirt | Smells Like Green Spirit | Forest Green-XL,Happy Days,accessories,Apparel,,,25,22,True,1
5ba69903b6793a60,HDLSSSLGSFGRN3XL01,Happy Days Long Sleeve Shirt | Smells Like Green Spirit | Forest Green-XXXL,Happy Days,accessories,Apparel,,,25,4,True,1
39a08ac2847dde33,HDLSSSLGSFGRNM01,Happy Days Long Sleeve Shirt | Smells Like Green Spirit | Forest Green-M,Happy Days,accessories,Apparel,,,25,16,True,1
2e856d8d0951fbd7,HDLSSSLGSFGRNL01,Happy Days Long Sleeve Shirt | Smells Like Green Spirit | Forest Green-L,Happy Days,accessories,Apparel,,,25,20,True,1
8a01e9503af47fd7,HDLSSSLGSFGRN2XL01,Happy Days Long Sleeve Shirt | Smells Like Green Spirit | Forest Green-XXL,Happy Days,accessories,Apparel,,,25,9,True,1
f1f75b630fdd2495,HDLSSHMBOMTCGRYS01,Happy Days Long Sleeve Shirt | Hit me Baby One More Time | Charcoal Grey-S,Happy Days,accessories,Apparel,,,25,10,True,1
feddac7b74a08517,HDLSSHMBOMTCGRYXL01,Happy Days Long Sleeve Shirt | Hit me Baby One More Time | Charcoal Grey-XL,Happy Days,accessories,Apparel,,,25,20,True,1
aa25ef5c33990527,HDLSSHMBOMTCGRYL01,Happy Days Long Sleeve Shirt | Hit me Baby One More Time | Charcoal Grey-L,Happy Days,accessories,Apparel,,,25,18,True,1
df101e8c1a265e45,HDLSSHMBOMTCGRY2XL01,Happy Days Long Sleeve Shirt | Hit me Baby One More Time | Charcoal Grey-XXL,Happy Days,accessories,Apparel,,,25,9,True,1
9f2818a867950372,HDLSSSLGSFGRNS01,Happy Days Long Sleeve Shirt | Smells Like Green Spirit | Forest Green-S,Happy Days,accessories,Apparel,,,25,10,True,1
288c108b741aac59,HDLSSHMBOMTCGRY3XL01,Happy Days Long Sleeve Shirt | Hit me Baby One More Time | Charcoal Grey-XXXL,Happy Days,accessories,Apparel,,,25,5,True,1
e6fdb66f70847b87,HDLSSHMBOMTCGRYM01,Happy Days Long Sleeve Shirt | Hit me Baby One More Time | Charcoal Grey-M,Happy Days,accessories,Apparel,,,25,14,True,1
4588d5d064255aac,uxc0000086,Cherry | 5mg THC Sublingual Dots | 20 Dots,CannaDots,tinctures,Sublingual,,100mg,30,26,True,1
17289dce9df9733a,uxc0000087,Orange | 5mg THC Sublingual Dots | 20 Dots,CannaDots,tinctures,Sublingual,,100mg,30,13,True,1
ecba1409d01582b2,uxc0000085,Blueberry | 5mg THC Sublingual Dots | 20 Dots,CannaDots,tinctures,Sublingual,,100mg,30,19,True,1
725224148029287f,,Beauty Eye Cream | 150mg,Glenna's CBD,merchandise,Cbd Topical,,,60,7,True,2
342f939f5664c964,,"8"" Bong (Waterpipe)",MASTER DISTRO,accessories,Bongs/pipes,,,35,24,True,1
d1d0e6a119d48022,,Cinderella Jack | 14g,Dank,flower,Full Bud,sativa,14g,135,11,True,1
91feb97e416c77fa,,L'Orange | Solventless | LIVE ROSIN | Vape Cart | .5g,Rythm,vaporizers,Vape - Live Rosin/resin Cart,sativa,0.5g,50,67,True,1
b985379db96fa8c5,,7 Inch Heavy (Glass Bowl-Assorted Colors),MASTER DISTRO,accessories,Bongs/pipes,,,60,30,True,1
fa8690bebef8697c,HDBUCKGRN01,Happy Days Bucket Hat (Olive Green),Happy Days,accessories,Apparel,,,20,177,True,1
0503c377c2ebaff0,HDBUCKBLK01,Happy Days Bucket Hat (Black),Happy Days,accessories,Apparel,,,20,176,True,1
e0b415ea8c444972,100220502763,Pink Lemon (Baby) | .5g | Quad Infused | 5pk,Jeeter,pre_rolls,Infused Pre Rolls Multi Pack,hybrid,2.5g,55,18,True,1
06a3e24bd85bdb81,850049967921,Granddaddy Purple (Jaunty) | 510 Cart | 1g,Jaunty,vaporizers,Cart,indica,1g,45,30,True,1
67f1bf0a6fc04066,850049967938,Super Lemon Haze | 510 Cart | 1g,Jaunty,vaporizers,Cart,sativa,1g,45,13,True,1
e00cca23fea53198,,Special Blue Black Panther Torch,MASTER DISTRO,accessories,Other Accessories,,,16,19,True,1
4b742119948c5348,,Fancy Bowl Head 14MM (Multiple Styles),MASTER DISTRO,accessories,Bongs/pipes,,,15,61,True,1
10ffa320807c5d99,,Chimera Premium Pre-Rolls | .5g | 5pk (Microgrow),Roemer Farms,pre_rolls,Pre Roll Multi Pack,hybrid_indica,2.5g,35,5,True,1
001eee3d02088fda,,Specimen X Premium Pre-Rolls | .5g | 5pk (Microgrow),Roemer Farms,pre_rolls,Pre Roll Multi Pack,hybrid_indica,2.5g,35,16,True,1
781c3840e32acd69,UXG0000052,Berries & Bananas | Hash Infused | 1.2g,UrbanXtracts,pre_rolls,Infused Pre-roll,hybrid,1.2g,16,47,True,1
5b019168f4e87b5f,,"Happy Days 14"" Bubble Bong With Tree Perc & Ice Pinch | Glass",Happy Days,accessories,Bongs/pipes,,,65,84,True,1
d82c3b607564a20f,,"Happy Days 16.5"" Beaker Bong with ice Pinch | Glass",Happy Days,accessories,Bongs/pipes,,,70,65,True,1
29a8e9575a41c9d0,,Sex Pot (Kush Mintz - Sativa) | Infused .5g Pre Rolls | 5pk,Her Highness,pre_rolls,Infused Pre Rolls Multi Pack,sativa,2.5g,50,8,True,1
64e8dee1fcd62b5a,~8649186021345018,Skywalker | 1.5g Infused Blunt,Presidential,pre_rolls,Infused Pre-roll,indica,1.5g,35,20,True,1
751dfcdbc5129817,,Gasoline Lollipop | Indoor 3.5g,Botanist,flower,Full Bud,hybrid,3.5g,30,61,True,1
457dbc7e451403a8,,LA Pop Rocks | Indoor 3.5g,Botanist,flower,Full Bud,hybrid_indica,3.5g,30,52,True,2
1e4ae182c9221f21,,Raw Wide Pre-Rolled Tips 21ct,Raw,accessories,Papers,,,3,75,True,1
68c7e2d2d7cbe127,,Stash Jar (Battery Style),MASTER DISTRO,accessories,Bongs/pipes,,,7.5,12,True,1
c4e2e470cf5cee2b,601527409569,Doob Tube | Reusable | Metal,Happy Days,accessories,Storage,,,10,121,True,1
937a579f14a96a63,751257003282,Kush Mintz | 510 Cart | 1.2g,Purple Hills,vaporizers,Cart,hybrid,1.2g,40,28,True,1
90037ddbb999d4d1,,Raw Cone Six Shooter King Size,Raw,accessories,Papers,,,30,1,True,1
a3967656f20f2c3e,,Special Blue Skull & Roses Lighter,MASTER DISTRO,accessories,Other Accessories,,,7.5,28,True,1
5a464a1427eee452,,Special Blue Classic Skin Lighter,MASTER DISTRO,accessories,Other Accessories,,,7.5,36,True,1
b14a1477c574526c,,Special Blue Classic 70's Lighter,MASTER DISTRO,accessories,Other Accessories,,,7.5,20,True,1
c91231ba1fc8d181,,Blue Dream | Indoor Joint | 1g,Left Coast,pre_rolls,Pre Roll Singles,hybrid_sativa,1g,10,47,True,1
8fd7e0d99bca79c9,,Sour Diesel | Indoor Joint | 1g,Left Coast,pre_rolls,Pre Roll Singles,hybrid_sativa,1g,10,55,True,1
776be34a438e7f2b,,Maui Wowie | Infused Blunt | 2g,Left Coast,pre_rolls,Infused Pre-roll,sativa,2g,35,24,True,1
2f4ef0e5fd181233,810139762744,2G LIVE RESIN  | Candy Rain | Badder,MFNY,concentrates,Badder,indica,2g,90,17,True,1
5c0b0fc23aef87aa,,Rose (Juiced) | Infused .7g | 3.5g 5pk,Sluggers,pre_rolls,Infused Pre Rolls Multi Pack,indica,3.5g,60,97,True,1
968e836d03f3ca8d,,Sundown (Sleep-Dark Chocolate) | 1:1:1 THC:CBD:CBN | 100mg,Calamity Jane,edibles,Chocolate Pieces,,100mg,24,14,True,1
91fc38b91efdc764,,Prospector (Renew-Toffee Milk Chocolate) | 1:1 THC:CBG | 100mg,Calamity Jane,edibles,Chocolate Pieces,,100mg,24,4,True,1
f13216d46c78e3b4,,Rocky Top (White Chocolate - Cookies & Cream) | 100mg,Calamity Jane,edibles,Chocolate Pieces,,100mg,24,29,True,1
621b3b51b611a40f,810029768894,Blue Dream (HH) | 1g Pre Roll,Hashtag Honey,pre_rolls,Pre Roll Singles,hybrid_sativa,1g,9,186,True,1
dad1dd1667ec9773,810029769174,Strawberry Cough | 1g Pre Roll,Hashtag Honey,pre_rolls,Pre Roll Singles,hybrid_sativa,1g,9,147,True,1
d0f7a6996b4f9fc9,634240396250,Maui Wowie (Indoor Flower) | 3.5g,Dank,flower,Full Bud,sativa,3.5g,44,14,True,1
ffcf27deab851f85,HDMKTCBHWHTL01,Mixed Knit Tassel Cord Baja Hoodie (Various Sizes & Colors) L Wheat,Happy Days,accessories,Rewards Hoodies,,,36,8,True,1
115553979a9688d5,HDMKTCBHDENL01,Mixed Knit Tassel Cord Baja Hoodie (Various Sizes & Colors) L Denim,Happy Days,accessories,Rewards Hoodies,,,36,3,True,1
e180ab69ce91fc12,HDMKTCBHWHTXL01,Mixed Knit Tassel Cord Baja Hoodie (Various Sizes & Colors) XL Wheat,Happy Days,accessories,Rewards Hoodies,,,36,3,True,1
7b9706af1f72d1a4,HDMKTCBHDENS01,Mixed Knit Tassel Cord Baja Hoodie (Various Sizes & Colors) S Denim,Happy Days,accessories,Rewards Hoodies,,,36,7,True,1
cf7deb0801954dc2,HDMKTCBHWHTS01,Mixed Knit Tassel Cord Baja Hoodie (Various Sizes & Colors) S Wheat,Happy Days,accessories,Rewards Hoodies,,,36,11,True,1
4610ae6fcc8a2599,,Grape Cookies | Infused Blunt | 2g,Left Coast,pre_rolls,Infused Pre-roll,indica,2g,35,32,True,1
f6bb4a3c6054d631,,Monster Cookies | Infused Blunt | 2g,Left Coast,pre_rolls,Infused Pre-roll,hybrid_indica,2g,35,33,True,1
550bbdc589d59bbb,HDRWHGRYS01,Happy Days Hoodie-Grey-S,Happy Days,flower,Rewards Hoodies,,,35,19,True,1
ca636ce5eb7e8628,HDRWHBLUS01,Happy Days Hoodie-Blue-S,Happy Days,flower,Rewards Hoodies,,,35,20,True,1
7ebc195658e242ac,HDRWHBURS01,Happy Days Hoodie-Burgundy-S,Happy Days,flower,Rewards Hoodies,,,35,6,True,1
94e15cb00e001fba,HDRWHBLKS01,Happy Days Hoodie-Black-S,Happy Days,flower,Rewards Hoodies,,,35,19,True,1
329aa8f95d7f76de,,Pineapple Splash | Indoor Infused Joint | 1g,Left Coast,pre_rolls,Infused Pre-roll,hybrid_sativa,1g,15,56,True,1
1545979293cf20d1,810076073309,Forest Berry (Chews) | 10mgTHC:5mgCBC:5mgTHCV  | 10pk (Energy),Camino,edibles,Gummies | Chews,sativa,100mg,30,18,True,2
d0ff1d67cfa093fa,810076071800,Golden Peach (Chews) | 10mgTHC:10mgCBG | 10pk (Recover),Camino,edibles,Gummies | Chews,hybrid,100mg,30,18,True,2
d85cf3a8dae99388,378894459120,Kush Breath x Nimbus Snacks | Live Resin Infused .5g Pre Roll | 14pk,KINGSROAD,pre_rolls,Infused Pre Rolls Multi Pack,indica,7g,85,36,True,1
a2080809bd1da396,,Cherry Paloma l 1g Live Rosin,Umamii,concentrates,Rosin,hybrid,1g,66,25,True,2
02828004fbe1fb37,,Cuban Black Haze Traveler | 1g AIO,Fernway,vaporizers,Disposable,sativa,1g,50,32,True,1
3b888d6ef9488c7d,,Devils Soap (Standard Line) | 3.5g,Rolling Green,flower,Full Bud,hybrid,3.5g,44,46,True,1
06f024c3d9cfec87,,Jet Fuel OG (Hybrid) l Indoor 28g | Mixed Buds,Rythm,flower,Full Bud,hybrid,28g,190,4,True,1
44a8bafed79dec30,,Sour Peach x Rainbow Beltz 2.0 | Live Rosin Gummies | 10pk,MFNY,edibles,Gummies | Chews,indica,100mg,30,14,True,1
b3914fe90b5f9da6,000000126175,Stardust | Pure THCa Powder | 1g,LOBO,concentrates,Other Concentrates,,1g,40,41,True,1
9460750a972a1e65,,Animal Tsunami Premium Pre-Rolls | .5g | 5pk (Microgrow),Roemer Farms,pre_rolls,Pre Roll Multi Pack,hybrid_indica,2.5g,35,42,True,1
53dcb7eac539e669,000117000016,SHORT DATED | English Toffee Bits | 100mg Milk Chocolate Bar,ChocLit,edibles,Chocolate Bar,,100mg,16,279,True,1
eaeb049239d75518,000117000009,Crispy Rice Crunchies | 100mg Milk Chocolate Bar,ChocLit,edibles,Chocolate Bar,,100mg,19,146,True,1
a8237212cd1dfae4,000117000023,Peanut Butter Filling | 100mg Milk Chocolate Bar,ChocLit,edibles,Chocolate Bar,,100mg,19,546,True,1
6668ee3c389fe2f5,142005420022,Blue Dream (Rolling Green) | 1g,Rolling Green,pre_rolls,Pre Roll Singles,hybrid_sativa,1g,14,75,True,1
c2004e812dcf4fc1,850049967983,Sugar Cookie | AIO Palm 1.5g,Jaunty,vaporizers,Disposable,hybrid,1.5g,55,43,True,1
713cb877bbe56cf9,,Midnight Moonwalk (Indica) | .35g | 10 Pack (3.5g),Toast,pre_rolls,Pre Roll Multi Pack,indica,3.5g,50,37,True,2
5435559b3df0e3ff,,Jet Fuel OG | 2g Live Resin AIO,Rythm,vaporizers,Vape Live Rosin/resin Disposable,hybrid,2g,85,55,True,1
809dd0fbd21e0d78,,White Widow | Liquid Diamond | 2g AIO,CANNABALS,vaporizers,Vape Live Rosin/resin Disposable,hybrid,2g,65,39,True,1
a7cd1bb354f33d3a,,Biscotti | .5g Petit J's | 5pk,Jenny,pre_rolls,Pre Roll Multi Pack,indica,2.5g,25,41,True,1
31639c589fff3328,NYFK500977.INJZDF,Acapulco Gold 1g AIO Pen | Sativa | Cured Resin,Jenny,vaporizers,Vape Live Rosin/resin Disposable,sativa,1g,60,16,True,1
4afea3546606384d,1511026254539581,Blue Nerds | Infused .5g 7pk,Gezoont,pre_rolls,Infused Pre Rolls Multi Pack,indica,3.5g,40,15,True,1
7005598858c6ba3a,,Citron Cookie | Infused .5g 7pk,Gezoont,pre_rolls,Infused Pre Rolls Multi Pack,hybrid_sativa,3.5g,40,31,True,1
f3bf6c10ff8c3258,HDBOSPGRHTXL01,Men's New Burnout Sweatpants - Graphite - Extra Large,Happy Days,accessories,Apparel,,,35,3,True,1
3ec552c751cee281,HDBOSPGRHTL01,Men's New Burnout Sweatpants - Graphite - Large,Happy Days,accessories,Apparel,,,35,10,True,1
5c27a69d746192bd,,Gelonade | 3.5g,WaaHoo,flower,Full Bud,hybrid,3.5g,40,2,True,1
9e66f0ddb264cb8e,HDQZFBLKXL01,Happy Days 1/4 Zip Fleece- Black - XL,Happy Days,accessories,Apparel,,,50,4,True,1
685dda30e65fbd1d,HDQZFBLKS01,Happy Days 1/4 Zip Fleece- Black - Small,Happy Days,accessories,Apparel,,,50,5,True,1
198ba0641ca6f7da,HDQZFBLKM01,Happy Days 1/4 Zip Fleece- Black - Medium,Happy Days,accessories,Apparel,,,50,2,True,1
876769bb96ca8214,HDBOSPGRYXL01,Men's Burnout Sweatpants - Grey - XL,Happy Days,accessories,Apparel,,,36,4,True,2
ccb61ee70db37475,HDBOSPGRYM01,Men's Burnout Sweatpants - Grey - Medium,Happy Days,accessories,Apparel,,,36,1,True,2
26433feed7e56c4a,HDBOSPGRYL01,Men's Burnout Sweatpants - Grey - Large,Happy Days,accessories,Apparel,,,36,9,True,2
79b2f7cc551d1fbe,HDWLSSPPPBLKXL01,Happy Days Women's Long Sleeve Shirt | Pre Roll Princess | Black Tri Blend - XL,Happy Days,accessories,Apparel,,,30,23,True,1
d59b35a2f333ae96,HDLSSYMSGRYM01,Happy Days Long Sleeve Shirt | You Matter | Sport Grey - Medium,Happy Days,accessories,Apparel,,,30,24,True,1
4de8f49fd484a200,HDLSSRWMHMGRNXL01,Happy Days Long Sleeve Shirt | Rollin with my Homies | Military Green - XL,Happy Days,accessories,Apparel,,,30,20,True,1
1ee9fbb63be1e5e5,HDLSSYMSGRYXL01,Happy Days Long Sleeve Shirt | You Matter | Sport Grey - XL,Happy Days,accessories,Apparel,,,30,22,True,1
858dc783f8c31853,HDWLSSPPPBLKM01,Happy Days Women's Long Sleeve Shirt | Pre Roll Princess | Black Tri Blend - Medium,Happy Days,accessories,Apparel,,,30,21,True,1
1e8fa3bd5caf63f0,HDLSSYMSGRYL01,Happy Days Long Sleeve Shirt | You Matter | Sport Grey - Large,Happy Days,accessories,Apparel,,,30,22,True,1
0433197919169072,HDWLSSPPPBLKL01,Happy Days Women's Long Sleeve Shirt | Pre Roll Princess | Black Tri Blend - Large,Happy Days,accessories,Apparel,,,30,20,True,1
255e99ded0def600,HDLSSRWMHMGRNS01,Happy Days Long Sleeve Shirt | Rollin with my Homies | Military Green - Small,Happy Days,accessories,Apparel,,,30,24,True,1
08ec18e4b5012b74,HDLSSRWMHMGRNL01,Happy Days Long Sleeve Shirt | Rollin with my Homies | Military Green - Large,Happy Days,accessories,Apparel,,,30,22,True,1
0b4fa71bffa2e69b,HDWLSSPPPBLKS01,Happy Days Women's Long Sleeve Shirt | Pre Roll Princess | Black Tri Blend - Small,Happy Days,accessories,Apparel,,,30,17,True,1
8dde40b539526e3e,HDLSSLHRBLUM01,Happy Days Long Sleeve Shirt | Lit Happens | Royal Blue - Medium,Happy Days,accessories,Apparel,,,30,24,True,1
a7991597b8f42b8e,HDLSSRWMHMGRNM01,Happy Days Long Sleeve Shirt | Rollin with my Homies | Military Green - Medium,Happy Days,accessories,Apparel,,,30,24,True,1
a7047e21382eb9d7,HDLSSLHRBLUL01,Happy Days Long Sleeve Shirt | Lit Happens | Royal Blue - Large,Happy Days,accessories,Apparel,,,30,23,True,1
1569afc435f91786,HDLSSLHRBLUXL01,Happy Days Long Sleeve Shirt | Lit Happens | Royal Blue - XL,Happy Days,accessories,Apparel,,,30,22,True,1
f5a34d7d5d87342b,HDLSSYMSGRYS01,Happy Days Long Sleeve Shirt | You Matter | Sport Grey - Small,Happy Days,accessories,Apparel,,,30,24,True,1
7121bc8d7d51747d,HDLSSRMBLKL01,Happy Days Long Sleeve Shirt | Roll Model | Black - Large,Happy Days,accessories,Apparel,,,30,21,True,1
33ceb502092f2734,HDLSSLHRBLUS01,Happy Days Long Sleeve Shirt | Lit Happens | Royal Blue - Small,Happy Days,accessories,Apparel,,,30,22,True,1
e3a294d9b1e284b0,HDLSSRMBLKXL01,Happy Days Long Sleeve Shirt | Roll Model | Black - XL,Happy Days,accessories,Apparel,,,30,23,True,1
7f6f878c6438f3b1,HDLSSRMBLKM01,Happy Days Long Sleeve Shirt | Roll Model | Black - Medium,Happy Days,accessories,Apparel,,,30,22,True,1
07a71fd5814e1e4b,HDLSSRMBLKS01,Happy Days Long Sleeve Shirt | Roll Model | Black - Small,Happy Days,accessories,Apparel,,,30,23,True,1
44818465ae0c1170,HDLSSYMRBLUL01,Happy Days Long Sleeve Shirt | You Matter | Royal Blue - Large,Happy Days,accessories,Apparel,,,30,23,True,1
c3b212e685bcb30f,HDLSSHRBLKS01,Happy Days Long Sleeve Shirt | Highly Educated | Black - Small,Happy Days,accessories,Apparel,,,30,22,True,1
f5aece432e0d3d3f,HDLSSHRBLKXL01,Happy Days Long Sleeve Shirt | Highly Educated | Black - XL,Happy Days,accessories,Apparel,,,30,23,True,1
aca0d75728424dfa,HDLSSHRBLKL01,Happy Days Long Sleeve Shirt | Highly Educated | Black - Large,Happy Days,accessories,Apparel,,,30,21,True,1
3f7447cf7babd209,HDLSSMTFGRNXL01,Happy Days Long Sleeve Shirt | Midnight Toker | Forest Green - XL,Happy Days,accessories,Apparel,,,30,23,True,1
53f1eb8d3da508b7,HDLSSYMRBLUS01,Happy Days Long Sleeve Shirt | You Matter | Royal Blue - Small,Happy Days,accessories,Apparel,,,30,24,True,1
b3b0720fe282c4e1,HDLSSHRBLKM01,Happy Days Long Sleeve Shirt | Highly Educated | Black - Medium,Happy Days,accessories,Apparel,,,30,23,True,1
0389e86ff904027b,HDLSSYMRBLUM01,Happy Days Long Sleeve Shirt | You Matter | Royal Blue - Medium,Happy Days,accessories,Apparel,,,30,23,True,1
9a97e1142f5a2e2d,HDLSSM3FTCHARXL01,Happy Days Long Sleeve Shirt | My 3 Favorite Things | Charcoal (Grey) - XL,Happy Days,accessories,Apparel,,,30,20,True,1
8b2f2a39edd26941,HDLSSMTFGRNL01,Happy Days Long Sleeve Shirt | Midnight Toker | Forest Green - Large,Happy Days,accessories,Apparel,,,30,21,True,1
c0c26291605c9f11,HDLSSMTFGRNS01,Happy Days Long Sleeve Shirt | Midnight Toker | Forest Green - Small,Happy Days,accessories,Apparel,,,30,21,True,1
7093697491de2f33,HDLSSM3FTCHARL01,Happy Days Long Sleeve Shirt | My 3 Favorite Things | Charcoal (Grey) - Large,Happy Days,accessories,Apparel,,,30,19,True,1
04a34ce89e69677f,HDLSSMTFGRNM01,Happy Days Long Sleeve Shirt | Midnight Toker | Forest Green - Medium,Happy Days,accessories,Apparel,,,30,22,True,1
b35dd02ad6c3e63a,HDLSSYMRBLUXL01,Happy Days Long Sleeve Shirt | You Matter | Royal Blue - XL,Happy Days,accessories,Apparel,,,30,24,True,1
226b02cfc154697a,HDLSSM3FTCHARM01,Happy Days Long Sleeve Shirt | My 3 Favorite Things | Charcoal (Grey) - Medium,Happy Days,accessories,Apparel,,,30,22,True,1
24e030d83c154205,HDLSSM3FTCHARS01,Happy Days Long Sleeve Shirt | My 3 Favorite Things | Charcoal (Grey) - Small,Happy Days,accessories,Apparel,,,30,21,True,1
d963a5a5b33ea39d,HDLSSSHINDGS01,Happy Days Long Sleeve Shirt | Stay Happy | Indigo (Purple) - Small,Happy Days,accessories,Apparel,,,30,23,True,1
c5b80d6532e22d15,HDLSSSHWHTXL01,Happy Days Long Sleeve Shirt | Stay Happy | White - XL,Happy Days,accessories,Apparel,,,30,24,True,1
f6aa482d5abafa96,HDLSSSHWHTL01,Happy Days Long Sleeve Shirt | Stay Happy | White - Large,Happy Days,accessories,Apparel,,,30,22,True,1
6cba14e07507f85b,HDLSSSHINDGXL01,Happy Days Long Sleeve Shirt | Stay Happy | Indigo (Purple) - XL,Happy Days,accessories,Apparel,,,30,23,True,1
ad5612a120a06106,HDLSSSHINDGL01,Happy Days Long Sleeve Shirt | Stay Happy | Indigo (Purple) - Large,Happy Days,accessories,Apparel,,,30,21,True,1
25a57ffc4e45563a,HDLSSSHINDGM01,Happy Days Long Sleeve Shirt | Stay Happy | Indigo (Purple) - Medium,Happy Days,accessories,Apparel,,,30,24,True,1
94c3164eae731d17,HDLSSSHWHTM01,Happy Days Long Sleeve Shirt | Stay Happy | White - Medium,Happy Days,accessories,Apparel,,,30,20,True,1
6fd2dec2fef58d34,HDLSSSHWHTS01,Happy Days Long Sleeve Shirt | Stay Happy | White - Small,Happy Days,accessories,Apparel,,,30,22,True,1
c9935b8670dbb305,HDLSSSHMGRNXL01,Happy Days Long Sleeve Shirt | Stay Happy | Military Green - XL,Happy Days,accessories,Apparel,,,30,23,True,1
215d8b48c1dfe53c,HDLSSSHMGRNM01,Happy Days Long Sleeve Shirt | Stay Happy | Military Green - Medium,Happy Days,accessories,Apparel,,,30,21,True,1
06e1481495ca0eee,HDLSSSHMGRNL01,Happy Days Long Sleeve Shirt | Stay Happy | Military Green - Large,Happy Days,accessories,Apparel,,,30,19,True,1
aeeae845fac350c6,HDLSSSHMGRNS01,Happy Days Long Sleeve Shirt | Stay Happy | Military Green - Small,Happy Days,accessories,Apparel,,,30,22,True,1
b1408c2d52f029dc,HDLSSSHBLKXL01,Happy Days Long Sleeve Shirt | Stay Happy | Black - XL,Happy Days,accessories,Apparel,,,30,22,True,1
dc08f9c8f3e3ff18,HDLSSSHBLKL01,Happy Days Long Sleeve Shirt | Stay Happy | Black - Large,Happy Days,accessories,Apparel,,,30,22,True,1
eb3f8d869d313ed5,HDLSSSHBLKM01,Happy Days Long Sleeve Shirt | Stay Happy | Black - Medium,Happy Days,accessories,Apparel,,,30,23,True,1
84fd38f7d59fb6f0,HDLSSSHBLKS01,Happy Days Long Sleeve Shirt | Stay Happy | Black - Small,Happy Days,accessories,Apparel,,,30,20,True,1
d61b9a6a1d7b0e4d,,Blue Dream Crumble K.O. Concentrated Care | CBD:CBG:CBN  (THC-Free),Chime & Chill,merchandise,Cbd,,1g,45,2,True,2
ad1a64a8e2050183,,Happy Days Hoodie | Sky Blue | Small,Happy Days,accessories,Apparel,,,50,11,True,1
7093407693606971,,Happy Days Hoodie | Charcoal Grey | Medium,Happy Days,accessories,Apparel,,,50,10,True,1
0b0e8c1b157777d4,,Happy Days Hoodie | Charcoal Grey | XL,Happy Days,accessories,Apparel,,,50,16,True,1
3ce6ecf6b55101c8,,Happy Days Hoodie | Sky Blue | Large,Happy Days,accessories,Apparel,,,50,19,True,1
be33526bb332bfaf,,Happy Days Hoodie | Sky Blue | Medium,Happy Days,accessories,Apparel,,,50,9,True,1
0d4370012440c385,,Happy Days Hoodie | Sky Blue | XXL,Happy Days,accessories,Apparel,,,50,12,True,1
e18a1d3ebf05f467,,Happy Days Hoodie | Sky Blue | XL,Happy Days,accessories,Apparel,,,50,10,True,1
173e67fa7b8f81f5,,Happy Days Hoodie | Charcoal Grey | XXl,Happy Days,accessories,Apparel,,,50,9,True,1
7695a2ed8328ef27,,Happy Days Hoodie | Charcoal Grey | Small,Happy Days,accessories,Apparel,,,50,12,True,1
3f8874841f1eb9bb,,Happy Days Hoodie | Charcoal Grey | Large,Happy Days,accessories,Apparel,,,50,17,True,1
cb956cf499df118f,850049967914,Nimbus Snacks | Live Resin 510 Cart | 1g,Jaunty,vaporizers,Vape - Live Rosin/resin Cart,sativa,1g,60,16,True,1
dbeae2c096b26cac,,Heir Heads | Live Resin 510 Cart | 1g,Jaunty,vaporizers,Vape - Live Rosin/resin Cart,indica,1g,60,20,True,1
f29348a26a1afa7f,,Durban Poison x Cherry Tart | .35g Pre Roll | 20pk,Hepworth,pre_rolls,Pre Roll Multi Pack,sativa,7g,50,80,True,1
69da330245d9e1da,,"Wooden Label Skewers for Edibles (Sativa, Hybrid, and Indica)",Happy Days,accessories,Other Accessories,,,6,250,True,1
fe63459feb2b06f7,716165174028,Raw Classic Connoisseur Pack King Slim Size + Tips,Raw,accessories,Papers,,,3,4,True,1
b7ff006396d69729,,Scored Single Piece Sour Peach | 100mg | 10 Servings,Smokiez,edibles,Gummies | Chews,sativa,100mg,16,92,True,1
01897859c2b4b35e,634240426094,RS-11 (Indoor Flower) | 3.5g | Jar,Dank,flower,Full Bud,hybrid,3.5g,50,45,True,1
2c10e8c565b32f5c,720140165055,Cran Apple | 2:1 THC:CBD | 10mg | Single,Ayrloom,beverages,Rtd,hybrid,10mg,5,136,True,1
628f313e613402d9,720140163907,Honeycrisp | 2:1 THC:CBD | 10mg | Single,Ayrloom,beverages,Rtd,,10mg,5,6,True,1
d9ba8f51199f9e38,378894459557,Mint | Cones | 10mg 10pk,CANNABALS,edibles,Chocolate Pieces,hybrid,100mg,30,60,True,1
31b3e0e066bf70c3,,Peach (Sativa-BOLD) | 1g AIO,Botanist,vaporizers,Disposable,sativa,1g,45,45,True,1
16d3421410a07822,vbcfl042825,Lime (Sativa-BOLD) | 510 Cart | 1g,Botanist,vaporizers,Cart,sativa,1g,40,8,True,1
f8cece67c1e71770,,Sunrise (Orange Pineapple Honey Spritzer) | 10mg | 4pk,New York Honey,beverages,Rtd,,40mg,20,55,True,1
01feec16ac0c5d10,MF112025RCL,Rainbow Cloud | Twisted Jefe XL Plus | AIO 2g,Mfused's Super Fog,vaporizers,Disposable,hybrid_sativa,2g,65,1,True,1
5bbb255bf172e07c,,E-85 Premium Pre-Rolls | .5g | 5pk (Microgrow),Roemer Farms,pre_rolls,Pre Roll Multi Pack,hybrid,2.5g,35,19,True,1
7d12b7c177b8fb26,810002341137,Airo Pro Pod Battery | Arctic White,AIRO,accessories,Batteries,,,20,53,True,2
da4c8ea205db5b7e,,AK-47 | 1g Pre-Roll,Terpene Alchemy,pre_rolls,Pre Roll Singles,hybrid_sativa,1g,6.5,164,True,1
57d1873347aa7fc2,850048809185,Honolulu Haze | Flower | 3.5g,Ithaca Organics,flower,Full Bud,hybrid_sativa,3.5g,50,15,True,1
a043fae69a1f04c3,,Now & Laterz | Full Melt Bubble Hash Infused .5g 5pk,Umamii,pre_rolls,Infused Pre Rolls Multi Pack,hybrid,2.5g,45,11,True,1
ec33c69aee4b2e5e,,Mochi | Live Resin 1g Reload,Eureka,vaporizers,Live Rosin/resin Pod,hybrid,1g,55,12,True,1
8fdf88108b9dd42f,,Apple Fritter | Live Resin 1g Reload,Eureka,vaporizers,Live Rosin/resin Pod,sativa,1g,55,10,True,1
6b36cf1070a60cc3,850066346341,Florida Sunrise | 1.25g Infused Pre Roll,Harvest,pre_rolls,Infused Pre-roll,sativa,1.25g,14,60,True,1
a02ba2ebff0d0b44,,Moby Dick | .75g Infused Pre Roll,Harvest,pre_rolls,Infused Pre-roll,sativa,0.75g,10,39,True,1
ac609fdae97613e2,,Gorilla Glue | 1.25g Infused Pre Roll,Harvest,pre_rolls,Infused Pre-roll,hybrid_indica,1.25g,14,69,True,1
d3f4f0e0df244409,605468482414,Platinum Lemon Cherry Gelato (Greens) | 3.5g,Greens,flower,Full Bud,hybrid,3.5g,26,80,True,2
2e4b84ec0264c3ee,605468485361,Stank Breath (Greens) | 3.5g,Greens,flower,Full Bud,hybrid,3.5g,23.5,24,True,2
e19c5ba8c2582e43,605468489628,Thin Mint GSC (Greens) | 3.5g,Greens,flower,Full Bud,hybrid,3.5g,26,49,True,2
2559b5a198d42cf5,810029769662,Rainbow Runtz | Indoor | 3.5g,Alter,flower,Full Bud,hybrid,3.5g,44,18,True,1
d702527ced4a0993,,Happy Days Camo Hoodie | Medium,Happy Days,accessories,Apparel,,,59.99,6,True,1
6b5ad8f1f47ca573,,King Palm Slim Rolls | 5pk,,accessories,Papers,,,8,278,True,1
15de434d91b35e21,,Pink Runtz x Biscotti | 2g Dual Chamber AIO,Left Coast,vaporizers,Disposable,,2g,75,10,True,1
8b03619bed34e6d0,,Arouse Live Resin Terpene Extract | .5g AIO,Dosist,vaporizers,Vape Live Rosin/resin Disposable,hybrid,0.5g,45,14,True,1
59468af14968841b,,Kosher Kush | 1g Pre-Roll,Akron Bloom,pre_rolls,Pre Roll Singles,hybrid,1g,9,22,True,1
da709ed103c9b3bb,UXT-LRO-1225-PKB-1G,Platinum Kush Breath | Cold Cure Live Rosin | 1g,UrbanXtracts,concentrates,Rosin,hybrid,1g,70,25,True,1
3ec054c0e62ea3cc,850047472717,Peanut Butter Breath (Hybrid) x Zacks Pie (Indica) | 2 In 1 Switch | 2g AIO,Smoothie Bar,vaporizers,Disposable,,2g,80,20,True,1
caa283fbc27e3017,,M.O.B Pre-Rolls | .5g | 5pk (Microgrow),Roemer Farms,pre_rolls,Pre Roll Multi Pack,hybrid,2.5g,35,50,True,1
c1476e78f691f255,RFTKP-257,Triangle Kush Pre-Rolls | .5g | 5pk (Microgrow),Roemer Farms,pre_rolls,Pre Roll Multi Pack,indica,2.5g,35,1,True,1
d51860feecceac91,794677768881,Purple Punch | Indoor Infused Joint | 1g,Left Coast,pre_rolls,Infused Pre-roll,indica,1g,15,84,True,1
4119fc5c33105fe4,,Blackjack (Dark Chocolate-Peanut Butter) | 1:1:1 THC:CBD:CBG | 100mg,Calamity Jane,edibles,Chocolate Pieces,,100mg,24,36,True,1
b064eecef1c71c59,720140165208,Pink Rozay | AIO Pen | 2g,Ayrloom,vaporizers,Disposable,indica,2g,75,24,True,1
21f50d86d94db5ce,810198210095,Lychee Dream | Vape AIO | 2g,Ayrloom,vaporizers,Disposable,hybrid,2g,75,7,True,1
3222bc151da90eb8,720140165253,Cereal Milk | Vape AIO Pen | 2g,Ayrloom,vaporizers,Disposable,hybrid,2g,75,13,True,1
5090b89406464662,720140165215,Alaskan Thunder Fuck | AIO Pen | 2g,Ayrloom,vaporizers,Disposable,sativa,2g,75,27,True,1
8135c6bb24387f03,,Grape Cake | 3.5g Flower,Leal,flower,Full Bud,hybrid_indica,3.5g,24,26,True,1
a7d4b72a176e5b56,850060650208,Sour Diesel | 3.5g,Nanticoke,flower,Full Bud,hybrid_sativa,3.5g,39,11,True,1
97d8f6dfe3b60a4d,850057212600,Lemon Cherry Pops | Live Concentrate | 1g,Waferz,concentrates,Badder,hybrid,1g,36,53,True,1
fddb5dcff5fcb383,810200122651,GMO Rootbeer | 3.5g,Hepworth,flower,Full Bud,indica,3.5g,30,21,True,1
237d2a678c424c0f,,Purple Drink (Indica-BOLD) | 1g AIO,Botanist,vaporizers,Disposable,indica,1g,45,53,True,1
9d09465449694f6b,ANFA-005-PRMP1,Animal Face | 1g Pre Rolls | 5pk,Leal,pre_rolls,Pre Roll Multi Pack,hybrid_sativa,5g,35,22,True,1
81dfe84d629bdf45,GABU-005-PRMP1,Garlic Budder | 1g Pre Rolls | 5pk,Leal,pre_rolls,Pre Roll Multi Pack,hybrid_indica,5g,35,41,True,1
0059b79bb7cf6932,716165297314,Raw Black 1 1/4 Size Cones 20pk,Raw,accessories,Papers,,,10,54,True,1
0e118a5559711c03,,Raspberry (Indica-BOLD) | 1g AIO,Botanist,vaporizers,Disposable,indica,1g,45,43,True,1
45be7ed3ff6d6444,,Hawaiian Sunkyst | Indoor 3.5g,Botanist,flower,Full Bud,hybrid,3.5g,30,1,True,1
108e492de7c10a5d,810210391894,Triple Diesel  - Sativa (Classic) | POD RELOAD | 1g,Eureka,vaporizers,Pod,sativa,1g,46,22,True,1
f6afda5268c885b7,010226LP-1000,Love Potion (CHILL) | 1g 510 Cart,Timeless,vaporizers,Cart,sativa,1g,52,54,True,1
267585e3559ca06a,,510 Threaded Hot Knife Attachment Tip | Ooze,OOZE,accessories,Dab Accessories,,,20,795,True,4
32a8bf8a09383282,,Metal Dabber W/ Silicone Sleeve,MASTER DISTRO,accessories,Dab Accessories,,,6,255,True,1
b05bc074baac44aa,794677768874,Sunny Diesel  | Indoor Infused Joint | 1g,Left Coast,pre_rolls,Infused Pre-roll,sativa,1g,15,218,True,1
dd66069ea6bf7686,378894459496,Strawberry Cough | Chubby Puff | AIO | 6g,CANNABALS,vaporizers,Disposable,hybrid_sativa,6g,120,28,True,1
ebafcec387562edd,HDTDHTANS01,Happy Days Tan Tie Dye Hoodie | Small,Happy Days,accessories,Apparel,,,59.99,4,True,2
06bf9f40a4d44c9e,HDTDHTANM01,Happy Days Tan Tie Dye Hoodie | Medium,Happy Days,accessories,Apparel,,,59.99,8,True,2
f068620d8d8477ed,,Happy Days Camo Hoodie | Small,Happy Days,accessories,Apparel,,,59.99,6,True,1
b8a3a139569d74d2,HDWBRKRBLKL01,Windbreaker L,Happy Days,accessories,Apparel,,,59.99,8,True,2
6163421c116a4784,HDWBRKRBLKXL01,Windbreaker XL,Happy Days,accessories,Apparel,,,59.99,1,True,2
30d3f1176c362a0c,HDWBRKRBLK2XL01,Windbreaker XXL,Happy Days,accessories,Apparel,,,59.99,5,True,2
496927fce39573eb,HDWBRKRBLKM01,Windbreaker M,Happy Days,accessories,Apparel,,,59.99,9,True,2
8d2e66225e6f7488,HDWBRKRBLKS01,Windbreaker S,Happy Days,accessories,Apparel,,,59.99,4,True,2
f0669d64e7a17eeb,,Green Crack | 0.5g Infused Pre Rolls | 5pk,Dank,pre_rolls,Infused Pre Rolls Multi Pack,sativa,2.75g,50,3,True,1
753c3eaa6ea9cb81,,Sour Sorbet | 0.5g Infused Pre Rolls | 5pk,Dank,pre_rolls,Infused Pre Rolls Multi Pack,hybrid,2.75g,50,50,True,1
3e19d2562fcd01ee,,Super Lemon Haze | 0.5g Infused Pre Rolls | 5pk,Dank,pre_rolls,Infused Pre Rolls Multi Pack,hybrid_sativa,2.75g,50,55,True,1
8066c2df8d1326f4,,Rose - Hybrid | Infused | 4.5g Preroll | 6 pk,Drew Martin,pre_rolls,Infused Pre Rolls Multi Pack,hybrid,4.5g,60,16,True,1
fc965e3cf24b1e61,OTR-1-DBR,Dragons Breath | Hash Infused | 1g,OUTRANKD,pre_rolls,Infused Pre-roll,sativa,1g,18,119,True,1
4716eb6f143a43bf,,Benzina | 1g Rosin,Pot & Head,concentrates,Rosin,hybrid,1g,60,14,True,1
be712e22d5b6367d,,GG4 | Live Resin 510 Cart | 1g,Jaunty,vaporizers,Vape - Live Rosin/resin Cart,hybrid_indica,1g,60,15,True,1
243e545e57226f37,,Puffco Proxy (Haze),Puffco,accessories,Dab Accessories,,,250,2,True,1
47a0331a59b1c0c2,,Honey Caramel Milk Chocolate Almond Clusters | 100mg | 10pk,I Am Goodness,edibles,Chocolate Pieces,,100mg,30,32,True,2
560b64f035853dea,,Honey Banana l Private Reserve | 1g Live Rosin,Umamii,concentrates,Rosin,hybrid,1g,75,47,True,1
ea543d64fc759d70,,Tangerine Guava (Fast Acting) | Live Resin | 100mg | 10pk,CANNABALS,edibles,Gummies | Chews,,100mg,25,4,True,1
42cfcf381d3debc6,,Melon Force One | Hash Infused | 1g | Sativa,ProXtracts,pre_rolls,Infused Pre-roll,sativa,1g,14,23,True,1
171472af2957e4af,,Midnight Envy | Hash Infused | 1g | Indica,ProXtracts,pre_rolls,Infused Pre-roll,indica,1g,14,14,True,1
697d3c0fe04e66e8,~4202561797171837,Cherry Gelato | Moonrock Infused Pre-Roll | 1g,Presidential,pre_rolls,Infused Pre-roll,hybrid,1g,22,19,True,1
218363534a72ba50,,NYC Diesel | Moon Rock Infused Pre-Roll | 1g,Presidential,pre_rolls,Infused Pre-roll,sativa,1g,22,9,True,1
30dc85de2e50ea2e,DUMBO-00025,Yankee Pound Cake | Dumbo Dawg | Infused | 1.5g Single Pre Roll,Dumbo Electric,pre_rolls,Infused Pre-roll,indica,1.5g,18,5,True,1
18412888910e1d5a,,Lemon Cherry | 3.5g,Real Life Botanicals,flower,Full Bud,hybrid_indica,3.5g,25,12,True,1
6274659d781ba7b6,,Garlic Drip | Tier 2 Solventless Live Rosin | 2g,Rythm,concentrates,Rosin,hybrid_indica,2g,105,82,True,1
5fae7d885aa0840f,634240474774,Moms Spaghetti | Bag Flower | 3.5g,Dank,flower,Full Bud,hybrid_indica,3.5g,44,38,True,1
708135e9a49c0061,MPRJGOM-101025,Ghost Of M (7pk) | .5g Each 3.5g Total,Botanist,pre_rolls,Pre Roll Multi Pack,indica,3.5g,40,69,True,1
3ac575edddd4c29e,716165296829,Raw Cones 1 1/4 20pk,Raw,accessories,Papers,,,10,42,True,2
1486b39ff7151ef5,634562465269,Buffalo Cheese | Indoor Flower | 3.5g,Left Coast,flower,Full Bud,hybrid_indica,3.5g,45,59,True,1
6e1ece66dcbbc067,,GMO | Indoor Flower | 3.5g,Left Coast,flower,Full Bud,hybrid_indica,3.5g,45,207,True,1
0bfdcdeb3aa0fb8d,,Gastro Pop | Pre Roll | 1g,Dumbo Electric,pre_rolls,Pre Roll Singles,hybrid,1g,14,8,True,1
527482f43d1d100a,634240467172,Papaya Haze | Bag Flower | 3.5g,Dank,flower,Full Bud,hybrid_sativa,3.5g,44,49,True,1
699082362c196fb2,,White Cherry Gelato | Pre-Rolls | .5g | 5pk (Microgrow),Roemer Farms,pre_rolls,Pre Roll Multi Pack,indica,2.5g,35,48,True,1
f0c3a31af65e7e7b,,Teflon Don Premium Pre-rolls | .5g | 5pk (Microgrow),Roemer Farms,pre_rolls,Pre Roll Multi Pack,hybrid_sativa,2.5g,35,29,True,1
91987a05e8303d4d,,Bob Marley Hemp Rolling Papers,MASTER DISTRO,accessories,Papers,,,2.5,82,True,1
a715ffe7b5914109,,Blue Dream | Live Resin | AIO | 1g,Cheetah,vaporizers,Vape Live Rosin/resin Disposable,sativa,1g,70,18,True,1
b3180b33c6ef8811,,Agent Orange | Live Rosin | AIO | 1g,Cheetah,vaporizers,Vape Live Rosin/resin Disposable,hybrid_sativa,1g,80,12,True,1
78cca2ff57adbe52,,Number 3 | Live Resin | AIO | 1g,Cheetah,vaporizers,Vape Live Rosin/resin Disposable,hybrid,1g,70,27,True,1
921ae1822187da5c,,Nana Glue | Live Rosin | AIO | 1g,Cheetah,vaporizers,Vape Live Rosin/resin Disposable,hybrid,1g,80,11,True,1
d5a9a363147ca4b6,,Ritz Carlton | Live Resin | AIO | 1g,Cheetah,vaporizers,Vape Live Rosin/resin Disposable,hybrid,1g,70,27,True,1
301841eaed0973a6,,Beef & Broccoli 1g | Pre-Roll | 4pk (Microgrower) 4g Total,Blackrabbit,pre_rolls,Pre Roll Multi Pack,hybrid,4g,70,72,True,2
060cdb98bfe5b5e6,,Blue Dream | .7g Infused Pre Rolls | 5pk,Nanticoke,pre_rolls,Infused Pre Rolls Multi Pack,sativa,3.5g,39,2,True,1
edbd021461034737,,Sativa Blend | Ground Flower | 28g,LOBO,flower,Shake,sativa,28g,120,53,True,1
c45690a8022f7ab3,,Trop Cherry Single Source Hash (Hybrid) | 1g,House of Sacci,concentrates,Hash,hybrid,1g,44,1,True,1
5c8cb9fb9423b8d1,,Pink Truffle (7pk) | .5g Each 3.5g Total,Botanist,pre_rolls,Pre Roll Multi Pack,hybrid,3.5g,40,5,True,1
4f061473b6439e54,010526SRD-T1,New York Sour Diesel | 1G AIO,Timeless,vaporizers,Disposable,sativa,1g,67,46,True,1
0280530ac487faf0,,Quarter Pounder | 1.25g Infused Pre Roll,Harvest,pre_rolls,Infused Pre-roll,hybrid_sativa,1.25g,14,57,True,1
2f7c6e90fac6946c,,4PK | Sour Diesel x Sour Diesel | LIVE RESIN | Infused .75g | 3g,MFNY,pre_rolls,Infused Pre Rolls Multi Pack,sativa,3g,50,29,True,1
b3d71ab6fa8fa5ad,,LIVE RESIN | Sour Diesel | .5g 510 Cart,MFNY,vaporizers,Vape - Live Rosin/resin Cart,sativa,0.5g,38,20,True,1
2487279ddce231a6,,2PK LIVE RESIN | Blueberry 2.0 | .5g 510 Cart,MFNY,vaporizers,Vape - Live Rosin/resin Cart,indica,1g,65,20,True,1
dbbf5acea5b13f38,,Guava Glaze | (Tier 2) | Solventless Live Rosin 1g,Trout & Co,concentrates,Rosin,hybrid_sativa,1g,68,35,True,1
ae03b3128543c48a,,Raw Tips | 50pk,Raw,accessories,Papers,,,2,46,True,1
355247825db6ae3d,,Raw Perforated Tips | 50pk,Raw,accessories,Papers,,,4,114,True,1
f721d1ffdb234679,,White Runtz | .5g Pre Rolls | 5pk | Hand-Rolled Indoor (Micro-Grow),Lead Farmer,pre_rolls,Pre Roll Multi Pack,hybrid,2.5g,38,40,True,1
8dec18be380f8d5c,,Fire OG | 1g Preroll,Leal,pre_rolls,Pre Roll Singles,hybrid_indica,1g,7,61,True,1
7965e402226c585a,850078271280,Galactic Guava (Batch 22) | Live Rosin | 100mg | 10pk,Off Hours,edibles,Gummies | Chews,,100mg,38,40,True,1
21c20cb0ce179436,,Galactic Guava | LIVE ROSIN ROPE | 100mg,Off Hours,edibles,Gummies | Chews,,100mg,34,15,True,1
690593e24a6a4677,,Sour Jack | Bag Flower | 3.5g,Dank,flower,Full Bud,sativa,3.5g,44,23,True,1
8df55a8adb4fd823,,Gary Payton | Jar Flower | 3.5g,Dank,flower,Full Bud,hybrid,3.5g,50,64,True,1
01f5aa5e730e6808,,Watermelon Zkittlez | Infused .7g | 3.5g 5pk,Sluggers,pre_rolls,Infused Pre Rolls Multi Pack,hybrid,3.5g,60,103,True,1
a4d87fa7129ee710,102025BD-T2,Blue Dream (Chill) | T2 | 2g AIO,Timeless,vaporizers,Disposable,sativa,2g,87,31,True,1
20d66de4eec2b019,,Blue Dream (Chill) | 1g 510 Cart,Timeless,vaporizers,Cart,sativa,1g,52,13,True,1
920ee838af0c1b97,850076930882,Jet Fuel Gelato (FF) | 3.5g Flower,Florist Farms,flower,Full Bud,hybrid,3.5g,40,5,True,1
9c29448adcec9493,720140165925,Root Beer | 10mg Drink 2:1 | Single,Ayrloom,beverages,Rtd,,10mg,5,316,True,1
673c122837e2f155,,Magic Melon | POD Reload | 1g,Rove,vaporizers,Live Rosin/resin Pod,hybrid,1g,80,10,True,1
de1fd8d750bf0217,,Lime (Sativa-BOLD) | 1g AIO,Botanist,vaporizers,Disposable,sativa,1g,45,35,True,1
a74803652cf68c35,,Bubble Bath x Strawberry Cannoli | Live Rosin Full Melt Infused | .75g | 2pk,Zizzle,pre_rolls,Infused Pre Rolls Multi Pack,hybrid,1.5g,29,1,True,1
c1b854adc66467ff,,Red Headed Stranger Traveler Pro Edition | 2g AIO,Fernway,vaporizers,Disposable,sativa,2g,83,11,True,1
7de127519ecfdaae,,Brain Wash | Indoor | 3.5g,Alien Labs,flower,Full Bud,hybrid,3.5g,60,1,True,1
5b2a08bff27639ff,,Gascotti | Indoor | 3.5g,Connected,flower,Full Bud,indica,3.5g,60,90,True,1
ed03eac37029e899,,Silver Spoon | Indoor | 3.5g,Connected,flower,Full Bud,sativa,3.5g,60,53,True,1
83dceb38a8c48d0d,,Happy Daze | Smoke Odor Eliminator | 2.5oz,MASTER DISTRO,accessories,Accessories,,,7,442,True,1
7b4fcc53b0d09f35,HDBOFJPPNKS01,Palm Pink | Burnout | Fleece Jogger - S,Happy Days,accessories,Apparel,,,39,12,True,1
bcbd852f17ba605a,HDBOFSPPNKL01,Palm Pink | Burnout | Fleece Shorts - L,Happy Days,accessories,Apparel,,,28,9,True,1
7dc2a53ff236630d,HDBOFZFHPPNKS01,Palm Pink | Burnout Zip | Fleece Hoodie - S,Happy Days,accessories,Apparel,,,43,12,True,1
6eece27a097e2f6f,HDBOFZFHPPNKXL01,Palm Pink | Burnout Zip | Fleece Hoodie - XL,Happy Days,accessories,Apparel,,,43,1,True,1
a0b64fd53afc1951,HDBOFZFHPPNKM01,Palm Pink | Burnout Zip | Fleece Hoodie - M,Happy Days,accessories,Apparel,,,43,12,True,1
8fe99c2d302733b6,HDBOFJPPNKXL01,Palm Pink | Burnout | Fleece Jogger - XL,Happy Days,accessories,Apparel,,,39,3,True,1
4c2d1f2de636b21a,HDBOFZFHPPNKL01,Palm Pink | Burnout Zip | Fleece Hoodie - L,Happy Days,accessories,Apparel,,,43,8,True,1
6d866d69dcc8d3ca,HDBOFSPPNKXL01,Palm Pink | Burnout | Fleece Shorts - XL,Happy Days,accessories,Apparel,,,28,3,True,1
1eba17d6f2dabcb5,HDBOFJPPNKL01,Palm Pink | Burnout | Fleece Jogger - L,Happy Days,accessories,Apparel,,,39,9,True,1
b1f31e8ac1dc23fe,HDBOFJPPNKM01,Palm Pink | Burnout | Fleece Jogger - M,Happy Days,accessories,Apparel,,,39,12,True,1
d2cb15de34a10698,HDBOFSPPNKM01,Palm Pink | Burnout | Fleece Shorts - M,Happy Days,accessories,Apparel,,,28,12,True,1
33d7c58c202341ae,HDBOFJCBLUS01,Capri Blue | Burnout | Fleece Jogger - S,Happy Days,accessories,Apparel,,,43,11,True,1
6500e519cc27143a,HDBOFJCBLUL01,Capri Blue | Burnout | Fleece Jogger - L,Happy Days,accessories,Apparel,,,39,9,True,1
3111ad34190a625b,HDBOFZFHCBLUS01,Capri Blue | Burnout Zip | Fleece Hoodie - S,Happy Days,accessories,Apparel,,,43,10,True,1
30ed88756f80cb7e,HDBOFJCBLUXL01,Capri Blue | Burnout | Fleece Jogger - XL,Happy Days,accessories,Apparel,,,39,2,True,1
9fdbb071bcb3a274,HDBOFSPPNKS01,Palm Pink | Burnout | Fleece Shorts - S,Happy Days,accessories,Apparel,,,28,11,True,1
dcb6b5774a5984bc,HDBOFJCBLUM01,Capri Blue | Burnout | Fleece Jogger - M,Happy Days,accessories,Apparel,,,39,11,True,1
b62feb181a9f85e8,HDBOFZFHCBLUXL01,Capri Blue | Burnout Zip | Fleece Hoodie - XL,Happy Days,accessories,Apparel,,,43,2,True,1
951ea9619b5cdc6d,HDBOFZFHCBLUM01,Capri Blue | Burnout Zip | Fleece Hoodie - M,Happy Days,accessories,Apparel,,,43,10,True,1
fb176c69cfb5a8d4,HDBOFZFHCBLUL01,Capri Blue | Burnout Zip | Fleece Hoodie - L,Happy Days,accessories,Apparel,,,43,4,True,1
9f67c18854210ebd,HDBOFSCBLUS01,Capri Blue | Burnout | Fleece Shorts - S,Happy Days,accessories,Apparel,,,28,10,True,1
a8c25f23bc8be0df,HDBOFSCBLUL01,Capri Blue | Burnout | Fleece Shorts - L,Happy Days,accessories,Apparel,,,28,9,True,1
617dfec0d3ca5042,HDBOFSCBLUM01,Capri Blue | Burnout | Fleece Shorts - M,Happy Days,accessories,Apparel,,,28,11,True,1
0a4ec9b5aa84cdad,HDBOFSCBLUXL01,Capri Blue | Burnout | Fleece Shorts - XL,Happy Days,accessories,Apparel,,,28,3,True,1
11d2fd403cfd039f,HDESFHCHYS01,Cherry | Essential Pullover | Fleece Hoodie - S,Happy Days,accessories,Apparel,,,35,11,True,1
c6052f3edef65b51,HDESFSCHYXL01,Cherry | Essential | Fleece Shorts - XL,Happy Days,accessories,Apparel,,,27,3,True,1
8f61391879f4bbe2,HDESFSCHYS01,Cherry | Essential | Fleece Shorts - S,Happy Days,accessories,Apparel,,,27,12,True,1
12218e568037f462,HDESFSCHYM01,Cherry | Essential | Fleece Shorts - M,Happy Days,accessories,Apparel,,,27,12,True,1
e0764a2508ca9b93,031226CHRYSHORTS-L,Cherry | Essential | Fleece Shorts - L,Happy Days,accessories,Apparel,,,27,9,True,1
e32027fcacb9de47,HDESFSPCHYL01,Cherry | Essential | Fleece Sweatpants - L,Happy Days,accessories,Apparel,,,38,9,True,1
2ee8414eea700619,HDESFSPCHYS01,Cherry | Essential | Fleece Sweatpants - S,Happy Days,accessories,Apparel,,,38,12,True,1
8607969964f15697,HDESFSPCHYM01,Cherry | Essential | Fleece Sweatpants - M,Happy Days,accessories,Apparel,,,38,12,True,1
57f9a47847875ed6,HDESFHCHYM01,Cherry | Essential Pullover | Fleece Hoodie - M,Happy Days,accessories,Apparel,,,35,12,True,1
3a24237e99e76a12,HDESFSPCHYXL01,Cherry | Essential | Fleece Sweatpants - XL,Happy Days,accessories,Apparel,,,38,3,True,1
89cd0fbe1b9c8594,HDESFHCHYXL01,Cherry | Essential Pullover | Fleece Hoodie - XL,Happy Days,accessories,Apparel,,,35,2,True,1
95766c2a2a68bfce,HDESFHCHYL01,Cherry | Essential Pullover | Fleece Hoodie - L,Happy Days,accessories,Apparel,,,35,9,True,1
07cf8133d2f4191a,,Space Jam | Flower | 28g,Dank,flower,Full Bud,hybrid_indica,28g,220,13,True,1
f08c3d9ab3499785,,Honey Burst | Cold Cure Live Rosin Badder | 1g,Jaunty,concentrates,Rosin,hybrid,1g,60,14,True,1
a7e72764a4a2ae77,,"Warheadz | Solventless ""Dad"" Hash | 1g",UrbanXtracts,concentrates,Hash,hybrid_sativa,1g,50,11,True,1
60a63cdbc5f7399f,,Purple Punch | 14g,Friends With Flowers,flower,Full Bud,hybrid,14g,100,33,True,1
6894acf9e4945646,,Jealousy | 14g,Friends With Flowers,flower,Full Bud,hybrid,14g,75,139,True,1
84ef944ac0ffec9e,,C Train Express | .35g Prerolls | 10 Pack,Toast,pre_rolls,Pre Roll Multi Pack,sativa,3.5g,50,50,True,1
88b05952979848ec,,Kush Mintz x Gelato | 3.5g,Hepworth,flower,Full Bud,indica,3.5g,30,49,True,1
8e11658fc0f7c209,,Huckleberry Runtz | Indoor 28g,Botanist,flower,Full Bud,indica,28g,180,11,True,1
11d9c1bb23a76fe0,,Peach (Sativa-BOLD) | 510 Cart | 1g,Botanist,vaporizers,Cart,sativa,1g,40,15,True,1
e940e7b41ab21b9d,,BGG | Indoor 28g,Botanist,flower,Full Bud,indica,28g,180,18,True,1
b97f5f9c0e3c1561,,Gasoline Lollipop (7pk) | .5g Each 3.5g Total,Botanist,pre_rolls,Pre Roll Multi Pack,hybrid_indica,3.5g,40,57,True,1
92244a03476f5c85,,OG Mint Cake | 1g,Botanist,pre_rolls,Pre Roll Singles,hybrid_indica,1g,11,23,True,1
63cb74c4a7428b96,,Lemon Diesel | Flower | 3.5g,Platinum Reserve,flower,Full Bud,hybrid_sativa,3.5g,38,13,True,1
41f08a45b177aae2,,Green Crack (PR)  | .5g Preroll | 7pk,Platinum Reserve,pre_rolls,Pre Roll Multi Pack,sativa,3.5g,38,17,True,1
85e5869cdedcf8c8,,Blue Zushi | Jar Flower | 3.5g,Dank,flower,Full Bud,hybrid,3.5g,50,38,True,1
186eeb54af9f5a8b,768276166546,Purple Punch (Indica) | Rosin Mini Bar .5g AIO,Rove,vaporizers,Vape Live Rosin/resin Disposable,indica,0.5g,50,11,True,1
f80cbc258d06c861,,Wedding Cake (Hybrid) | Rosin Mini Bar .5g AIO,Rove,vaporizers,Vape Live Rosin/resin Disposable,hybrid_indica,0.5g,50,3,True,1
cd4ad61078db6a0b,,Devil Driver | 3.5g Flower,Hashtag Honey,flower,Full Bud,hybrid_indica,3.5g,40,15,True,1
f6da42ed63293e03,,Apples & Bananas | Liquid Diamonds AIO | 1.5g,Jaunty,vaporizers,Vape Live Rosin/resin Disposable,hybrid,1.5g,70,54,True,1
7a64d8833d27845d,,White Durban | Indoor | 3.5g,Waavy,flower,Full Bud,sativa,3.5g,44,25,True,2
5007df013040babd,,Cheddar Cheeze | Indoor | .33g  Dogwalkers 3 Pack | 1g Total,Greens,pre_rolls,Pre Roll Multi Pack,hybrid,1g,11,142,True,1
e3ac1059a8512060,,Cosmic Piff x Early Riser | Live Resin Infused .5g Pre Roll | 14pk,KINGSROAD,pre_rolls,Infused Pre Rolls Multi Pack,hybrid,7g,85,9,True,1
7d1d42c9711993ba,,Og Chem Haze (7pk) | .5g Each 3.5g Total,Botanist,pre_rolls,Pre Roll Multi Pack,hybrid,3.5g,40,7,True,1
99dd539e1e46f189,,Og Mint Cake (7pk) | .5g Each 3.5g Total,Botanist,pre_rolls,Pre Roll Multi Pack,hybrid_indica,3.5g,40,1,True,1
738eef63f988bb3f,,Core | Premium Battery | Navy,Vessel,accessories,Batteries,,,35,100,True,1
3122142c6656e4f2,850070860048,Forge | Glass Pipe | Black,Vessel,accessories,Bongs/pipes,,,45,19,True,3
18e2d2c54f107df3,850070860093,Forge | Glass Pipe | Emerald,Vessel,accessories,Bongs/pipes,,,45,17,True,3
04e2f4d1511e14b9,850070860109,Forge | Glass Pipe | Lilac,Vessel,accessories,Bongs/pipes,,,45,15,True,3
b9432bb870b9544c,,Honey Banana l LIVE ROSIN | 510 Cart .5g,MFNY,vaporizers,Vape - Live Rosin/resin Cart,sativa,0.5g,50,7,True,1
5e83c8a9729c25bb,,Mochi | LIVE | 1g | Traveler AIO,Fernway,vaporizers,Disposable,sativa,1g,61,3,True,1
4c4d9ae783ded6d2,,Purple Sunset | LIVE | 1g | Traveler AIO,Fernway,vaporizers,Disposable,indica,1g,61,38,True,1
0304d1777508c4a9,720140164911,ATF | Infused 5pk .6g | 3g Total,Ayrloom,pre_rolls,Infused Pre Rolls Multi Pack,sativa,3g,40,26,True,1
8ff31c2bcfa4f6a8,,College Stripe Rib Full Zip Hoodie - Forest/Ivory - XXL,Happy Days,accessories,Apparel,,,40,3,True,1
7d4526c13eec18cb,,College Stripe Rib Full Zip Hoodie - Forest/Ivory - XL,Happy Days,accessories,Apparel,,,40,5,True,1
7a598c56eb972ed4,,College Stripe Rib Full Zip Hoodie - Forest/Ivory - Small,Happy Days,accessories,Apparel,,,40,5,True,1
4e98e915007bef2b,,College Stripe Rib Full Zip Hoodie - Grey/Navy - XXL,Happy Days,accessories,Apparel,,,40,9,True,1
5621d78a7eaf4a8e,,Men's Burnout Sweatpants | Beach White | Small,Happy Days,accessories,Apparel,,,36,6,True,1
c9dcab026e3f2463,,College Stripe Rib Full Zip Hoodie - Forest/Ivory - Medium,Happy Days,accessories,Apparel,,,40,7,True,1
c1d4ac5b151c64a8,,College Stripe Rib Full Zip Hoodie - Grey/Navy - Medium,Happy Days,accessories,Apparel,,,40,11,True,1
80c0ef86791af08e,,College Stripe Rib Full Zip Hoodie - Navy/White - XL,Happy Days,accessories,Apparel,,,40,7,True,1
2c127046c9728fa3,,College Stripe Rib Full Zip Hoodie - Grey/Navy - XL,Happy Days,accessories,Apparel,,,40,10,True,1
ab695116bbcedd7c,,College Stripe Rib Full Zip Hoodie - Forest/Ivory - Large,Happy Days,accessories,Apparel,,,40,3,True,1
41025e9a203cc314,,College Stripe Rib Full Zip Hoodie - Navy/White - XXL,Happy Days,accessories,Apparel,,,40,5,True,1
b0a1fc71ec983e8f,,College Stripe Rib Full Zip Hoodie - Navy/White - Small,Happy Days,accessories,Apparel,,,40,5,True,1
e5deca9c9ac39342,,Men's Burnout Sweatpants - Beach White - Medium,Happy Days,accessories,Apparel,,,35,7,True,1
0622f1bd69227e1c,,College Stripe Rib Full Zip Hoodie - Grey/Navy - Large,Happy Days,accessories,Apparel,,,40,16,True,1
fad83661ef9f7c20,,Tear Gas | 3.5g,HeadyTree,flower,Full Bud,hybrid,3.5g,45,5,True,1
59591e1eeae18e9e,,(Indica) Blue Zushi x Pink Gas | .8g x 5pk = 5x Infused 4g,High5's,pre_rolls,Infused Pre Rolls Multi Pack,indica,4g,65,28,True,1
17966eb551f35bd9,,Burnout | Long Sleeve | Hoodie | Beach White | Medium,Happy Days,accessories,Apparel,,,35,7,True,1
9ca02c2708827bad,,Burnout | Long Sleeve | Hoodie | Beach White | XXL,Happy Days,accessories,Apparel,,,35,7,True,1
e2277fb3f06b3a37,,Burnout | Long Sleeve | Hoodie | Beach White | Small,Happy Days,accessories,Apparel,,,35,6,True,1
905f05c33848aea7,,Burnout | Long Sleeve | Hoodie | Beach White | XL,Happy Days,accessories,Apparel,,,35,4,True,1
65f05dc59a94a7dc,,Burnout | Long Sleeve | Hoodie | Beach White | Large,Happy Days,accessories,Apparel,,,35,9,True,1
3ad541060dc647ae,,College Stripe Rib Full Zip Hoodie - Grey/Navy - Small,Happy Days,accessories,Apparel,,,40,12,True,1
8c0225e0d7095e76,,Burnout | Long Sleeve | Pullover | Deep Blue | Medium,Happy Days,accessories,Apparel,,,35,8,True,1
e869fb467b62233c,,Burnout | Long Sleeve | Pullover | Deep Blue | Small,Happy Days,accessories,Apparel,,,35,6,True,1
2b6614655a1d13d2,,Burnout | Long Sleeve | Pullover | Deep Blue | Large,Happy Days,accessories,Apparel,,,35,9,True,1
d6cf95e9c686635c,,Burnout | Long Sleeve | Pullover | Deep Blue | XL,Happy Days,accessories,Apparel,,,35,8,True,1
15a911e4684d2de8,,College Stripe Rib Full Zip Hoodie - Navy/White - Large,Happy Days,accessories,Apparel,,,40,4,True,1
94a742825cf922d8,,Burnout | Long Sleeve | Pullover | Deep Blue | XXL,Happy Days,accessories,Apparel,,,35,5,True,1
5047794863a3d8dc,,College Stripe Rib Full Zip Hoodie - Navy/White - Medium,Happy Days,accessories,Apparel,,,40,8,True,1
857c7b7fc0db1038,,Guava Glaze | (Tier 2) | Jam | Solventless Live Rosin 1g,Trout & Co,concentrates,Rosin,hybrid_sativa,1g,68,26,True,1
7e24acbffbeb41aa,,Strawberry Pie | Fresh Press | Private Reserve | Solventless Live Rosin 1g,Trout & Co,concentrates,Rosin,hybrid,1g,100,62,True,2
d534719ce7fd2266,,ZPK | 1g 510 Cart,House of Sacci,vaporizers,Cart,hybrid,1g,40,12,True,1
d197e36fe40a9730,,Celestial Ray | .5g Filtered Pre Roll | 5pk | 2.5g,Aphrodite,pre_rolls,Pre Roll Multi Pack,hybrid_sativa,2.5g,29,23,True,1
cd826faef7adb953,,Raw Artesano Classic 1 1/4 Tips & Tray,Raw,accessories,Papers,,,3,12,True,1
5ae521fb3826b13e,,White Widow | Infused Ground 14g,Ripped,flower,Infused Flower,hybrid,14g,80,26,True,1
062a3769a8926324,,Wedding Cake | Infused Ground 14g,Ripped,flower,Infused Flower,hybrid_indica,14g,80,34,True,1
3758b97cc8951713,,Deadhead OG | Infused Ground 14g,Ripped,flower,Infused Flower,hybrid_indica,14g,80,24,True,1
d84c104d374538df,,Wedding Cake l 1g Live Rosin | Tier 1 | (Micro Grower),Umamii,concentrates,Rosin,hybrid_indica,1g,75,18,True,1
69ea9d830098e81a,,Candy Cake l 1g Live Rosin | Tier 1 | (Micro Grower),Umamii,concentrates,Rosin,hybrid_indica,1g,75,14,True,1
fac6993c235ba997,,Z-Pie | 3.5g | Doink | Premium Indoor Cannagar,Lead Farmer,pre_rolls,Pre Roll Singles,hybrid,3.5g,64,93,True,1
93f11e3ffbe203ea,,Queen of Diamonds | Pre-Roll | .5g 7pk,Terpene Alchemy,pre_rolls,Pre Roll Multi Pack,hybrid_indica,3.5g,40,14,True,1
346ff44634c75408,,Bluetopia | .75g | 4pk Pre Rolls | Micro Grower,Milkweed,pre_rolls,Pre Roll Multi Pack,hybrid,3g,35,42,True,1
ddfbafec43bad8ac,,Sub Zero | .75g | 4pk Pre Rolls | Micro Grower,Milkweed,pre_rolls,Pre Roll Multi Pack,hybrid,3g,35,41,True,1
4acbdbc2f8879d5a,,The Queen | .75g | 4pk Pre Rolls | Micro Grower,Milkweed,pre_rolls,Pre Roll Multi Pack,hybrid,3g,35,15,True,1
261ef1ace699dff7,,Lemon Cherry Gelato  | INFUSED | .75g | 4pk Pre Rolls | Micro Grower,Milkweed,pre_rolls,Infused Pre Rolls Multi Pack,hybrid,3g,45,12,True,1
5f75d2c47ac36d02,,Grape Pines | Live Resin 3.5g,Pines,concentrates,Badder,indica,3.5g,120,32,True,1
70a493264b3058dd,,Sweet Cheese | 14g,UrbanXtracts,flower,Full Bud,sativa,14g,90,74,True,1
3ee090b15b86190e,725414893825,Blue Zlushie | Flower | 3.5g,Zizzle,flower,Full Bud,hybrid,3.5g,47,2,True,1
372e087d2f0d3587,,Devil-Ade | Flower | 3.5g,FX,flower,Full Bud,sativa,3.5g,44,28,True,1
983777574a4f37d5,,Gas Mask | Flower | 3.5g,FX,flower,Full Bud,indica,3.5g,44,28,True,1
7cb766bd1206d4d5,,Lemon Cherry Wafflez | Flower | 3.5g,FX,flower,Full Bud,hybrid,3.5g,44,96,True,1
51e689f3c13f1c5f,,Durban Poison | Live Resin 1g Reload,Eureka,vaporizers,Live Rosin/resin Pod,sativa,1g,55,33,True,1
c583e0c2d35e56a7,,Poundcake | Live Resin 1g Reload,Eureka,vaporizers,Live Rosin/resin Pod,indica,1g,55,15,True,1
f65765ece4f8130c,,Mystic Mint | Solventless | LIVE ROSIN | Vape Cart | .5g,Rythm,vaporizers,Vape - Live Rosin/resin Cart,hybrid_indica,0.5g,50,34,True,1
a1b3d764a4fdc079,WIP-C1-GP-260324,Grape Pines | Live Resin 1g,Pines,concentrates,Badder,indica,1g,40,40,True,1
6bf8abe7d7ca243b,WIP-C1-FD-260325,Funk Dumper | Live Resin 1g,Pines,concentrates,Badder,hybrid,1g,40,51,True,1
7e9aa396a8ad915e,WIP-C1-PT-260324,Peach Tea | Live Resin 1g,Pines,concentrates,Badder,indica,1g,40,25,True,1
576b5e02caad50ec,,Vanilla Gelato | .5g Filtered Pre Roll | 5pk | 2.5g,Aphrodite,pre_rolls,Pre Roll Multi Pack,hybrid_indica,2.5g,29,27,True,1
64a280ed40c99bd8,,Ice Cream Souffle | Cold Cure Live Rosin Badder | 1g,Jaunty,concentrates,Rosin,indica,1g,60,27,True,1
b541397e7dedeb23,,Chicken N' Waffles (Batch 24) | Live Rosin | 100mg | 10pk,Off Hours,edibles,Gummies | Chews,,100mg,38,32,True,1
a5ce248835b93e4b,,Rainbow Belts 2.0 (7pk) | .5g Each 3.5g Total,Botanist,pre_rolls,Pre Roll Multi Pack,indica,3.5g,40,15,True,1
001b5e132c970022,,Phanta Fizz | Pre Roll | 1g,Toast,pre_rolls,Pre Roll Singles,sativa,1g,12,50,True,1
96c366fa8066b205,,White Diamonds | Sativa | Single Source Hash | 1g,House of Sacci,concentrates,Hash,sativa,1g,44,10,True,1
3fd663d4d7600788,,Super Sour Diesel | Indoor 28g,Botanist,flower,Full Bud,sativa,28g,180,33,True,1
ae69915eb9dc162c,,Purple Papaya Runtz | Pre-Roll | .5g 7pk,Terpene Alchemy,pre_rolls,Pre Roll Multi Pack,indica,3.5g,40,7,True,1
59fda8973b6b922d,,Tamarindo | 3.5g (Hybrid),Rythm,flower,Full Bud,hybrid,3.5g,50,17,True,1
3349ac8622361849,,Puffco | Hot Knife | V2 (Haze),Puffco,accessories,Dab Accessories,,,55,8,True,1
2c74998403d60d14,,NYC Diesel | 1.5g Infused Blunt,Presidential,pre_rolls,Infused Pre-roll,sativa,1.5g,35,27,True,1
015f30ddd5387da7,,Pineapple Heights | Infused | 1.5g Single Pre Roll,Dumbo Electric,pre_rolls,Infused Pre-roll,hybrid,1.5g,18,14,True,1
199a3231a50a807c,,Chime & Chill | AM: First Hit - Galaxy Pre Roll | .75g | (LOW THC:LOW CBD),Chime & Chill,pre_rolls,Pre Roll Singles,hybrid,0.75g,8,174,True,1
264e9beb95a7c2e6,,Lemon Garlic Thumbprint | Solventless Live Rosin 2g,Trout & Co,concentrates,Rosin,hybrid_indica,2g,200,26,True,1
dfb1ee5b7f24d7e8,,M.O.B | Smalls | 3.5g (Microgrow),Roemer Farms,flower,Popcorn,hybrid,3.5g,50,132,True,1
583c4bc6edb28fe5,,Uptown Haze | 28g | INFUSED | Ground Flower,The Plug Pack,flower,Infused Flower,sativa,28g,120,7,True,1
f222607f5754c77b,,Guava Blaze | 28g | INFUSED | Ground Flower,The Plug Pack,flower,Infused Flower,hybrid,28g,120,45,True,1
4ae90b31fc72a85c,,Highway Runtz | AIO | 1g | Cannabis Terpenes (no botanical terps) - HTFSE,Gezoont,vaporizers,Disposable,indica,1g,50,15,True,1
b3a3dca001c2f4cf,,Lemon Skunk | 3g Flower + .5g THCA = 3.5g Infused Snowballz,Hashtag Honey,flower,Infused Flower,hybrid_sativa,3.5g,50,13,True,1
bb355beb0ee08824,,Jayna's Sunshine | 1.5g Pre-Roll,Dumbo Electric,pre_rolls,Pre Roll Singles,hybrid_sativa,1.5g,20,92,True,1
348ac9acb84f11c8,725272732557,Blue Nerdz | Shorty's | Infused .5g Pre-rolls | 7pk,HeadyTree,pre_rolls,Infused Pre Rolls Multi Pack,hybrid,3.5g,44,5,True,1
3ab633fc87d537b3,,Blue Dream | BOT | AIO | 1g,Botanist,vaporizers,Disposable,sativa,1g,50,30,True,1
54a2ccc6f9e4af6f,,Upstate Funk | 1g Solventless Live Rosin 510 Cart,Jetty,vaporizers,Vape - Live Rosin/resin Cart,hybrid,1g,68.26,53,True,1
50e8135a35640dc0,,Bruschetta | 1g Solventless Live Rosin 510 Cart,Jetty,vaporizers,Vape - Live Rosin/resin Cart,hybrid,1g,68.26,22,True,1
0dce320c6ff17576,850076930776,Jealousy | 7g | Flower,Florist Farms,flower,Full Bud,hybrid,7g,70,2,True,1
bc1e9d711be17650,,Papaya Mimosa | Rosin | 1G (Micro Grower) | Weiss Farms,NYCE,concentrates,Rosin,sativa,1g,60,2,True,1
99e162243c314e53,,RS-11 x Permanent Marker | Indoor Flower | 3.5g (Micro Grower),Nickel,flower,Full Bud,hybrid,3.5g,44,27,True,1
de4fb4afc13dd529,,Blue Gelato | Preroll | 1g | Indoor (Micro Grow),Nickel,pre_rolls,Pre Roll Singles,indica,1g,9,73,True,1
f8fca28efca0cfaa,,Basic Bowl | 14mm,MASTER DISTRO,accessories,Bongs/pipes,,,12,34,True,1
c3ca2d3f9bd1909e,,Lemon Bars | Flower | 28g,Platinum Reserve,flower,Full Bud,hybrid_sativa,28g,200,36,True,1
ab406cded3b53c95,,High Noon (Milk Chocolate) | 1:1 | THC:CBD | 100mg,Calamity Jane,edibles,Chocolate Pieces,,100mg,24,11,True,1
07fce129e607af6d,,Chronic Tonic | Ground Flower | 14g,Leal,flower,Shake,hybrid_sativa,14g,50,53,True,1
f142bc3227987cc8,,Lemon Venom | Ground Flower | 14g,Leal,flower,Shake,hybrid_indica,14g,50,58,True,1
6a7de3a5161bcd3a,,Gorilla Glue #4  | 3.5g Flower,Leal,flower,Full Bud,hybrid_indica,3.5g,24,89,True,1
95ec55a54161d5ef,,GMO | Leal | 3.5g Flower,Leal,flower,Full Bud,indica,3.5g,24,152,True,1
787e4e02ee47ac28,,Sherbanger | Infused .5g 7pk,Gezoont,pre_rolls,Infused Pre Rolls Multi Pack,hybrid,3.5g,40,55,True,1
a8cc090739a6cb36,,Gorilla Glue #4 | 7g Flower,Leal,flower,Full Bud,hybrid_indica,7g,44,78,True,1
790321e233e50793,,Fortune Cookie | 7g Flower,Leal,flower,Full Bud,hybrid,7g,44,56,True,1
ebbecec6f2493917,,Pump Kush | Live Rosin | AIO | 1g,Cheetah,vaporizers,Vape Live Rosin/resin Disposable,hybrid,1g,80,6,True,1
8f08053a97cf5a7c,,Pacific Punch | Live Rosin | AIO | 1g,Cheetah,vaporizers,Vape Live Rosin/resin Disposable,hybrid,1g,80,9,True,1
03f670d40410b63f,,Tasty Trees #10 | 1g,Botanist,pre_rolls,Pre Roll Singles,hybrid,1g,11,113,True,1
545b037d1a064b5e,,Ghost Of M | 1g,Botanist,pre_rolls,Pre Roll Singles,hybrid_indica,1g,11,153,True,1
af073e845a8200e7,,Velvet Ropes | 1g,Botanist,pre_rolls,Pre Roll Singles,hybrid,1g,11,168,True,1
9b66a9c57427d865,,Urban Legend | 1g,Botanist,pre_rolls,Pre Roll Singles,hybrid_indica,1g,11,134,True,1
4d2c2adebf5a4129,,Chemdog l LIVE ROSIN | 510 Cart .5g,MFNY,vaporizers,Vape - Live Rosin/resin Cart,indica,0.5g,50,5,True,1
2f69b1ba10939ec8,,Bodega Burger | 1g Solventless Live Rosin 510 Cart,Jetty,vaporizers,Vape - Live Rosin/resin Cart,indica,1g,68.26,2,True,1
f197f9b5fdf5645d,,Colorado Night Shifter | 1g,Terpene Alchemy,pre_rolls,Pre Roll Singles,indica,1g,8.5,63,True,1
0e5472dd09b99ee8,LCG-IN-08,Alien Space Candy (Craft Indoor) | 3.5g | Micro Grower,Milkweed,flower,Full Bud,hybrid_indica,3.5g,50,12,True,1
327f433906675d18,,Super Boof | Indoor Grown | 3.5g (Micro Grow),Royal Genetics,flower,Full Bud,hybrid,3.5g,55,31,True,1
23135eaf491d3966,,Honey | Day | 100mg,HoneyPot THC,edibles,Cooking Oil,,100mg,27,122,True,1
4388747d0a6b39e7,,Honey | Night | 100mg,HoneyPot THC,edibles,Cooking Oil,,100mg,27,20,True,1
f41935e64f88e3c9,,"Poundcake | ""STARTER KIT"" | LIVE RESIN | AIO | 1g",Eureka,vaporizers,Vape Live Rosin/resin Disposable,indica,1g,65,27,True,1
2c28769c08ddae64,,"Apple Fritter | ""STARTER KIT"" | LIVE RESIN | AIO | 1g",Eureka,vaporizers,Vape Live Rosin/resin Disposable,sativa,1g,65,1,True,1
5ed4846be201997e,,"Citrus Splash | ""STARTER KIT"" | (Fusion) | AIO | 1g",Eureka,vaporizers,Disposable,hybrid_sativa,1g,63,2,True,1
f96ca05242e14b84,,Haze | 3.5g Flower,Dr. Green,flower,Full Bud,sativa,3.5g,55,31,True,1
1d77caa74a69bfda,,Sour Diesel | 3.5g Flower,Dr. Green,flower,Full Bud,sativa,3.5g,55,16,True,1
afb5b3cdd2412ccb,,Citrus Splash (Fusion) | POD RELOAD | 1g,Eureka,vaporizers,Pod,hybrid_sativa,1g,46,14,True,1
135df6a9cbe4aee6,,Spearmint Oral Pouches | 10mg Each | 100mg Total,KSHN Pouch Co,tinctures,Sublingual,,100mg,25,15,True,1
d8f4a932578d80bd,,Tropical Oral Pouches | 10mg Each | 100mg Total,KSHN Pouch Co,tinctures,Sublingual,,100mg,25,7,True,1
0046a7e027b710ed,,Citrus Oral Pouches | 10mg Each | 100mg Total,KSHN Pouch Co,tinctures,Sublingual,,100mg,25,17,True,1
12c50e8754d87527,,Mexican Flan | 3.5g,Real Life Botanicals,flower,Full Bud,hybrid_indica,3.5g,25,71,True,1
c29d0ce69e6bf59b,,M.C Nuggets (Standard Line) | 3.5g,Rolling Green,flower,Full Bud,hybrid,3.5g,44,5,True,1
d4fc24b2ad7fcfb2,,Jokerz #31 | 3.5g (Microgrow),Roemer Farms,flower,Full Bud,hybrid_indica,3.5g,52.5,59,True,1
63b0b04c9a52fc6e,,Cherry Pie | 510 Cart | 1g,Jaunty,vaporizers,Cart,hybrid,1g,45,73,True,1
f5b939d099995f91,,Jokerz #31 Premium Pre-rolls | .5g | 5pk (Microgrow),Roemer Farms,pre_rolls,Pre Roll Multi Pack,hybrid_indica,2.5g,35,22,True,1
13be6565367d8fd0,,Permanent Marker Premium Pre-rolls | .5g | 5pk (Microgrow),Roemer Farms,pre_rolls,Pre Roll Multi Pack,hybrid_indica,2.5g,35,33,True,1
59505de12b8f4923,,Permanent Marker | 3.5g (Microgrow),Roemer Farms,flower,Full Bud,indica,3.5g,52.5,29,True,1
38962922e706e15f,,Lemon Fresh | Rosin Infused Hash Hole 1g,Jaunty,pre_rolls,Infused Pre-roll,sativa,1g,20,31,True,1
92d476da09f03e05,,Purple Starfruit | Rosin Infused Hash Hole 1g,Jaunty,pre_rolls,Infused Pre-roll,hybrid,1g,20,60,True,1
7651c45a6a8e7381,,Baja Blazed | Twisted Ion | 1g 510 Cartridge,Mfused's Super Fog,vaporizers,Cart,hybrid,1g,45,31,True,1
2395d697d4872855,,Stoopid Gas | Loud Ion | 1g 510 Cartridge,Mfused's Super Fog,vaporizers,Vape - Live Rosin/resin Cart,hybrid,1g,55,8,True,1
faa1000c79f17043,,Sour Diesel | Loud Ion | 1g 510 Cartridge,Mfused's Super Fog,vaporizers,Vape - Live Rosin/resin Cart,sativa,1g,55,25,True,1
a86fb98d4ac3c6ee,,Acapulco Gold | Loud Ion | 1g 510 Cartridge,Mfused's Super Fog,vaporizers,Vape - Live Rosin/resin Cart,sativa,1g,55,19,True,1
6ce55ae478fde764,,Blue Dream | Fire Ion | 1g 510 Cartridge,Mfused's Super Fog,vaporizers,Cart,sativa,1g,45,5,True,1
d877a46f3d1fe83d,,Black Mamba | AiroX2 | Solventless | 2g AIO | Artisan,AIRO,vaporizers,Vape Live Rosin/resin Disposable,sativa,2g,75,37,True,1
38325c3407c366ef,,Milk Chocolate | Brick | 100mg THC | 10 Doses,Mayhem,edibles,Chocolate Bar,,100mg,17,84,True,1
09410f10f92186b9,,Dark Chocolate | Brick | 100mg THC | 10 Doses,Mayhem,edibles,Chocolate Bar,,100mg,17,88,True,1
8720962b691fb0f6,,95 Cookies | Tier 1 Solventless Live Rosin 1g,Rythm,concentrates,Rosin,hybrid,1g,75,24,True,1
17db5746ae523189,,Jah'spresso (Mixed Buds) l Indoor l 14g,Good Green,flower,Full Bud,hybrid_sativa,14g,110,10,True,1
d250e8f51f8cf2fe,,Creamsicle Sunset (Popcorn) 7g | (Hybrid),Rythm,flower,Popcorn,hybrid,7g,70,99,True,1
00153b9d6b952fca,,Blueberry Diesel | Moonrocks | 3.5g,LOBO,flower,Infused Flower,hybrid,3.5g,50,16,True,1
5ce266774ed53652,,(Indica) Blue Zushi x Pink Gas | Infused .8g Preroll,High5's,pre_rolls,Infused Pre-roll,indica,0.8g,17,44,True,1
293ef655a02ca7ec,,Soap x Purple Punch | Moonrocks | 3.5g,LOBO,flower,Infused Flower,hybrid_indica,3.5g,50,7,True,1
ea70db8b9f3294aa,,Velvet Gushers | 3.5g | Indoor Flower,SMOKE WRLD,flower,Full Bud,hybrid,3.5g,40,85,True,1
269824c1a3dbbb40,,Red Zprite | 3.5g | Indoor Flower,SMOKE WRLD,flower,Full Bud,sativa,3.5g,40,72,True,1
c384c7158c39f452,,Mikado | 1g | Preroll,Lion Order,pre_rolls,Pre Roll Singles,hybrid,1g,15,64,True,1
2e07c4acc71f64ac,,Mikado | 3.5g Flower,Lion Order,flower,Full Bud,hybrid,3.5g,50,76,True,1
37bbec7d2a0b550a,,Jack Herer | Canna Cure | 3.5g,Canna Cure Farms,flower,Full Bud,sativa,3.5g,36,27,True,1
5bb304a007ddf1fa,,Blue Zushi | .5g Prerolls | 6pk,Canna Cure Farms,pre_rolls,Pre Roll Multi Pack,hybrid,3g,35,26,True,1
77d1e177bae0fea5,,Sour Diesel | .5g Prerolls | 6pk,Canna Cure Farms,pre_rolls,Pre Roll Multi Pack,sativa,3g,35,16,True,1
719b4d05e288a255,,Rhum Cake | 3.5g Flower,Lion Order,flower,Full Bud,hybrid,3.5g,50,245,True,1
d9698d95b6219809,,Sunshine Kush | 3.5g Flower,Lion Order,flower,Full Bud,hybrid,3.5g,50,220,True,1
29f7e4a629da1e49,,Road Block | 3.5g Flower,Lion Order,flower,Full Bud,indica,3.5g,50,84,True,1
7458be8129506157,,Giraffe Head | 3.5g Flower,Lion Order,flower,Full Bud,indica,3.5g,50,92,True,1
ae1710f8ee8a8fc0,,Pink Elephantz | Infused With Kief | 1g Pre-Roll,HeadyTree,pre_rolls,Infused Pre-roll,indica,1g,20,26,True,1
adaf8876cf49d639,,Jealousy | .5g 2pk (Long Island Grown),Millstone,pre_rolls,Pre Roll Multi Pack,indica,1g,6.75,134,True,1
3581c826bfc2a11b,,Strawnana | Flower | 3.5g (Long Island Grown),The Ladies,flower,Full Bud,indica,3.5g,40,31,True,1
0aa985089e9b6e81,,Blue Dream | .5g Preroll | 7pk | (PR),Platinum Reserve,pre_rolls,Pre Roll Multi Pack,sativa,3.5g,38,28,True,1
6cb5be3fad29dcf5,,Lemon Drip | Flower | 14g,Platinum Reserve,flower,Full Bud,hybrid_sativa,14g,120,25,True,1
b292c05448299d25,,Super Lemon Haze | 3.5g Flower,Dank,flower,Full Bud,hybrid_sativa,3.5g,44,6,True,1
b6de795bc5c6b993,,Durban Haze | Bag Flower | 3.5g,Dank,flower,Full Bud,sativa,3.5g,44,16,True,1
6732b18402946f9c,,Hawaiian Haze | Sungrown Flower | 3.5g,Dank,flower,Full Bud,hybrid,3.5g,35,3,True,1
caa02a53e2e1ef01,,Purple Haze | Jar Flower | 3.5g,Dank,flower,Full Bud,sativa,3.5g,50,173,True,1
f8bd235bfb10cd9f,,Birthday Cake | 28g,Dank,flower,Full Bud,indica,28g,220,7,True,1
83f4feaa8d914fb9,,Trainwreck | Blunt | 1g,Breakfast Connections,pre_rolls,Pre Roll Singles,sativa,1g,10,10,True,1
34fa00c6c1a5c41d,,Pineapple | 10mg - 10pk | 100mg Total THC,Left Coast,edibles,Gummies | Chews,,100mg,22,6,True,1
3529c9a9efb79274,,Skywalker Cookie Dog x Lemon Cherry Gelato | Live Resin Infused .5g Pre Roll | 14pk,KINGSROAD,pre_rolls,Infused Pre Rolls Multi Pack,hybrid,7g,85,27,True,1
c61e296e8bd4b9ca,,Sour Green Apple | 1:1 | 100mg | THC:CBG | 10pk,Smokiez,edibles,Gummies | Chews,sativa,100mg,24,20,True,1
5c3a9fa0b613515e,,Sweet Green Apple | 1:1 | 100mg | THC:CBG | 10pk,Smokiez,edibles,Gummies | Chews,sativa,100mg,24,14,True,1
2d58b6260d9e97b0,,Sweet Lemonade | 100mg | 10pk,Smokiez,edibles,Gummies | Chews,sativa,100mg,22,29,True,1
1df0b138d375bbf9,,Chronic Tonic | 1g Pre Roll,Leal,pre_rolls,Pre Roll Singles,hybrid_sativa,1g,7,271,True,1
97c0bc0ce21074ec,,Blue Nerds | 1g Pre Roll,Leal,pre_rolls,Pre Roll Singles,hybrid_indica,1g,7,137,True,1
8d9d34ffd7af90ea,OTR-2-G33,Gelato 33 (OUTRANKD) | AIO | 2g,OUTRANKD,vaporizers,Disposable,indica,2g,50,148,True,1
f3689dc3967128af,,Skywalker x Blue Razz x Watermelon Mojito | AIO Vape | 3g,Left Coast,vaporizers,Disposable,,3g,100,15,True,1
9f393fab6ef2ce87,,Monster Cookies x Cherry Volcano x Super Sour Diesel | AIO Vape | 3g,Left Coast,vaporizers,Disposable,,3g,100,61,True,1
aa03542b748af87e,,Sunny Diesel x Berry Gelato x Maui Pineapple | AIO Vape | 3g,Left Coast,vaporizers,Disposable,,3g,100,48,True,1
25071bdac8378cbc,NY-SL-28-20260424 - A,Dazed & Confused | 1g Mini Tank Solventless Live Rosin AIO,Jetty,vaporizers,Vape Live Rosin/resin Disposable,indica,1g,70,88,True,1
d707df2ac744b775,NY-SL-25-20260424 - A,Egyptian Oranges | 1g Mini Tank Solventless Live Rosin AIO,Jetty,vaporizers,Vape Live Rosin/resin Disposable,sativa,1g,70,92,True,1
27370f974ecf4d36,NY-SL-22-20260415 - B,Citrus Royale | 1g Solventless Live Rosin 510 Cart,Jetty,vaporizers,Vape - Live Rosin/resin Cart,hybrid,1g,68.26,20,True,1
0d166de31ee587e5,NY-SL-20-20260413 - B,Empire Zest | 1g Solventless Live Rosin 510 Cart,Jetty,vaporizers,Vape - Live Rosin/resin Cart,sativa,1g,68.26,11,True,1
b48f0facd2267e97,,Cherry x Rainbow Beltz 2.0  | LIVE RESIN Gummies | 8pk,MFNY,edibles,Gummies | Chews,indica,80mg,10,21,True,1
ef274f40fb76cb6e,,Jelly Fumez | 1g Mini Tank Solventless Live Rosin AIO,Jetty,vaporizers,Vape Live Rosin/resin Disposable,sativa,1g,70,85,True,1
d238f8da55d8dda7,NY-SL-26-20260424 - A,Strawpaya | 1g Mini Tank Solventless Live Rosin AIO,Jetty,vaporizers,Vape Live Rosin/resin Disposable,sativa,1g,70,88,True,1
a4e85e283396474a,NY-SL-21-20260414 - B,Grease King | 1g Solventless Live Rosin 510 Cart,Jetty,vaporizers,Vape - Live Rosin/resin Cart,indica,1g,68.26,19,True,1
6daf58ab33b9e060,,Jealousy | 3.5g | Micro Grower,Nautical Blaze,flower,Full Bud,hybrid,3.5g,32,87,True,1
4ffc1c6b5e17d532,,Mimosa | 3.5g | Micro Grower,Nautical Blaze,flower,Full Bud,hybrid_sativa,3.5g,32,26,True,1
7d63754f8bda315c,,Lemon Strawz | 3.5g | Micro Grower,Nautical Blaze,flower,Full Bud,hybrid_sativa,3.5g,32,76,True,1
2f9e35631d07c5e5,,Wedding Cake | 3.5g | Micro Grower,Nautical Blaze,flower,Full Bud,hybrid_indica,3.5g,32,24,True,1
3f298106ac7c6392,,DSO | Dart | 1g,OMO,concentrates,Other Concentrates,sativa,1g,55.1,21,True,1
f725a18eac92b348,05-16-26GreyCropZip-S,Grey | Crop Top | Zip Hoodie (S) | W/ Pink Lettering,Happy Days,accessories,Apparel,,,60,17,True,1
4d5c0e6b0b836875,05-16-26WhiteLeafCamoSweatsuit-L,"White ""Leaf"" Camo (L) | Sweatsuit | Black Lettering | W/ Pants",Happy Days,accessories,Apparel,,,90,11,True,1
31e2525cdbab145a,05-16-26WhiteLeafCamoSweatsuit-M,"White ""Leaf"" Camo (M) | Sweatsuit | Black Lettering | W/ Pants",Happy Days,accessories,Apparel,,,90,24,True,1
1930ad060e4ee53b,05-16-26WhiteLeafCamoSweatsuit-S,"White ""Leaf"" Camo (S) | Sweatsuit | Black Lettering | W/ Pants",Happy Days,accessories,Apparel,,,90,4,True,1
47b1364081108c33,,Cherry Maui Wowie | 3.5g (Sativa Dominant),Rythm,flower,Full Bud,sativa,3.5g,50,14,True,1
40f14c6f68ff6068,,Cherry Maui Wowie | LIVE RESIN | Vape Cart | 1g,Rythm,vaporizers,Vape - Live Rosin/resin Cart,hybrid_sativa,1g,65,1,True,1
e306e256da5d9da8,,Fugazi Funk | 3.5g | (PG),Priscilla's Garden,flower,Full Bud,sativa,3.5g,50,97,True,1
08f2eb0d8eef179b,,Biscotti Glaze | 3.5g,Priscilla's Garden,flower,Full Bud,indica,3.5g,50,35,True,1
129cc2c056e26d1c,,White Devil | 3.5g | (PG),Priscilla's Garden,flower,Full Bud,hybrid,3.5g,50,37,True,1
383f94abe01dc031,,11:11 (PG) | Flower | 3.5g,Priscilla's Garden,flower,Full Bud,indica,3.5g,50,37,True,1
48a10c4dc7110434,,Mule Fuel | 3.5g,Priscilla's Garden,flower,Full Bud,sativa,3.5g,50,22,True,1
e7bcd9a913ba044f,,Hotti Fuel | 3.5g,Priscilla's Garden,flower,Full Bud,indica,3.5g,50,43,True,1
3abec9df6f441c9c,,Platinum Lemon Cherry Gelato | Ground Flower | 14g,Leal,flower,Shake,hybrid,14g,50,86,True,1
7ada84bf1a767248,,Grape Cake | 1g Pre Roll,Leal,pre_rolls,Pre Roll Singles,hybrid_indica,1g,7,256,True,1
1f53f086af65c688,,Kat's Nip | 3.5g,Hashtag Honey,flower,Full Bud,hybrid_indica,3.5g,40,16,True,1
4c2bbc5943e92edc,,Alien Pebbles (Standard Line) | 3.5g,Rolling Green,flower,Full Bud,hybrid_indica,3.5g,44,54,True,1
0153276faae0ab42,,Jet Fuel | 14g Flower,UrbanXtracts,flower,Full Bud,sativa,14g,90,167,True,1
cd4bdbdb4b2d29e5,040826MH-1000,Malawi Haze | Live Resin Terpenes | Noir | 510 Cart | 1g,Timeless,vaporizers,Vape - Live Rosin/resin Cart,sativa,1g,57,24,True,1
75131217c9d4c70d,nybbx2a0726,Berry Blast Gummy Clusters | PIXLZ | 20pk | 100mg,Gron,edibles,Gummies | Chews,,100mg,24,49,True,1
03a1bfea6633923a,nybrx1c2326,Blue Razzberry Gummy Clusters | 20pk | PIXLZ | 3:1 CBG:THC  | 100mg,Gron,edibles,Gummies | Chews,,100mg,28.88,21,True,1
b268b82d67e20927,NYPMP1C0326,Milk Chocolate Pieces | 20pk | Rosin Infused | PIPS | 100mg,Gron,edibles,Chocolate Pieces,,100mg,22,20,True,1
295c6bb590ab2706,,Rainbow Beltz | Solventless Liquid Diamonds | 1g AIO,AIRO,vaporizers,Vape Live Rosin/resin Disposable,hybrid,1g,55,25,True,1
059fd0dc734e891a,,Northern Lights | Strain Series | Solventless | 2g AIO,AIRO,vaporizers,Vape Live Rosin/resin Disposable,indica,2g,75,36,True,1
adb89be0f4e91cae,810208270170,Puffco Peak | Zest,Puffco,accessories,Dab Accessories,,,220,8,True,1
94912d89791dc8f2,810208270149,Puffco Peak | Sapphire,Puffco,accessories,Dab Accessories,,,220,4,True,1
40edc031b8fff835,810208270101,Puffco Pivot (Sapphire),Puffco,accessories,Dab Accessories,,,130,3,True,1
3cdce39659e5f1f1,,Chemdog x Chemdog | Live Rosin | 2.5g Bagel Hole,MFNY,pre_rolls,Infused Pre-roll,hybrid,2.5g,65,51,True,1
5b48a28821dd3943,,Sour Diesel | Loud Jefe XL | AIO 2g,Mfused's Super Fog,vaporizers,Vape Live Rosin/resin Disposable,sativa,2g,70,48,True,1
9e7f557de7613689,,Mimosa | Rosin Mini Bar .5g AIO,Rove,vaporizers,Vape Live Rosin/resin Disposable,hybrid,0.5g,50,5,True,1
1c757b16e1b1a56c,,YesCA | Indoor Flower | 3.5g,CHEECH & CHONG,flower,Full Bud,hybrid,3.5g,40,46,True,1
ed880369bbee9830,,Mystical Melody | Solventless | 2g AIO | Artisan Series,AIRO,vaporizers,Vape Live Rosin/resin Disposable,hybrid,2g,75,36,True,1
b3a3a8235b845986,669185517095,(Sativa) Strawberry Runtz X Super Lemon Haze | .8g x 5pk = Infused 4g,High5's,pre_rolls,Infused Pre Rolls Multi Pack,sativa,4g,65,22,True,1
ab25a5f8c7d29f66,,Dark Rainbow | 3.5g Flower,Zoo Cannabis,flower,Full Bud,indica,3.5g,47,61,True,1
e1af602960024329,,Biscotti (Zoo) | 3.5g Flower,Zoo Cannabis,flower,Full Bud,hybrid,3.5g,47,56,True,1
9ed322bfa4e46e9c,,Tropicana Banana | 3.5g Flower,Zoo Cannabis,flower,Full Bud,hybrid,3.5g,47,51,True,1
680771cd9c1e096b,,Super Lemon Haze (NB) | 3.5g | Micro Grower,Nautical Blaze,flower,Full Bud,hybrid_sativa,3.5g,32,4,True,1
d0e6ccc61c6f5112,,Blue Dream | Jar Flower | 3.5g,Terpene Alchemy,flower,Full Bud,sativa,3.5g,25,219,True,1
ade5d0c8142d4386,,Hidden Cherries | .5g 2pk (Long Island Grown),The Ladies,pre_rolls,Pre Roll Multi Pack,hybrid_sativa,1g,10,114,True,1
8ca8e784491e0d34,,Big Apple | .5g 2pk (Long Island Grown),The Ladies,pre_rolls,Pre Roll Multi Pack,hybrid_sativa,1g,10,49,True,1
9aed0fb62e58a5eb,,Hot Pink | Flower | 7g,Ithaca Organics,flower,Full Bud,hybrid_sativa,7g,70,5,True,1
d7c70507ee5c9c62,,Strawberry Push Pop | Flower | 3.5g,Ithaca Organics,flower,Full Bud,hybrid,3.5g,50,22,True,1
e3528e3c0642ac07,810029765398,Super Jack | 1g AIO Pen,Hashtag Honey,vaporizers,Disposable,sativa,1g,40,5,True,1
97ee7386d90d0b82,810220980224,Kush Mintz | Terpwoods | LIVE ROSIN | 1g AIO,Terpwoods,vaporizers,Vape Live Rosin/resin Disposable,hybrid,1g,55,26,True,1
0efe740a41b0bc57,810220980231,Papaya Melts | Terpwoods | LIVE ROSIN | 1g AIO,Terpwoods,vaporizers,Vape Live Rosin/resin Disposable,hybrid_indica,1g,55,15,True,1
7f02cc3c36584394,810220980248,Slurricane | Terpwoods | LIVE ROSIN | 1g AIO,Terpwoods,vaporizers,Vape Live Rosin/resin Disposable,indica,1g,55,27,True,1
81927755ba2f752d,,Jungle Gemz | 1g Pre Roll,Leal,pre_rolls,Pre Roll Singles,hybrid_indica,1g,7,39,True,1
c6817a89d6cb7f4e,,ATF | Fire Jefe XL | AIO 2g,Mfused's Super Fog,vaporizers,Disposable,sativa,2g,65,64,True,1
a1d9dee0792df79b,,Blueberry Space Cake | Fire Jefe XL | AIO 2g,Mfused's Super Fog,vaporizers,Disposable,indica,2g,65,100,True,1
9bc05fe86a886808,,Blackberry Pancakes | Loud Jefe XL | AIO 2g,Mfused's Super Fog,vaporizers,Vape Live Rosin/resin Disposable,indica,2g,70,44,True,1
772790af211ef8f0,,Citrus Slurp | .35g Pre Roll | 20pk,Hepworth,pre_rolls,Pre Roll Multi Pack,sativa,7g,50,37,True,1
8b94f6b775d989ee,,Hudson Valley Jack | 1:1 | THC:CBD | 1g 510 Cartridge,Hepworth,vaporizers,Cart,sativa,1g,33,71,True,1
f8153d1ee4a0e19d,850076950651,Strawberries & Cream | Rosin | 1G (Micro Grower),NYCE,concentrates,Rosin,hybrid_indica,1g,60,33,True,1
620dcdc500d03ac2,051226TF-1000,Transfusion (REST) | 1g 510 Cart,Timeless,vaporizers,Cart,indica,1g,52,21,True,1
968088a35b2b9590,051226TF-T2,Transfusion (REST) | T2 | 2g AIO,Timeless,vaporizers,Disposable,indica,2g,87,51,True,1
5d9e2fed6220b558,850050317531,Blue Dream | .7g Pre Rolls | 5pk,Nanticoke,pre_rolls,Pre Roll Multi Pack,sativa,3.5g,31.5044,20,True,1
2ec1a7dfb4dbb756,,Frosted Dream | 1g | Solventless AIO | Artisan Series | Indica,AIRO,vaporizers,Vape Live Rosin/resin Disposable,indica,1g,45,15,True,1
80b758792a9e306a,,Tropicana Cherries | Solventless Liquid Diamonds | 1g AIO,AIRO,vaporizers,Vape Live Rosin/resin Disposable,sativa,1g,50,16,True,1
74eed0e7aec8b946,,Black Mamba | 1g | Solventless AIO | Artisan Series | Sativa,AIRO,vaporizers,Vape Live Rosin/resin Disposable,sativa,1g,45,11,True,1
f0cc6e743c6ec8b3,670119701190,Dante's Rainbow (Premium Line) | 3.5g,Rolling Green,flower,Full Bud,hybrid,3.5g,53,24,True,1
7c674c97a66701c4,770300703009,Tangerine Dream (Premium Line) | 3.5g,Rolling Green,flower,Full Bud,hybrid_sativa,3.5g,53,29,True,1
b7e0c80fad0559ef,770270702705,Sherb Cream Pie (Standard Line) | 3.5g,Rolling Green,flower,Full Bud,hybrid_indica,3.5g,44,29,True,1
2ab0e08d30cf50fb,,Magic Melon | Liquid Diamonds AIO | 1.5g,Jaunty,vaporizers,Vape Live Rosin/resin Disposable,indica,1.5g,70,48,True,1
776a51243872693d,,1 1/4 Black Pre Rolled Cones | 6pk,Raw,accessories,Papers,,,6,103,True,1
bee0152b2d7d44ff,720140165390,Rose | 10mg Drink 2:1 | Single,Ayrloom,beverages,Rtd,hybrid_sativa,10mg,6,181,True,1
d67564ed02a79b2c,720140165222,Pineapple Express | AIO Pen | 2g,Ayrloom,vaporizers,Disposable,hybrid,2g,75,49,True,1
80a75837cc8f6ce8,720140165277,Blue Widow | AIO Pen | 2g,Ayrloom,vaporizers,Disposable,hybrid,2g,75,40,True,1
418f829373f4e957,06-03-26WhiteLeafCamoShorts-S,"White ""Leaf"" Camo (S) | Shorts | Black Lettering",Happy Days,accessories,Apparel,,,39.99,10,True,1
065349493447c7d1,06-03-26WhiteLeafCamoShorts-XXL,"White ""Leaf"" Camo (XXL) | Shorts | Black Lettering",Happy Days,accessories,Apparel,,,39.99,10,True,1
e80db17ddcbcb3e7,06-03-26WhiteLeafCamoShorts-L,"White ""Leaf"" Camo (L) | Shorts | Black Lettering",Happy Days,accessories,Apparel,,,39.99,7,True,1
2423c33305af44fe,06-03-26WhiteLeafCamoShorts-XL,"White ""Leaf"" Camo (XL) | Shorts | Black Lettering",Happy Days,accessories,Apparel,,,39.99,7,True,1
2b9feee91cb86bd7,06-03-26WhiteLeafCamoShorts-M,"White ""Leaf"" Camo (M) | Shorts | Black Lettering",Happy Days,accessories,Apparel,,,39.99,13,True,1
c1629fd9ea8856b1,,Peach Halos | Twisted Jefe XL | AIO 2g,Mfused's Super Fog,vaporizers,Disposable,hybrid_indica,2g,65,39,True,1
9c391a1133dee78d,,Egyptian Oranges | 1g Solventless Live Rosin 510 Cart,Jetty,vaporizers,Vape - Live Rosin/resin Cart,sativa,1g,65,49,True,1
36db5790fbf82d8f,,Jelly Fumez | 1g Solventless Live Rosin 510 Cart,Jetty,vaporizers,Vape - Live Rosin/resin Cart,sativa,1g,65,46,True,1
790ede38d5626deb,,PureBud | Recovery | 1:1 THC:CBD | Stick,Pure Buds,flower,Other Topicals,,100mg,50,12,True,1
863927eedc43728c,,Papaya Split | 1g Mini Tank Solventless Live Rosin AIO,Jetty,vaporizers,Vape Live Rosin/resin Disposable,indica,1g,70,76,True,1
c22df194073233ca,,Fat Caddy | 1g Mini Tank Solventless Live Rosin AIO,Jetty,vaporizers,Vape Live Rosin/resin Disposable,hybrid,1g,70,54,True,1
573be4c8215def0d,,Fruit Sludge | 1g Mini Tank Solventless Live Rosin AIO,Jetty,vaporizers,Vape Live Rosin/resin Disposable,sativa,1g,70,80,True,1
f2cee0fe616e52e0,,Orangutan | 1g | Preroll,Lion Order,pre_rolls,Pre Roll Singles,hybrid_indica,1g,15,131,True,1
19a41f696912a0f0,,Purple Flamingo | 1g | Preroll,Lion Order,pre_rolls,Pre Roll Singles,hybrid_indica,1g,15,124,True,1
932657abbd95be77,,Gazzurple | 12 Pack 4.2g - .35g Per (Play),Dogwalkers,pre_rolls,Pre Roll Multi Pack,sativa,4.2g,60,53,True,1
9209d427fd516bb0,,OG Hurricane | 3.5g Flower,Lion Order,flower,Full Bud,hybrid_indica,3.5g,50,82,True,1
405e94fa4e9e827a,,Garlic Drip | Indoor | 7g | Popcorn,Rythm,flower,Popcorn,hybrid_indica,7g,70,31,True,1
01c737ede0bb45e6,,LA Kush Cake | 12 Pack 4.2g | Dogwalkers (Sit),Dogwalkers,pre_rolls,Pre Roll Multi Pack,indica,4.2g,60,41,True,1
4523e8ba19e35e80,AVL-7-TDV,Toad Venom | Infused Ground Flower | 7g,Blizzards,flower,Infused Flower,indica,7g,50,166,True,1
e82b8359de402416,,Gelato 45 x Trop Cherry | Live Resin Infused .5g Pre Roll | 14pk,KINGSROAD,pre_rolls,Infused Pre Rolls Multi Pack,hybrid,7g,85,46,True,1
282484d73b85ff8f,,Red Card | Fire Jefe XL Plus | AIO 2g,Mfused's Super Fog,vaporizers,Disposable,hybrid,2g,65,49,True,1
5a80e4a673460bd8,,Golden Glove | Loud Jefe XL | AIO 2g,Mfused's Super Fog,vaporizers,Vape Live Rosin/resin Disposable,indica,2g,70,58,True,1
6c7da447aa5668b2,,Strawberry Striker | Twisted Jefe XL | AIO 2g,Mfused's Super Fog,vaporizers,Disposable,hybrid_sativa,2g,65,100,True,1
50ac348f9f53f699,,Zonuts | 1g | Pre-Roll (Micro Grower),Priscilla's Garden,pre_rolls,Pre Roll Singles,hybrid,1g,17,31,True,1
1f5bdac44e77d512,,Sugar Rush | 1g | Pre-Roll (Micro Grower),Priscilla's Garden,pre_rolls,Pre Roll Singles,sativa,1g,17,20,True,1
f13fb69569e85f43,,Swamp Water | 1g | Pre-Roll (Micro Grower),Priscilla's Garden,pre_rolls,Pre Roll Singles,indica,1g,17,31,True,1
7eee6ba4402b57da,,Diesel Dawg | Pot & Head | 1g Live Rosin | AIO,Pot & Head,vaporizers,Vape Live Rosin/resin Disposable,hybrid,1g,75,3,True,1
7e9ea754c82b6e48,,London Pound Cake | Ground Flower Infused w/ Hash + Papers + Tips | 14g,Dumbo Electric,flower,Infused Flower,hybrid_indica,14g,75,68,True,1
3751ee9daccee603,,Sherb Burger | 28g,Rolling Green,flower,Full Bud,hybrid_indica,28g,160,2,True,1
b1dc5384d34fc1c0,,Sunshine Daydream | Rosin Infused Pre-Rolls 2pk,Jerry Garcia,pre_rolls,Infused Pre Rolls Multi Pack,hybrid,1.8g,32,168,True,1
6dd2b340b2388bfb,,Dark Star | Rosin Infused Pre-Rolls 2pk,Jerry Garcia,pre_rolls,Pre Roll Multi Pack,hybrid,1.8g,32,175,True,1
d3092616ca243ca6,,Sunkist | Bouket | 3.5g,Bouket,flower,Full Bud,sativa,3.5g,45,52,True,1
4787fdb57fbb8e9c,,Banana Kush | Bouket | 3.5g,Bouket,flower,Full Bud,hybrid,3.5g,45,10,True,1
06589069d8bdcc1b,,E85 | Cold Cure Live Rosin Badder | 1g,Jaunty,concentrates,Rosin,indica,1g,60,3,True,1
740968bc8cde15fa,,Noir | Bouket | 3.5g,Bouket,flower,Full Bud,indica,3.5g,45,32,True,1
6bfecb449761d178,,SLEEP | Curio | 1g AIO,Curio,vaporizers,Disposable,indica,1g,40,23,True,1
968987e9584eda72,,SEX | Curio | 1g AIO,Curio,vaporizers,Disposable,sativa,1g,40,27,True,1
7fd227986e26e0c6,,Blueberry | Chews | 100mg | 20pk,Curio,edibles,Gummies | Chews,,100mg,20,28,True,1
7b819f6ec449d68c,,2PK LIVE RESIN | Sour Diesel | .5g 510 Cart,MFNY,vaporizers,Vape - Live Rosin/resin Cart,sativa,1g,65,25,True,1
03f8b051a193cb42,,Raw Hemp Connoisseur Pack 1 1/4 Size + Tips,Raw,accessories,Papers,,,3,46,True,1
03a93516124a3c09,810031350223,Good Mood | Peach Gummies | Organic Adaptogens | 1:1:1 THC:CBD:CBC | 100mg | 20pk,Foy,edibles,Gummies | Chews,hybrid,100mg,28,73,True,1
30b2a94a31316643,,Pineapple Funk Traveler Pro Edition | 2g AIO,Fernway,vaporizers,Disposable,hybrid,2g,83,13,True,1
fd74459e972a68d7,WF-GCT-0001,George Clinton | Flower | 3.5g,High Peaks,flower,Full Bud,hybrid,3.5g,35,35,True,1
427258b7fd46be75,WF-CLK-0002,Candyland Kush | Flower | 3.5g,High Peaks,flower,Full Bud,sativa,3.5g,35,40,True,1
e5f21dc0f2e14139,,Key Lime Traveler Pro Edition | 2g AIO,Fernway,vaporizers,Disposable,sativa,2g,83,12,True,1
9904e8e6e1066735,WF-CCL-0003,Chem Cleaner | Flower | 3.5g,High Peaks,flower,Full Bud,sativa,3.5g,35,94,True,1
891f2352a6f6784e,,Millionaire (Smalls) | Indoor 14g,Botanist,flower,Popcorn,sativa,14g,90,54,True,1
b9a300a0b3eec679,,Billionaire (Smalls) | Indoor 14g,Botanist,flower,Popcorn,indica,14g,90,52,True,1
10a9d4e2ce8cf26d,,Hawaiian Sunkyst (Smalls) | Indoor 14g,Botanist,flower,Popcorn,sativa,14g,90,41,True,1
7500b6c07be67323,,OG Chem Haze (Smalls) | Indoor 14g,Botanist,flower,Popcorn,hybrid,14g,90,51,True,1
006f486551a95fd3,,Pistolnati x Black Runtz Rosin | SUSHI HASH | 0.5g HASH HOLE | 5pk | 2.5g,Sushi Hash,pre_rolls,Infused Pre Rolls Multi Pack,sativa,2.5g,65,14,True,1
6990bceade05acdf,,Miss Grass | Flower | All Times | Alien Cookies | 14g,Miss Grass,flower,Full Bud,hybrid,14g,88,12,True,1
d5c4070746c54310,,Lemon OG Haze | .5g 2pk | 1g Total,Chopsticks,pre_rolls,Pre Roll Multi Pack,sativa,1g,10,67,True,1
7dc1d05bc3ae0668,,Sunday Service | 4pk 1g Pre Rolls | 4g Total,Juan-Roll,pre_rolls,Pre Roll Multi Pack,sativa,4g,28.8,35,True,1
ae0df3c227c97ed8,,Miss Grass | Flower | Fast Times | Sunshine Daydream | 28g,Miss Grass,flower,Full Bud,sativa,28g,164,6,True,1
ee959411ceedf6f7,,Dank | Flower | Jar | Master Kush | 3.5g,Dank,flower,Full Bud,indica,3.5g,50,98,True,1
79a43d76d0e1a85a,,Miss Grass | Minis 5 Pack | Quiet Times | Purple Kush | 2g,Miss Grass,pre_rolls,Pre Roll Multi Pack,hybrid_indica,2g,36,25,True,1
19a8ac07a9c0ce74,,(Hybrid) Grape Gas x Kush Mintz | Infused .8g Preroll,High5's,pre_rolls,Infused Pre-roll,hybrid,0.8g,15,28,True,1
238965b27c6e4b8b,,SHORT DATED Light & Sweet | High Dose | Mini Bar | 100mg THC:25mg CBG,Soft Power Sweets,edibles,Chocolate Bar,,100mg,7.5044,246,True,1
123d41342e4543f3,,Jealousy X Soap | Rosin | 1G (Micro Grower),NYCE,concentrates,Rosin,hybrid_indica,1g,60,10,True,1
47f4be0c6164c92a,,Sparkling Pear | 2:6 THC:CBD | 100mg | 20pk (Social),Camino,edibles,Gummies | Chews,,100mg,30,16,True,1
a3e59d2b7b7a16d8,,Pink Pineapple x Moroccan Peaches | Rosin | 100mg | 10pk,Lost Farm,edibles,Gummies | Chews,sativa,100mg,30,12,True,1
20ac3ae563056903,,Very Cherry x Tropicana Cherries | Rosin | 100mg | 10pk,Lost Farm,edibles,Gummies | Chews,sativa,100mg,30,9,True,1
896cea5218d659cc,,Tourbillion | Indoor Flower | 3.5g,Left Coast,flower,Full Bud,hybrid_sativa,3.5g,45,44,True,1
0a648c03f59223d4,,Apple Fritter | Indoor Flower | 3.5g,Left Coast,flower,Full Bud,hybrid,3.5g,45,89,True,1
bf1c4c31a15b3833,,Cap Junky | Indoor Flower | 3.5g,Left Coast,flower,Full Bud,hybrid,3.5g,45,91,True,1
20ace51525f454aa,,Honey Banana | Indoor Flower | 3.5g,Left Coast,flower,Full Bud,hybrid,3.5g,45,92,True,1
6096b7e8502d3eed,,Amherst Sour Diesel | Indoor Flower | 3.5g,Left Coast,flower,Full Bud,hybrid_sativa,3.5g,45,42,True,1
bbe0625e1651f7b3,,Cake Bomb | Indoor Flower | 3.5g,Left Coast,flower,Full Bud,hybrid_indica,3.5g,45,71,True,1
88d6d51325702977,,Ice Cream Cake | Indoor Flower | 3.5g,Left Coast,flower,Full Bud,hybrid_indica,3.5g,45,89,True,1
7726f1c98c5575ff,,Tranquili Tea | 100mg Stir Stiks | 10pk,MyHI,beverages,Beverage Enhancers,,0.75g,39.9912,24,True,1
4a4417408c873346,,Green Crack | 10 Infused Live Resin 0.35g Pre Roll | 3.5g,KOA,pre_rolls,Infused Pre Rolls Multi Pack,sativa,3.5g,55,40,True,1
f2067ff717850ff4,,Blue Dream | 10 Infused Live Resin 0.35g Pre Roll | 3.5g,KOA,pre_rolls,Infused Pre Rolls Multi Pack,sativa,3.5g,55,36,True,1
7b8833db89ac17b8,,Captain Crunch | 10 Infused Live Resin 0.35g Pre Roll | 3.5g,KOA,pre_rolls,Infused Pre Rolls Multi Pack,indica,3.5g,55,39,True,1
3a4eb6f9d3de5240,,Sour Diesel | 1g High Purity THC AIO,Pax,vaporizers,Disposable,hybrid,1g,55,34,True,1
dd157fdcda18d66c,,White Widow | 1g High Purity THC AIO,Pax,vaporizers,Disposable,hybrid_sativa,1g,55,35,True,1
4c0c24ffbaf8c66b,,Blue Gelato | Diamonds | 1G | AIO,Pax,vaporizers,Vape Live Rosin/resin Disposable,sativa,1g,67,35,True,1
20ad539b9fac88eb,,Limoncello Haze | 1g | Era Pod | Live Rosin W/ Diamonds,Pax,vaporizers,Live Rosin/resin Pod,hybrid,1g,88,33,True,1
faf69703d8dbb42b,,Durban Poison | Diamonds | 1G | AIO,Pax,vaporizers,Vape Live Rosin/resin Disposable,sativa,1g,67,36,True,1
1fda6f29cc85d8b3,,Pineapple Express | Solventless 1g Pod | Strain Series | Hybrid,AIRO,vaporizers,Live Rosin/resin Pod,hybrid,1g,45,32,True,1
5a3b5d9f36916281,,Pax Era Go Battery | Pink Crush,Pax,accessories,Batteries,na,,20,20,True,1
8bdf34dd6190d926,,Pax Era Go Battery | Blue Haze,Pax,accessories,Batteries,,,20,20,True,1
5b0a3077cd5c0cb1,,Pax Era Go Battery | Greenstone,Pax,accessories,Batteries,na,,20,40,True,1
46e9d3a1e1cba286,,Trop Cherry | Flower | 28g,Harvest,flower,Full Bud,hybrid_sativa,28g,100,20,True,1
d757c8b94a1be9fb,,Daytona Diesel | 3.5g,Hashtag Honey,flower,Full Bud,hybrid_sativa,3.5g,40,93,True,1
4a2ed8813883d290,770301703015,Georgia Haze (Standard Line) | 3.5g,Rolling Green,flower,Full Bud,hybrid_sativa,3.5g,44,63,True,1
8aa0e11d501360cd,,Banana Cream Gelato | 28g,Rolling Green,flower,Full Bud,hybrid,28g,200,28,True,1
2913013f17ec6ae2,,Mochi | Indoor Flower | 3.5g (Micro Grower),Nickel,flower,Full Bud,hybrid,3.5g,36,46,True,1
0ed7cc693b1abcf4,,Frozen Black Cherry Dime | Flower | 1g,Nickel,flower,Full Bud,hybrid_indica,1g,9,92,True,1
d804fcd1c2ab51b5,,Maui Wowie | 510 Cart | 1g,Jaunty,vaporizers,Cart,sativa,1g,45,42,True,1
8434922e7c9ecf8f,,Galactic Fusion | 1g Mini Tank Solventless Live Rosin AIO,Jetty,vaporizers,Vape Live Rosin/resin Disposable,indica,1g,70,118,True,1
5162f5147175cad8,,Gas Basket | 1g Mini Tank Solventless Live Rosin AIO,Jetty,vaporizers,Vape Live Rosin/resin Disposable,hybrid,1g,70,120,True,1
720b07cef61aea7f,,Gorilla Mash | 1g Mini Tank Solventless Live Rosin AIO,Jetty,vaporizers,Vape Live Rosin/resin Disposable,hybrid,1g,70,119,True,1
b1de66b2dcbc10da,,Tangerine Gas | 1g Mini Tank Solventless Live Rosin AIO,Jetty,vaporizers,Vape Live Rosin/resin Disposable,sativa,1g,70,119,True,1
7942863354bec9a1,,The Botanist - 3.5g - Flower - Whole - Billionaire - (S),Botanist,flower,Full Bud,,3.5g,30,61,True,1
e62c1f43b8f12c88,,Helix Filtered Premium Dry Herb One Hitter | (Blue) Maritime,Vessel,accessories,Bongs/pipes,,,65,9,True,1
3d7804916afe6122,,Helix Filtered Premium Dry Herb One Hitter | Black,Vessel,accessories,Bongs/pipes,,,65,14,True,1
a67ef1a2849b7aa9,860010568378,Peach - Love Is All You Need: Intimacy  | 1:4 THC:CBD | 100mg THC: 400mg CBD | 20pk,Snoozy,edibles,Gummies | Chews,,100mg,30,3,True,1
a086ee124ab72c9e,,Durban Poison (Sativa Dominant) - REMIX 5 Pack (Infused) 2.5g,Rythm,pre_rolls,Infused Pre Rolls Multi Pack,sativa,2.5g,40,209,True,1
60a6b350aec6030f,850049967976,Lemon Cherry Gelato | AIO Palm 1.5g,Jaunty,vaporizers,Disposable,hybrid,1.5g,55,21,True,1
3fea28b6c60d5387,,Maui Waui (Live Resin) | 1g Live Resin 510 Cart,Left Coast,vaporizers,Vape - Live Rosin/resin Cart,sativa,1g,40,56,True,1
2574a4731026803d,810210391719,Cherry Gelato (Classic) | POD RELOAD | 2g,Eureka,vaporizers,Pod,hybrid,2g,65,9,True,1
d995dd4463af6e1d,,Super Skunk | Live Resin 1g Reload,Eureka,vaporizers,Live Rosin/resin Pod,indica,1g,55,19,True,1
196e457fe67828c5,,King Louis (Live Resin) | 1g Live Resin 510 Cart,Left Coast,vaporizers,Vape - Live Rosin/resin Cart,indica,1g,40,58,True,1
1452bcf486548958,720140163334,Lemonade | 10mg Drink 2:1 | Single,Ayrloom,beverages,Rtd,,10mg,5,423,True,1
062ffb0638c0ef6e,FVVR-010226,Velvet Ropes | Indoor 3.5g,Botanist,flower,Full Bud,indica,3.5g,30,13,True,1
1c0900921eae15e1,850078096180,Gelato 33 | Live Resin 510 Cart | 1g,Jaunty,vaporizers,Vape - Live Rosin/resin Cart,hybrid,1g,60,14,True,1
dc6674b2d75209a2,,Maui Waui | 1g 510 Cart | Sativa,House of Sacci,vaporizers,Cart,sativa,1g,40,14,True,1
f9e49283997825a3,,Lemon Cherry Sherb | Lites | 3.5g,Waferz,flower,Full Bud,hybrid,3.5g,23.4,30,True,1
c0279fa7b9632fe3,,Brazilian Butt Lift | Live Resin 3.5g,Pines,concentrates,Badder,indica,3.5g,120,27,True,1
b124dd346e712f86,,Cadillac Rainbow | 3.5g,Real Life Botanicals,flower,Full Bud,hybrid,3.5g,25,9,True,1
a2f4a84f1d0bf3b8,,Cherry 888 | 3.5g Flower,Dr. Green,flower,Full Bud,sativa,3.5g,55,31,True,1
53ec176cfaa5abce,GT0204WZ,Gastopia | Indoor | 3.5g (Craft Cannabis),Saavi,flower,Full Bud,indica,3.5g,50.14,3,True,1
d880410337d80b8a,,Sunshine Daydream | .5g 2pk (Long Island Grown),Millstone,pre_rolls,Pre Roll Multi Pack,hybrid_sativa,1g,7.5,353,True,1
74a6eb66ead6885f,OTR-2-SOG,Sour OG (OUTRANKD) | AIO | 2g,OUTRANKD,vaporizers,Disposable,sativa,2g,50,164,True,1
3e8b43cf097e04a8,OTR-2-PEX,Pineapple Express (OUTRANKD) | AIO | 2g,OUTRANKD,vaporizers,Disposable,hybrid_sativa,2g,50,98,True,1
bf93e30217193140,,Jack Herer | Jar Flower | 3.5g,Terpene Alchemy,flower,Full Bud,sativa,3.5g,25,154,True,1
8640a28a3c3bd550,810220980279,Lemon Skunk | Terpwoods | LIVE RESIN | 1g AIO,Terpwoods,vaporizers,Vape Live Rosin/resin Disposable,hybrid_sativa,1g,45,16,True,1
797a625bc58698da,,Purple Mandarin Punch | Flower | 28g,Matter,flower,Full Bud,indica,28g,160,39,True,1
0c1ee736760739ef,742427424273,Woreoz (Premium Line) | 3.5g,Rolling Green,flower,Full Bud,hybrid_indica,3.5g,53,10,True,1
ac0105aeccfed868,916202502405,Maui Wowie (Baby) | .5g | Quad Infused | 5pk,Jeeter,pre_rolls,Infused Pre Rolls Multi Pack,sativa,2.5g,55,51,True,1
8f9846ca24870dba,,Super Boof Premium Pre-Rolls | .5g | 5pk (Microgrow),Roemer Farms,pre_rolls,Pre Roll Multi Pack,hybrid_indica,2.5g,35,39,True,1
c720a17f37b896b4,,Super Chronic Premium Pre-Rolls | .5g | 5pk (Microgrow),Roemer Farms,pre_rolls,Pre Roll Multi Pack,hybrid_indica,2.5g,35,45,True,1
f270b9dcd6048ca3,,"Raspberry Rainbow Caramel (2 Mini Scored Bars) | 50mg | 2.5mg, 20 Serving",Soft Power Sweets,edibles,Chocolate Bar,indica,50mg,14,46,True,1
89cd88947ebdbb1e,751257003275,Rainbow Zelato | AIO | 1g,Purple Hills,vaporizers,Disposable,hybrid,1g,45,12,True,1
e6e96e79c3401739,,Kush Cake | Flower | 3.5g,FX,flower,Full Bud,indica,3.5g,44,44,True,1
f731e74d01fb156f,,Pineapple Express | .5g Petit J's | 5pk,Jenny,pre_rolls,Pre Roll Multi Pack,hybrid_sativa,2.5g,25,23,True,1
dd398260f9b7f27d,,Lil Leftys Banana Creme Pie | Infused Blunts 1.3g 5 pack | 6.5g,Left Coast,pre_rolls,Infused Pre Rolls Multi Pack,sativa,6.5g,59,118,True,1
2187b903e97083b4,,Rainbow Belts 2.0 | Indoor 3.5g,Botanist,flower,Full Bud,indica,3.5g,30,6,True,1
b9a852a42ecb6363,,Jack | 1g 510 Cartridge,Jetty,vaporizers,Cart,sativa,1g,45,30,True,1
598295f25c272512,,Pink Palmer | 1g AIO | Strain Series | Solventless | Sativa,AIRO,vaporizers,Vape Live Rosin/resin Disposable,sativa,1g,50,19,True,1
4ba6114c2a0fd45f,,Sour Diesel (Limited Edition) Gummies,Hashtag Honey,edibles,Gummies | Chews,,100mg,16,301,True,1
e2a2dd849913fe03,,John Connor | Indoor Flower | 3.5g (Micro Grower),Nickel,flower,Full Bud,hybrid_indica,3.5g,30,60,True,1
73926ee913cc30f7,,Platinum Kush | Jar | | Flower | 7g,Platinum Reserve,flower,Full Bud,hybrid_indica,7g,70,41,True,1
4a5fff65b1bcf7f9,,Gorilla Glue (Sapphire) | AIO Pen | 1g,Sapphire,vaporizers,Disposable,hybrid_indica,1g,37.5,12,True,1
e8ebd20f646d131d,720140164928,Cereal Milk | Infused 5pk .6g | 3g Total,Ayrloom,pre_rolls,Infused Pre Rolls Multi Pack,hybrid,3g,40,53,True,1
dae1bcbd549d4cf3,,Kush Cake | 28g | Flower,Leal,flower,Full Bud,hybrid_indica,28g,160,37,True,1
05131fd437266077,,Gasoline Lollipop | 1g,Botanist,pre_rolls,Pre Roll Singles,hybrid_indica,1g,11,67,True,1
6b951f12b52ea99e,,NYC Diesel (Sapphire) | 510 Cart | 1g,Sapphire,vaporizers,Cart,hybrid,1g,33,82,True,1
ce3ec2d17d8b2b42,,OP6 CBD Pain Relief Cream | Warming,OP6,merchandise,Cbd Topical,,,70,19,True,1
e3743fc528c0de0e,,Alien OG (Jetty) | 1g 510 Cartridge,Jetty,vaporizers,Cart,hybrid,1g,45,70,True,1
3794c89761d5a721,355750342000,Blue Dream | Liquid Diamond | 2g AIO,CANNABALS,vaporizers,Vape Live Rosin/resin Disposable,sativa,2g,65,17,True,1
68f02afcaf9cd2df,850058286907,Granddaddy Purple (FF) | 1g 510 Cart,Florist Farms,vaporizers,Cart,indica,1g,40,13,True,1
a719d8b0395919e2,,Black Runtz (FF) | 3.5g Flower,Florist Farms,flower,Full Bud,indica,3.5g,40,10,True,1
9e0c7461c980fc68,,Jealousy (Sapphire) | 510 Cart | 1g,Sapphire,vaporizers,Cart,hybrid,1g,33,18,True,1
4fe5ff48f7927fd7,850058286099,Blue Dream (FF) | 1g 510 Cart,Florist Farms,vaporizers,Cart,sativa,1g,40,4,True,1
59210e8eb47a3d31,001341000681,Stank Breath | 1g Pre Roll,Leal,pre_rolls,Pre Roll Singles,hybrid_indica,1g,7,104,True,1
a0d7ed857460f5bf,,Hella Jelly | 28g | Flower,Leal,flower,Full Bud,hybrid_sativa,28g,160,38,True,1
4f135990a9b74048,,Frozen Paradise | Solventless | 2g AIO | Artisan Ice,AIRO,vaporizers,Vape Live Rosin/resin Disposable,sativa,2g,75,35,True,1
f7d56402eb118cc8,,Frosted Dream | Solventless | 2g AIO | Artisan Ice,AIRO,vaporizers,Vape Live Rosin/resin Disposable,indica,2g,75,35,True,1
17f7fe3e962094ef,312202605649,Acapulco Gold (Baby) | .5g | Quad Infused | 5pk,Jeeter,pre_rolls,Infused Pre Rolls Multi Pack,sativa,2.5g,55,48,True,1
c75a5b12a9361985,810029768702,Apples & Bananas | 2g AIO Pen,Hashtag Honey,vaporizers,Disposable,hybrid,2g,70,28,True,1
084ba35404f840bc,,Blue Dream x Monster Cookies | 2g Dual Chamber AIO,Left Coast,vaporizers,Disposable,,2g,75,49,True,1
adaa57780d673b76,,White Widow (Live Resin) | 1g Live Resin 510 Cart,Left Coast,vaporizers,Vape - Live Rosin/resin Cart,sativa,1g,40,13,True,1
abb3b85a60432b61,000000208796,Wedding Crashers x Gelato Infused (Presidente) | 2g | Blunt,LOBO,pre_rolls,Infused Pre-roll,hybrid,2g,28,25,True,1
46c2b1663cdbdbe2,850049967990,Northern Lights | AIO Palm 1.5g,Jaunty,vaporizers,Disposable,indica,1.5g,55,13,True,1
14a1cea0e2fdf562,,Blueberry Haze | Infused 1g,Goodlyfe,pre_rolls,Infused Pre-roll,sativa,1g,11,36,True,1
3188d6f9f3ca47bc,378894459465,Grandaddy Purple | Chubby Puff | AIO | 6g,CANNABALS,vaporizers,Disposable,indica,6g,120,10,True,1
c3049ae4f2a82c1b,F14SGLP-122625,Gasoline Lollipop (Smalls) | Indoor 14g,Botanist,flower,Popcorn,hybrid,14g,90,43,True,1
6f7791ee6981123a,850066346372,Northern Lights | 1g Infused Pre Roll,Harvest,pre_rolls,Infused Pre-roll,indica,1g,11,321,True,1
0f6b70bd19fe33e7,,Strawberry Shortcake | Cold Cure Live Rosin | 1g,UrbanXtracts,concentrates,Rosin,hybrid,1g,70,12,True,1
0524723bb765d7ad,,NY Diesel | Jar Flower | 3.5g,Terpene Alchemy,flower,Full Bud,hybrid_sativa,3.5g,25,187,True,1
4dbc8fc116c9ecc4,,Super Boof | Ground Flower | 14g,Leal,flower,Shake,hybrid,14g,50,140,True,1
667a53296315552d,,RSO | Dart | 1g,OMO,concentrates,Other Concentrates,indica,1g,55.1,18,True,1
6f37e693ce0bee72,810220980002,Sour Diesel | Infused | 1g Pre Roll,Taste Makerz,pre_rolls,Infused Pre-roll,sativa,1g,12,68,True,1
6b17f3c016e53a9d,355750342031,Blackberry Brain | Liquid Diamond | 2g AIO,CANNABALS,vaporizers,Vape Live Rosin/resin Disposable,indica,2g,65,22,True,1
f9e0970debe953de,850066346334,Strawberry Pie | 1g Infused Pre Roll,Harvest,pre_rolls,Infused Pre-roll,hybrid,1g,11,52,True,1
f587ae64e071adbb,810029765428,Permanent Marker | 1g AIO Pen,Hashtag Honey,vaporizers,Disposable,hybrid,1g,40,40,True,1
0fdc3c6cdbb527e2,,Animal Face | 3.5g Flower,Leal,flower,Full Bud,hybrid_sativa,3.5g,24,153,True,2
7f0bd3c96467a150,850049967747,White Widow | 510 Cart | 1g,Jaunty,vaporizers,Cart,hybrid,1g,45,19,True,1
d49017bdf22f52c8,,"A-Train | Solventless ""Dad"" Hash | 1g",UrbanXtracts,concentrates,Hash,hybrid,1g,45,39,True,1
7292d2c84a6d9392,,OG Chem Haze | Indoor 3.5g,Botanist,flower,Full Bud,hybrid,3.5g,30,84,True,2
5b27765bf7416b67,788362875954,Electric Grape | Infused Ground 14g,Ripped,flower,Infused Flower,hybrid,14g,80,4,True,1
5565b1550f1c70d6,,Cap Junkie | Smalls | 3.5g (Microgrow),Roemer Farms,flower,Popcorn,indica,3.5g,50,33,True,1
32a2be39324c4d0b,,Sticky Boof | Indoor Flower | 3.5g (Micro Grower),Nickel,flower,Full Bud,hybrid_indica,3.5g,30,2,True,1
afb412c6498fde25,355750341263,Forbidden Fruit | AIO Vape | 1g,CANNABALS,vaporizers,Disposable,indica,1g,35,4,True,1
250852e931a24151,729798895352,Standardized | 1000mg RSO Oil,OMO,tinctures,Tinctures,na,1000mg,100,22,True,1
6b4223f590689dd2,850049967020,Pineapple Express | 510 Cart | 1g,Jaunty,vaporizers,Cart,hybrid,1g,45,48,True,1
9fd6ccbe43d147d1,,Strawberry OG Cookies | Budder | 1g,#Hash,concentrates,Badder,indica,1g,30,75,True,1
2b87a9139b74cbf7,810029767033,Harlem Haze | 2g AIO Pen,Hashtag Honey,vaporizers,Disposable,hybrid,2g,70,55,True,1
6074a53a02d09e86,wwpr09,White Widow | 0.5g 6pk 3g Total | Micro Grower,Back Home Cannabis,pre_rolls,Pre Roll Multi Pack,hybrid,3g,32,20,True,1
1bb47b637c63e490,,Raspberry Kush (Sapphire) | AIO Pen | 1g,Sapphire,vaporizers,Disposable,hybrid_indica,1g,37.5,81,True,1
1a5166b6ba7439c8,,Watermelon Splash | Infused Ground Flower | 7g,Left Coast,flower,Infused Flower,hybrid,7g,60,33,True,1
5f8eeb9cd641babf,810029768115,"Cali Melon | Live Resin Nano Infused | 10mg Per Piece, 100mg Per Package",Hashtag Honey,edibles,Gummies | Chews,sativa,100mg,16,171,True,1
fc52b97f3eb2f37b,001341200395,Animal Face | 7g Flower,Leal,flower,Full Bud,hybrid_sativa,7g,44,17,True,2
c52d5cd513cca9ce,810029769563,Huckleberry Kush | 510 Cart | 1g,Hashtag Honey,vaporizers,Cart,hybrid,1g,28,92,True,1
328b410737a4996b,,NY Diesel | 28g,Smoakland,flower,Full Bud,sativa,28g,99,54,True,1
c0ac32bf784fe32a,810220980033,Blueberry Caviar | 510 Cart | 1g,Hashtag Honey,vaporizers,Cart,indica,1g,28,159,True,1
612d59ee54a39ad1,810220980019,White Uzumaki | 510 Cart | 1g,Hashtag Honey,vaporizers,Cart,hybrid,1g,28,127,True,1
dbd3fb36fa7f6d1c,,Strawberry Diesel | 3.5g Flower,Breakfast Connections,flower,Full Bud,hybrid,3.5g,32,3,True,1
ef2084850cfadc62,,Animal Face 3.5g (Rythm) (Indica),Rythm,flower,Full Bud,hybrid_indica,3.5g,50,18,True,1
fda1aacc02c6ec60,005499000036,Super Sour Diesel (Sapphire) | 510 Cart | 1g,Sapphire,vaporizers,Cart,hybrid_sativa,1g,33,32,True,1
2ce721fbb0f5da68,001341000643,All Gas OG | 1g Pre Roll,Leal,pre_rolls,Pre Roll Singles,hybrid_indica,1g,7,118,True,1
f4f4a1af081b62bc,bsprlap00007,LA Pop Rocks | .5g 2pk (Long Island Grown),The Ladies,pre_rolls,Pre Roll Multi Pack,hybrid,1g,10,216,True,1
64394439b7c7348a,810029769587,Melon Baller | 510 Cart | 1g,Hashtag Honey,vaporizers,Cart,hybrid,1g,28,85,True,1
032695a78083c3ba,,Super Boof | 28g | Flower,Leal,flower,Full Bud,hybrid,28g,160,59,True,1
1bff747338246150,,Sapphire Haze | 28g | Outdoor Flower,The Plug Pack,flower,Full Bud,hybrid,28g,95,143,True,1
3a638fbb712a39b5,005499000029,Blue Dream (Sapphire) | 510 Cart | 1g,Sapphire,vaporizers,Cart,hybrid_sativa,1g,33,37,True,1
2b5232d548fde576,,Tequila Sunrise | 28g | Outdoor Flower,The Plug Pack,flower,Full Bud,hybrid,28g,95,39,True,1
480aa4e1099d7c10,,Lil Leftys Grape Cookies | Infused Blunts 1.3g 5 pack | 6.5g,Left Coast,pre_rolls,Infused Pre Rolls Multi Pack,indica,6.5g,59,74,True,1
66e265ecc96af270,795629760250,Mafia Hits | 1g Pre-Roll,Akron Bloom,pre_rolls,Pre Roll Singles,hybrid,1g,9,139,True,1
ae0da4956ea52a12,,Alien OG (Sapphire) | 510 Cart | 1g,Sapphire,vaporizers,Cart,hybrid,1g,33,39,True,1
45e9794635750ef7,605468022474,Chill Out | Northern Lights | 2g Live Resin Infused AIO,FX,vaporizers,Vape Live Rosin/resin Disposable,indica,2g,85,60,True,4
35f4e4f04aabda02,00000208802,Gelonade | Moonrocks | 3.5g,LOBO,flower,Infused Flower,hybrid,3.5g,50,74,True,1
f412f0bbf6c7f2b2,,Lively Lemon | 100mg Stir Stiks | 10pk,MyHI,beverages,Beverage Enhancers,na,100mg,39.9912,21,True,1
c30ddb83beccb5e7,850049967075,Sour Diesel (Jaunty) | 510 Cart | 1g,Jaunty,vaporizers,Cart,sativa,1g,45,21,True,1
532f9845c8e2de79,634240482304,Northern Lights | Flower | 3.5g,Platinum Reserve,flower,Full Bud,indica,3.5g,38,30,True,1
f48da5be8f4ea6dd,,Pink Rozay (Sapphire) | AIO Pen | 1g,Sapphire,vaporizers,Disposable,hybrid_indica,1g,37.5,16,True,1
ad1a0b5f51272ca2,850073994283,The Star Gazer Indica | .6g Prerolls | 6pk,Lowell Farms,pre_rolls,Pre Roll Multi Pack,indica,3.6g,41.5,39,True,1
1e7bbc17fe629c85,00600800110,Mango Kush | Infused 1g,Goodlyfe,pre_rolls,Infused Pre-roll,hybrid_indica,1g,11,87,True,1
a9da345dd5fd64ff,355750341812,Cereal Milk | AIO Vape | 1g,CANNABALS,vaporizers,Disposable,hybrid,1g,35,10,True,1
19a7a2bfaa68bf10,NLPR10,Northern Lights | 0.5g Pre Rolls  | 6pk | Micro Grower,Back Home Cannabis,pre_rolls,Pre Roll Multi Pack,indica,3g,32,18,True,1
3b9f722994b959fc,,Permanent Marker (Sapphire) | AIO Pen | 1g,Sapphire,vaporizers,Disposable,hybrid,1g,37.5,20,True,1
fba7cc116b5b629c,005499000050,OG Kush (Sapphire) | 510 Cart | 1g,Sapphire,vaporizers,Cart,hybrid,1g,33,89,True,1
3868265d384f4813,810183301142,Lemonatti x Blueberry Breath | Slide Vape | 3g AIO,Eureka,vaporizers,Disposable,hybrid,3g,110,15,True,1
e7086899fd1346a1,,Garlic Budder | 7g Flower,Leal,flower,Full Bud,hybrid_indica,7g,44,46,True,1
382baee4f203f66d,,King Mamba (Live Resin) | 1g Live Resin 510 Cart,Left Coast,vaporizers,Vape - Live Rosin/resin Cart,indica,1g,40,10,True,1
f05b8b59448deb16,,Berry Zest | Indoor Flower | 28g,LivWell,flower,Full Bud,indica,28g,140,67,True,1
9ce9993e64f27798,,Grape Gusher | Infused Ground Flower | 7g,Left Coast,flower,Infused Flower,hybrid_indica,7g,60,59,True,1
c3278859e6f9e011,,Strawberry Sour Diesel (Sativa Dominant) - REMIX 5 Pack (Infused) 2.5g,Rythm,pre_rolls,Infused Pre Rolls Multi Pack,hybrid_sativa,2.5g,40,115,True,1
d42c2f6eee2f11ad,slhpr08,Super Lemon Haze | 0.5g Pre Rolls  | 6pk | Micro Grower,Back Home Cannabis,pre_rolls,Pre Roll Multi Pack,hybrid_sativa,3g,32,10,True,1
bff3d80b865e88f7,,Sour Diesel | 28g,Smoakland,flower,Full Bud,sativa,28g,99,15,True,1
7b05606bbbf10a22,,Daytime Sativa (Mini Bar) | Milk Chocolate W/ Sea Salt | 100mg 1:1 THC:CBG,Gron,edibles,Chocolate Bar,sativa,100mg,12,107,True,1
707f7dfc315feb5d,850049967969,Apple Fritter | AIO Palm 1.5g,Jaunty,vaporizers,Disposable,hybrid,1.5g,55,10,True,1
15d4b8a7fd375f89,100125ALT-T2,Alien Technology (REST) | T2 | 2g AIO,Timeless,vaporizers,Disposable,indica,2g,87,29,True,1
fcd141bf5cfa070a,100325707H1000,707 Headband | Live Resin Terpenes | Noir | 1g 510 Cart,Timeless,vaporizers,Vape - Live Rosin/resin Cart,hybrid,1g,57,13,True,1
a2c11385fd4a6c37,,Unicorn Piss | Infused 1g,Goodlyfe,pre_rolls,Infused Pre-roll,sativa,1g,11,193,True,1
a82886391cbb323b,,Starburst | 3.5g,WaaHoo,flower,Full Bud,hybrid,3.5g,40,25,True,1
b116fd6d2da2570c,,Sundae Driver | Rosin | 1G (Micro Grower),Umamii,concentrates,Rosin,hybrid_indica,1g,70,24,True,1
222e7516b6892f8a,FOCO-005-PRMP1,Fortune Cookie | 1g Pre Rolls | 5pk,Leal,pre_rolls,Pre Roll Multi Pack,hybrid,5g,35,30,True,1
00a9751165560509,010226LP-T2,Love Potion (Chill) | T2 | 2g AIO,Timeless,vaporizers,Disposable,sativa,2g,87,45,True,1
50728bc027d83252,,GMO | Tier 1 Solventless Live Rosin 1g,Trout & Co,concentrates,Rosin,indica,1g,78,1,True,1
7eaaa26246e29498,,Grape Nuts | 28g Flower,Hashtag Honey,flower,Full Bud,hybrid,28g,180,2,True,1
cd93724e30646d4f,,Hash Burger | LIVE ROSIN | Badder | 1g,MFNY,concentrates,Rosin,indica,1g,75,4,True,2
ee75638ca12ba36c,,Garlic Cookies | Flower | 3.5g,American Cannabis Outlet,flower,Full Bud,hybrid_indica,3.5g,30,16,True,1
c189f87355b0d47a,,Tres Leches | 1g AIO | Strain Series | Solventless | Sativa,AIRO,vaporizers,Live Rosin/resin Pod,sativa,1g,50,28,True,1
ba86f8084b10c413,,Triangle Kush | Smalls | 3.5g (Microgrow),Roemer Farms,flower,Popcorn,indica,3.5g,50,10,True,1
a43c963af4a8ec57,,Grape Cake | 7g Flower,Leal,flower,Full Bud,indica,7g,44,15,True,1
ee412d7f15de6ee5,,Nino Brown | .75g | 4pk Pre Rolls | Micro Grower,Milkweed,pre_rolls,Pre Roll Multi Pack,hybrid_sativa,3g,35,12,True,1
a2a8d0f656c17818,,Frosted Velvet | 28g | Outdoor Flower,The Plug Pack,flower,Full Bud,indica,28g,95,90,True,1
68d8755211aeffb0,,Papaya Punch | AIO Palm 1.5g,Jaunty,vaporizers,Disposable,hybrid,1.5g,55,28,True,1
0be8e67ed3eda88c,,Purple Sour | 3.5g,Priscilla's Garden,flower,Full Bud,sativa,3.5g,50,60,True,2
0a9a213cf264e1e8,,NYC Diesel (Sapphire) | AIO Pen | 1g,Sapphire,vaporizers,Disposable,hybrid,1g,37.5,42,True,1
64c0a0dfb3c5bf27,,PB & J | 28g | Outdoor Flower,The Plug Pack,flower,Full Bud,hybrid,28g,95,13,True,1
7ad4ec2bfb37519d,850070767156,Chopped Cheese | 28g | Outdoor Flower,The Plug Pack,flower,Full Bud,indica,28g,95,176,True,1
4ba8b088fc6e6beb,810029765404,Wedding Cake | 1g AIO Pen,Hashtag Honey,vaporizers,Disposable,indica,1g,40,74,True,1
01b09f68c9a1d88b,005499000005,Gorilla Glue (Sapphire) | 510 Cart | 1g,Sapphire,vaporizers,Cart,hybrid_indica,1g,33,79,True,1
caac76e5f123fffb,850050317975,Indica | 7g Flower | Ready To Roll,Nanticoke,flower,Shake,indica,7g,40,20,True,1
16aa533d7101266a,810029766104,"Blue Razz | Live Resin Nano Infused | 10mg Per Piece, 100mg Per Package",Hashtag Honey,edibles,Gummies | Chews,,100mg,16,29,True,1
72952d8efb654f98,SLH11,Super Lemon Haze | 3.5g | Micro Grower,Back Home Cannabis,flower,Full Bud,hybrid_sativa,3.5g,30,1,True,1
75439f467e397f2b,005499000081,Tangie Dream (Sapphire) | 510 Cart | 1g,Sapphire,vaporizers,Cart,hybrid_sativa,1g,33,60,True,1
3b772b7ba193962e,3562376390231783,Blood Orange Diesel | AIO | 1g | Cannabis Terpenes (no botanical terps) - HTFSE,Gezoont,vaporizers,Disposable,sativa,1g,50,30,True,1
59a5633a7605126d,,Super Sour Diesel | Infused Ground Flower | 7g,Left Coast,flower,Infused Flower,sativa,7g,60,10,True,1
0776063403619029,,Berry Noir | 28g | Outdoor Flower,The Plug Pack,flower,Full Bud,indica,28g,95,9,True,1
55197cb7a2081bdd,355750341300,Watermelon Z | AIO Vape | 1g,CANNABALS,vaporizers,Disposable,hybrid,1g,35,30,True,1
79dfa6c871c71083,MYHI101425BB-10,Boisterous Berry | 100mg Stir Stiks | 10pk,MyHI,beverages,Beverage Enhancers,na,100mg,39.9912,23,True,1
d5f148836460d143,850049967099,Wedding Cake | 510 Cart | 1g,Jaunty,vaporizers,Cart,indica,1g,45,31,True,1
67b3787e03810a3b,,Apple Fritter | Indoor Flower | 28g,LivWell,flower,Full Bud,hybrid_indica,28g,140,25,True,1
94bf7da9dcbcfcd9,355750341607,Pineapple Punch | AIO Vape | 1g,CANNABALS,vaporizers,Disposable,sativa,1g,35,19,True,1
c19f8f03b9717163,850051419869,Strawberry Cough | 510 Cart | 1g,New York Honey,vaporizers,Cart,hybrid_sativa,1g,30,21,True,1
04e3a3e092e53eef,000000609777,Blue Dream | .5g Minis Infused Prerolls | 5pk,LOBO,pre_rolls,Infused Pre Rolls Multi Pack,sativa,2.5g,32,2,True,1
95020a8e0a5935b5,,Vanilla Frosting | Moonrocks | 4g,Spacebuds,flower,Infused Flower,hybrid,4g,60,20,True,1
b2cdb0c31ccd5c0c,850049967679,Ghost Train | AIO Palm 1.5g,Jaunty,vaporizers,Disposable,sativa,1.5g,55,36,True,1
fb767a00d050c619,NL12,Northern Lights | 3.5g | Micro Grower,Back Home Cannabis,flower,Full Bud,indica,3.5g,30,26,True,1
9bc2cdc11743bc3e,GG09,Gorilla Glue | 3.5g | Micro Grower,Back Home Cannabis,flower,Full Bud,hybrid_indica,3.5g,30,11,True,1
d379508d10b4c1cb,810029767064,Durban Poison | 2g AIO Pen,Hashtag Honey,vaporizers,Disposable,hybrid_sativa,2g,70,11,True,1
b16e599ca27810f4,PID-GC250318BLR-SUG,Black Runtz | Cured Resin Sugar | 1g,Glennas,concentrates,Sugar,hybrid_indica,1g,40,54,True,1
ef1bad5dbd593bc6,,Load & Lock Fillable DIY Dab Device (Choose Your Own),Chime & Chill,accessories,Dab Accessories,,,25,27,True,2
9f7a2c000a8b7664,,Garlic Drip | 2g | Tier 1 Solventless Live Rosin,Rythm,concentrates,Rosin,hybrid_indica,2g,112.5,43,True,1
71fce70bdef108fc,001341000650,Peanut Butter Breath | 1g Pre Roll,Leal,pre_rolls,Pre Roll Singles,hybrid_indica,1g,7,123,True,1
8ec6d193d31355f1,769293923945,Candy Fumez | Lites | 3.5g,Waferz,flower,Full Bud,hybrid_indica,3.5g,23.4,46,True,1
bb001702ae174496,,Blue Dream | 510 Cart | 1g,New York Honey,vaporizers,Cart,sativa,1g,30,67,True,1
bc2934110cbae8e6,,Sour Diesel 3.5g l Indoor l (Sativa),Rythm,flower,Full Bud,hybrid_sativa,3.5g,50,22,True,1
9baf0ce5b8359050,WFWMC25E14-O,WoMAC | Indoor Flower | 28g,LivWell,flower,Full Bud,hybrid_indica,28g,140,82,True,1
405ac9de4494c49e,720140164522,Alaskan Thunder Fuck | Vape AIO Pen | 1g,Ayrloom,vaporizers,Disposable,sativa,1g,45,38,True,1
3921f1ce4245f3e0,810183301517,AhhhBerry | 1g Pre Roll,CHEECH & CHONG,pre_rolls,Pre Roll Singles,hybrid,1g,11,87,True,1
5e6f092cb8c3fc15,,Dulce De Uva 3.5g (Indica Dominant),Rythm,flower,Full Bud,hybrid_indica,3.5g,50,51,True,1
f8bebede644f42e1,857181008536,Fast Asleep | Dream Berry | 10pk | 20mg THC - 100mg CBD - 20mg CBN,Wana,edibles,Gummies | Chews,indica,20mg,28,115,True,1
8bb6c09dfbc120fa,005499000074,Laughing Buddha (Sapphire) | 510 Cart | 1g,Sapphire,vaporizers,Cart,hybrid_sativa,1g,33,47,True,1
9dc7ab634dc843a2,,OG Kush | 28g | Smoakland,Smoakland,flower,Full Bud,indica,28g,99,67,True,1
1045be790c95b669,810076070704,Dragonfruit x Frose | 100mg | 10pk,Lost Farm,edibles,Gummies | Chews,hybrid,100mg,30,12,True,1
b623b25fbb62b030,850058286211,Candy Jack | Live Resin Infused .5g Pre Rolls | 5pk,Florist Farms,pre_rolls,Infused Pre Rolls Multi Pack,sativa,2.5g,40,36,True,1
9299bc73581f651f,850050687467,Collection Variety | Infused | 4.5g Preroll | 6 pk,Drew Martin,pre_rolls,Infused Pre Rolls Multi Pack,indica,4.5g,60,42,True,1
1b4b7dfb2e69084c,HDDPPR,Happy Days King Size Rolling Papers | Raw Un-bleached,Happy Days,accessories,Papers,,,2,9685,True,1
2206a8c5539e5c3d,WFOCK25J08-O,Orange Cookies | Flower | 28g,Matter,flower,Full Bud,hybrid_sativa,28g,160,72,True,1
1ac75c03b735f387,,VelcroZ 3.5g (Hybrid),Rythm,flower,Full Bud,hybrid,3.5g,50,16,True,1
289d47b1e8de9eec,720140164560,Cereal Milk | Vape AIO Pen | 1g,Ayrloom,vaporizers,Disposable,hybrid,1g,45,56,True,1
574df3abfb68ec83,,Scored Single Piece Sweet Watermelon | 100mg | 10 Servings,Smokiez,edibles,Gummies | Chews,hybrid,100mg,16,98,True,1
516ccbc23cbdf995,,White Widow (Magnitude) | Vape Cart | 1g,Magnitude,vaporizers,Cart,hybrid_sativa,1g,40,105,True,1
493ebc98eea334ae,810029765480,Grape Ape | 1g AIO Pen,Hashtag Honey,vaporizers,Disposable,indica,1g,40,14,True,1
f8a47b2caa4a4a8c,810029767057,NYC Diesel | 2g AIO Pen,Hashtag Honey,vaporizers,Disposable,hybrid,2g,70,50,True,1
39b7e43c32b40b41,850049967662,Rainbow Sherbert | AIO Palm 1.5g,Jaunty,vaporizers,Disposable,hybrid,1.5g,55,29,True,1
e0ede842a3fdad7a,006008000134,Sour Diesel | Infused 1g,Goodlyfe,pre_rolls,Infused Pre-roll,hybrid_sativa,1g,11,49,True,1
2fbc3360094f0b00,,Lil Leftys Maui Wowie | Infused Blunts 1.3g 5 pack | 6.5g,Left Coast,pre_rolls,Infused Pre Rolls Multi Pack,sativa,6.5g,59,13,True,1
e9d95d5c53a75363,850049967754,LSD | 510 Cart | 1g,Jaunty,vaporizers,Cart,indica,1g,45,17,True,1
853a8a8933f5717b,,PM: It's Mint! - Mint Dark Chocolate - CBD:CBC:CBT:CBN (THC-Free),Chime & Chill,merchandise,Cbd Chocolate,,840mg,36,27,True,1
05edd4deaf7d7f00,810029767521,Maui Wowie | 1g Pre Roll,Hashtag Honey,pre_rolls,Pre Roll Singles,sativa,1g,9,55,True,1
ae3a50bbe3efcfa4,810029768672,Jack | 3g Flower + .5g THCA = 3.5g Infused Snowballz,Hashtag Honey,flower,Infused Flower,sativa,3.5g,50,164,True,1
5261d8b0c4c4950c,,Datura | Indoor 14g,Botanist,flower,Full Bud,sativa,14g,95,2,True,1
36f96564511f8a6c,788362875947,Kushie Pebbles | Infused Ground 14g,Ripped,flower,Infused Flower,indica,14g,80,31,True,1
9861c763a61ca26d,,Sour Blue Razzberry | 1:1 THC:CBG 100mg:100mg | Scored Single Piece | 10 Servings,Incredibles,edibles,Gummies | Chews,,100mg,16,1,True,1
667a5609dc22bd6c,850047472700,Papaya (Indica) x Lemonade (Sativa) | 2 In 1 Switch | 2g AIO,Smoothie Bar,vaporizers,Disposable,,2g,80,72,True,1
22fcb4fbaba765cf,810029769594,Blue Lobster | 510 Cart | 1g,Hashtag Honey,vaporizers,Cart,hybrid,1g,28,141,True,1
1e2f97555d1f77cb,,Sour Diesel | Live Resin 1g AIO,Pines,vaporizers,Vape Live Rosin/resin Disposable,sativa,1g,45,50,True,1
42c4926d86e9ff47,,Blueberry | Tincture | 2:1 | 600mg THC : 300mg CBN,Green Mantis,tinctures,Tinctures,,600mg,32,32,True,1
2fc8118accfa607d,,Lemon Drip (Hybrid) x Peach Crescendo (Sativa) | 2 In 1 Switch | 2g AIO,Smoothie Bar,vaporizers,Disposable,,2g,80,8,True,1
9fcd56e5e6efc6d2,850038234195,Blueberry (Sleep) | 100mg | 10pk,Florist Farms,edibles,Gummies | Chews,indica,100mg,24,29,True,1
26f583b4e0cd9f01,,Royal Highness | 1g Pre Roll,Leal,pre_rolls,Pre Roll Singles,indica,1g,7,120,True,1
7135855747ce1554,850049967013,Amnesia Haze | 510 Cart | 1g,Jaunty,vaporizers,Cart,sativa,1g,45,33,True,1
caefe2cd8670470a,WFSOG25K12-O,Strawberry OG Cookies | Indoor Flower | 28g,LivWell,flower,Full Bud,indica,28g,140,72,True,1
f9bbf276a2754169,001341200463,Platinum Lemon Cherry Gelato | 7g Flower,Leal,flower,Full Bud,hybrid,7g,44,78,True,1
c0bc5631cd374e04,001341100817,Super Boof | 3.5g Flower,Leal,flower,Full Bud,hybrid,3.5g,24,92,True,1
ec1f925696fc8a1c,AG1409,Acapulco Gold | 14g | Micro Grower,Back Home Cannabis,flower,Full Bud,sativa,14g,100,15,True,1
56b55355b7a6a7f9,,Maui Wowie | 28g,Smoakland,flower,Full Bud,sativa,28g,99,55,True,1
63f0e4cc01b7562b,SM0015-SPE,Sour Peach | 100mg | 10pk,Smokiez,edibles,Gummies | Chews,sativa,100mg,22,58,True,1
020d11432857b76f,720140163402,High Dose Drops | 1000mg Tincture | 100 Doses,Ayrloom,tinctures,Tinctures,,1000mg,60,45,True,1
91745f999497dcfa,,Blueberry Muffin | Moonrocks | 4g,Spacebuds,flower,Infused Flower,indica,4g,60,17,True,1
12f275abfc5dcddd,,Wedding Crasher | Refill Tube Applicator | 2g,New York Honey,concentrates,Dab,hybrid,2g,50,22,True,1
c8b81f51d7fc9723,850051419357,Barry White | 510 Cart | 1g,New York Honey,vaporizers,Cart,indica,1g,30,53,True,1
83b5a4812664d91d,,Fusion Dissolvable Powder | 10mg | 10pk,Matter,beverages,Beverage Enhancers,,100mg,25,184,True,1
b01472ba4b20b748,,Master Kush | Vape Cart | 1g,Magnitude,vaporizers,Cart,hybrid_indica,1g,40,132,True,1
b7182cfef5815dcf,850049967129,Fast Acting Dreamberry | 1:1:1 THC:CBN:CBD | 100mg | 10pk,Jaunty,edibles,Gummies | Chews,indica,100mg,24,71,True,1
cffb2db3f9ca94b7,810183303221,"Blackberry Kush (2G) ""STARTER KIT"" (Classic) | AIO",Eureka,vaporizers,Disposable,indica,2g,85,14,True,1
114fc484e5ad57af,,Garlic Budder (Leal) | 3.5g Flower,Leal,flower,Full Bud,indica,3.5g,24,100,True,1
25b095337a4415e2,,Blue Dream (Sapphire) | AIO Pen | 1g,Sapphire,vaporizers,Disposable,hybrid_sativa,1g,37.5,54,True,1
143ccfc0ad084901,718879592921,Northern Lights #5 | 1g 510 Cartridge,Jetty,vaporizers,Cart,indica,1g,45,22,True,1
b2018a7140e30d48,001341000551,Animal Face | 1g Pre Roll,Leal,pre_rolls,Pre Roll Singles,hybrid_sativa,1g,7,36,True,1
9ca09c5a1df40230,,Lychee Dream | 28g | Outdoor Flower,The Plug Pack,flower,Full Bud,sativa,28g,95,7,True,1
cd057cdc4e640dac,699838919471,Lil Leftys | Maui Wowie | Infused Pre-Rolls 0.75g 5 pack | 3.75g,Left Coast,pre_rolls,Infused Pre Rolls Multi Pack,sativa,3.75g,40,182,True,1
a434ed7548981e41,JH10,Jack Herer | 3.5g | Micro Grower,Back Home Cannabis,flower,Full Bud,sativa,3.5g,30,9,True,1
2ef3d6009cee69e2,,Stank Breath | 28g | Flower,Leal,flower,Full Bud,hybrid_indica,28g,160,28,True,2
e965e11f7459f0a9,5236666743846261,Pineapple Blue Dream - Night Time Knockout  Chef Inspired Brick | 100mg THC: 100mg CBN | 10 Doses,Gezoont,edibles,Gummies | Chews,indica,100mg,17,16,True,1
d10720cd2ca493df,PID-GC250318RS-SUG,RS-11 | Cured Resin Sugar | 1g,Glennas,concentrates,Sugar,hybrid,1g,40,42,True,1
7d0a541767e21ad3,PID-GC250318BLR-BADD,Black Runtz | Resin Badder | 1g,Glennas,concentrates,Badder,hybrid_indica,1g,40,6,True,1
79daf1d37b63b628,810076071848,Wild Cherry | 5mg 1:1:1 THC:CBC:CBG | 20pk (Exhilarate),Camino,edibles,Gummies | Chews,hybrid_sativa,100mg,30,69,True,1
688e0f6e9c69d460,,Animal Scout | 3.5g (Indica Dom),Rythm,flower,Full Bud,hybrid_indica,3.5g,50,49,True,1
a00e6f5a1b6dbd17,,Jelly Donutz | Preroll | 1g | Indoor (Micro Grow),Nickel,pre_rolls,Pre Roll Singles,hybrid_sativa,1g,9,99,True,1
afd1992cbcb1b165,,Glitter Bomb | 3.5g | (Micro Grower),The Drop,flower,Full Bud,indica,3.5g,54.96,82,True,2
281939f0dcedb2bf,852873008696,Midnight Blueberry | 5:1 THC:CBN | 100mg | 20pk (Sleep),Camino,edibles,Gummies | Chews,indica,100mg,30,34,True,1
5ba7d8157224bf7b,4046128799495807,Gorilla Glu | 0.5g AIO | Cannabis Terpenes (no botanical terps) - HTFSE,Gezoont,vaporizers,Disposable,indica,0.5g,30,33,True,1
c378bad6b838e893,5382091202482578,Bangin Blueberry Chef Inspired Gummies | 100mg | 10pk,Gezoont,edibles,Gummies | Chews,na,100mg,22,36,True,1
31533605547934e5,355750341218,Dragonfruit (Fast Acting) | 100mg | 10pk,CANNABALS,edibles,Gummies | Chews,sativa,100mg,22,75,True,1
95ba12b6d7f661c5,355750341201,Blueberry Dreams (Fast Acting) | THC:CBN | 20pk | 100mg,CANNABALS,edibles,Gummies | Chews,indica,100mg,22,77,True,1
a6b7d966d8d6658e,MYHI101325SF-10,Simply Flavorless | 100mg Stir Stiks | 10pk,MyHI,beverages,Beverage Enhancers,,100mg,39.9912,22,True,1
03652977e5248a08,,Giggle Puffs | Infused .5g Pre Rolls | 5pk,Her Highness,pre_rolls,Infused Pre Rolls Multi Pack,hybrid,2.5g,50,30,True,1
7fb563f090d112c7,850046334986,Orangeade (Awaken) | 10mg THC: 2mg THCV: 2mg CBG | 100mg | 10pk,Off Hours,edibles,Gummies | Chews,sativa,100mg,28,84,True,1
09955432af8efb63,,Garlic Budder | 1g Pre Roll,Leal,pre_rolls,Pre Roll Singles,indica,1g,7,267,True,1
cb483b1b83d37486,001341000674,Hella Jelly | 1g Pre Roll,Leal,pre_rolls,Pre Roll Singles,hybrid_sativa,1g,7,182,True,1
9c1e772ace5aed51,,Golden Ticket | AIO Pen | 1g,New York Honey,vaporizers,Disposable,sativa,1g,40,64,True,1
17d8c8b93f8320e3,,Afternoon Delight #4 3.5g (Hybrid),Rythm,flower,Full Bud,hybrid,3.5g,50,59,True,1
b3a586c6fd834e8e,,Platinum Jack | Vape Cart | 1g,Magnitude,vaporizers,Cart,hybrid_sativa,1g,40,94,True,1
b1337110ea5d0b40,,Mendo Breath | Indoor Flower | 28g,LivWell,flower,Full Bud,hybrid_indica,28g,140,107,True,1
bcec75dbea78b770,355750341621,LCG (Lemon Cherry Gelato) | AIO Vape | 1g,CANNABALS,vaporizers,Disposable,hybrid,1g,35,45,True,1
293dc4fb8f1a9bf6,857181008093,Mango Sativa | Classic | 100mg Gummies | 10pk,Wana,edibles,Gummies | Chews,sativa,100mg,26,126,True,1
a052b59fbe02f31c,721750357229,"Vape Battery | 510 Digital LCD Screen w/Pre-Heat, Multiple Temp, and USB C Fast Charging",Happy Days,accessories,Batteries,,,17.5,2912,True,1
bde663d5b6984c87,810029765411,RS11 | 1g AIO Pen,Hashtag Honey,vaporizers,Disposable,hybrid,1g,40,64,True,1
ffe3c07e86d43995,SM007-JAM,Sweet Jamberry | 100mg THC: 100mg CBN 1:1 | 10pk,Smokiez,edibles,Gummies | Chews,indica,100mg,23,37,True,1
d67218ad7874456f,857181008666,Stay Asleep | Dream Berry | 100mg | 10pk,Wana,edibles,Gummies | Chews,indica,100mg,28,80,True,1
0082f131b0abff34,,Grape Ape | Refill Tube Applicator | 2g,New York Honey,concentrates,Dab,indica,2g,50,46,True,1
872066eb1d461650,850049967686,Blackberry Kush | AIO Palm 1.5g,Jaunty,vaporizers,Disposable,indica,1.5g,55,34,True,1
5f90be72a824f5e0,850051419111,High Octane Max Strength Tincture,Veterans Choice Creations,tinctures,Tinctures,na,1000mg,60,50,True,1
c67659056096827f,850058286105,Blue Dream (FF) | 1g AIO,Florist Farms,vaporizers,Disposable,sativa,1g,50,9,True,1
d8e5bb19a6add725,LCNY-BD1C-130525,Blue Dream (Left Coast) | 1g Live Resin 510 Cart,Left Coast,vaporizers,Vape - Live Rosin/resin Cart,sativa,1g,40,93,True,1
d99f30a6e254a598,TW09,Trainwreck | 3.5g | Micro Grower,Back Home Cannabis,flower,Full Bud,hybrid_sativa,3.5g,30,18,True,1
112e68eb532cd285,605468086834,Perfect Harmony | White Widow | 2g Live Resin Infused AIO,FX,vaporizers,Vape Live Rosin/resin Disposable,hybrid_sativa,2g,85,142,True,4
a561beb71a15f251,WIP-LRV-GP-251202,Grape Pines | Live Resin 1g AIO,Pines,vaporizers,Vape Live Rosin/resin Disposable,indica,1g,45,19,True,1
0445c66ded187c51,7415426320136600,Citrus Crush Chef Inspired Gummies | 100mg | 10pk,Gezoont,edibles,Gummies | Chews,na,100mg,22,49,True,1
fcc2f9f8be0a9b43,355750341317,Purple Haze | AIO Vape | 1g,CANNABALS,vaporizers,Disposable,sativa,1g,35,13,True,1
82d4ed92eebcb976,850008524684,Boost Tins | Tablets | 5mg 20pk,1906,edibles,Tablets,na,100mg,9,47,True,1
99e1a20fcca04c8e,,Jack Herer | Flower | 3.5g,Platinum Reserve,flower,Full Bud,sativa,3.5g,38,50,True,1
2dcb5546dc36efd5,810139760474,Live Resin Honey Banana Badder 1g,MFNY,concentrates,Badder,sativa,1g,55,37,True,1
d11c8b1533fbd2cf,850049967037,Jack Herer | 510 Cart | 1g,Jaunty,vaporizers,Cart,hybrid,1g,45,8,True,1
edfbcac0f67ebf6e,TNC1012501,Max Strength Tincture | 1000mg THC:100mg CBD,Canna Clinicals,tinctures,Tinctures,na,1000mg,60,68,True,1
0bd7ba784bb6e647,810076070032,Blackberry Dream | 1:1:1 10 mg Sour Gummies | 10pk (Deep Sleep),Camino,edibles,Gummies | Chews,indica,100mg,30,23,True,1
ef514b1aa3d7fa09,,Platinum Lemon Cherry Gelato | 3.5g Flower,Leal,flower,Full Bud,hybrid,3.5g,24,78,True,2
526a576fa6a00368,,Grape Bubbly | Moonrocks | 4g,Spacebuds,flower,Infused Flower,hybrid,4g,60,55,True,1
3a0f2984fc989493,,Lil Leftys | Grape Cookies | Infused Pre-Rolls 0.75g 5 pack | 3.75g,Left Coast,pre_rolls,Infused Pre Rolls Multi Pack,indica,3.75g,40,33,True,1
6a03b2da091430a7,,Blue Dream | Indoor Flower | 3.5g,Left Coast,flower,Full Bud,sativa,3.5g,45,6,True,1
92bccead052cbf84,,Monster Cookies | Indoor Flower | 3.5g,Left Coast,flower,Full Bud,indica,3.5g,45,49,True,1
5b1cd8f47e7fd52e,AG11,Acapulco Gold | 3.5g | Micro Grower,Back Home Cannabis,flower,Full Bud,sativa,3.5g,30,22,True,1
bd2def35005a7ce8,MW11,Maui Wowie | 3.5g | Micro Grower,Back Home Cannabis,flower,Full Bud,sativa,3.5g,30,20,True,1
ef75de7f00b24970,MWPR09,Maui Wowie | 0.5g Pre Rolls  | 6pk | Micro Grower,Back Home Cannabis,pre_rolls,Pre Roll Multi Pack,sativa,3g,32,75,True,1
d0a245ab068353a5,WW11,White Widow | 3.5g | Micro Grower,Back Home Cannabis,flower,Full Bud,hybrid,3.5g,30,14,True,1
09ba4830e0b04962,NL1409,Northern Lights | 14g | Micro Grower,Back Home Cannabis,flower,Full Bud,indica,14g,100,6,True,1
5530c62ae3b44346,001341000612,Lemon Venom | 1g Pre Roll,Leal,pre_rolls,Pre Roll Singles,hybrid_indica,1g,7,150,True,1
fc2b294d533d9828,,Pineapple Express | 28g,Smoakland,flower,Full Bud,sativa,28g,99,4,True,1
2d622788cbdfb420,852873008689,Watermelon Lemonade | 5mg Gummies | 20pk (Bliss),Camino,edibles,Gummies | Chews,na,100mg,28,78,True,1
586c0093948c472e,850012603252,Raspberry x Wedding Cake | 100mg | 10pk,Lost Farm,edibles,Gummies | Chews,indica,100mg,30,16,True,1
f46bd27e8ee3986f,2986237830741015,Strawberry Pom Chef Inspired Gummies | 100mg | 10pk,Gezoont,edibles,Gummies | Chews,na,100mg,22,53,True,1
55a639f59461d8fd,852873008658,Wild Berry | 5mg Gummies | 20pk (Chill),Camino,edibles,Gummies | Chews,na,100mg,28,17,True,1
ede466aada511fea,355750341249,Sour Watermelon (Fast Acting) | 100mg | 10pk,CANNABALS,edibles,Gummies | Chews,sativa,100mg,22,44,True,1
ec49cb55c14a2f8e,850058286228,Dutch Hawaiian | Live Resin Infused .5g Pre Rolls | 5pk,Florist Farms,pre_rolls,Infused Pre Rolls Multi Pack,sativa,2.5g,40,32,True,1
85fcbad2c8a9bd10,850008524639,Love Tins  | Tablets | 2.5mg 30pk,1906,edibles,Tablets,na,75mg,35,7,True,1
c81b4ee8a55ea8de,850008524660,Go Tins | Tablets | 5mg 20pk,1906,edibles,Tablets,na,100mg,35,6,True,1
5366d3ac009766c7,850008524622,Genius Tins | Tablets | 2.5mg 30pk,1906,edibles,Tablets,na,75mg,35,6,True,1
166d0891d8cb1019,850008524677,Chill Tins | Tablets | 5mg 20pk,1906,edibles,Tablets,na,100mg,35,1,True,1
18ae16a6f4ac2410,,Small Glass Pipe,,accessories,Bongs/pipes,,,5,35,True,1
28a47773360bb7a3,,OOZE 510 Battery (Assorted Colors),OOZE,accessories,Batteries,,,20,722,True,1
334b6a821cd5032b,,RAW 1 1/4 Organic Papers,,accessories,Papers,,,3,198,True,1
4eebe7a632dc46a8,,One Hitter Pipe (Cigarette color),,accessories,Bongs/pipes,,,3,551,True,1
ffc96d1aba8613c8,7297989200788,Blueberry | RSO | 100mg | 10pk,OMO,edibles,Gummies | Chews,na,100mg,28,11,True,1
25b09821140d7c66,619317004658,Maui Wowie | 1g 510 Cartridge,Jetty,vaporizers,Cart,sativa,1g,45,50,True,1
b0c0da5b9591cc6d,811194030809,Sweet Watermelon | 100mg | 10pk,Smokiez,edibles,Gummies | Chews,hybrid,100mg,22,63,True,1
ee28575100f5de72,SM0014-BLR,Sweet Blue Raspberry | 100mg 10pk,Smokiez,edibles,Gummies | Chews,indica,100mg,22,8,True,1
4b4fbd1e67ad537a,SM0014-PEC,Sweet Peach | 100mg | 10pk,Smokiez,edibles,Gummies | Chews,sativa,100mg,22,41,True,1
82a823c7f3520104,810200121654,Super Sour Diesel | 1g 510 Cartridge,Hepworth,vaporizers,Cart,sativa,1g,33,59,True,1
32a355630c274e75,720140163457,Restore | 1000mg Topical 1:1 THC:CBD,Ayrloom,topicals,Balms,,1000mg,55,8,True,1
2a97e9e5f3c75d11,720140163891,Beverage Enhancer | 300mg Tincture,Ayrloom,beverages,Beverage Enhancers,,300mg,50,80,True,1
ec117e9cf1400c45,720140163433,Rescue | 1000mg Topical 1:1 THC:CBD,Ayrloom,topicals,Balms,,1000mg,55,14,True,1
9d40e8e33d160c83,720140163075,Pillow Talk | 2:1 THC:CBN | 100mg | 10pk,Ayrloom,edibles,Gummies | Chews,hybrid_indica,100mg,25,65,True,1
414408243ce56d62,720140163068,Island Time | 2:1 THC:CBD | 100mg | 10pk,Ayrloom,edibles,Gummies | Chews,hybrid,100mg,25,44,True,1
b0f7a23480818451,720140163044,Orchard Sunrise | 2:1 THC:CBG | 100mg | 10pk,Ayrloom,edibles,Gummies | Chews,sativa,100mg,25,43,True,1
030b0c068d993aee,810139762614,LIVE RESIN | Hash Burger Badder 1g,MFNY,concentrates,Badder,indica,1g,55,15,True,1
6c8963a26c103420,,Warrior Balm | Topical Relief Balm | 2oz,Veterans Choice Creations,topicals,Balms,,900mg,50,41,True,1
0ec66b403ba15455,850046334054,Peach Mango (Illuminate) | 10:2 THC:CBG | 100mg | 10pk,Off Hours,edibles,Gummies | Chews,,100mg,28,63,True,1
267e159af1750eb9,850046334047,Cherry Limeade (Limelight) | 10:2 THC:CBG | 100mg | 10pk,Off Hours,edibles,Gummies | Chews,sativa,100mg,28,90,True,1
7792bd0e6b97c354,,Max Strength Capsules | 100mg | 10pk,Canna Clinicals,edibles,Capsules,na,100mg,30,22,True,1
29ec863d5d847dd4,,"Unwind Tincture | 90mg THC:1,050mg CBD",Canna Clinicals,tinctures,Tinctures,,90mg,22,44,True,1
cf948bbebf7520a2,793888884571,Maui Waui | 1g Diamonds AIO,Rove,vaporizers,Vape Live Rosin/resin Disposable,sativa,1g,93.5,9,True,1
c8ec2ed9f145db36,787790797425,Blue Dream | POD Reload | 1g,Rove,vaporizers,Live Rosin/resin Pod,hybrid,1g,80,9,True,1
7e494b0c0da98353,850046334030,Blue Raspberry (Mellow) | 10:2 THC:CBD | 10pk,Off Hours,edibles,Gummies | Chews,indica,100mg,28,120,True,1
99a57f3c07246f4d,850046334016,Grape Punch (Offline) | 10mg THC: 10mg CBD: 4mg CBN | 10pk,Off Hours,edibles,Gummies | Chews,indica,100mg,28,88,True,1
2093e4db813feb3f,,Blueberry Muffin | AIO Pen | 1g,New York Honey,vaporizers,Disposable,indica,1g,40,19,True,1
ee6a088503abe7f6,,Super Lemon Haze | Refill Tube Applicator | 2g,New York Honey,concentrates,Dab,sativa,2g,50,27,True,1
cb3e44677a19b30b,850046334023,Watermelon Lemonade (Euphoric) 10:4 10mg THC:4mg CBG | 10pk,Off Hours,edibles,Gummies | Chews,,100mg,28,135,True,1
1180083d583ba983,355750341546,Super Lemon Haze | AIO Vape | 1g,CANNABALS,vaporizers,Disposable,sativa,1g,35,25,True,1
0ae359e8618a48df,,L'Orange l Indoor l 3.5g (Sativa),Rythm,flower,Full Bud,hybrid_sativa,3.5g,50,32,True,1
eb867e6e31990980,HDDTRY,Happy Days Rolling Tray,Happy Days,accessories,Trays,,,10,907,True,2
fe257f803122ada4,HDGRND,Happy Days Metal Grinder with Kief Tray,Happy Days,accessories,Grinders,,,15,1312,True,1
ed3a17a6e61953c3,793888886179,Maui Waui | POD Reload | 1g,Rove,vaporizers,Live Rosin/resin Pod,sativa,1g,80,27,True,1
82e3cfaea705dbf7,,Megan Foxxx | Jar Flower | 3.5g,Dank,flower,Full Bud,sativa,3.5g,50,40,True,1
7cb3d8192962bd08,850052046040,Protab | Extra Strength | Hybrid | 5ct 20mg Tablets | 100mg THC,LEVEL,edibles,Tablets,hybrid,100mg,24,10,True,1
f8e7bdaac33b4ae7,5188038690372905,Kim's Karamels | 100mg | 10pk,Gezoont,edibles,Baked Goods,,100mg,25,23,True,1
4f19145c7a702ba1,850046334993,Paradise Cooler (Serenity) | 10:2 THC:CBD | 100mg | 10pk,Off Hours,edibles,Gummies | Chews,,100mg,28,46,True,1
24cc2e8592e680b4,,LA Pop Rocks | 3.5g,The Ladies,flower,Full Bud,hybrid,3.5g,40,75,True,1
f5733db1e351dc9b,810031350070,Daytime | Mango Gummies | Organic Adaptogens | 1:1:1 THC:CBG:CBD | 100mg | 20pk,Foy,edibles,Gummies | Chews,sativa,100mg,28,88,True,1
c2242e64fbe8bc85,810031350087,Sleep | Strawberry Gummies 20pk | 1:1:1 THC:CBN:CBD | 100mg,Foy,edibles,Gummies | Chews,indica,100mg,28,136,True,1
9e2741dd826156c6,716165179214,Raw Organic Hemp 1 1/2 Papers,Raw,accessories,Papers,,,3,98,True,1
9742b4918bba0f8e,860004966876,Raspberry Sleep with Benefits | 1:1:1 THC:CBD:CBN | 100mg | 20pk,Snoozy,edibles,Gummies | Chews,indica,100mg,30,25,True,1
dcfd2511a07976ac,860004966821,Strawberry Stress Free Mind | 1:4 THC:CBD | 100mg | 20pk,Snoozy,edibles,Gummies | Chews,,100mg,30,61,True,1
de68da2ec3231bae,,Original Mandarin Cookies | Flower | 28g,Matter,flower,Full Bud,hybrid_sativa,28g,160,124,True,1
84df7deb8a3eacc3,,AM Insentives Terpene Spray (THC-Free),Chime & Chill,merchandise,Cbd,,,20,5,True,1
b415c9e16ac2bb0a,,Core | Premium Battery | Dusk,Vessel,accessories,Batteries,,,35,87,True,1
b2f9f6acefb60b03,720140164348,Sunny Days Gummies | 10mg 2:1 THC:CBC | 10pk,Ayrloom,edibles,Gummies | Chews,sativa,100mg,25,49,True,1
6ed35ceea5e46756,,PM Oral Solution CBD:CBN (THC-Free),Chime & Chill,merchandise,Cbd,,200mg,30,16,True,1
ab80fb1f12b2d75e,850008524653,Bliss Tins | Tablets | 20pk | 100mg,1906,edibles,Tablets,hybrid_sativa,100mg,35,1,True,1
a43506b1c6481b57,355750341676,Strawberry Lemonade | Live Resin Brick | 100mg,CANNABALS,edibles,Gummies | Chews,,100mg,22,28,True,1
650e8ed61301e899,810076070018,Orchard Peach | 1:1 10 mg Sour Gummies | 10pk (Balance),Camino,edibles,Gummies | Chews,,100mg,30,38,True,1
79889a0b2ebb1382,810076070001,Watermelon Spritz | 10 mg Sour Gummies | 10pk (Uplifting),Camino,edibles,Gummies | Chews,sativa,100mg,28,33,True,1
84cd0db3f316c620,810076070100,Strawberry Sunset | 10 mg Sour Gummies | 10pk (Chill),Camino,edibles,Gummies | Chews,indica,100mg,28,47,True,1
9e7cbefd3effb669,,Captured Fume Spoon ft | Bowl,B Money Glass,accessories,Bongs/pipes,,,60,3,True,1
36346c60ed1ee9de,355750341614,Strawberry Kush | AIO Vape | 1g,CANNABALS,vaporizers,Disposable,hybrid,1g,35,3,True,1
e5710408f5b7fa7d,857181008482,Limoncello Hybrid | Nano Quick | 100mg Gummies | 10pk,Wana,edibles,Gummies | Chews,hybrid,100mg,28,117,True,1
00cb580c457c5a53,857181008055,Blueberry Indica | Classic | 100mg Gummies | 10pk,Wana,edibles,Gummies | Chews,indica,100mg,26,116,True,1
a9bb28ca6c745789,WNA-Q-250603-PC,Pina Colada Indica | Nano Quick | 100mg Gummies | 10pk,Wana,edibles,Gummies | Chews,indica,100mg,28,86,True,1
6aabd77db6cff855,195893693146,Bacon Beef CBD Chews | Calm + Joint | 150mg | 30pk,Happy Hounds,merchandise,Cbd Pets,,150mg,36,171,True,1
e8052823b9d1f00f,850049967501,Fast Acting Mango Sunrise | 1:1:1 THC:CBG:CBD | 100mg | 10pk,Jaunty,edibles,Gummies | Chews,sativa,100mg,24,86,True,1
e0b48b25b7bd529d,850060650031,Durban Poison | 3.5g Flower,Nanticoke,flower,Full Bud,sativa,3.5g,39,5,True,1
64269afe64f9283a,,Happy Days BIC Lighter,Happy Days,accessories,Other Accessories,,,3,5279,True,1
01b4782bfd7d9692,810109861569,Pear Gummies | 1:1 THC:CBG | 100mg:100mg | 10pk,Wyld,edibles,Gummies | Chews,hybrid,100mg,26,68,True,1
7e8449951bba579f,810109861545,Pomegranate Gummies | 1:1 THC:CBD | 100mg:100mg | 10pk,Wyld,edibles,Gummies | Chews,hybrid,100mg,26,65,True,1
4fcb3bc66c8504d1,810109861576,Elderberry Gummies | 2:1 THC:CBN | 100mg THC: 50mg CBN | 10pk,Wyld,edibles,Gummies | Chews,indica,100mg,26,37,True,1
72b7fe3a05e8ac6b,810109861583,Strawberry | 20:1 CBD:THC | 20mg CBD : 1mg THC Per Gummy | 10pk,Wyld,edibles,Gummies | Chews,hybrid,10mg,24,39,True,1
b765631f306ec49a,810109861538,Marionberry | 100mg Gummies | 10pk,Wyld,edibles,Gummies | Chews,indica,100mg,24,38,True,1
4548e0bfedf1ffb0,810109861989,Boysenberry Gummies | 1:1:1 THC:CBD:CBN | 100mg | 10pk,Wyld,edibles,Gummies | Chews,indica,100mg,26,184,True,1
385b77897e6d1f69,850049967105,Fast Acting Sour Watermelon | 1:2 THC:CBD | 100mg | 10pk,Jaunty,edibles,Gummies | Chews,hybrid,100mg,24,100,True,1
6ac7097fe54d045e,,K.O. Oral Solution CBD:BCP (THC-Free),Chime & Chill,merchandise,Cbd,,4000mg,45,35,True,1
54dd6673818152ec,850049967495,Fast Acting Blueberry Lemonade | 10:5:2 THC:THCv:CBC | 100mg | 10pk,Jaunty,edibles,Gummies | Chews,hybrid,100mg,24,35,True,1
1067bf8e8c217ce4,857181008291,Peach Bellini Sativa | Nano Quick | 100mg Gummies | 10pk,Wana,edibles,Gummies | Chews,sativa,100mg,28,124,True,1
fdf16e04901ef951,810109861613,Blood Orange Gummies | 1:1 THC:CBC | 100mg | 10pk,Wyld,edibles,Gummies | Chews,sativa,100mg,26,43,True,1
1cacc305b6bfdceb,850055309449,Cherry Berry (Offline) | 10:4 10mg THC:4mg CBN | 10pk,Off Hours,edibles,Gummies | Chews,indica,100mg,28,114,True,1
f48d268bd6e269f1,,Fast Times | Tropicana Cookies | 0.4g 5pk (2.0g),Miss Grass,pre_rolls,Pre Roll Multi Pack,hybrid,2g,36,20,True,1
11fe85b82699e365,857181008314,Strawberry Margarita 1:1 Hybrid | Nano Quick | 100mg Gummies | 10pk,Wana,edibles,Gummies | Chews,hybrid,100mg,28,81,True,1
8bb120d653061c26,,London Pound Cake | Vape Cart | 1g,Magnitude,vaporizers,Cart,indica,1g,40,144,True,1
bb92ed54880e69ba,810076070742,Freshly Squeezed | 1:2 THC:CBG | 100mg | 20pk (Recover),Camino,edibles,Gummies | Chews,,100mg,30,37,True,1
08c73f482cfa24cf,850050317142,Blue Dream | 3.5g Flower,Nanticoke,flower,Full Bud,sativa,3.5g,39,13,True,1
d9007a5d24187f52,850052046064,Protab+ | BOOST | 5ct 20mg Tablets | 100mg THC+THCv+CBG,LEVEL,edibles,Tablets,sativa,100mg,24,21,True,1
43e3e884c03cd56f,810210391610,"Blackberry Kush | ""STARTER KIT"" | (Classic) | AIO | 1g",Eureka,vaporizers,Disposable,indica,1g,60,15,True,1
7043c16ed51de67b,,"Mango Haze | ""STARTER KIT"" | (Classic) | AIO | 1g",Eureka,vaporizers,Disposable,sativa,1g,63,11,True,1
f499d9c4f13fb5f8,810183302125,Triple Diesel (Sativa) | POD RELOAD | 2g,Eureka,vaporizers,Pod,sativa,2g,65,5,True,1
1070637a2cc06494,810183303245,Mango Haze Sativa / Triple Diesel | Slide Vape | 3g AIO,Eureka,vaporizers,Disposable,sativa,3g,110,3,True,1
b6b188cdc6d2bd4f,,Afternoon Delight #4 | Solventless Rosin Vape Cart | .5g,Rythm,vaporizers,Vape - Live Rosin/resin Cart,hybrid,0.5g,50,22,True,1
18934d8d1ae0c828,850049967464,Green Crack (Jaunty) | 510 Cart | 1g,Jaunty,vaporizers,Cart,sativa,1g,45,36,True,1
2dec67ffe613c139,850049967488,Forbidden Fruit | 510 Cart | 1g,Jaunty,vaporizers,Cart,indica,1g,45,34,True,1
ee98514b075c91d3,634240279560,Girl Scout Cookies | .5g Preroll | 7pk,Dank,pre_rolls,Pre Roll Multi Pack,hybrid_indica,3.5g,40,60,True,1
785425656ac7cc4a,SM1P007-PEC,Scored Single Piece Sweet Peach | 100mg | 10 Servings,Smokiez,edibles,Gummies | Chews,sativa,100mg,16,106,True,1
603f36d78f82d4d6,WFGGS25J02-O,Grape Gas | Flower | 28g,Matter,flower,Full Bud,indica,28g,160,56,True,1
b1ea07c6f34110e6,720140164744,Orange Creamsicle | 2:1 THC:CBD | 10mg | Single,Ayrloom,beverages,Rtd,,10mg,5,240,True,1
900ad8574105f617,,Core | Premium Battery | Blush,Vessel,accessories,Batteries,,,35,104,True,1
4249f2563ea0df29,853126004809,Milk Chocolate | Kiva | 100mg,Kiva,edibles,Chocolate Bar,na,100mg,30,9,True,1
586179b995c3f893,852873008580,Churro Milk Chocolate | Kiva | 100mg,Kiva,edibles,Chocolate Bar,hybrid,100mg,30,15,True,1
403e93961c9977d8,,Jelly Cake | 28g,Matter,flower,Full Bud,hybrid_indica,28g,160,19,True,1
78e05b97da04b698,721405571420,420 Cleaner,MASTER DISTRO,accessories,Cleaner,,,10,349,True,1
ed429d4cef9fbffd,MYHIG082925G,Relax Indica Grape | 1:1 THC:CBD + CBN | Waterless Live Rosin,MyHI,edibles,Gummies | Chews,indica,100mg,22,21,True,1
f2950b1bb3dae09e,NY.CH.BNP.04,Magnolia Bakery Swirled Famous Banana Pudding - Incredibles Chocolates - 100mg - 10pk,Incredibles,edibles,Chocolate Bar,na,100mg,20,59,True,1
4c3b613aa1ed0cf2,NY.CH.PBB.05,Peanut Butter Buddha - Incredibles Chocolates - 100mg - 10pk,Incredibles,edibles,Chocolate Bar,,100mg,20,5,True,1
41013f1686764b5f,720140164980,Blue Widow | Vape AIO Pen | 1g,Ayrloom,vaporizers,Disposable,hybrid,1g,45,24,True,1
fdde3406ef6b0f7a,810210391870,Blackberry Kush (Classic) | POD RELOAD | 2g,Eureka,vaporizers,Pod,indica,2g,65,19,True,1
63a87a9ba2a59fed,810210391399,Mango Haze (Classic) | POD RELOAD | 2g,Eureka,vaporizers,Pod,sativa,2g,65,13,True,1
0447c27c255e8a29,WFLCG25J20-E,Lemon Cherry Gelato (CAM) | Flower | 3.5g,CAM,flower,Full Bud,hybrid_indica,3.5g,45,10,True,1
645d7ac77aac6482,355750341836,Super Lemon Haze | Puffs Diamond-Infused Pre-Roll | 0.5 Gram | 7-Pack,CANNABALS,pre_rolls,Infused Pre Rolls Multi Pack,sativa,3.5g,45,41,True,1
42085aa1bf73ccc3,,Lemon Venom | 3.5g Flower,Leal,flower,Full Bud,hybrid_indica,3.5g,24,37,True,1
d74ffa9fde5f4ca5,005499100118,Super Sour Diesel (Sapphire) | AIO Pen | 1g,Sapphire,vaporizers,Disposable,hybrid_sativa,1g,37.5,86,True,1
f862d84ebd6e472d,,Jah'spresso Jack Herer (Good Green) | Flower | 28g,Good Green,flower,Full Bud,hybrid_sativa,28g,190,43,True,1
8712bf73a31b8f0e,810029766081,"Tropical Punch | Papayas Live Resin Nano Infused | 10mg Per Piece, 100mg Per Package",Hashtag Honey,edibles,Gummies | Chews,sativa,100mg,16,30,True,1
f9ae55488d826f05,1967966401609269,Kim's Kookie's | 10mg | 10pk | 100mg Total,Gezoont,edibles,Baked Goods,,100mg,28,15,True,1
cd1c15454623b3a1,20241209JFOG-FRY18-1,Jet Fuel OG l Indoor l 3.5g (Hybrid),Rythm,flower,Full Bud,hybrid,3.5g,50,15,True,1
56f56c13703f6044,,Brass Screens for Pipe | 5pk,MASTER DISTRO,accessories,Bongs/pipes,,,2,773,True,1
c8e23110dbd50b1e,,Maui Wowie | Liquid Diamond | 2g AIO,CANNABALS,vaporizers,Vape Live Rosin/resin Disposable,sativa,2g,65,38,True,1
6ccdb989dee330ab,0378910825356932,Lime Sugar Cookie | 0.5g AIO | Cannabis Terps - HTFSE,Gezoont,vaporizers,Disposable,hybrid,0.5g,30,12,True,1
864dc584bedf6e69,197644970698,Calm Tincture | 500mg CBD | 30mL,Happy Hounds,merchandise,Cbd Pets,,500mg,52,44,True,1
ab3bf50a43cac772,850070949514,The Trailblazer Sativa | .6g Prerolls | 6pk,Lowell Farms,pre_rolls,Pre Roll Multi Pack,sativa,3.6g,41.5,35,True,1
d2d8fccc96ff76a5,,$25 Happy Days Gift Card,Happy Days Gift Cards,merchandise,Gift Cards,,,25,16,True,1
89be250a67b4cd13,,Barry White | AIO Pen | 1g,New York Honey,vaporizers,Disposable,indica,1g,40,26,True,1
3cc7d133c562b245,850067994541,Blue Dream | AIO Pen | 1g,New York Honey,vaporizers,Disposable,sativa,1g,40,15,True,1
d34ee7300a986db0,,$100 Happy Days Gift Card,Happy Days Gift Cards,merchandise,Gift Cards,,,100,37,True,1
33b3cfb8e98da27d,,$50 Happy Days Gift Card,Happy Days Gift Cards,merchandise,Gift Cards,,,50,16,True,1
65094bfec8f19f01,,$75 Happy Days Gift Card,Happy Days Gift Cards,merchandise,Gift Cards,,,75,185,True,1
d02bdb49150e6d7e,355750341997,Banana OG | Liquid Diamond | 2g AIO,CANNABALS,vaporizers,Vape Live Rosin/resin Disposable,indica,2g,65,20,True,1
7bab953c922fdc18,,Blue Zushi | 3.5g,Canna Cure Farms,flower,Full Bud,hybrid,3.5g,36,11,True,1
0b7d4192c0ccc90d,,"Cheech & Chong Glass 15"" Tall Smoke Power To The Flower Dual Chamber Hex Beaker Base Water Pipe",CHEECH & CHONG,accessories,Bongs/pipes,,,126,6,True,1
c88d3b34c51f9b32,,Metal Peanut Pipe,MASTER DISTRO,accessories,Bongs/pipes,,,5,888,True,1
66e131df562ec92c,HDGRNDXL,Happy Days XL Grinder with Kief Tray and Stash Jar,Happy Days,accessories,Grinders,,,30,1244,True,2
0ba2bb8a7860ab80,725272732090,Blue Lobster | Infused With Kief | 1g Pre-Roll,HeadyTree,pre_rolls,Infused Pre-roll,indica,1g,20,49,True,1
9c5f69c8761b0b11,810200122644,Mango Dog x White Runtz | 3.5g,Hepworth,flower,Full Bud,hybrid_sativa,3.5g,30,83,True,1
241c8b4cd1a4329d,850049967655,Blue Dream | AIO Palm 1.5g,Jaunty,vaporizers,Disposable,hybrid,1.5g,55,34,True,1
e10b2d81b73e931f,5800445076693260,Kosher Kush (Good Green) | 28g,Good Green,flower,Full Bud,indica,28g,150,40,True,1
e00082aa70608b03,,Nic The Bruiser | 1g Pre Roll,Leal,pre_rolls,Pre Roll Singles,hybrid_indica,1g,7,43,True,1
9b428eda144a6f9d,850067994602,Blueberry Muffin | 1oz (28g) Moonrocks,Spacebuds,flower,Infused Flower,indica,28g,350,7,True,1
660f4d84849e9f28,,Lil Leftys Monster Cookies | Infused Blunts 1.3g 5 pack | 6.5g,Left Coast,pre_rolls,Infused Pre Rolls Multi Pack,indica,6.5g,59,32,True,1
7ac7b0b8a42cb51e,,Lil Leftys Orange Creamsicle | Infused Blunts 1.3g 5 pack | 6.5g,Left Coast,pre_rolls,Infused Pre Rolls Multi Pack,hybrid,6.5g,59,46,True,1
9cc023e42578e683,850067737438,La Bomba | 7g | Flower,Florist Farms,flower,Full Bud,sativa,7g,70,11,True,3
b46d51621e271cc5,850058286457,Granddaddy Purple (FF) | 1g AIO,Florist Farms,vaporizers,Disposable,indica,1g,50,22,True,1
670f810390715ea8,850067737346,Witches Brew | Live Resin Infused .5g Pre Rolls | 5pk,Florist Farms,pre_rolls,Infused Pre Rolls Multi Pack,indica,2.5g,40,11,True,1
b54089f51dd1deb7,810029766333,Lemon Cherry Gelato (HH) | 1g AIO Pen,Hashtag Honey,vaporizers,Disposable,indica,1g,40,84,True,1
6ab11211d699a150,,White Widow | 1g | Era Pod | Live Rosin W/ Diamonds,Pax,vaporizers,Pod,hybrid,1g,55,16,True,1
842c51dc4a8e37ff,,CBD Vape - Hello Honeydew - Live Cannabis Terpene (THC-Free) - CBD+CBC+CBG+CBT,Chime & Chill,merchandise,Cbd Vape,,1g,45,35,True,2
446aa177c7fc49e1,,Tiger's Blood (Sapphire) | AIO Pen | 1g,Sapphire,vaporizers,Disposable,hybrid_indica,1g,37.5,21,True,1
2df2894bf7b8058d,,Blueberry Kush Mints | Flower | 3.5g (Long Island Grown),The Ladies,flower,Full Bud,indica,3.5g,35,23,True,1
a867f6d4eda3e8ab,,Blue Dream | Fire Jefe XL | AIO 2g,Mfused's Super Fog,vaporizers,Disposable,sativa,2g,65,40,True,1
4c43e099cce9ca94,,Maui Pineapple | Fire Jefe XL Plus | AIO 2g,Mfused's Super Fog,vaporizers,Disposable,sativa,2g,65,100,True,1
f08cfcb375c61969,,Garlic Drip 3.5g (Rythm) (Indica),Rythm,flower,Full Bud,hybrid_indica,3.5g,50,83,True,1
c79012f645c78427,,95 Cookies - 3.5g - (Hybrid),Rythm,flower,Full Bud,hybrid,3.5g,50,17,True,1
11f174ba23972862,720140163419,Pillow Talk Drops | 1:5 | 300MG THC : 1500MG CBN,Ayrloom,tinctures,Tinctures,hybrid_indica,300mg,50,14,True,1
fa086935948f4932,,Fizzy Lifting Pop Rocks | 10mg | 10pk,Gezoont,edibles,Edibles,,100mg,30,6,True,1
17958501c9c54cbc,,Strawberry Slushie | 1oz (28g) Moonrocks,Spacebuds,flower,Infused Flower,hybrid,28g,350,7,True,1
d6352f45e52267e2,335172889017,White Chocolate | Cones | 10mg 10pk,CANNABALS,edibles,Chocolate Pieces,,100mg,30,12,True,1
f9d0a56dc75481ee,335172888997,Milk Chocolate | Cones | 10mg 10pk,CANNABALS,edibles,Chocolate Pieces,,100mg,30,36,True,1
5ad2684a8c72c03e,850001020923,Strawberry Lemonade (Happy) THC:CBC | 100mg | 10pk,Florist Farms,edibles,Gummies | Chews,hybrid_sativa,100mg,24,55,True,1
f30bd086d4fda16d,850058286129,Northern Lights (FF) | 1g AIO,Florist Farms,vaporizers,Disposable,indica,1g,50,29,True,1
a771eddff00297bd,agpr09,Acapulco Gold | 0.5g Pre Rolls  | 6pk | Micro Grower,Back Home Cannabis,pre_rolls,Pre Roll Multi Pack,sativa,3g,32,55,True,1
9b98ccf2fa0a81f1,JH1407,Jack Herer | 14g | Micro Grower,Back Home Cannabis,flower,Full Bud,sativa,14g,100,15,True,1
ec0c730967ea96da,,Sour Diesel | Live Concentrate | 2g,Rythm,concentrates,Badder,hybrid_sativa,2g,90,27,True,1
cb530fbb08547c01,810029767071,Permanent Marker | 3g Flower + .5g THCA = 3.5g Infused Snowballz,Hashtag Honey,flower,Infused Flower,hybrid,3.5g,50,147,True,1
fd67d83452988838,,Lemon Cherry Gelato (Craft Indoor) | 3.5g | Micro Grower,Milkweed,flower,Full Bud,hybrid,3.5g,50,7,True,1
850cd1ee05d3e18a,810029767040,Northern Lights | 2g AIO Pen,Hashtag Honey,vaporizers,Disposable,indica,2g,70,82,True,1
cacedc3f0d223fde,716165303879,Raw Ethereal King Size Slim Papers,Raw,accessories,Papers,,,3,46,True,1
1ece22532681f9b5,uxc0000061,Cannatela - Hazelnut-Cocoa Spread | 10 Servings | 1:1:1 100mg THC:CBD:CBG,Cannatela,edibles,Chocolates,,100mg,30,12,True,1
e5a5ed46a820400f,378894458673,Ztardust | Live Resin | 3.5g Baller Jar,KINGSROAD,concentrates,Sauce,indica,3.5g,122,29,True,1
acb1b81732680e2d,335172889024,Maui Wowie | Puffs Diamond-Infused Pre-Roll | 0.5 Gram | 7-Pack,CANNABALS,pre_rolls,Infused Pre Rolls Multi Pack,sativa,3.5g,45,44,True,1
b9d50b2a8d54b847,810031350094,4PK Daytime | Mango Gummies | Organic Adaptogens | 1:1:1 THC:CBG:CBD | 20mg,Foy,edibles,Gummies | Chews,sativa,20mg,5,39,True,1
67c4a844cdc62a10,INPC06,Pina Colada (Craft Indoor) | 3.5g | Micro Grower,Milkweed,flower,Full Bud,hybrid,3.5g,55,11,True,1
96bd7b31b0e622c4,,SOUR Sherbanger (Craft Indoor) | 3.5g | Micro Grower,Milkweed,flower,Full Bud,hybrid_sativa,3.5g,55,11,True,1
8e450cfd59b1750c,857181008505,New York Sunrise Sativa | Nano Quick | 100mg Gummies | 10pk,Wana,edibles,Gummies | Chews,sativa,100mg,28,100,True,1
9ed03b9fadf9c5e8,,Donutz Trip l Indoor l 3.5g - (Hybrid),Rythm,flower,Full Bud,hybrid,3.5g,50,23,True,1
2b321ada99b0ddc9,WNA-Q-092425-IP-10MG,Island Punch Indica | Nano Quick | 100mg Gummies | 10pk,Wana,edibles,Gummies | Chews,indica,100mg,28,97,True,1
b61efdd841a12edb,850050317968,Hybrid | 7g Flower | Ready To Roll,Nanticoke,flower,Shake,hybrid,7g,40,19,True,1
e0f7083f6a0554e6,378894458659,New York Brick | Playoff Punch (Orange Soda + Blue Raspberry) | 100mg | Fast Acting,CANNABALS,edibles,Gummies | Chews,,100mg,15,149,True,1
03e0a67af26f1691,810029767873,Green Crack (HH) | 1g Pre Roll,Hashtag Honey,pre_rolls,Pre Roll Singles,sativa,1g,9,33,True,1
0b48318061ce9558,335172889079,Sour Diesel | Liquid Diamond | 2g AIO,CANNABALS,vaporizers,Vape Live Rosin/resin Disposable,sativa,2g,65,74,True,1
63b669b027cb8796,767915073900,Blue Dream | Mini Bar .5g Diamonds AIO,Rove,vaporizers,Vape Live Rosin/resin Disposable,hybrid,0.5g,45,30,True,1
6cc144fa8bfac482,767913689349,Skywalker OG | Mini Bar .5g Diamonds AIO,Rove,vaporizers,Vape Live Rosin/resin Disposable,indica,0.5g,54.5044,3,True,2
f961ed33c922fd97,,SnoozzzierBerry | 2:1:1 THC:CBN:CBG | 100mg | 10pk,Incredibles,edibles,Gummies | Chews,indica,100mg,20,15,True,1
b9ac89755bf475cb,810109864126,Kiwi | 1:1 THC:THCv | 100mg | 10pk,Wyld,edibles,Gummies | Chews,sativa,100mg,26,68,True,1
e55448b8067baa9d,605468050545,Glitter Bomb | .5g - 2pk,FX,pre_rolls,Pre Roll Multi Pack,hybrid,1g,12,74,True,1
b32b49e5c6a10b5e,605468054246,White Truffle | .5g - 2pk,FX,pre_rolls,Pre Roll Multi Pack,hybrid_indica,1g,12,12,True,1
a3bc4bd283949e26,605468007075,Lift Off | Hawaiian Haze | 2g Live Resin Infused AIO,FX,vaporizers,Vape Live Rosin/resin Disposable,sativa,2g,85,47,True,4
462e2479e0b46746,605468071502,Green Crack | .5g - 2pk,FX,pre_rolls,Pre Roll Multi Pack,sativa,1g,12,53,True,1
f24cd3edcc03f276,720140163976,Dreamweaver | 1:3 THC:CBN | 100mg | 10pk,Ayrloom,edibles,Gummies | Chews,hybrid_indica,100mg,25,57,True,1
a8c90ae2925ae30a,jhpr08,Jack Herer | 0.5g Pre Rolls  | 6pk | Micro Grower,Back Home Cannabis,pre_rolls,Pre Roll Multi Pack,sativa,3g,32,15,True,1
8f687c0324affd3e,,Maui Waui | Indoor Flower | 3.5g,Left Coast,flower,Full Bud,sativa,3.5g,45,38,True,1
59fe0930606b3bbe,720140167028,Bomb Popz | Vape AIO | 1g,Ayrloom,vaporizers,Disposable,sativa,1g,45,52,True,1
c36751e1020f5ea7,718114166429,Trop Cherry (Higgs 19's) | 10 Pack l 3g,Higgs,pre_rolls,Pre Roll Multi Pack,sativa,3g,50,51,True,1
447ecf5331504290,718114166412,Durban (Higgs 22's) | 10 Pack l 3g,Higgs,pre_rolls,Pre Roll Multi Pack,sativa,3g,50,45,True,1
87f5cd1d64857ed6,718114166399,OG (Higgs 84's) | 10 Pack l 3g,Higgs,pre_rolls,Pre Roll Multi Pack,indica,3g,50,28,True,1
22e56144cb7e4625,718114166405,Pound Cake (Higgs 55's) | 10 Pack l 3g,Higgs,pre_rolls,Pre Roll Multi Pack,hybrid,3g,50,40,True,1
8691c22cddf560e7,~3070909240542081,Pineapple | 1.5g Infused Blunt,Presidential,pre_rolls,Infused Pre-roll,indica,1.5g,35,20,True,1
788bfd32121db00b,0812948092167336,Mega Chocolate Brick Chef Inspired | 100mg THC | 10 Doses,Gezoont,edibles,Chocolate Bar,,100mg,17,13,True,1
22ca80098d8d7c6e,850049967839,Alien OG | AIO Palm 1.5g,Jaunty,vaporizers,Disposable,hybrid,1.5g,55,21,True,1
2b7c01fd65cee269,,Midnight Moon | Solventless | 2g AIO | Artisan,AIRO,vaporizers,Vape Live Rosin/resin Disposable,indica,2g,75,40,True,1
f30bfb15c0ba10f4,,Jellie Pie | Indoor Flower | 3.5g,Left Coast,flower,Full Bud,hybrid,3.5g,45,68,True,1
d89ee93942406670,810109863938,Guava (Hybrid) | Rosin Infused 100mg THC | 10pk,Good Tide,edibles,Gummies | Chews,hybrid,100mg,26,40,True,1
58e2f3ab67ff73fa,810109863976,Passion Fruit (Indica) | Rosin Infused 10:10:10 THC:CBD:CBN | 100mg 10pk,Good Tide,edibles,Gummies | Chews,indica,100mg,30,99,True,1
d36c0614f6d48edc,810109863969,Kiwi Strawberry (Hybrid) | Rosin Infused 10:10:10 THC:CBD:CBG | 100mg 10pk,Good Tide,edibles,Gummies | Chews,hybrid,100mg,30,9,True,1
6a2465f732ad6621,nydrmi2a0626,Sleepy Indica (Mini Bar) | Dark Chocolate W/ Sea Salt | 1:1 THC:CBN | 100mg,Gron,edibles,Chocolate Bar,indica,100mg,12,139,True,1
80dda4e3d23d35e4,NYBLG4B2425,Blackberry Lemonade Sleepy (Indica) | 1:1:1 THC:CBD:CBN | 10mg 10pk,Gron,edibles,Gummies | Chews,indica,100mg,22,54,True,1
3a05ad517e6e2d43,NYBBM4B1225,Blackberry (Indica) Sleepy MEGA | 1:1 THC:CBN | 100mg,Gron,edibles,Gummies | Chews,indica,100mg,18,26,True,1
afddc8ce280675ca,NYBAM4C0425,Baja Blaze (Sativa) MEGA | Live Rosin | 100mg,Gron,edibles,Gummies | Chews,sativa,100mg,20,68,True,1
5e0416d972d6c189,720140165963,Sol Burst | 2:1 THC:THCV | 100mg | 10pk,Ayrloom,edibles,Gummies | Chews,hybrid_sativa,100mg,25,44,True,1
a2cebb8cd79a5101,~4684322108358568,Pink Cookies | Moon Rock Infused Pre-Roll | 1g,Presidential,pre_rolls,Infused Pre-roll,indica,1g,22,28,True,1
f58182689516857d,850076930172,Sour Tangie | Live Resin Infused .5g Pre Rolls | 5pk,Florist Farms,pre_rolls,Infused Pre Rolls Multi Pack,sativa,2.5g,40,7,True,1
8a60938633ada493,uxc0000084,Unflavored | 2.5mg THC Dissolvable Dots | 40 Dots,CannaDots,beverages,Beverage Enhancers,,100mg,30,31,True,1
67047dd36ab2d7d0,,Sleep Tincture (Lavender Vanilla) | 150mg THC:300mg CBD:300mg CBN (30 Servings),Canna Clinicals,tinctures,Tinctures,,150mg,25,35,True,1
04cfa84f9e93810f,810139762973,2G Live Resin MFNY Skunk Badder,MFNY,concentrates,Badder,indica,2g,90,18,True,1
c503eb774d6aeef4,FOSN-101325,Orange Slice Nebula | Indoor 3.5g,Botanist,flower,Full Bud,hybrid_sativa,3.5g,30,6,True,1
646f65c6bf93ec37,850074036197,Black Panther | 3.5g Flower,Nanticoke,flower,Full Bud,hybrid_sativa,3.5g,39,7,True,1
fa335615de75bee1,,RS-11 | Cured Resin Badder | 1g,Glennas,concentrates,Badder,hybrid,1g,40,72,True,1
53aa22a04ec14045,917202502440,Blueberry Kush (Baby) | .5g | Quad Infused | 5pk,Jeeter,pre_rolls,Infused Pre Rolls Multi Pack,indica,2.5g,55,26,True,1
94872670d15abfe3,,Cap Junkie Premium Pre-Rolls | .5g | 5pk (Microgrow),Roemer Farms,pre_rolls,Pre Roll Multi Pack,hybrid_indica,2.5g,35,32,True,1
342644c45dbb4268,,Ice Cream Cake Premium Pre-rolls | .5g | 5pk (Microgrow),Roemer Farms,pre_rolls,Pre Roll Multi Pack,hybrid_indica,2.5g,35,67,True,1
7ee665388972188a,,Mandarin Orange Traveler Pro Edition | 2g AIO,Fernway,vaporizers,Disposable,sativa,2g,83,43,True,1
0d61f33198f03091,,Berry Haze Traveler Pro Edition | 2g AIO,Fernway,vaporizers,Disposable,indica,2g,83,40,True,1
2a536f240a927426,,Alpine Strawberry Traveler Pro Edition | 2g AIO,Fernway,vaporizers,Disposable,sativa,2g,83,35,True,1
06c098a950b694b3,,White Widow Traveler Pro Edition | 2g AIO,Fernway,vaporizers,Disposable,hybrid,2g,83,15,True,1
1d96dbcec6a1de3e,,Lil Leftys | Watermelon Mojito | Infused Pre-Rolls 0.75g 5 pack | 3.75g,Left Coast,pre_rolls,Infused Pre Rolls Multi Pack,indica,3.75g,40,15,True,1
cb8172e58726f41b,810029768696,Super Lemon Haze | 2g AIO Pen,Hashtag Honey,vaporizers,Disposable,sativa,2g,70,11,True,1
218481a557b297a5,850066346075,Bruce Banner | 1g Infused Pre Roll | 2pk | 2g Total,Harvest,pre_rolls,Infused Pre Rolls Multi Pack,hybrid_sativa,2g,20,210,True,1
dff6fadf553defba,81825LCZ,Lemon Cherry Zolato | 3.5g,Priscilla's Garden,flower,Full Bud,sativa,3.5g,50,35,True,1
86846ba126c14d5c,7485769901849826,Ice Cream Cake | AIO | 1g | Cannabis Terps - HTFSE,Gezoont,vaporizers,Disposable,indica,1g,50,6,True,1
55f23895e5b6edc1,751257003251,Grandaddy Purple | 510 Cart | 1.2g,Purple Hills,vaporizers,Cart,indica,1.2g,40,65,True,1
13b03fb6119cd6a6,110720216060,Sour Diesel x Maui Waui | 2g Dual Chamber AIO,Left Coast,vaporizers,Disposable,sativa,2g,75,29,True,1
a5e12f027a75bd9e,,Lil Leftys | Banana Creme Pie | Infused Pre-Rolls 0.75g 5 pack | 3.75g,Left Coast,pre_rolls,Infused Pre Rolls Multi Pack,sativa,3.75g,40,138,True,1
077db51e17047092,,Purple Sunset | Indoor Flower | 28g,LivWell,flower,Full Bud,indica,28g,140,24,True,1
3009d404d3d01776,,Anytime Bullet Bar | 100mg,Bullet Bar,edibles,Chocolate Bar,,100mg,13,31,True,1
a50b1c856e470326,,Nighttime Bullet Bar | 2:1 THC:CBN | 100mg,Bullet Bar,edibles,Chocolate Bar,,100mg,13,71,True,1
3e490dc9eea258bf,,Daytime Bullet Bar | 2:1 THC:CBG | 100mg,Bullet Bar,edibles,Chocolate Bar,,100mg,13,61,True,1
3a16793c16782f32,810029769143,Grand Daddy Purp (HH) | 1g Pre Roll,Hashtag Honey,pre_rolls,Pre Roll Singles,indica,1g,9,154,True,1
127c7938f5b2d165,,Strawberry Sunshine (Good Vibes) | Sativa Daytime | 100mg | 10pk,FX,edibles,Gummies | Chews,sativa,100mg,30,90,True,2
b7e913af4cab2005,,Melon Moonberry (Sweet Dreams) | Indica Sleep | 100mg | 10pk,FX,edibles,Gummies | Chews,indica,100mg,30,50,True,2
751db98ced870768,,Papaya Express (Sativa) | Infused Ground Flower | 7g,Toast,flower,Infused Flower,sativa,7g,80,30,True,2
dc571a2fad6a3ddb,,Cake Quake | Indoor Flower Infused Hit Stick | .5g Single,Highsman,pre_rolls,Chillums,indica,0.5g,15,4,True,3
25278857aa537d6a,,Strawberry Banana | Infused Blunt | 2g,Left Coast,pre_rolls,Infused Pre-roll,hybrid_indica,2g,35,104,True,1
544714e02e705ef1,810076073286,Boysenberry (Chews) | 10THC:5CBN:5CBG  | 10pk (Soothing Sleep),Camino,edibles,Gummies | Chews,indica,100mg,30,18,True,2
4c8a0fd662abb269,,Stonefruit Traveler Pro Edition | 2g AIO,Fernway,vaporizers,Disposable,hybrid,2g,83,1,True,1
867376f648c7f4bd,,Dulce De Leche | High Dose | 100mg Mini Bar,Soft Power Sweets,edibles,Chocolate Bar,indica,100mg,17,22,True,1
1378f34bcb99796b,850047472748,Mimosa (Sativa) x Dirty Shirley (Sativa) | 2 In 1 Switch | 2g AIO,Smoothie Bar,vaporizers,Disposable,sativa,2g,80,20,True,1
017d0771089ec5b9,,Ghost Train Haze | Infused Pre-Rolls 0.75g 5 pack | 3.5g,Harvest,pre_rolls,Infused Pre Rolls Multi Pack,hybrid_sativa,3.5g,40,55,True,1
7e2e2f03d32972fd,uxg0000056,Goliath | Hash Infused | 1.2g,UrbanXtracts,pre_rolls,Infused Pre-roll,indica,1.2g,16,23,True,1
80e6dcb0aa66106d,,Ice Cream Cake | Rosin | 1g,American Hash Makers,concentrates,Rosin,hybrid,1g,80,1,True,1
ca4ef94e7ed94494,850076950446,Honey Banana | Rosin | 1G (Micro Grower) | Weiss Farms,NYCE,concentrates,Rosin,hybrid,1g,60,1,True,1
af40b1e943ae1869,100125ATF-T2,ATF (ENERGY) | T2 | 2g AIO,Timeless,vaporizers,Disposable,sativa,2g,87,34,True,1
19289e999cbbe387,100125ATF1000,ATF (ENERGY) | 1g 510 Cart,Timeless,vaporizers,Cart,sativa,1g,52,42,True,1
6ad0636e3811bedc,355750341294,Mango | AiO Vape | 1g,CANNABALS,vaporizers,Disposable,hybrid,1g,35,42,True,1
4b64abed4f55ae7d,,Afternoon Delight #4 | 2g | LIVE RESIN | AIO,Rythm,vaporizers,Vape Live Rosin/resin Disposable,hybrid,2g,85,57,True,1
0add36ed5bf84aa2,702571814108,Apples and Bananas | Indoor | 7g (Full Bud),Route 27,flower,Full Bud,hybrid,7g,70,29,True,1
5a5d90a1934b9d4c,702571814085,Governmint Oasis | Indoor | 7g (Full Bud),Route 27,flower,Full Bud,indica,7g,70,1,True,1
0ecb7e2995101600,702571814092,Durban Poison | Indoor | 7g (Full Bud),Route 27,flower,Full Bud,sativa,7g,70,9,True,1
132f8301fb414cf2,001341000605,Thin Mint GSC | 1g Preroll,Leal,pre_rolls,Pre Roll Singles,hybrid,1g,7,120,True,1
f42177d629190782,,Plantain Chem | Flower | 3.5g (Long Island Grown),The Ladies,flower,Full Bud,sativa,3.5g,40,3,True,1
e811f775b698d5f9,,Animal Face | 2g Live Resin AIO,Rythm,vaporizers,Vape Live Rosin/resin Disposable,hybrid_indica,2g,85,69,True,1
5ec9c35debc9b7f9,,Happy Days Gift Card Holder,Happy Days,merchandise,Gift Cards,,,2.95,199,True,3
0822e95c7d399731,707129720214,Gorilla Goo | Moon Rock Infused Pre-Roll | 1g,Presidential,pre_rolls,Infused Pre-roll,hybrid,1g,22,39,True,1
1425a7f1a4638bad,1A41203000011FF000000375,Krazy Madness (Indoor) | 3.5g | Micro Grower,6 Point,flower,Full Bud,hybrid_indica,3.5g,54,11,True,1
fb7a38154644496b,,Half & Half | 2:1 THC:CBD | 10mg | Single,Ayrloom,beverages,Rtd,,10mg,5,323,True,1
086139a059be3b2c,720140163761,Vanilla Cola | 2:1 THC:CBD | 10mg | Single,Ayrloom,beverages,Rtd,,10mg,5,298,True,1
bcbdaef285823ecb,,Apple Berry | AIO Pen | 2g,New York Honey,vaporizers,Disposable,sativa,2g,68,10,True,1
29c9fb854c5feca0,810029769570,NY Sour Diesel | 510 Cart | 1g,Hashtag Honey,vaporizers,Cart,sativa,1g,28,217,True,1
d9c4ff9c0f91805d,101325BBK-1000,Blackberry Kush (REST) | 1g 510,Timeless,vaporizers,Cart,indica,1g,52,39,True,1
3ef1d8be29c19d2f,,Chronic Tonic | 3.5g Flower,Leal,flower,Full Bud,hybrid_sativa,3.5g,24,8,True,1
d69f33646db42d2f,,Blueberry | Live Resin MICRODOTS Jungle Cake | 100mg | 10pk,Umamii,edibles,Gummies | Chews,hybrid,100mg,20,29,True,1
0b2cf41612eecdce,nb01,Nino Brown (Craft Indoor) | 3.5g | Micro Grower,Milkweed,flower,Full Bud,hybrid_sativa,3.5g,50,16,True,1
2f9c18d120b83d7d,GW01,Galactic Warhead (Craft Indoor) | 3.5g | Micro Grower,Milkweed,flower,Full Bud,hybrid,3.5g,50,3,True,2
73d7dd27bb5fcb7b,1A41203000011FF000000069,Runtz Punch (Indoor) | 3.5g | Micro Grower,6 Point,flower,Full Bud,hybrid,3.5g,54,29,True,1
0b1f2cf88a26c1dd,810029769198,Strawberry Diesel | 2g AIO Pen,Hashtag Honey,vaporizers,Disposable,hybrid_sativa,2g,70,80,True,1
f110241938667297,,CBD Vape - It's Mint!  - Live Cannabis Terpene (THC-Free) - CBD+CBG+CBC+CBN+CBT,Chime & Chill,merchandise,Cbd Vape,,1g,45,36,True,2
95672086c13eaded,634240453601,Dank N Donuts | Bag Flower | 3.5g,Dank,flower,Full Bud,hybrid,3.5g,44,13,True,1
96c9e9167fadf525,850063095952,Party Animal (Party-Passion Pop) | Effects Rope | 10:4:3:2 THC:THCV:CBG:CBC | 100mg | 10 Servings,Off Hours,edibles,Gummies | Chews,hybrid_sativa,100mg,26,60,True,1
6b60aa02d098dd7c,850047472304,Alaskan Thunderfuck | 1g 510 Cart,Waferz,vaporizers,Cart,sativa,1g,32,13,True,1
2cf31391287a90f2,850047472311,Chemdawg | 1g 510 Cart,Waferz,vaporizers,Cart,hybrid,1g,32,5,True,1
ca8f86fb05fe1263,,Grape Ape (Live Resin) | 1g Live Resin 510 Cart,Left Coast,vaporizers,Vape - Live Rosin/resin Cart,indica,1g,40,57,True,1
52f841e7b703326a,794677768614,Cherry Pie | Indoor Infused Joint | 1g,Left Coast,pre_rolls,Infused Pre-roll,hybrid,1g,15,3,True,1
f01f48f79328c7ce,794677768782,Maui Pineapple | Indoor Infused Joint | 1g,Left Coast,pre_rolls,Infused Pre-roll,sativa,1g,15,239,True,1
e64156bec71c0402,794677768683,Pink Lemonade | Indoor Infused Joint | 1g,Left Coast,pre_rolls,Infused Pre-roll,hybrid,1g,15,20,True,1
3630a919277d102c,,"Black Cherry Bliss | 5pc, 20mg | 100mg",Nom Nom,edibles,Gummies | Chews,,100mg,20,9,True,1
b871be0df0eabb1a,850050687474,Ginger - Sativa | Infused | 4.5g Preroll | 6 pk,Drew Martin,pre_rolls,Infused Pre Rolls Multi Pack,sativa,4.5g,60,5,True,1
48f9d1e55d19eb01,,Blue Cookies | 28g,Smoakland,flower,Full Bud,indica,28g,99,19,True,1
d6912bf40c9bb4f8,,Garlic Budder | 28g | Flower,Leal,flower,Full Bud,indica,28g,160,16,True,1
a32ccf78b1d3635b,,Jelly Pancakes | Glacierz | Infused Flower | 7g,Waferz,flower,Infused Flower,indica,7g,80,27,True,1
47dde4d6ae2f8b76,,Pop Rockz | Badder | 1g,LOBO,concentrates,Badder,hybrid,1g,40,34,True,1
803c5f65aa6af0af,810139762294,Honey Banana Live Resin 510 Cart | .5g | 2pk,MFNY,vaporizers,Vape - Live Rosin/resin Cart,sativa,1g,65,20,True,1
5f04856a94be6031,850074667254,Protab MAX | Indica | 2ct 45mg Tablets | 90mg THC,LEVEL,edibles,Tablets,indica,92.4mg,10,24,True,1
f45044d6e8d9af90,810210391979,Durban Poison | Live Resin 2g Reload,Eureka,vaporizers,Live Rosin/resin Pod,sativa,2g,80,24,True,1
09fcbe2f247f02e9,378894459502,Rainbow Sherbert | Chubby Puff | AIO | 6g,CANNABALS,vaporizers,Disposable,hybrid,6g,120,26,True,1
4a572292dd35ff07,,Jungle Gemz | 3.5g Flower,Leal,flower,Full Bud,hybrid_indica,3.5g,24,26,True,1
e94e1c683ee51d19,850064318104,Dark Chocolate Salted Caramel Cups | 100mg | 10pk,I Am Goodness,edibles,Chocolate Pieces,,100mg,30,4,True,2
9e21450c08e1d4dd,,Urban Legend | Indoor 28g,Botanist,flower,Full Bud,indica,28g,180,40,True,1
be54431ea0942401,,Jelly Pancakes | Infused .7g Pre Roll | 2pk,Pines,pre_rolls,Infused Pre Rolls Multi Pack,indica,1.4g,8,69,True,1
86d10afbc486654a,634240467080,Acapulco Gold | .5g Preroll | 7pk (PR),Platinum Reserve,pre_rolls,Pre Roll Multi Pack,sativa,3.5g,38,22,True,1
65c7b67d8528e2d6,BSRPRNR00001,Nigerian Rafiki | .5g 2pk (Long Island Grown),The Ladies,pre_rolls,Pre Roll Multi Pack,sativa,1g,10,63,True,1
96388c1831648eca,769293503109,Lil Leftys | Monster Cookies | Infused Pre-Rolls 0.75g 5 pack | 3.75g,Left Coast,pre_rolls,Infused Pre Rolls Multi Pack,indica,3.75g,40,49,True,1
92facb8b4cf2e68b,,Creme | Flower | 28g,Harvest,flower,Full Bud,hybrid,28g,125,4,True,1
2e355d0c28d952f0,,Humboldt Headband | 1g Pre Roll,Leal,pre_rolls,Pre Roll Singles,hybrid_indica,1g,7,344,True,1
a09c3ad818ba948b,,Grandi Guava (FF) | 3.5g Flower,Florist Farms,flower,Full Bud,sativa,3.5g,40,2,True,1
6fec3016480fc70f,,Black Cherry | 2:1 THC:CBD | 10mg | Single,Ayrloom,beverages,Rtd,,10mg,5,236,True,1
b98f8c56c383b4f4,,Peanut Butter Muffin | Ground Flower | 14g,Dumbo Electric,flower,Shake,hybrid_sativa,14g,60,15,True,1
606575dc1cc21d4c,,LIVE RESIN | Sour Diesel | Badder 1g,MFNY,concentrates,Badder,sativa,1g,55,33,True,1
7c4e5959dd970979,,Citrus | Tincture | 1:1 | 1000mg THC : 1000mg CBD,Green Mantis,tinctures,Tinctures,,1000mg,40,28,True,1
3966e29543e2c668,850078096074,Rainbow Belts | 510 Cart | 1g,Jaunty,vaporizers,Cart,hybrid,1g,45,49,True,1
5c1ab4d6649e7a7c,,Acapulco Gold | Liquid Diamond | 2g AIO,CANNABALS,vaporizers,Vape Live Rosin/resin Disposable,sativa,2g,65,13,True,1
b6c0838a4bc3abd9,810220980064,Blue Lobster | 1g AIO Pen,Hashtag Honey,vaporizers,Disposable,indica,1g,40,137,True,1
04e2e9be53bcf732,,Grandaddy Purple x King Louis | 2g Dual Chamber AIO,Left Coast,vaporizers,Disposable,indica,2g,75,40,True,1
0059703535701172,,Jack Herer | .5g Preroll | 7pk,Platinum Reserve,pre_rolls,Pre Roll Multi Pack,sativa,3.5g,38,16,True,1
4af1d4f9880ac1ae,,BGG | Indoor 14g,Botanist,flower,Full Bud,indica,14g,95,11,True,1
1dc046db37f75f30,,Pink Kush (Indica) x La Wedding Pop (Sativa)  | 2 In 1 Switch | 2g AIO,Smoothie Bar,vaporizers,Disposable,,2g,80,55,True,1
7072d20806be8206,,Tropical Typhoon | Solventless Hash Infused | 100mg | 20 pack,Hashables,edibles,Gummies | Chews,,100mg,25,3,True,1
ae19b6a410643098,,Pineapple Whip | Liquid Diamonds AIO | 1.5g,Jaunty,vaporizers,Vape Live Rosin/resin Disposable,hybrid_sativa,1.5g,70,23,True,1
0676405504d4c458,,Night Owl Haze | Indoor | 3.5g,Waavy,flower,Full Bud,sativa,3.5g,44,31,True,2
b0752d8432337e32,,Lil Leftys | Orange Creamsicle | Infused Pre-Rolls 0.75g 5 pack | 3.75g,Left Coast,pre_rolls,Infused Pre Rolls Multi Pack,hybrid_sativa,3.75g,40,110,True,1
9fe2bc2c344bb128,,Jungle Gemz | 28g | Flower,Leal,flower,Full Bud,hybrid_indica,28g,160,34,True,1
bd6c1c9e377f77aa,1A41203000011FF000000374,Tricho Jordan (Indoor) | 3.5g | Micro Grower,6 Point,flower,Full Bud,hybrid_indica,3.5g,54,74,True,1
3cbcfa77e5d83bf7,850066346396,Strawberry Gorilla | Flower | 28g,Harvest,flower,Full Bud,hybrid,28g,150,10,True,1
b3ee1d796ce23632,,Glass Slipper | LIVE | 1g | Traveler AIO,Fernway,vaporizers,Disposable,hybrid,1g,61,22,True,1
7363cf1a80816ae8,,Peanut Butter Breath 28g | Indoor Flower,Smoke,flower,Full Bud,hybrid_indica,28g,150,1,True,1
c63ba75678c4d732,850070767002,Party Pack l Bomb Pop | 1g Pre Roll | 28pk,The Plug Pack,pre_rolls,Pre Roll Multi Pack,sativa,28g,100,28,True,1
dc1dddc1298cff33,,Pineapple (Sativa-BOLD) | 1g 510 Cart,Botanist,vaporizers,Cart,sativa,1g,40,32,True,1
7094ca9d4cb5994a,,Purple Drink (Indica-BOLD) | 510 Cart | 1g,Botanist,vaporizers,Cart,indica,1g,40,21,True,1
c36cf3487dfde958,,Gorilla Zkittlez | 28g | Flower,Leal,flower,Full Bud,hybrid_indica,28g,160,28,True,1
70b60fb0aaa02d72,,Macaroon | 3.5g Flower,Leal,flower,Full Bud,hybrid_sativa,3.5g,24,56,True,1
cdac1572afa55e71,,Golden Ticket | .5g Pre-Roll,Dank,pre_rolls,Pre Roll Singles,hybrid,0.5g,10,66,True,1
4e7f1bd654782028,,Honey Banana | LIVE RESIN | AIO | .35g,MFNY,vaporizers,Vape Live Rosin/resin Disposable,sativa,0.35g,18,47,True,1
30e5183037174475,,High Speed (Premium Line) | 3.5g,Rolling Green,flower,Full Bud,hybrid_sativa,3.5g,53,84,True,1
945d02cb0c907262,850084839122,Tangerine Punch | 1g Resin Tank AIO,Florist Farms,vaporizers,Vape Live Rosin/resin Disposable,sativa,1g,60,23,True,1
7db4a4d335fa700b,,Fortune Cookie | 3.5g Flower,Leal,flower,Full Bud,hybrid,3.5g,24,150,True,1
1e550c3231ca28b8,810029769990,Acai Gelato | Infused | 1g Pre Roll,Taste Makerz,pre_rolls,Infused Pre-roll,sativa,1g,12,37,True,1
104ffbfbda91262e,850066346402,Sherb Cream Pie | Flower | 28g,Harvest,flower,Full Bud,hybrid_indica,28g,100,41,True,1
3f0cec5f9e41b95a,,Melon Ball | Moonrocks | 4g,Spacebuds,flower,Infused Flower,hybrid,4g,60,32,True,1
928a388098a6190a,,THCA Diamond Powder | 1g,Silly Nice,concentrates,Other Concentrates,,1g,50,17,True,1
9a64f7479b67defb,,Peach Sunrise | Moonrocks | 4g,Spacebuds,flower,Infused Flower,hybrid,4g,60,40,True,1
3201c36aa27fa706,,Grapple Pie | Indoor 3.5g,Botanist,flower,Full Bud,hybrid,3.5g,30,3,True,1
2aef4650b31ca166,,Guava Glaze x Purple Ice | Solventless Water Soluble Sublingual Hash Rosin Powder | 1g,Trout & Co,tinctures,Sublingual,hybrid,1g,45,13,True,1
8e5b17093987ad59,,Pie Scream | Indoor Grown | 3.5g (Micro Grow),Royal Genetics,flower,Full Bud,hybrid_sativa,3.5g,55,27,True,1
60c183eb7f7a8601,,Velvet Lushers | Rosin Infused Hash Hole 1g,Jaunty,pre_rolls,Infused Pre-roll,indica,1g,20,70,True,1
810c26826e42c70a,,Stay Puft | Rosin Infused Hash Hole 1g,Jaunty,pre_rolls,Infused Pre-roll,sativa,1g,20,48,True,1
4017c5eeeef5397c,,Margarita | High Peaks | 10mg | Single | Sugar Free,High Peaks,beverages,Rtd,,10mg,5,173,True,1
446ddc8f09583ff0,,Strawberry (Fast Acting) | 5mg ea 20pk | 100mg,HIGH AF,edibles,Gummies | Chews,,100mg,15,38,True,1
a68837cb3251ddd1,,Fruit Punch (Fast Acting) | 5mg ea 20pk | 100mg,HIGH AF,edibles,Gummies | Chews,,100mg,15,86,True,1
4fd76abd7c96c7f7,,Blood Orange (Fast Acting) | 5mg ea 20pk | 100mg,HIGH AF,edibles,Gummies | Chews,,100mg,15,29,True,1
9fd64fc82c10bd1c,,Sour Watermelon (Fast Acting) | 5mg ea 20pk | 100mg,HIGH AF,edibles,Gummies | Chews,,100mg,15,4,True,1
a26065edd07f3dce,,Cherry Maui Wowie | 1g Live Resin AIO,Rythm,vaporizers,Vape Live Rosin/resin Disposable,sativa,1g,60,6,True,1
ce0a890a9816f0fd,,Pressure OG | 28g | Outdoor Flower,The Plug Pack,flower,Full Bud,hybrid,28g,95,18,True,1
e23f83e473c24984,,Trick Trick OG | 3.5g Flower,Lion Order,flower,Full Bud,indica,3.5g,50,87,True,1
a4606364f5adf5c2,,Young Gong | 3.5g Flower,Lion Order,flower,Full Bud,hybrid,3.5g,50,213,True,1
f2f0bb6771d47497,,Sour Lemonade | 100mg | 10pk,Smokiez,edibles,Gummies | Chews,sativa,100mg,22,18,True,1
f09e834bb2b0b470,,Pineapple Upside Down Cake (Moon Stone) | Liquid Diamonds | Hash Rosin | 1g AIO,Spacebuds,vaporizers,Vape Live Rosin/resin Disposable,hybrid,1g,65,29,True,1
94a4f5f300ba5728,,GSC | Indoor 3.5g,Botanist,flower,Full Bud,indica,3.5g,30,16,True,1
6cde1046e8273f9c,,Giraffe Head | 1g | Preroll,Lion Order,pre_rolls,Pre Roll Singles,indica,1g,15,2,True,1
f79a87b598c66abd,,Sunshine Kush | 1g | Preroll,Lion Order,pre_rolls,Pre Roll Singles,hybrid,1g,15,60,True,1
5b31c338c8f34ba6,,Gastopia | 3.5g,Priscilla's Garden,flower,Full Bud,hybrid_indica,3.5g,50,29,True,1
b7b004503ca8e709,,Unicorn Piss | Diamond Infused .5g Joint | 5pk,Hashtag Honey,pre_rolls,Infused Pre Rolls Multi Pack,hybrid_sativa,2.5g,32,26,True,1
32286128827f0a37,040826HP-1000,Hash Plant | Live Resin Terpenes | Noir | 510 Cart | 1g,Timeless,vaporizers,Vape - Live Rosin/resin Cart,hybrid_indica,1g,57,51,True,1
b1763d86ecd6dc78,,Faderade | Twisted Jefe XL | AIO 2g,Mfused's Super Fog,vaporizers,Disposable,hybrid_sativa,2g,65,51,True,1
7c597fc2c2dcee3c,,Blue Dream (NB) | 3.5g | Micro Grower,Nautical Blaze,flower,Full Bud,sativa,3.5g,32,47,True,1
904d3b34ff8db2af,,Tricho Jordan | 1g | Hand-Rolled Indoor (Micro-Grow),Lead Farmer,pre_rolls,Pre Roll Singles,hybrid,1g,14,4,True,1
2d3971ff6bf9e44a,,Tricho Jordan | 7g | Indoor | Hand-Trimmed (Micro-Grow),Lead Farmer,flower,Full Bud,hybrid,7g,92,23,True,1
816e45d0b5e70883,,Stars & Stripesicles | Twisted Jefe Plus | AIO 2g | Liquid Diamonds,Mfused's Super Fog,vaporizers,Disposable,hybrid_indica,2g,65,84,True,1
f17ce2cf09c49754,,Cherry Maui Wowie | 5 Pack 1.75g | Dogwalkers (Play),Dogwalkers,pre_rolls,Pre Roll Multi Pack,sativa,1.75g,28,7,True,1
f431bdb28b13bf56,,Orange Mimosa | LIVE RESIN | 2g AIO,Moon Dust,vaporizers,Vape Live Rosin/resin Disposable,sativa,2g,80,4,True,1
8089462f4e2beea4,,Red White & Glue | LIVE RESIN | 2g AIO,Moon Dust,vaporizers,Vape Live Rosin/resin Disposable,indica,2g,80,5,True,1
349c4abc0ce54d64,,Millionaire #4 | Indoor 3.5g,Botanist,flower,Full Bud,sativa,3.5g,30,59,True,1
fc0a045a77fb0841,,1996 Albany Sour Diesel | Indoor Flower | 3.5g,Left Coast,flower,Full Bud,hybrid_sativa,3.5g,45,61,True,1
73bade783117248a,,Whoa-si-Whoa | 3.5g | (Micro Grower),The Drop,flower,Full Bud,indica,3.5g,54.9558,135,True,2
76ba18bd4e515bd1,,Derailed | 3.5g,Hepworth,flower,Full Bud,indica,3.5g,30,66,True,1
