id,source_url,slug,name,description,short_description,base_price,compare_at_price,currency,available,product_type,thc_percent,thca_percent,cbd_percent
frozenhashish:9256,https://frozenhashish.com/product/cali-plates-premium-dry-sift-70-130u/,cali-plates-premium-dry-sift-70-130u,CALI PLATES PREMIUM DRY SIFT 70-130U,,,190,190,EUR,True,Cali Plates Hash,,,
frozenhashish:7625,https://frozenhashish.com/product/cali-plates-double-d-dry-sift-hash/,cali-plates-double-d-dry-sift-hash,Double D,"Cali Plates Double D Dry Sift Hash – Rich, Smooth & Premium Craft Quality
The
Cali Plates Double D Hash
is a
premium concentrate
crafted for enthusiasts who appreciate exceptional quality, rich flavor, and smooth consistency. Carefully produced using high-quality standards, this hash delivers a refined experience with a balanced profile, robust aroma, and satisfying finish that makes it a standout choice among premium concentrates.
Why Choose Cali Plates Double D Dry Sift Hash?
Premium-quality hash crafted with care
Rich and distinctive flavor profile
Smooth texture and easy handling
Consistent quality in every batch
Designed for concentrate enthusiasts seeking premium craftsmanship
Flavor Profile
Cali Plates Double D Hash offers a memorable flavor experience featuring:
Deep earthy notes
Subtle sweet undertones
Hints of herbs and spice
Smooth and satisfying finish
Its balanced flavor profile creates a rich and enjoyable concentrate experience from beginning to end.
Aroma & Appearance
This premium hash features an inviting aroma that blends earthy richness with subtle sweet and herbal notes. Its carefully crafted texture and appearance reflect the quality and attention to detail that define the Cali Plates collection.
Key Features Of Cali Plates Double D Dry Sift Hash
Premium craft hash
Rich aromatic profile
Smooth consistency
High-quality production standards
Exceptional craftsmanship
Crafted for Premium Enjoyment
Whether you’re an experienced concentrate enthusiast or exploring premium hash products, Cali Plates Double D Hash delivers a refined experience focused on quality, flavor, and consistency.
Why Cali Plates?
Cali Plates is recognized for producing premium concentrates that emphasize craftsmanship, innovation, and quality. Every product is carefully developed to provide a superior experience for those who appreciate premium concentrates.
Conclusion
For those seeking premium hash with rich flavor, smooth texture, and exceptional craftsmanship,
Cali Plates Double D Hash
is an excellent choice. Experience the quality, aroma, and refined character that make this product a standout addition to the Cali Plates lineup.
Discover the premium craftsmanship of Cali Plates Double D Hash today.
How To Consume Cali Plates Double D Hash
1. Low-Temperature Dabbing
Crumble a small piece onto a mesh pad inside a banger; heat to 430–470°F / 221–243°C. The mesh prevents fine dry sift particles from pulling through while delivering smooth, full-flavor vapor.
2. Vaporization (Concentrate Device)
Load crumbled hash into a mesh basket or steel-wool chamber; run at 390–430°F / 199–221°C. Clean, efficient, and preserves the strain’s complete terpene profile.
3. Flower Topper
Sprinkle dry sift crumbles over ground flower in a bowl or bong. Use an indirect flame or hemp wick to avoid scorching the delicate trichome particles.
4. Hash Pipe / Chalice
Place on a fine screen inside a traditional hash pipe; hover heat above the surface for even vaporization without direct charring.
5. Hot-Knife / Blade Method
Press a small crumb between two heated knife blades and inhale the vapor through a funnel or bottle. Immediate, intense, and direct.
6. Twaxed Joint / Spliff
Warm a thin line of crumbles, roll it into a snake, and lay it inside a paper with flower. Burns slower, boosts potency, and layers the terpenes evenly throughout the smoke.
7. Electric Nail (E-Nail)
Set to a steady 440–460°F / 227–238°C with a mesh pad. Maintains optimal temperature for extended sessions without re-torching.
8. Dry Herb Vaporizer (Concentrate Capsule)
Load a pinch onto a concentrate pad or capsule; use the device’s highest concentrate preset. Ideal for discreet, terp-rich draws on the go.
Why Buy Cali Plates Double D Dry Sift Hash From Our Website
https://frozenhashish.com/
1. Genuine Solventless Mechanical Purity
This is not a chemically washed or solvent-extracted concentrate relabeled as hash. Our Double D dry sift is produced exclusively through controlled mechanical agitation and precision micron screening — no butane, no propane, no CO₂, no ethanol, and no residual hydrocarbons of any kind. You are purchasing intact, unadulterated trichome heads pressed into a dense, stable plate, preserving the raw, full-spectrum character of the Double D lineage exactly as the plant produced it.
2. The Double D Lineage, Preserved in Raw Resin
Double D carries a distinctive genetic profile that deserves an extraction method worthy of its complexity. By utilizing dry sift, mechanical separation without water, heat, or oxidation — we protect the delicate volatile compounds and full terpene spectrum that define this cultivar. Water-based methods dilute and strip; solvent methods destroy subtlety. Dry sift keeps the resin’s original architecture intact, delivering the authentic aromatic and effect signature of the Double D genetics.
3. Verified Potency, Batch-Specific Lab Data
Every plate ships with a complete, independent Certificate of Analysis: total cannabinoid potency, full terpene profile, microbial screening, heavy metals, and residual solvent testing. We do not issue generic spec sheets. You receive the exact lab report for your specific batch, printed and enclosed, so you know precisely what is in your plate and can consume or collect with full confidence.
4. EU-Focused Discreet Fulfillment & Cold-Chain Integrity
We store and ship from regional EU fulfillment nodes, reducing transit time and customs exposure. Your order is sealed in medical-grade, multi-layer smell-proof barrier film, packed inside rigid, unmarked outer packaging, and dispatched with temperature protection where needed. It arrives fresh, structurally intact, and completely private, no external branding, no scent leakage, no unnecessary scrutiny.
5. Dense Plate Format for Precision & Stability
Raw dry sift is potent but notoriously unwieldy — static-charged, messy, and difficult to dose accurately. By pressing it into a Cali Plate, we give you a firm, snap-clean slab that crumbles exactly when and how you want it. No wasted dust. No guesswork. Just precise, controlled dosing and clean storage in any standard concentrate container.
6. Climate-Controlled Storage from Press to Parcel
We maintain our inventory in sealed, climate-controlled environments at 58–62% RH and cool, stable temperatures. When you buy from our platform, you are not receiving aged, oxidized stock from an open warehouse. You are getting a plate that was pressed, cured, and sealed under ideal conditions, with peak freshness locked in from our facility to your collection.
7. Expert Guidance, Not Generic Automation
Our team understands the mechanics of dry sift, the importance of micron ranges, and the nuances of low-temperature consumption. If you need advice on crumbling technique, mesh pad selection, or optimal temperature ranges for preserving this plate’s specific terpene profile, you will receive informed, human support, not scripted chatbot responses.
8. Curated for the Serious Collector
Cali Plates Double D is a limited, lineage-specific solventless release. We do not bulk-blend anonymous trim or mass-produce generic plates. When you purchase through our website, you are securing a verified, traceable, premium-grade dry sift that belongs in a connoisseur’s collection — not a diluted commodity passed through multiple intermediaries.","Lab Tested
Discreet Shipping
Satisfaction Guaranteed",400,400,EUR,True,Cali Plates Hash,,,
frozenhashish:7620,https://frozenhashish.com/product/cali-plates-el-fuego-dry-sift-hash/,cali-plates-el-fuego-dry-sift-hash,Cali Plates El Fuego Dry Sift Hash,"Cali Plates El Fuego Dry Sift Hash – Premium Dry Sift Collection
Cali Plates El Fuego Dry Sift Hash
is a premium dry sift collection appreciated for its refined texture, rich aroma, and carefully selected quality. Crafted using traditional dry sifting techniques, this collection is designed for enthusiasts who value consistency, clean presentation, and distinctive terpene profiles. Explore the Cali Plates El Fuego Dry Sift Hash collection to discover premium products that combine quality craftsmanship with an exceptional customer experience.
Key Features Of Cali Plates El Fuego Dry Sift Hash
Strain/name
: “El Fuego” (“The Fire”) — one of Cali Plates’ named dry sift offerings, sold alongside other strains like Cereal Milk and Fire OG.
Extraction method
: It’s made through dry sifting, a traditional mechanical process that separates trichomes from plant material without solvents.
Format
: Cali Plates hash is typically pressed into flat, thin, regular plates that are easy to handle and cut — a presentation similar to premium resin slabs.
Appearance/texture
: The resin ranges from light to darker brown, sometimes with golden highlights, often with a slightly shiny surface indicating high trichome concentration. It’s usually malleable and greasy to the touch, becoming more pliable with warmth.
Flavor/aroma
: Aromas tend toward earthy and kush notes, sometimes creamy, sweet, fruity, or gassy, reflecting the popular modern genetics used.
Potency/effects
: Thanks to high trichome concentration, these are generally potent, with effects described as deep and body-relaxing, aimed at more experienced users.
Pricing
: Listed with tiered pricing by quantity — roughly $400 up to $6,000 (or €400–€7,500 on the EU storefront) depending on how much you buy.
How To Consume
Cali Plates El Fuego Dry Sift Hash
Smoking with flower
— crumbled and mixed into a joint or bowl of ground cannabis flower. This is one of the most traditional methods and tends to burn more evenly than hash alone.
Pipe or bong
— placed on top of a flower bowl, or on a screen, and smoked directly.
Hot knifing
— a small piece is heated between two hot surfaces (traditionally knives) and the vapor is inhaled through a funnel or tube. Old-school method, less common now due to safety concerns with open flame/hot metal.
Dab rig / concentrate vaporizer
— some drier, higher-quality sifts can be vaporized at low temperature on a rig designed for concentrates, though dry sift (unlike rosin) doesn’t always melt cleanly since it retains more plant material.
Vaporizer designed for concentrates
— a cleaner, more controlled way to vaporize versus combustion.
Shop Cali Plates El Fuego Dry Sift Hash Online
Available in various sizes
(grams to bulk) for personal use or resellers, with discreet worldwide shipping options from authorized vendors.
Shop Cali Plates El Fuego Dry Sift Hash Online
today for one of the finest dry sift experiences available. Whether you’re a connoisseur or exploring premium hash for the first time, this product delivers on flavor, potency, and tradition.
Frequently Asked Questions: Dry Sift Hash
What is dry sift hash?
Dry sift is a solventless cannabis concentrate made by mechanically separating trichomes (resin glands) from cannabis flower using screens, without using ice water, heat, or solvents. The collected trichomes are often pressed into flat plates or slabs.
What does “Cali plate” style mean?
“Cali plate” refers to a presentation style and quality tier that became popular in the concentrate market — hash pressed into flat, thin plates. It’s more of a branding/style term than an official product standard, so quality varies significantly between producers regardless of the name.
Is dry sift hash the same as bubble hash or rosin?
No. Bubble hash uses ice water and agitation to separate trichomes; rosin uses heat and pressure on flower or hash to extract oil. Dry sift uses only dry mechanical sifting through screens, which typically retains a bit more plant material than bubble hash but no solvents at any stage.
How is quality typically judged?
By trichome purity (how little plant debris is present), texture (malleable, not crumbly or dry), color, aroma intensity, and melt quality when heated. A certificate of analysis (COA) from a third-party lab is the only reliable way to verify potency and check for contaminants like pesticides or mold.
How should it be stored?
Cool, dark, airtight conditions — similar to flower. Heat and light degrade terpenes and potency over time.
Is it legal to buy?
This depends entirely on your local jurisdiction. Cannabis concentrate legality varies by country and, in the US, by state. It’s worth checking local law before purchasing anything, and buying only through licensed retailers where required.
How can I verify a specific product’s claims?
Ask for a current, batch-specific COA from an accredited third-party lab — not just a claim of “lab tested” on a website. Legitimate producers make these easy to find.","Lab Tested
Discreet Shipping
Satisfaction Guaranteed
SHOP NOW",400,400,EUR,True,Cali Plates Hash,,,
frozenhashish:7610,https://frozenhashish.com/product/cali-plates-forbidden-fruit-hash/,cali-plates-forbidden-fruit-hash,Forbidden Fruit,"Cali Plates Forbidden Fruit Hash for Sale – Expert-Sourced, Lab-Tested Premium Hash
Cali Plates Forbidden Fruit Hash
delivers a smooth,
premium hash
experience with a sweet, fruity aroma, rich flavor, and refined texture. It is a strong choice for buyers looking for bold taste, quality, and a standout fruit-inspired profile.
Key Features Of Cali Plates Forbidden Fruit Hash
Sweet fruity flavor:
Offers rich forbidden fruit-style notes with a smooth, flavorful finish.
Premium hash texture:
Soft, refined, and easy to handle for a quality user experience.
Aromatic profile:
Features a bold, fruity scent with subtle earthy undertones.
Potent experience:
Designed for customers seeking a strong and satisfying hash product.
Trusted Cali Plates quality:
Made for consistency, presentation, and premium appeal.
Commercial appeal:
Ideal for buyers searching for a flavorful, fruit-forward hash with a distinctive profile.
How To Use Cali Plates Forbidden Fruit Hash
1. Low-Temperature Dabbing
Crumble onto a mesh pad inside a banger; heat to 430–470°F / 221–243°C. Sweet tropical-citrus terpenes shine brightest on a slow, cool draw.
2. Vaporization (Concentrate Device)
Load into a mesh basket or steel-wool chamber; run at 390–430°F / 199–221°C. Clean, precise, and preserves the strain’s cherry-grape sweetness.
3. Flower Topper
Sprinkle crumbled dry sift over ground flower in a bowl or bong. Use indirect flame or a hemp wick to avoid scorching the fine trichome particles.
4. Hash Pipe / Chalice
Place on a fine screen inside a traditional hash pipe; hover heat above the surface for smooth, even vaporization without direct charring.
5. Hot-Knife / Blade Method
Press a small crumb between two heated blades and inhale the vapor through a funnel or rolled cardboard. Immediate, intense, and direct.
6. Twaxed Joint / Spliff
Roll a thin snake of warmed crumbles and lay it inside a paper with flower. Burns slower, boosts potency, and layers the fruit terps throughout the smoke.
7. Electric Nail (E-Nail)
Set to a steady 440–460°F / 227–238°C with a mesh pad. Maintains perfect temperature for long, flavorful sessions without re-torching.
8. Dry Herb Vaporizer (Concentrate Capsule)
Load a pinch onto a concentrate pad or capsule; use the device’s highest concentrate preset. Ideal for discreet, terp-rich draws on the go.
Why Buy Cali Plates Forbidden Fruit Hash Online From Our Website
1. True Solventless Purity, Mechanically Perfected
This is not chemically stripped resin masquerading as hash. Our Forbidden Fruit dry sift is produced entirely through mechanical agitation and precision micron screening zero solvents, zero adulterants, zero residual hydrocarbons. You are buying intact, uncut trichome heads in a dense, stable plate, with the strain’s full cherry-grape-tropical terpene spectrum preserved exactly as nature produced it.
2. The Forbidden Fruit Terpene Profile, Uncompromised
Forbidden Fruit is famous for its dessert-like collision of sweet cherry, deep grape, and tropical citrus cut with an earthy pine backbone. Because we use dry sift extraction, no water, no heat, no oxidation — those delicate fruity esters and volatile monoterpenes survive intact. The result is a bright, candy-forward aroma and flavor that water-based or solvent extracts simply cannot replicate.
3. Independent Lab Verification, Batch by Batch
Every plate ships with a complete, third-party Certificate of Analysis: total cannabinoid potency, full terpene breakdown, microbial screening, heavy metals, and residual solvent testing. We do not send generic spec sheets. You receive the exact lab data for your specific batch, so you know precisely what you are consuming.
4. EU-Optimized Cold-Chain & Discreet Fulfillment
We store and ship from regional EU nodes, minimizing transit time and customs exposure. Your order is sealed in medical-grade, multi-layer smell-proof barrier film, packed inside rigid, unmarked outer packaging, and dispatched with cold-chain protection where required. It arrives fresh, intact, and entirely private  no logos, no labels, no odor.
5. Dense Plate Stability, Easier to Handle Than Loose Kief
Dry sift is potent but notoriously messy in its raw form. By pressing it into a stable Cali Plate, we give you a dense, snap-clean slab that crumbles exactly when you want it to — no static-charged dust, no wasted material, no guesswork. Dose with precision, store with confidence, travel with discretion.
6. Freshness You Can Control
We store inventory in climate-controlled environments at 58–62% RH and cool, stable temperatures. When you buy from us, you are not receiving months-old stock from a humid warehouse. You are getting a plate that was pressed, cured, and sealed under optimal conditions, with peak aromatic freshness maintained from our facility to your jar.
7. Expert Support, Not Automated Scripts
Our team understands hash, the extraction methods, the terpene sensitivities, the optimal temperatures for each texture type. If you have questions about how to crumble a plate, what micron range means, or whether your vaporizer needs a mesh pad, you get informed, human guidance, not chatbot deflection.
8. Built for the Connoisseur Collector
Cali Plates Forbidden Fruit is a limited-run, lineage-specific release. We do not mass-produce or blend anonymous trim. When you buy from our platform, you are securing a verified, traceable, premium-grade dry sift plate that belongs in a serious collection not a commodity product diluted by intermediaries.
Frequently Asked Questions — Cali Plates Forbidden Fruit Hash
1. What is Cali Plates Forbidden Fruit Dry Sift Hash?
It is a solventless concentrate produced by mechanically separating trichome heads from Forbidden Flower cultivars through dry agitation and precision micron screening. The purified resin is pressed into a dense, stable slab — a “plate” — that preserves the strain’s signature sweet cherry, deep grape, and tropical citrus terpene profile without the use of water, heat, or chemical solvents.
2. Is this product solventless?
Yes. No butane, propane, CO₂, ethanol, or any chemical solvents are used. The extraction is entirely mechanical: dry plant material is gently agitated over fine mesh screens, and only the trichome heads that pass through the ideal micron range are collected and pressed. The result is clean, unadulterated resin with zero residual hydrocarbons.
3. What does the texture feel like?
Cali Plates Forbidden Fruit Hash is dense, firm, and pressed into a rigid slab that snaps cleanly when broken. It is darker and more compact than airy mousse-style hash, with a dry, crumbly interior that breaks into fine, sandy particles. At room temperature it should be solid but not rock-hard; when gently warmed between your fingers, it becomes pliable enough to crumble and shape without becoming sticky.
4. What is the best way to consume it?
Because dry sift consists of fine, unconsolidated trichome particles, we strongly recommend using a
mesh screen or pad
with any method:
Low-temperature dabbing
(430–470°F / 221–243°C) with a stainless steel mesh pad in the banger to prevent particulate pull-through.
Vaporization
in a concentrate device fitted with a mesh basket or steel-wool barrier.
Topping flower
in a bowl, using indirect flame or a hemp wick to avoid scorching the fine particles.
Traditional pipe or hash chalice
with a fine screen and gentle, hovering heat.
Avoid high temperatures, which destroy Forbidden Fruit’s volatile fruity and citrus terpenes rapidly.
5. How should I store it?
Store the plate in an airtight, UV-protected container in a cool, dark place. While dry sift is more stable and less moisture-dependent than mousse-style hash, 58–62% RH is still ideal to prevent over-drying or oxidation. Keep it away from heat and sunlight to preserve the sweet cherry-grape complexity. Properly stored, it remains stable for up to 18 months, with peak aromatic freshness within the first 6–12 months.
6. Does it ship with lab results?
Yes. Every unit includes a complete independent Certificate of Analysis covering cannabinoid potency, full terpene profile, microbial screening, heavy metals, and residual solvent testing. You receive the specific batch data for your plate — not a generic specification sheet.
7. Is Cali Plates Forbidden Fruit Hash legal in the EU?
Our product is marketed and sold as a hemp-derived or THCA-rich concentrate with Δ9-THC levels at or below the 0.3% threshold in compliance with EU hemp regulations at the time of production. Laws vary by member state and are subject to change. We strongly recommend reviewing your local jurisdiction’s regulations before ordering. This product is intended for adult collectors and connoisseurs of legal age.
8. How is it packaged for shipping?
Orders are sealed in medical-grade, multi-layer smell-proof barrier film and placed inside rigid, unmarked outer packaging. We use regional EU fulfillment nodes to minimize transit time, reduce customs friction, and protect the plate structure from physical damage and temperature fluctuations.
9. How does dry sift compare to bubble hash or traditional pressed hash?
Traditional Moroccan or Afghan hash is often hand-rubbed or pressed with heat and oxidation, creating a dark, firm block that mutes delicate terpenes. Bubble hash uses ice water and agitation, then is often dried and pressed into a wet, sandy consistency. Cali Plates Forbidden Fruit Dry Sift is mechanically separated dry, without water, preserving the raw, unadulterated terpene profile specific to the Forbidden Fruit lineage. It is then pressed into a clean, dense plate that is easier to handle, dose, and store than loose kief while remaining more crumbly and easier to break than hard traditional charas.
10. Who is this product best suited for?
It is ideal for experienced consumers and collectors who appreciate sweet, fruity, dessert-like terpenes and the ritualistic texture of a true dry sift plate. If you value solventless purity, the bright candy-forward complexity of Forbidden Fruit genetics, and a stable, dense concentrate that crumbles exactly as you want it to, this belongs in your collection.
11. What is the cannabinoid potency?
Potency varies by batch. The current lot typically tests between 50% and 65% total cannabinoids, with THCA as the dominant cannabinoid. Exact percentages are printed on your included Certificate of Analysis. As a full-spectrum, mechanically separated resin, the entourage effect is pronounced, contributing to its deep, long-lasting impact.
12. Can I use it for edibles?
While technically possible, we do not recommend using Cali Plates Forbidden Fruit Dry Sift Hash for edibles. Its value lies in its delicate terpene complexity and the sweet, fruity aromatic profile of Forbidden Fruit, both of which are destroyed by the decarboxylation temperatures required for cooking. It is best enjoyed as a concentrate via vaporization or low-temperature dabbing to fully appreciate its flavor and effect.","Lab Tested
Discreet Shipping
Satisfaction Guaranteed
SHOP NOW",400,400,EUR,True,Cali Plates Hash,,,
frozenhashish:7598,https://frozenhashish.com/product/cali-plates-fruitcake-hash/,cali-plates-fruitcake-hash,Fruitcake,"Cali Plates Fruitcake Hash – Sweet, Fruity & Premium Craft Quality
The
Cali Plates Fruitcake Hash
is a premium concentrate crafted for enthusiasts who appreciate rich flavor, exceptional quality, and smooth consistency. Inspired by the sweet and complex character of traditional fruitcake, this hash delivers a unique blend of fruity sweetness, subtle spice notes, and a satisfying finish that makes every session memorable.
Why Choose Cali Plates Fruitcake Hash?
Premium-quality hash crafted with care
Sweet and fruit-forward flavor profile
Rich aroma with layered complexity
Smooth texture and consistent quality
Produced to meet the highest standards of craftsmanship
Flavor Profile
Cali Plates Fruitcake Hash offers a distinctive flavor experience featuring:
Sweet mixed fruit notes
Hints of citrus zest
Subtle spice undertones
Smooth and flavorful finish
Its balanced combination of sweetness and depth creates a unique concentrate experience for flavor enthusiasts.
Aroma & Appearance
This premium hash features a rich aroma that combines fruity sweetness with classic hash characteristics. Its carefully crafted texture and appearance reflect the quality and attention to detail that define the Cali Plates collection.
Key Features
Premium craft hash
Sweet fruit-inspired flavor
Rich aromatic profile
Smooth consistency
Exceptional craftsmanship
Crafted for Flavor Enthusiasts
Whether you’re a long-time concentrate enthusiast or exploring premium hash options,
Cali Plates
Fruitcake Hash offers a refined experience focused on flavor, quality, and consistency.
Why Cali Plates?
Cali Plates is known for producing premium concentrates that emphasize craftsmanship, quality, and innovation. Every product is carefully developed to provide a superior experience for those who appreciate premium concentrates.
Conclusion
For those seeking premium hash with sweet fruit notes, rich aroma, and exceptional craftsmanship,
Cali Plates Fruitcake Hash
is an outstanding choice. Enjoy the smooth texture, flavorful character, and premium quality that make this product a standout addition to the Cali Plates lineup.
Experience the rich flavor and craftsmanship of Cali Plates Fruitcake Hash today.","Lab Tested
Discreet Shipping
Satisfaction Guaranteed
SHOP NOW",400,400,EUR,True,Cali Plates Hash,,,
frozenhashish:7593,https://frozenhashish.com/product/cali-plates-gmo-dry-sift-hash/,cali-plates-gmo-dry-sift-hash,GMO Dry Sift,"Cali Plates GMO Dry Sift Hash for Sale – Expert-Sourced, Lab-Tested Premium Hash
A premium, solventless
dry sift hash
pressed into classic presentation plates, showcasing the unapologetic pungency of the GMO (Garlic Cookies) lineage. Born from California’s elite breeding culture, this resin captures the strain’s signature savory depth, roasted garlic, onion, earthy diesel, and dark coffee—through patient mechanical trichome separation and careful curing. The result is a dense yet crumbly plate that melts into a complex, full-spectrum experience, lab-verified and shipped cold-chain to preserve every volatile terpene.
Key Features Of Cali Plates GMO Dry Sift Hash
Solventless dry sift extraction:
Pure mechanical separation via fine micron screens; zero chemical solvents, CO₂, or hydrocarbons.
GMO (Garlic Cookies) lineage:
Chemdawg × GSC genetics delivering a heavy, pungent terpene profile of garlic, skunk, earth, and sweet coffee.
Traditional plate format:
Pressed into stable, easy-to-handle slabs that crumble cleanly for vaporization or low-temp dabbing.
Lab-tested purity:
Includes an independent Certificate of Analysis for cannabinoid potency, terpene content, heavy metals, microbial contaminants, and residual solvents.
Cold-chain EU fulfillment:
Stored and shipped at optimal conditions in discreet, smell-proof, medical-grade barrier packaging.
Humidity-controlled storage:
Maintained at 58–62% RH in UV-protected containers to preserve texture, aroma, and potency from our facility to your collection.
Connoisseur-grade potency:
High total cannabinoid concentration with a robust entourage effect typical of full-spectrum dry sift resin.
Consumption Methods — Cali Plates GMO Dry Sift Hash
1. Low-Temperature Dabbing
Crumble onto a mesh pad inside a banger; heat to 430–470°F / 221–243°C. Slow, flavor-forward hits that preserve GMO’s garlic-diesel terpenes.
2. Vaporization (Concentrate Device)
Load into a mesh basket or steel-wool chamber; set to 390–430°F / 199–221°C. Clean, efficient, and ideal for savoring the full terpene profile.
3. Flower Topper
Sprinkle crumbled dry sift over ground flower in a bowl or bong. Use an indirect flame or hemp wick to avoid scorching the fine particles.
4. Hash Pipe / Chalice
Place on a fine screen inside a traditional hash pipe; hover heat rather than direct flame for smooth, even combustion.
5. Hot-Knife / Blade Method
Press a small crumb between two heated knife blades and inhale the vapor through a funnel or bottle. Old-school, direct, and intense.
6. Twaxed Joint / Spliff
Warm a thin line of crumbles, roll it into a snake, and lay it inside a paper with flower. Burns slower and boosts potency significantly.
7. Electric Nail (E-Nail)
Set to a steady 440–460°F / 227–238°C with a mesh pad. Consistent temperature for extended sessions without re-torcing.
8. Dry Herb Vaporizer (Concentrate Capsule)
If your device supports concentrate pads or capsules, load a pinch of crumbles and run at the unit’s highest concentrate preset.
Cali Plates GMO Dry Sift Hash — Frequently Asked Questions (FAQ).
1. What exactly is Cali Plates GMO Dry Sift Hash?
It is a premium, solventless concentrate produced by mechanically separating trichome heads from GMO (Garlic Cookies) cultivars using fine micron screens, then pressing the purified resin into dense, stable slabs known as plates. Unlike ice-water hash, dry sift relies on dry agitation and precision screening to isolate resin glands, preserving the strain’s signature savory terpenes—roasted garlic, onion, earthy diesel, and dark coffee—in a full-spectrum, contaminant-free format.
2. Is this hash solventless?
Yes. Absolutely no butane, propane, CO₂, ethanol, or chemical solvents are used at any stage. The extraction is purely mechanical: dry plant material is gently agitated over a series of fine mesh screens, and only the trichome heads that pass through at the ideal micron range are collected and pressed. The result is a clean, unadulterated resin with zero residual hydrocarbons.
**3. What does the texture feel like?**
Cali Plates GMO Dry Sift Hash is dense, firm, and pressed into a stable slab that snaps cleanly when broken. It is darker and more compact than airy mousse-style hash, with a dry, crumbly interior that breaks into fine, sandy particles. At room temperature it should be rigid but not rock-hard; when gently warmed between your fingers, it becomes pliable enough to shape or crumble without turning sticky.
4. What is the best way to consume it?
Because dry sift consists of fine, unconsolidated trichome particles, we strongly recommend using a
mesh screen or pad
with any method:
Low-temperature dabbing
(430–470°F / 221–243°C) with a stainless steel mesh pad in the banger to prevent particulate pull-through.
Vaporization
in a concentrate device fitted with a mesh basket or steel-wool barrier.
Topping flower
in a bowl, using indirect flame to avoid scorching the fine particles.
Traditional pipe or hash chalice
with a fine screen and gentle, hovering heat.
Avoid high temperatures, which destroy GMO’s volatile sulfur and allium terpenes rapidly.
5. How should I store it?
Store the plate in an airtight, UV-protected container in a cool, dark place. Because dry sift is more stable and less moisture-dependent than mousse-style hash, it does not require as precise humidity control, though 58–62% RH is still ideal to prevent over-drying or oxidation. Keep it away from heat and sunlight to preserve the pungent garlic-diesel complexity. Properly stored, it remains stable for up to 18 months, with peak aromatic freshness within the first 6–12 months.
6. Does it ship with lab results?
Yes. Every unit includes a complete independent Certificate of Analysis covering cannabinoid potency, full terpene profile, microbial screening, heavy metals, and residual solvent testing. You receive the specific batch data for your plate, not a generic specification sheet.
7. Is Cali Plates GMO Dry Sift Hash legal in the EU?
Our product is marketed and sold as a hemp-derived or THCA-rich concentrate with Δ9-THC levels at or below the 0.3% threshold in compliance with EU hemp regulations at the time of production. Laws vary by member state and are subject to change. We strongly recommend reviewing your local jurisdiction’s regulations before ordering. This product is intended for adult collectors and connoisseurs of legal age.
8. How is it packaged for shipping?
Orders are sealed in medical-grade, multi-layer smell-proof barrier film and placed inside rigid, unmarked outer packaging. We use regional EU fulfillment nodes to minimize transit time, reduce customs friction, and protect the plate structure from physical damage and temperature fluctuations.
9. How does dry sift compare to bubble hash or traditional pressed hash?
Traditional Moroccan or Afghan hash is often hand-rubbed or pressed with heat and oxidation, creating a dark, firm block that mutes delicate terpenes. Bubble hash uses ice water and agitation, then is often dried and pressed into a wet, sandy consistency. Cali Plates GMO Dry Sift is mechanically separated dry, without water, preserving the raw, unadulterated terpene profile specific to the GMO lineage. It is then pressed into a clean, dense plate that is easier to handle, dose, and store than loose kief while remaining more crumbly and easier to break than hard traditional charas.
10. Who is this product best suited for?
It is ideal for experienced consumers and collectors who appreciate pungent, savory, gas-forward terpenes and the ritualistic texture of a true dry sift plate. If you value solventless purity, the aggressive complexity of GMO genetics, and a stable, dense concentrate that crumbles exactly as you want it to, this belongs in your collection.
11. What is the cannabinoid potency?
Potency varies by batch. The current lot typically tests between 50% and 65% total cannabinoids, with THCA as the dominant cannabinoid. Exact percentages are printed on your included Certificate of Analysis. As a full-spectrum, mechanically separated resin, the entourage effect is pronounced, contributing to its deep, long-lasting impact.
12. Can I use it for edibles?
While technically possible, we do not recommend using Cali Plates GMO Dry Sift Hash for edibles. Its value lies in its delicate terpene complexity and the savory, aggressive aromatic profile of GMO—both of which are destroyed by the decarboxylation temperatures required for cooking. It is best enjoyed as a concentrate via vaporization or low-temperature dabbing.","Lab Tested
Discreet Shipping
Satisfaction Guaranteed
SHOP NOW",400,400,EUR,True,Cali Plates Hash / Dry Sift Hash,,,
frozenhashish:7588,https://frozenhashish.com/product/cali-plates-gorilla-dry-sift-hash/,cali-plates-gorilla-dry-sift-hash,Gorilla Dry Sift,"Cali Plates Gorilla Dry Sift Hash – Bold, Smooth & Premium Craft Quality
The
Cali Plates Gorilla Dry Sift Hash
is a premium concentrate crafted for enthusiasts who appreciate traditional dry sift techniques, rich flavor, and exceptional quality. Carefully produced to preserve its natural character, this premium hash delivers a smooth experience with a robust aroma and refined texture that stands out among premium concentrates.
Why Choose
Cali Plates
Gorilla Dry Sift Hash?
Premium dry sift hash
crafted with precision
Rich and distinctive flavor profile
Smooth texture and consistent quality
Carefully selected materials and traditional craftsmanship
Ideal for concentrate enthusiasts seeking premium quality
Flavor Profile
Cali Plates Gorilla Dry Sift Hash offers a bold and satisfying flavor experience featuring:
Deep earthy notes
Subtle herbal undertones
Hints of pine and spice
Smooth, rich finish
Its balanced profile creates a memorable experience that highlights the craftsmanship behind every batch.
Aroma & Appearance
This premium dry sift hash features a rich aroma with earthy and natural notes. Its carefully refined texture and appearance reflect the quality standards that define the Cali Plates collection.
Key Features Of Cali Plates Gorilla Dry Sift Hash
Premium dry sift craftsmanship
Rich aromatic profile
Smooth consistency
High-quality production standards
Traditional concentrate experience
Premium Dry Sift Craftsmanship
Dry sift hash remains one of the most respected concentrate styles due to its traditional production methods and refined character. Cali Plates Gorilla Dry Sift Hash showcases this craftsmanship while delivering a smooth and enjoyable experience for discerning enthusiasts.
Why Cali Plates?
Cali Plates is known for producing premium concentrates that prioritize quality, consistency, and craftsmanship. Every product is carefully developed to provide an exceptional experience for those who appreciate premium concentrates.
Conclusion
For those seeking premium dry sift hash with rich flavor, smooth texture, and exceptional craftsmanship,
Cali Plates Gorilla Dry Sift Hash
is an excellent choice. Experience the quality, aroma, and character that make this product a standout addition to the Cali Plates lineup.","Lab Tested
Discreet Shipping
Satisfaction Guaranteed
SHOP NOW",400,400,EUR,True,Cali Plates Hash,,,
frozenhashish:7583,https://frozenhashish.com/product/gush-mints-hash/,gush-mints-hash,Gush Mints Hash,"Cali Plates Gush Mints Hash – Sweet, Minty & Premium Craft Quality
The
Cali Plates Gush Mints Hash
is a
premium concentrate
that combines rich flavor, exceptional craftsmanship, and a smooth experience. Inspired by the popular Gush Mints profile, this hash delivers a unique blend of sweet, creamy notes balanced with refreshing minty undertones. Crafted for enthusiasts who appreciate quality concentrates, Gush Mints Hash offers a flavorful and satisfying experience from start to finish.
Why Choose Cali Plates Gush Mints Hash?
Premium-quality hash crafted with care
Sweet and minty flavor profile
Rich aroma and smooth consistency
Carefully produced for exceptional quality
Ideal for enthusiasts seeking a premium concentrate experience
Flavor Profile
Cali Plates Gush Mints Hash delivers a distinctive flavor experience featuring:
Sweet candy-like notes
Refreshing mint undertones
Creamy dessert-inspired character
Smooth and satisfying finish
The combination of sweetness and cool mint creates a balanced and memorable flavor profile.
Aroma & Appearance
This premium hash features an inviting aroma that blends sweet earthy notes with a refreshing minty character. Its carefully crafted texture and appearance reflect the quality standards that define the Cali Plates collection.
Key Features
Premium craft hash
Sweet and mint-inspired flavor
Rich aromatic profile
Smooth texture and consistency
High-quality craftsmanship
Crafted for Premium Enjoyment
Whether you’re an experienced concentrate enthusiast or exploring premium hash options, Cali Plates Gush Mints Hash delivers a refined experience focused on quality, flavor, and consistency.
Why Cali Plates?
Cali Plates is recognized for producing premium concentrates that emphasize craftsmanship, innovation, and quality. Every product is carefully developed to provide an exceptional experience for those who appreciate top-tier concentrates.
Conclusion
For those seeking a premium hash with sweet flavor, refreshing mint notes, and exceptional craftsmanship,
Cali Plates Gush Mints Hash
is an outstanding choice. Enjoy the smooth texture, rich aroma, and premium quality that make this product a standout in the Cali Plates lineup.
Experience the premium flavor of Cali Plates Gush Mints Hash today.","Lab Tested
Discreet Shipping
Satisfaction Guaranteed
SHOP NOW",400,400,EUR,True,Cali Plates Hash,,,
frozenhashish:7578,https://frozenhashish.com/product/cali-plates-horchata-hash/,cali-plates-horchata-hash,Horchata,"Cali Plates Horchata Hash – Creamy, Sweet & Premium Craft Concentrate
The
Cali Plates Horchata Hash
is a
premium concentrate
inspired by the rich and comforting flavor profile of traditional horchata. Crafted with exceptional attention to quality, this hash delivers a smooth experience featuring sweet, creamy notes complemented by subtle hints of spice and earthiness. Designed for enthusiasts who appreciate premium craftsmanship, Cali Plates Horchata Hash offers a refined and flavorful concentrate experience.
Why Choose Cali Plates Horchata Hash?
Premium-quality hash crafted for consistency and flavor
Smooth, creamy, dessert-inspired profile
Rich aroma with sweet and subtle spice notes
Carefully produced using high-quality standards
Ideal for concentrate enthusiasts seeking a unique flavor experience
Flavor Profile Of Cali Plates Horchata Hash
Cali Plates Horchata Hash delivers a distinctive flavor experience featuring:
Sweet creamy notes
Hints of cinnamon spice
Light vanilla undertones
Smooth earthy finish
The balanced combination of sweetness and subtle spice creates a memorable and satisfying concentrate experience.
Aroma & Appearance
This premium hash features an inviting aroma that combines creamy sweetness with warm spice notes. Its carefully crafted texture and appearance reflect the quality and craftsmanship that define the Cali Plates collection.
Key Features Of Cali Plates Horchata Hash
Premium craft hash
Creamy dessert-inspired flavor
Rich aromatic profile
Smooth texture and consistency
High-quality production standards
Crafted for Flavor Enthusiasts
Whether you’re an experienced concentrate enthusiast or exploring premium hash options, Cali Plates Horchata Hash delivers a refined experience focused on flavor, quality, and consistency.
Why Cali Plates?
Cali Plates is known for producing premium concentrates that prioritize craftsmanship, quality, and innovation. Every product is carefully developed to provide a superior experience for those who appreciate premium concentrates.
Conclusion
For those seeking a premium hash with creamy sweetness, rich aroma, and exceptional craftsmanship,
Cali Plates Horchata Hash
is an excellent choice. Enjoy the smooth, dessert-inspired character and premium quality that make this product a standout addition to the Cali Plates lineup.
Experience the rich flavor and craftsmanship of Cali Plates Horchata Hash today.","Lab Tested
Discreet Shipping
Satisfaction Guaranteed
SHOP NOW",445,445,EUR,True,Cali Plates Hash,,,
frozenhashish:7573,https://frozenhashish.com/product/cali-plates-cherry-pie-strain-hash/,cali-plates-cherry-pie-strain-hash,Cherry Pie Strain,"Cali Plates Cherry Pie Strain Hash – Sweet, Fruity & Premium Craft Quality
The
Cali Plates Cherry Pie Strain Hash
is a premium concentrate crafted for enthusiasts who appreciate rich flavor, smooth texture, and exceptional quality. Inspired by the beloved Cherry Pie profile, this
hash
combines
sweet cherry notes, subtle earthy undertones, and a smooth finish
to create a truly satisfying experience.
Why Choose Cali Plates Cherry Pie Strain Hash?
Premium-quality hash crafted with care
Sweet and fruity flavor profile
Rich aroma with dessert-inspired notes
Smooth consistency and easy handling
Produced to meet high-quality standards
Flavor Profile Of Cherry Pie Strain Hash
Cali Plates Cherry Pie Strain Hash delivers a flavorful experience featuring:
Sweet ripe cherry notes
Hints of baked pastry
Light earthy undertones
Smooth and satisfying finish
Its balanced flavor profile makes it a popular choice among those who enjoy fruit-inspired concentrates.
Aroma & Appearance
This premium hash offers a rich aroma that blends sweet cherry fragrance with classic hash characteristics. Its carefully crafted texture and appearance reflect the attention to detail that defines the Cali Plates collection.
Key Features Of Cali Plates Cherry Pie Strain Hash
Premium craft hash
Sweet cherry-inspired flavor
Rich aromatic profile
Smooth consistency
High-quality craftsmanship
A Premium Concentrate Experience
Whether you’re a long-time hash enthusiast or exploring premium concentrates,
Cali Plates Cherry Pie Strain Hash
delivers a refined experience centered on flavor, quality, and tradition. Every batch is carefully crafted to provide consistency and satisfaction.
Why Cali Plates?
Cali Plates is recognized for producing premium concentrates that focus on quality, craftsmanship, and innovation. Cherry Pie Strain Hash continues that tradition by delivering a product designed for enthusiasts who appreciate excellence.
Conclusion
For those seeking premium hash with sweet cherry flavor, rich aroma, and smooth consistency,
Cali Plates Cherry Pie Strain Hash
is an excellent choice. Enjoy the dessert-inspired character and premium craftsmanship that make this product a standout in the Cali Plates lineup.
Experience the rich flavor and quality of Cali Plates Cherry Pie Strain Hash today.","Lab Tested
Discreet Shipping
Satisfaction Guaranteed
SHOP NOW",445,445,EUR,True,Cali Plates Hash,,,
frozenhashish:7572,https://frozenhashish.com/product/cali-plates-cereal-milk-dry-sift-hash/,cali-plates-cereal-milk-dry-sift-hash,Cereal Milk Dry Sift,"Cali Plates Cereal Milk Dry Sift Hash – Creamy, Smooth & Premium Craft Quality
The
Cali Plates Cereal Milk Dry Sift Hash
is a
premium concentrate
crafted for enthusiasts who appreciate exceptional quality, rich flavor, and traditional dry sift craftsmanship. Inspired by the popular Cereal Milk profile, this hash delivers a smooth, creamy character with a rich aroma and refined texture that makes every session memorable.
Why Choose Cali Plates Cereal Milk Dry Sift Hash?
Premium dry sift hash crafted with precision
Smooth and creamy flavor profile
Rich aroma and exceptional consistency
Carefully produced for quality-conscious consumers
Traditional craftsmanship with modern quality standards
Flavor Profile Of
Cali Plates Cereal Milk Dry Sift Hash
Cali Plates Cereal Milk Dry Sift Hash offers a unique and satisfying flavor experience featuring:
Sweet creamy notes
Subtle vanilla undertones
Light cereal-inspired character
Smooth and flavorful finish
Its balanced profile creates an enjoyable experience for those who appreciate dessert-inspired concentrates.
Aroma & Appearance
This premium dry sift hash features a rich, inviting aroma with sweet and creamy notes. Its fine texture and carefully crafted appearance reflect the high standards that define the Cali Plates collection.
Key Features Of
Cali Plates Cereal Milk Dry Sift Hash
Premium dry sift craftsmanship
Smooth and creamy flavor
Rich aromatic profile
Consistent texture and quality
Carefully selected materials
Premium Dry Sift Experience
Dry sift hash remains one of the most respected concentrate styles due to its purity and traditional production methods. Cali Plates Cereal Milk Dry Sift Hash showcases this craftsmanship while delivering a modern flavor experience inspired by one of today’s most popular profiles.
Why Cali Plates?
Cali Plates is known for producing premium concentrates that emphasize quality, consistency, and craftsmanship. Every product is carefully developed to meet the expectations of enthusiasts seeking a superior experience.
Conclusion
For those seeking a premium dry sift hash with creamy flavor, rich aroma, and exceptional craftsmanship,
Cali Plates Cereal Milk Dry Sift Hash
is an outstanding choice. Experience the smooth character and premium quality that make this product a standout in the Cali Plates lineup.
Discover the refined taste of Cali Plates Cereal Milk Dry Sift Hash today.","Lab Tested
Discreet Shipping
Satisfaction Guaranteed
SHOP NOW",0,0,EUR,False,Cali Plates Hash,,,
frozenhashish:7562,https://frozenhashish.com/product/cali-plates-apple-fritter-hash/,cali-plates-apple-fritter-hash,Apple Fritter,"Cali Plates Apple Fritter Hash – Sweet, Smooth & Premium Craft Hash
The
Cali Plates Apple Fritter Hash
combines premium craftsmanship with a delicious dessert-inspired profile. Known for its rich aroma, smooth texture, and exceptional quality, this premium hash delivers an experience that stands out among traditional concentrates. Inspired by the popular Apple Fritter flavor profile, it offers a unique balance of sweet and earthy notes.
Why Choose Cali Plates Apple Fritter Hash?
Premium-quality hash crafted with care
Sweet and dessert-inspired flavor profile
Smooth texture and easy handling
Rich aroma and consistent quality
Crafted for enthusiasts who appreciate premium concentrates
Flavor Profile Of Cali Plates Apple Fritter Hash
Cali Plates Apple Fritter Hash delivers a flavorful experience featuring:
Sweet baked apple notes
Subtle pastry-inspired undertones
Light earthy accents
Smooth and satisfying finish
Every session highlights the dessert-inspired character that makes Apple Fritter a favorite among flavor enthusiasts.
Aroma & Appearance
This premium hash features a rich aroma that blends sweet fruit notes with classic hash characteristics. Its carefully crafted texture and appearance reflect the quality standards that define the Cali Plates collection.
Key Features Of Cali Plates Apple Fritter Hash
Premium craft hash
Sweet and rich aroma
Smooth consistency
High-quality production standards
Distinctive dessert-inspired flavor
Crafted for Quality
Whether you’re a seasoned hash enthusiast or exploring premium concentrates, Cali Plates Apple Fritter Hash offers a refined experience centered on flavor, quality, and craftsmanship.
Why Cali Plates?
Cali Plates is recognized for delivering premium products that focus on consistency, quality, and innovation. Apple Fritter Hash continues this commitment by providing a carefully crafted product designed for discerning consumers.
Conclusion
For those seeking
premium hash
with sweet dessert-inspired flavor, rich aroma, and exceptional craftsmanship,
Cali Plates Apple Fritter Hash
is an excellent choice. Enjoy the smooth texture and distinctive character that make this product a standout addition to the Cali Plates lineup.
Experience the premium quality of Cali Plates Apple Fritter Hash today.","Lab Tested
Discreet Shipping
Satisfaction Guaranteed
SHOP NOW",445,445,EUR,True,Cali Plates Hash,,,
frozenhashish:8876,https://frozenhashish.com/product/chem-pie-hash-for-sale/,chem-pie-hash-for-sale,Chem Pie Hash,"Chem Pie Hash for Sale – Expert-Sourced, Lab-Tested Premium Hash
Chem Pie Hash
For Sale,
a bold, heavy-hitting solventless concentrate that fuses industrial-strength chemical funk with decadent dessert sweetness. Sourced from elite hybrid genetics and refined through meticulous mechanical extraction, this hash delivers a complex, polarizing terpene profile that true connoisseurs chase. Each batch is
independently lab-tested
for cannabinoid potency, heavy metals, pesticides, and microbial purity, ensuring a clean, full-spectrum experience from the first whiff to the final exhale. The resin presents as a dense, dark-amber to bronze concentrate with a sticky, almost greasy pliability that slicks the fingers and crumbles smoothly when warmed. On the nose, it explodes with sharp diesel, ammonia-soaked rubber, and chem-fuel fumes before revealing a surprising undercurrent of baked berry pie crust, brown sugar, and spiced cinnamon. Effects are immediate and uncompromising: a euphoric, face-tingling cerebral rush that quickly cascades into a heavy, sedative body melt. Available in pressed slabs, temple balls, and loose dry-sift with discreet, tracked EU-wide delivery.
Key Features Of
Chem Pie Hash
Elite Hybrid Genetics
: Sourced from top-tier phenotypes selected for extreme resin production and a distinctive chem-fuel meets sweet-pastry terpene expression.
Solventless Mechanical Extraction
: Produced exclusively via refined dry-sift and ice-water methods, absolutely no butane, propane, ethanol, or CO₂.
Lab-Tested & Verified
: Every batch undergoes rigorous third-party testing for THC/CBD potency, heavy metals, pesticides, mold, and residual solvents with transparent COAs.
Full-Spectrum Resin
: Retains the complete cannabinoid and terpene matrix for a robust, long-lasting entourage effect.
Chem-Dessert Terpene Profile
: Dominated by caryophyllene, myrcene, and limonene, delivering sharp diesel, rubber, and ammonia balanced by baked berry, brown sugar, and spiced cinnamon.
Premium Greasy Texture
: Dense, sticky, and pliable with a dark-amber sheen and a smooth crumble when warmed, indicative of high oil content and intact trichomes.
Discreet EU Shipping
: Vacuum-sealed in odor-proof, multi-layer packaging inside plain outer wrapping with full tracking across Europe.
How to Use Chem Pie Hash
Smoking (Classic Flower Boost)
Crumble 0.05–0.1 g and mix evenly with ground flower in a joint, blunt, or pipe. The sticky, greasy texture melts into the flower, extending the burn while amplifying potency. Expect a heavy, dessert-laced smoke where diesel fumes and baked berry-cinnamon notes fight for dominance.
Vaporization (Best for Chem-Dessert Terpenes)
Load a concentrate-compatible vaporizer or dedicated hash vape at 185–210°C. Use a mesh pad or sandwich the hash between thin flower layers to prevent the oily resin from seeping into the device. This preserves the volatile ammonia-diesel top notes and the subtle brown-sugar sweetness underneath, delivering the cleanest expression of its polarizing profile.
Hot Knives or Dabbing
Place a rice-grain-sized dab on a pre-heated surface or between two hot knives. Inhale through a bottle top or funnel. Chem Pie Hash is exceptionally potent and fast-acting. Start low—even seasoned consumers will feel the immediate face-tingling cerebral rush.
Traditional Pipe or Chillum
Line the bowl with a thin bed of flower or ash to prevent the greasy resin from clogging the draw. Add a layer of finely crumbled hash and top with more flower. Apply gentle, indirect heat to the edge to maintain an even cherry and avoid scorching the delicate pastry-spice undertones.
Edible Infusion (Advanced)
Decarboxylate at 110–120°C for 30–40 minutes, then infuse into butter, coconut oil, or cream. The extreme potency and complex terpene load demand precise dosing. Start with a very small amount and wait at least 90 minutes before considering more.
Why Buy Chem Pie Hash Online From Our Website
Verified Lab Sheets, Not Just Lab Claims
Every batch of Chem Pie Hash ships with a full cannabinoid and terpene panel. You see the THCA conversion curve, residual contaminant screening, and exact moisture content before you buy, transparency that street or grey-market channels simply do not offer.
True Solventless, Small-Batch Sourcing
We do not stock chemically stripped or mass-produced concentrates. Chem Pie Hash is sourced from boutique solventless operations using ice-water extraction and low-heat curing. The result is a greasy, terpene-heavy resin that retains the strain’s signature ammonia-diesel kick and baked-dessert depth.
EU-Conscious Packaging & Logistics
Shipments are vacuum-sealed in medical-grade, smell-proof barrier film and boxed in unmarked, rigid packaging. We prioritize local EU fulfillment nodes where possible, reducing customs exposure and preserving the hash’s delicate pastry-spice terpenes in transit.
Curated by Connoisseurs, Not Algorithms
Our buying team selects strains for flavor complexity and structural integrity, not just THC percentages. Chem Pie Hash made the cut because its polarizing chem-diesel and brown-sugar profile offers something genuinely distinct from the generic “fruity” or “earthy” hashes flooding the market.
Freshness You Can Measure
Hash oxidizes and terpenes degrade with every passing week. We rotate inventory rapidly and store at stable humidity (58–62% RH) in cold, dark conditions. The Chem Pie you receive is structurally supple, aromatically loud, and melt-ready, not a dried-out relic from last season.
Knowledgeable Post-Purchase Support
Need help dialing in the right vaporizer temperature, dosing for edibles, or pairing suggestions? Our support team understands solventless extraction and EU regulatory nuances. You are buying from specialists, not drop-shippers.
Frequently Asked Questions (FAQ): Chem Pie Hash
What does Chem Pie Hash taste and smell like?
It is a polarizing profile. The first wave is sharp ammonia and diesel fuel, classic Chemdawg lineage—followed by a warm, baked-berry and brown-sugar sweetness from the Pie genetics. When vaporized at lower temperatures, the pastry-spice and subtle cinnamon notes become more pronounced.
How potent is Chem Pie Hash compared to regular flower?
Chem Pie Hash is a concentrated solventless extract, so its cannabinoid density is significantly higher than cured flower. Effects set in quickly, often beginning with a tingling cerebral rush before settling into heavy physical relaxation. If you are accustomed to flower, start with roughly half your usual quantity.
Is this hash full-melt or half-melt?
Chem Pie Hash is a high-grade, near-full-melt ice-water hash. When exposed to gentle heat, it bubbles and softens into an oily resin rather than leaving behind excessive carbonaceous residue. It is clean enough for vaporization but also excellent mixed with flower.
Will it arrive fresh?
Yes. We store inventory in cold, dark conditions at 58–62% relative humidity and ship in vacuum-sealed, medical-grade smell-proof film. The hash retains its greasy, supple texture and loud terpene profile upon arrival, provided it is stored correctly after delivery.
Is Chem Pie Hash lab tested?
Every batch is screened for cannabinoid potency, terpene content, microbial contaminants, and residual solvents. Because it is solventless by process, no chemical extraction agents are used, but we still verify purity through independent third-party analysis.
How should I store it?
Keep it in an airtight container in a cool, dark place. Avoid refrigeration unless sealed in an inert atmosphere; opening cold hash in humid air causes condensation that degrades texture. For short-term use, a sealed glass jar away from direct sunlight is ideal.
Is it legal to ship to my EU country?
Regulations vary by member state. We ship discreetly in unmarked packaging, but it is your responsibility to understand local laws regarding THCA or hemp-derived concentrates. Our product pages include decarboxylation and regulatory notes to help you assess compliance in your jurisdiction.
Can I cook with Chem Pie Hash?
Yes, but it requires decarboxylation first. Heat at 110–120°C for 30–40 minutes, then infuse into butter or oil. Given its extreme potency, we strongly recommend starting with a very small test dose and waiting at least 90 minutes before consuming more.
What is the best way to consume it for flavor?
Vaporization between 185–210°C offers the cleanest expression of its chem-diesel and dessert-spice terpenes. Use a concentrate-compatible device or sandwich the hash between thin layers of flower to prevent mess and preserve those volatile top notes.
Is Chem Pie Hash indica or sativa dominant?
Chem Pie is an indica-leaning hybrid. The hash delivers an initial euphoric, mentally stimulating lift from its Chemdawg side, followed by a deep, calming body effect typical of its Pie lineage. Best suited for evening use or dedicated relaxation sessions.","Chem Pie Hash is a solventless, ice-water extracted concentrate uniting sharp ammonia-diesel Chemdawg funk with warm baked-berry and brown-sugar Pie sweetness. Lab-tested, terpene-rich, and supremely potent, an unmistakable connoisseur’s choice for EU collectors seeking polarizing complexity and heavy indica-leaning effects.",150,150,EUR,True,Commercial Hash,,,
frozenhashish:8858,https://frozenhashish.com/product/malana-cream-hash-for-sale-2/,malana-cream-hash-for-sale-2,Malana Cream Hash,"Malana Cream Hash for Sale – Expert-Sourced, Lab-Tested Premium Hash
Malana Cream Hash
is a legendary, full-spectrum concentrate steeped in centuries of Himalayan tradition. Sourced from elite landrace cultivars native to the Parvati Valley and refined through time-honored dry-sift and hand-rubbing techniques, this hash delivers an unmistakably rich, creamy texture and a deeply complex aromatic profile. Each batch is
independently lab-tested
for cannabinoid potency, heavy metals, pesticides, and microbial purity, bridging ancient artisan craftsmanship with modern verification standards. With its signature dark, oily exterior giving way to a soft, velvety interior, Malana Cream offers an exotic bouquet of spiced sandalwood, ripe mango, and mountain pine that unfolds into a powerful, meditative body high. Available in traditional pressed slabs and temple balls with discreet, tracked EU delivery.
Key Features Of
Malana Cream Hash
Legendary Landrace Genetics
: Sourced from elite Himalayan cultivars renowned for their high resin production and unique cannabinoid expression.
Traditional Solventless Craft
: Produced using ancestral dry-sift and gentle hand-processing methods, no chemical solvents, preserving the plant’s raw integrity.
Lab-Tested & Verified
: Every batch undergoes rigorous third-party testing for potency, terpenes, heavy metals, pesticides, mold, and residual contaminants.
Full-Spectrum Resin
: Retains the complete natural matrix of cannabinoids and terpenes for an authentic, long-lasting entourage effect.
Exotic Terpene Profile
: Dominated by myrcene, pinene, and caryophyllene, presenting spiced sandalwood, tropical mango, fresh mountain pine, and earthy musk.
Signature Creamy Texture
: Dark, oily outer crust with a soft, pliable, almost dough-like interior that crumbles smoothly when warmed.
Discreet EU Shipping
: Sealed in odor-proof, vacuum-layered packaging inside plain outer wrapping with full tracking across Europe.
How To Use Malana Cream Hash
Smoking (Classic Flower Blend)
Pinch off a small piece (0.05–0.1 g) and crumble it into a joint, spliff, or pipe bowl layered with ground flower. Malana Cream’s oily, pliable texture melts evenly into the flower, slowing the burn and amplifying potency while releasing rich notes of spiced sandalwood and tropical mango.
Vaporization (Preserves Mountain Terpenes)
Use a concentrate-compatible vaporizer or dedicated hash vape at 180–210°C. Place the hash on a mesh pad or sandwich it between thin flower layers to prevent seeping into the device. This method best captures the delicate pine and mango terpenes that define its Himalayan character.
Hot Knives or Dabbing
Place a rice-grain-sized dab on a pre-heated surface or between two hot knives. Inhale through a bottle top or funnel. Malana Cream is exceptionally potent and fast-acting. Start conservatively, even if you are experienced.
Traditional Pipe or Chillum
Line the bowl with a thin bed of flower or ash to prevent clogging. Add a layer of soft, crumbled cream hash and top lightly with more flower. Use gentle, indirect heat at the edge to maintain an even cherry and avoid scorching the resin.
Edible Infusion
Decarboxylate at 110–120°C for 30–40 minutes, then infuse into ghee, butter, or coconut oil. The high potency demands precise dosing. Start very low and wait at least 90 minutes before considering more.
Why Buy Malana Cream Hash online From Our Website
Verified Heritage, Modern Standards
We bridge ancient tradition with contemporary accountability. Every batch of Malana Cream Hash arrives with a complete third-party Certificate of Analysis verifying cannabinoid potency, terpene integrity, and contaminant screening, so you receive a legendary product backed by hard data, not just folklore.
Direct Artisan Sourcing
Our supply chain connects directly to traditional producers in the Himalayan region, bypassing brokers and black-market intermediaries. This preserves the authenticity of the hand-processing methods while ensuring the resin meets strict modern hygiene and testing protocols.
Discreet, Secure EU Shipping
Orders are sealed in multi-layer, odor-proof vacuum packaging inside plain, unmarked outer containers. Tracked delivery is standard across the European Union—no identifiable branding, no residual aroma, and no unnecessary customs complications.
Knowledgeable Customer Support
Whether you need guidance on traditional consumption methods, help interpreting lab reports, or advice on long-term storage for preservating its creamy texture, our team provides informed, human assistance tailored to connoisseur-grade concentrates.
Exceptional Value for Connoisseurs
With total cannabinoid content typically ranging between 45% and 60%, a single gram of Malana Cream Hash delivers significantly more sessions than standard flower. Its slow-burning, oily consistency and profound potency make it a cost-effective choice for serious enthusiasts.
Authenticity Guaranteed
True Malana Cream is rare and frequently counterfeited. We verify genetic provenance, traditional processing methods, and chemical profiling for every shipment, ensuring you receive genuine Himalayan landrace resin, not a generic imitation packaged with an exotic name.
Compliance-First Operations
All products are derived from EU-certified hemp cultivars and aligned with applicable regional thresholds for hemp-derived goods. We maintain rigorous documentation and monitor regulatory developments so you can purchase with full confidence.
Frequently Asked Questions (FAQ): Malana Cream Hash
What is Malana Cream Hash?
Malana Cream Hash is a premium, full-spectrum cannabis concentrate produced from rare Himalayan landrace cultivars using traditional solventless methods such as dry-sift and gentle hand-processing. It is world-renowned for its dark, oily exterior, soft creamy interior, and profoundly rich terpene profile.
Where does Malana Cream Hash come from?
It originates from the Parvati Valley region of the Indian Himalayas, where local cultivators have refined ancestral resin-collection techniques over generations. Our batches are sourced directly from verified artisan producers who maintain these traditional practices while adhering to modern hygiene and testing standards.
How potent is it?
Lab testing typically reveals total cannabinoid concentrations between 45% and 65%, with high THCA levels that convert to THC upon heating. This places it significantly above standard flower in potency. Even seasoned consumers should approach with respect and start small.
Is it lab-tested for safety?
Yes. Every batch is subjected to rigorous independent third-party analysis for cannabinoid potency, terpene content, heavy metals, pesticides, microbial contamination, and residual solvents. Full Certificates of Analysis accompany each product.
What does “solventless” mean?
Solventless means no chemical solvents, such as butane, propane, ethanol, or CO₂, are used in production. Malana Cream Hash is created through purely mechanical separation and traditional hand-rubbing techniques, yielding a cleaner, more authentic resin that retains the plant’s complete natural profile.
What does it smell and taste like?
The aroma is deep and exotic: spiced sandalwood incense, ripe tropical mango, and fresh mountain pine dominate the nose, underpinned by earthy musk and a faint floral sweetness. The flavor follows with rich layers of charas spice, dark honey, and pine sap that linger long after the exhale.
How should I store Malana Cream Hash?
Store in an airtight, opaque container in a cool, dark environment between 15–18°C. Because of its naturally oily consistency, keep it away from excessive heat to prevent the cream from becoming overly runny. For long-term preservation, refrigeration is suitable, but allow the hash to reach room temperature before handling to avoid moisture condensation.
Can I eat it raw or use it in edibles?
Raw hash contains THCA, which is non-psychoactive until decarboxylated. To use in edibles, gently heat the hash at 110–120°C for 30–40 minutes to activate the cannabinoids, then infuse it into ghee, butter, or coconut oil. Dosing must be extremely precise due to the high potency.
Do you ship discreetly across Europe?
Yes. All orders are sealed in multi-layer, odor-proof vacuum packaging inside plain, unmarked outer wrapping. We provide tracked shipping across the European Union with absolutely no cannabis-related branding or identifiable labeling.
Is this product legal in my country?
Malana Cream Hash is derived from EU-certified hemp cultivars and is formulated to comply with applicable THC thresholds for hemp-derived products in many European jurisdictions. However, laws vary significantly by member state and region. It is your responsibility to confirm local regulations before purchasing.
What formats are available?
We offer
Malana Cream Hash
in traditional pressed slabs and temple balls. Both retail and wholesale quantities are available depending on your needs.
Is this suitable for beginners?
Due to its exceptionally high potency and profound physical effects, Malana Cream Hash is best suited for experienced consumers. Beginners should start with a very small amount and consider lower-temperature vaporization to assess tolerance.
Why is it more expensive than regular flower?
The price reflects the rare landrace genetics, labor-intensive traditional hand-processing, small-batch production, and mandatory third-party lab testing. The high potency and slow-burning oily texture also mean that significantly less material is needed per session compared to standard flower.
Can I buy it wholesale?
Yes. We offer wholesale volume tiers starting at 50g with scaled pricing, full batch documentation, and EU-compliant logistics. Sample packs are available for qualified wholesale accounts.
How is it different from solvent-based extracts?
Solventless hash retains the complete natural cannabinoid and terpene spectrum without any risk of residual chemical contamination. Malana Cream’s traditional production methods preserve the entourage effect in its most authentic form, delivering a more nuanced and culturally genuine experience than hydrocarbon or CO₂ extracts.
What is the best consumption method for flavor?
Vaporization between 180–210°C is ideal for preserving the delicate sandalwood, mango, and mountain pine terpenes. Using a mesh pad or sandwiching the hash between thin flower layers prevents it from melting into your device while delivering the purest expression of its Himalayan character.
How long do the effects last?
When smoked or vaporized, effects typically onset within minutes and last between 2 to 4 hours depending on dosage, tolerance, and metabolism. Edible consumption produces a longer duration—often 4 to 8 hours, with a delayed onset of 30 to 90 minutes.
What is your return policy?
Due to the nature of the product, we cannot accept returns on opened or consumed items. If you receive a damaged, incorrect, or compromised order, please contact our customer support immediately with photographs and your order number for prompt resolution.
Does it contain CBD or other cannabinoids?
As a full-spectrum resin, Malana Cream Hash contains a range of cannabinoids including THCA, CBDA, CBG, and trace amounts of CBD. The exact ratios vary by batch, and complete cannabinoid panels are listed on each batch’s Certificate of Analysis.
How can I verify the lab results?
Each product page includes a QR code and batch number linking directly to the third-party Certificate of Analysis. You can also contact our customer support team at any time to request a copy or clarification on specific results.","Malana Cream Hash
, A legendary Himalayan solventless concentrate with a dark, creamy texture and exotic sandalwood-mango terpenes. Expert-sourced from Parvati Valley landrace genetics, lab-tested for purity, and shipped discreetly across Europe. Deeply meditative, full-spectrum, and built for the true connoisseur.",150,150,EUR,True,Commercial Hash,,,
frozenhashish:8848,https://frozenhashish.com/product/nectar-boyz-hash-for-sale/,nectar-boyz-hash-for-sale,Nectar Boyz Hash,"Nectar Boyz Hash for Sale – Expert-Sourced, Lab-Tested Premium Hash
Nectar Boyz Hash For Sale,
a luscious, golden solventless concentrate dripping with sweet floral complexity. Crafted from elite cultivars through artisan dry-sift and ice-water extraction, it delivers a captivating bouquet of
wildflower honey, ripe peach, and creamy vanilla
grounded by a soft, earthy finish. Each batch is independently lab-tested for cannabinoid potency, terpene integrity, and contaminant purity, ensuring a clean, full-spectrum experience that flows from bright euphoric uplift into silky, full-body relaxation. With its pliable blonde-to-amber texture and exceptional resin retention, Nectar Boyz Hash is designed for the discerning connoisseur, available in premium pressed slabs, temple balls, and loose dry-sift with discreet, tracked shipping across Europe.
Key Features Of Nectar Boyz Hash
Expert-Sourced Elite Genetics
: Produced from rare, trichome-heavy phenotypes selected specifically for sweet, nectar-like terpene expression and robust cannabinoid production.
Solventless Mechanical Extraction
: Refined exclusively through traditional dry-sift and ice-water methods, no butane, ethanol, or CO₂ ever touches the resin.
Lab-Tested & Verified
: Every batch undergoes rigorous third-party testing for THC/CBD potency, heavy metals, pesticides, mold, and residual solvents with transparent COAs.
Full-Spectrum Resin
: Retains the plant’s complete cannabinoid and terpene matrix for a nuanced, long-lasting entourage effect.
Sweet Floral Terpene Profile
: Dominated by myrcene, linalool, and ocimene, offering layers of wildflower honey, stone fruit, vanilla, and subtle earth on the nose and palate.
Premium Golden Texture
: Dense, pliable, and sticky with a crystalline crumble when warmed, an unmistakable sign of intact glandular trichomes and proper curing.
Discreet EU Shipping
: Vacuum-sealed in odor-proof, multi-layer packaging inside plain outer wrapping with full tracking across European member states.
How To Use Nectar Boyz Hash
Smoking (Flower-Enhanced)
Crumble or slice off a small piece (0.05–0.1 g) and mix it evenly with ground flower in a joint, blunt, or pipe. Nectar Boyz Hash’s golden, resinous texture slows the burn and extends the session while amplifying potency and flavor. Expect a noticeably sweeter, smoother smoke with pronounced honey and stone-fruit notes.
Vaporization (Best for Flavor Preservation)
Use a concentrate-compatible vaporizer or dedicated hash vape set between 180–210°C. Place the hash on a mesh pad or sandwich it between thin layers of flower to prevent melting into the heating element. This method preserves the delicate wildflower, peach, and vanilla terpenes that combustion can obscure, delivering a clean, floral inhale with a creamy finish.
Hot Knives or Dabbing
For maximum intensity, place a rice-grain-sized portion onto a pre-heated surface or between two hot knives. Inhale through a bottle top or specialized funnel. Nectar Boyz Hash is exceptionally potent—start low, even if you are experienced. The effects come on rapidly with a bright cerebral rush before settling into deep physical calm.
Traditional Pipe or Chillum
Line the bowl with a thin bed of flower or organic ash to prevent the melted hash from clogging the draw. Add a layer of finely crumbled hash and top with another light flower layer. Apply gentle, indirect heat to the edge of the bowl to maintain an even cherry and avoid scorching the delicate resin.
Edible Infusion (Advanced)
Decarboxylate the hash at 110–120°C for 30–40 minutes to activate the cannabinoids, then infuse it into butter, coconut oil, or honey. Because of its high potency, precise dosing is essential. Start with a very small amount and wait at least 90 minutes before considering additional consumption.
Why Buy Nectar Boyz Hash Online From Our Website
Verified Purity, Total Transparency
Every batch of Nectar Boyz Hash ships with a complete, third-party Certificate of Analysis detailing cannabinoid potency, terpene panel, and full contaminant screening. You see the numbers before you buy, no mystery, no marketing fluff, just verified data.
Curated for Connoisseurs
We do not stock warehouse-scale commercial resin. Our sourcing team secures small-batch releases directly from artisan producers who prioritize genetic rarity and terpene preservation. Nectar Boyz Hash is available through select channels only, and we prioritize freshness and floral complexity over bulk volume.
Discreet, Reliable EU Shipping
Your order is sealed in multi-layer, odor-proof vacuum packaging inside plain, unmarked outer wrapping. Tracked delivery is standard across the European Union, no identifiable branding, no residual odor, and no unnecessary customs friction.
Informed Customer Support
Our team understands the nuances of solventless concentrates. Whether you need help selecting a consumption method, reading a lab report, or storing your hash for optimal freshness, we provide knowledgeable, human support, not automated templates.
Superior Value for Discerning Consumers
With lab-verified total cannabinoid content typically exceeding 50%, a single gram of Nectar Boyz Hash often outlasts multiple grams of flower or lower-grade extracts. The potency, terpene density, and slow-burning texture make it a smart investment for serious enthusiasts.
Authenticity Guaranteed
Counterfeit and mislabeled hash is rampant in the European market. We source directly from verified producers with full chain-of-custody documentation, ensuring that every gram of Nectar Boyz Hash is genuine, unadulterated, and chemically consistent with its published profile.
Regulatory Diligence
All products are derived from EU-certified hemp cultivars and formulated to align with applicable regional thresholds for hemp-derived goods. We monitor evolving regulations so you can purchase with confidence and clarity.
Shop Nectar Boyz Hash Online – THCA Hash For Sale
Shop Nectar Boyz Hash online, a golden, THCA-rich solventless concentrate dripping with wildflower honey, ripe peach, and creamy vanilla terpenes. Expert-sourced, lab-tested for purity and potency, and shipped discreetly across Europe for the discerning connoisseur.
Frequently Asked Questions (FAQ): Nectar Boyz Hash
What is Nectar Boyz Hash?
Nectar Boyz Hash is a premium, solventless cannabis concentrate crafted from elite, trichome-dense cultivars using mechanical dry-sift and ice-water extraction. It is a full-spectrum resin renowned for its golden color, sticky pliable texture, and exceptionally sweet floral terpene profile dominated by wildflower honey, ripe peach, and creamy vanilla.
How potent is Nectar Boyz Hash?
Lab results typically show total cannabinoid content between 45% and 60%, with high levels of THCA that convert to THC when heated. This makes it substantially more potent than conventional cannabis flower. Even experienced consumers are advised to begin with a small quantity.
Is it lab-tested for safety?
Yes. Every batch undergoes independent third-party laboratory analysis for cannabinoid potency, terpene content, heavy metals, pesticides, microbial contamination, and residual solvents. Full Certificates of Analysis are available for review on each product page.
What does “solventless” mean?
Solventless means that no chemical solvents, such as butane, propane, ethanol, or CO₂, are used during extraction. Nectar Boyz Hash is produced using only physical mechanical separation methods, resulting in a cleaner product that retains the plant’s complete natural profile.
What does it smell and taste like?
The aroma is intensely sweet and floral, opening with wildflower honey and ripe stone fruit, followed by creamy vanilla and a soft, earthy undertone. On the palate, expect rich layers of peach nectar, candied blossom, and a smooth, buttery finish that lingers pleasantly.
How should I store it?
Store in an airtight, opaque container in a cool, dark place at approximately 15–18°C. Keep it away from direct sunlight, heat sources, and moisture. For long-term storage, refrigeration is acceptable, but allow the hash to reach room temperature before opening to prevent condensation from affecting the texture.
Can I consume it raw or in edibles?
Raw hash contains THCA, which is non-psychoactive until heated. To use it in edibles, you must first decarboxylate it by heating at 110–120°C for 30–40 minutes, then infuse it into a fat carrier such as butter, coconut oil, or cream. Dosing must be precise due to the high potency.
Do you ship discreetly across Europe?
Yes. All orders are packaged in multi-layer, odor-proof vacuum sealing inside plain, unmarked outer packaging. We provide tracked shipping across the European Union, and your privacy is fully protected at every stage of delivery.
Is this product legal in my country?
Nectar Boyz Hash is derived from EU-certified hemp cultivars and is formulated to comply with applicable THC thresholds for hemp-derived products in many European jurisdictions. However, laws vary significantly between member states and regions. It is your responsibility to verify local regulations before purchasing.
What formats are available?
Nectar Boyz Hash is available in pressed slabs, traditional temple balls, and loose dry-sift. Both retail and wholesale quantities are offered depending on your requirements.
Is this suitable for beginners?
Due to its high cannabinoid concentration, Nectar Boyz Hash is best suited for experienced consumers. Beginners should start with a very small amount and consider using a vaporizer at lower temperatures to gauge tolerance before exploring more intense methods.
Why does it cost more than regular flower?
The price reflects the small-batch artisan production, labor-intensive solventless extraction, expert genetic sourcing, and mandatory third-party lab testing. Additionally, the high potency and rich terpene density mean that significantly less product is needed per session compared to standard flower.
Can I purchase Nectar Boyz Hash wholesale?
Yes. We offer wholesale volume tiers starting at 50g with scaled pricing, full batch documentation, and EU-compliant logistics. Sample packs are available for qualified wholesale accounts upon request.
How is it different from solvent-based extracts like shatter or wax?
Solventless hash retains the complete natural cannabinoid and terpene profile of the source plant without any risk of residual solvent contamination. It is widely regarded as cleaner, more flavorful, and more representative of traditional hashish craftsmanship.
What is the best consumption method for flavor?
Vaporization between 180–210°C is ideal for preserving the delicate honey, peach, and vanilla terpenes. Using a mesh pad or sandwiching the hash between thin layers of flower prevents melting into the device while delivering the cleanest, most aromatic experience.
How long do the effects last?
When smoked or vaporized, effects typically onset within minutes and last between 2 to 4 hours depending on dosage, individual tolerance, and metabolism. Edible consumption produces a longer duration, often 4 to 8 hours, with a delayed onset of 30 to 90 minutes.
What is your return policy?
Due to the nature of the product, we cannot accept returns on opened or consumed items. If you receive a damaged, incorrect, or compromised order, please contact our customer support immediately with photographs and your order number for prompt resolution.
Does it contain CBD or other cannabinoids?
As a full-spectrum resin, Nectar Boyz Hash contains a range of cannabinoids including THCA, CBDA, CBG, and trace amounts of CBD. The exact ratios vary by batch, and complete cannabinoid panels are listed on each batch’s Certificate of Analysis.","A golden, solventless indica-leaning concentrate layered with wildflower honey, ripe peach, and creamy vanilla. Expert-sourced, lab-tested for purity, and cold-cured for maximum terpene preservation. Delivers a silky euphoric uplift followed by deep, full-body relaxation. Shipped discreetly across Europe.",230,230,EUR,True,Commercial Hash / Dry Sift Hash,,,
frozenhashish:8825,https://frozenhashish.com/product/tartar-hash-for-sale/,tartar-hash-for-sale,TARTAR HASH,"Tartar Hash for Sale – Expert-Sourced, Lab-Tested Premium Hash
Tartar Hash For Sale,
a bold, full-bodied solventless concentrate built for connoisseurs who prize intensity, purity, and old-world craftsmanship. Sourced from select elite cultivars and refined through meticulous mechanical extraction, Tartar Hash delivers a strikingly potent, terpene-dense experience that stands apart from ordinary commercial offerings. Each batch is
independently lab-tested
for cannabinoid potency, residual contaminants, heavy metals, and microbial purity, ensuring every gram meets uncompromising standards before it reaches the European market.
The name “Tartar” nods to its rugged, crystalline character: a dense, sandy-blonde to caramel-colored resin that crumbles into a fine, sticky powder when warmed. Its texture is emblematic of premium dry-sift craftsmanship, resinous, pliable, and rich in intact glandular trichomes. On the nose, Tartar Hash presents an aggressive, complex bouquet of
sharp diesel, sour fermented fruit, and wet earth
, accented by a piercing pine-citrus edge that cuts through the room. The flavor follows suit with intensity: a savory blast of spiced hash, pickled citrus rind, and roasted coffee on the inhale, mellowing into a lingering, peppery-sweet finish on the exhale.
Effects are immediate and commanding. Tartar Hash initiates with a rapid cerebral surge, an uplifting, almost electric clarity that sparks focus and creative stimulation, before settling into a powerful, warm-bodied calm that anchors the limbs without inducing full sedation. It is a versatile, balanced concentrate suitable for experienced consumers seeking both mental elevation and physical release.
Available in
pressed slabs, temple balls, and loose dry-sift
, Tartar Hash is packaged in odor-proof, vacuum-sealed containers and shipped discreetly with full tracking across the EU.
Key Features Of
Tartar Hash
–
Expert-Sourced Genetics
: Produced from carefully selected phenotypes bred for high trichome density and robust cannabinoid expression.
–
Solventless Extraction
: Refined exclusively through traditional dry-sift and ice-water methods, no butane, propane, or ethanol ever used.
–
Lab-Tested Purity
: Every batch is third-party verified for THC/CBD content, heavy metals, pesticides, mold, and residual solvents.
–
Full-Spectrum Resin
: Retains the complete plant profile of cannabinoids and terpenes for an authentic entourage effect.
–
Rich Terpene Profile
: Dominated by limonene, myrcene, and caryophyllene, delivering sharp diesel, sour fruit, and earthy spice aromas.
–
Premium Texture
: Dense, sticky, and pliable with a crystalline crumble when warmed, ideal for multiple consumption methods.
–
Discreet EU Shipping
: Odor-proof, vacuum-sealed packaging inside plain outer wrapping with tracked delivery.
How to Use Tartar Hash
Smoking (Classic Flower Boost)
Crumble 0.05–0.1 g of Tartar Hash and mix it evenly with ground flower in a joint, blunt, or pipe. The hash will slow the burn and significantly amplify the potency, flavor, and duration of the session. Start with a smaller ratio if you are unfamiliar with concentrates.
Vaporization (Best for Flavor Preservation)
Use a concentrate-compatible dry-herb vaporizer or a dedicated hash vaporizer set between 180–210°C. Place the hash on a mesh pad or sandwiched between layers of flower to prevent melting into the heating element. This method preserves the sharp citrus-diesel terpenes and delivers a clean, cough-free experience.
Hot Knives or Dabbing
For maximum potency, place a very small amount (roughly the size of a grain of rice) onto a heated surface or between two pre-heated knives. Inhale through a funnel or the top of a bottle. This method is extremely powerful and recommended only for seasoned consumers.
Traditional Pipe or Chillum
Place a thin bed of flower or ash at the bottom of the bowl to prevent the melted hash from clogging the draw. Add a layer of crumbled Tartar Hash and top with a small amount of flower. Apply gentle, indirect heat to the edge of the bowl to maintain an even cherry and avoid harsh smoke.
Why Buy Tartar Hash
Uncompromising Purity
: In a market flooded with solvent-extracted and mass-produced concentrates, Tartar Hash is a return to fundamentals. Every batch is mechanically extracted and laboratory verified, giving you total confidence in what you are consuming.
Authentic Full-Spectrum Effects
: Because Tartar Hash preserves the plant’s entire cannabinoid and terpene matrix, the effects are nuanced, balanced, and long-lasting. You are not consuming a single isolated compound, you are experiencing the plant as nature engineered it.
Exceptional Value for Connoisseurs
: The potency, texture, and terpene density of Tartar Hash mean that a little goes a very long way. A single gram can outlast several grams of lower-grade flower or mid-tier concentrates, making it a smart choice for serious consumers.
Discreet, Professional Service
: European customers benefit from fully tracked, odor-proof shipping in neutral packaging. No identifiable branding, no residual odor, and no customs complications within the EU.
Versatility
: Whether you prefer to roll it into a joint, vaporize it for flavor, or dab it for raw power, Tartar Hash adapts to your ritual without compromising quality.
Frequently Asked Questions (FAQ):
Tartar Hash
What exactly is Tartar Hash?
Tartar Hash is a premium, solventless cannabis concentrate made by mechanically separating trichomes from select elite cultivars. It is pressed or cured into a dense, resinous form that is significantly more potent and terpene-rich than standard flower.
How potent is Tartar Hash?
Lab results typically show THC concentrations between 40% and 60%, with total cannabinoid content frequently exceeding 50%. This makes it substantially stronger than conventional cannabis flower and even many mid-grade extracts. Always start low and go slow.
Is Tartar Hash tested for safety?
Yes. Every batch undergoes rigorous third-party laboratory testing for cannabinoid potency, residual solvents, heavy metals, pesticides, and microbial contamination. Certificates of analysis are available for review on the product page.
What does “solventless” mean?
Solventless means that no chemical solvents, such as butane, propane, ethanol, or CO₂—are used in the extraction process. Tartar Hash is produced through physical separation methods (dry sift and ice-water extraction), ensuring a cleaner, more natural product.
How should I store Tartar Hash?
Store in an airtight, opaque container in a cool, dark place at approximately 15–18°C. Keep it away from direct sunlight, heat, and moisture. For long-term storage, refrigeration is acceptable, but allow the hash to reach room temperature before handling to prevent condensation from affecting texture.
Can I cook with Tartar Hash?
Yes, but it must be decarboxylated first. Gently heat the hash at 110–120°C for 30–40 minutes to activate the cannabinoids, then infuse it into butter, oil, or another fat carrier. Be extremely precise with dosing, as the high potency can easily lead to overwhelming effects.
Is Tartar Hash legal in my country?
Tartar Hash is derived from
EU-certified hemp
cultivars and is compliant with THC thresholds for hemp-derived products in many European jurisdictions. However, laws vary significantly by country and region. It is your responsibility to verify local regulations before purchasing.
Do you offer discreet shipping across Europe?
Yes. All orders are packaged in multi-layer, odor-proof vacuum sealing inside plain, unmarked outer packaging. Tracked EU shipping is standard, and your privacy is guaranteed at every step.","A rugged, potent solventless hash with crystalline dry-sift texture and sharp diesel-fruit terpenes. Expert-sourced, lab-tested for purity, and balanced for creative elevation and deep physical calm. Discreet EU shipping",110,110,EUR,True,Commercial Hash,,,
frozenhashish:8801,https://frozenhashish.com/product/tortuga-farmz-hash-for-sale/,tortuga-farmz-hash-for-sale,Tortuga Farmz Hash,"Tortuga Farmz Hash for Sale – Expert-Sourced, Lab-Tested Premium Hash
Tortuga Farmz Hash For Sale, is a premium-grade solventless concentrate built for seasoned connoisseurs who demand verified purity, artisan craftsmanship, and bold, full-spectrum effects. Produced in small batches from meticulously curated cultivars, each brick and temple ball is cold-cured and mechanically refined to preserve maximum terpene integrity and cannabinoid potency.
Every batch is
third-party lab-tested
for cannabinoid content, heavy metals, pesticides, and microbial contaminants, with results fully transparent and available for review. Tortuga Farmz specializes in
traditional
dry-sift
and ice-water extraction methods,
no solvents, no shortcuts. The result is a blonde-to-amber resin cake with a sticky, malleable texture that bubbles cleanly when heated and delivers a smooth, expansive inhale.
The terpene profile leans heavily into
myrcene, caryophyllene, and limonene
, creating an aroma that blends earthy molasses, toasted nuts, and a faint coastal brine with citrus-laced undertones. On the palate, expect rich flavors of spiced hash, dark chocolate, and pine sap that coat the tongue and linger through the exhale. Effects are profoundly relaxing, starting with a warm cerebral haze that settles into a deep, full-body sedation without overwhelming mental fog.
Tortuga Farmz is ideal for evening use, pain management, appetite stimulation, and stress relief. Available in multiple formats including
pressed hash bricks, temple balls, and loose dry sift
, with discreet, odor-proof packaging and tracked EU-wide delivery.
Consumption Guide
Smoking (Classic Method)
Crumble or slice a small piece (0.05–0.1 g) and mix with herbal flower in a joint, blunt, or pipe. The added oil content slows the burn and amplifies potency, expect a heavier, longer-lasting session than flower alone.
Vaporization (Recommended for Flavor)
Use a concentrate-compatible dry-herb vaporizer or dedicated hash vaporizer at 180–210°C. This preserves the delicate terpene profile and delivers the cleanest expression of Tortuga’s coastal-spice flavor without combustion byproducts.
Hot-Knife or Dabbing
For maximum potency, apply a small dab to a heated surface or between two pre-heated knives. Inhale through a funnel or bottle. Start with a rice-grain-sized portion, this is extremely potent material.
Traditional Pipe or Chillum
Place a thin layer of flower or ash at the bottom to prevent clogging, add a layer of crumbled hash, and top with more flower. Apply gentle, consistent heat rather than direct flame.
Frequently Asked Questions (FAQ): Tortuga Farmz Hash
What makes Tortuga Farmz different from standard hash?
Tortuga Farmz is produced exclusively through solventless mechanical extraction from hand-selected phenotypes. Every batch is lab-verified for purity and potency, and cold-cured to preserve volatile terpenes that degrade in mass-produced or solvent-extracted concentrates.
Is Tortuga Farmz full-spectrum?
Yes. Because it is produced via dry sift or ice-water extraction without chemical solvents, the final product retains the complete cannabinoid and terpene profile of the source plant, delivering the entourage effect in its most authentic form.
How should I store my hash?
Store in an airtight, opaque container in a cool, dark place (15–18°C). Refrigeration is acceptable for long-term storage but allow the product to reach room temperature before handling to preserve its texture and prevent moisture condensation.
How potent is Tortuga Farmz Hash?
THC concentrations typically range between 40–60% depending on the specific batch and phenotype, with total cannabinoid content often exceeding 50%. Lab reports for each batch are available on the product page.
Do you ship discreetly within Europe?
Yes. All orders are packaged in odor-proof, vacuum-sealed bags inside neutral external packaging. Tracking is provided, and shipments comply with all applicable regional regulations for hemp-derived products.
Is this product legal in my country?
Tortuga Farmz Hash is derived from EU-certified hemp cultivars with THC levels compliant with local thresholds. However, laws vary by member state. It is the customer’s responsibility to verify local regulations before ordering.","A premium solventless hash crafted through cold-cured dry sift and ice-water extraction, Tortuga Farmz delivers rich molasses-pine terpenes, verified lab-tested purity, and deep sedative effects. Expert-sourced, full-spectrum, and shipped discreetly across Europe.",125,125,EUR,True,Commercial Hash,,,
frozenhashish:8783,https://frozenhashish.com/product/london-pound-cake-hash-for-sale/,london-pound-cake-hash-for-sale,LONDON POUND CAKE HASH,"London Pound Cake Hash for Sale – Expert-Sourced, Lab-Tested Premium Hash
Rich, decadent, and unmistakably sweet, London Pound Cake Hash For Sale, a dessert-grade concentrate built for connoisseurs who appreciate depth in both flavor and effect. Born from the iconic London Pound Cake cultivar, a strain celebrated for its heavy indica backbone and bakery-fresh terpene profile—this expert-sourced hash delivers a luxurious sensory experience that feels as indulgent as its name suggests. Expert-selected, mechanically extracted, and independently lab-tested, every gram represents the pinnacle of solventless craftsmanship.
What Sets London Pound Cake Hash Apart?
Signature Sweet & Baked Terpene Profile
London Pound Cake is famous for its complex dessert-like aroma: warm vanilla, sweet lemon glaze, ripe berries, and subtle earthy nutmeg. Through gentle solventless extraction, these volatile terpenes remain fully intact, translating into a smoke that tastes like lemon pound cake fresh from the oven—smooth, creamy, and mouthwateringly sweet on the exhale.
Heavy Indica Genetics
Sourced from elite-cut, resin-heavy London Pound Cake plants, this hash carries the strain’s full genetic weight. It is specifically selected from late-harvest flowers at peak trichome ripeness to maximize the sedative cannabinoid and terpene profile that indica lovers chase.
Expert-Sourced & Small-Batch
We partner with craft cultivators who understand that London Pound Cake demands patience. These flowers are grown in controlled environments, slow-cured to protect delicate sugars and esters, and hand-selected for trichome density before ever touching a screen.
Solventless Extraction, Pure Dessert Flavor
London Pound Cake Hash is produced using only mechanical separation—dry sift or ice water methods—never chemical solvents. This preserves the strain’s signature sweet-citrus bouquet while ensuring a clean, contaminant-free product. The result is a concentrate that:
– Melts cleanly with minimal residue
– Retains the authentic baked-goods flavor of the living plant
– Delivers the full-spectrum indica effect without chemical interference
Lab-Tested for Purity & Potency
Every batch undergoes rigorous independent analysis:
–
Cannabinoid Potency
: Verified THCA/THC and minor cannabinoid levels
–
Terpene Profiling
: Confirmation of limonene, caryophyllene, myrcene, and linalool
–
Safety Screening
: Microbial, mold, heavy metal, and residual solvent testing
Certificates of Analysis are available per batch, so you know exactly what you are consuming.
Appearance & Texture
London Pound Cake Hash typically presents as a golden-amber to light-tan dry sift or soft-pressed coin. The texture ranges from buttery and crumbly in its loose form to slightly sticky and dense when pressed. When warmed, it releases an intense sweet-citrus and vanilla aroma that confirms its freshness and genetic authenticity.
Available Formats
– Loose Dry Sift: Unpressed trichome heads ideal for vaporizing or topping flower
– Pressed Hash Coins: Hand-pressed discs that burn slowly and evenly
– Full-Melt
Bubble Hash
: Premium micron grades for low-temperature dabbing
– Temple Balls: Aged and cured for enhanced smoothness and deeper flavor complexity
The London Pound Cake Experience
This is unwind hash. The onset begins with a gentle cerebral calm, a quieting of mental noise followed by a warm, euphoric wave. Within minutes, a deep physical sedation settles in, loosening tight muscles and anchoring you to the couch. The flavor mirrors the journey: sweet lemon-vanilla on the inhale, creamy berry-nutmeg on the finish. Best reserved for evenings, lazy weekends, or anytime deep relaxation is the goal.
How To Use London Pound Cake Hash
Here are the best ways to enjoy London Pound Cake Hash:
Vaporize
(Best for flavor)
Load loose sift or full-melt into a concentrate vaporizer at 170–185°C. Lower temperatures preserve the sweet lemon-vanilla and berry terpenes, delivering the true dessert-like taste without harshness.
Dab
(Full-melt grades)
Use a quartz banger at low temperature. The hash should bubble and melt into a creamy pool, leaving minimal residue. Expect intense sweetness on the inhale and a smooth, cakey finish.
Pipe or Bong
Crumble pressed coins over a bowl of flower. Use a mesh screen and corner-light with a soft flame. The dense, oily resin burns slowly, avoid torching to keep the smoke creamy rather than burnt.
Joint or Spliff
Roll pressed hash into a thin snake and lay it inside, or mix sift evenly with flower. It extends burn time and layers sweet, baked flavor into every puff.
Hot Knives
Press a small piece between two heated knives and inhale. Works well with pressed coins when no rig is available.
Edibles
Decarboxylate first: bake at 115°C for 30–40 minutes, then infuse into butter or oil. The sweet, lemony terpenes translate beautifully into baked goods. Dose carefully, effects are strong and long-lasting. Do not eat raw.
Key Tips
–
Evening use:
London Pound Cake is deeply sedative. Best for unwinding before bed or lazy days.
–
Start small
: Extremely potent. A crumb is plenty for most users.
–
Low heat wins:
Excessive flame destroys the delicate vanilla-citrus profile and creates harsh smoke.
–
Storage:
Keep in an airtight container in a cool, dark place to preserve those volatile dessert terpenes.
Why Collectors Choose London Pound Cake
– ✅
Strain-Authentic:
True London Pound Cake genetics, not generic hash with added flavors
– ✅
Expert-Curated:
Hand-selected by hashmakers specializing in terpene preservation
– ✅
Lab-Verified
: Independent testing for potency, purity, and terpene accuracy
– ✅
100% Solventless:
Clean mechanical extraction only
– ✅
Discreet European Shipping:
Sealed, odor-proof, tracked delivery
Order London Pound Cake Hash For Sale Online
London Pound Cake Hash is produced in strictly limited quantities due to its specialized curing and genetic selection. When available, it sells fast. Browse our current batch, review the lab data, and secure this dessert-grade indica hash before the next release. Treat yourself to the sweet side of solventless excellence.
Frequently Asked Questions (FAQ): London Pound Cake Hash
1. What is London Pound Cake Hash?
London Pound Cake Hash is a premium, solventless cannabis concentrate made from the iconic London Pound Cake cultivar. It is expert-sourced and produced through mechanical dry sift or ice water extraction, known for its sweet dessert-like flavor, heavy indica effects, and high potency.
2. Why is it called “London Pound Cake”?
The name comes from its parent strain, London Pound Cake, which is famous for its bakery-fresh aroma reminiscent of lemon-glazed pound cake with vanilla and berry undertones. The hash faithfully preserves these sweet, baked-goods characteristics.
3. Is London Pound Cake Hash lab-tested?
Yes. Every batch undergoes independent third-party testing for cannabinoid potency, terpene profiles, microbial contaminants, heavy metals, and residual solvents. Certificates of Analysis (COAs) are available for each release.
4. What does London Pound Cake Hash taste like?
Expect a rich, sweet flavor profile dominated by lemon glaze, vanilla frosting, ripe berries, and subtle earthy nutmeg. When vaporized or smoked at low temperatures, it tastes remarkably like actual lemon pound cake—creamy, smooth, and dessert-like.
5. How potent is London Pound Cake Hash?
Potency varies by batch and micron grade, but total cannabinoid levels typically range from 45% to 70%+. It is significantly more potent than flower and best suited for experienced consumers or those seeking strong sedative effects.
6. What are the effects of London Pound Cake Hash?
Users typically experience an initial wave of cerebral calm and euphoria, followed by deep, full-body sedation. It is heavily relaxing, appetite-stimulating, and ideal for evening use, stress relief, or preparing for sleep.
7. What micron grades are available?
London Pound Cake Hash is typically offered in select micron ranges such as 70µ, 90µ, and 120µ. Lower microns generally yield cleaner, fuller-melt hash ideal for dabbing, while higher microns are better suited for pressing or smoking with flower.
8. What formats does it come in?
–
Loose Dry Sift:
Unpressed trichome heads perfect for vaporizing or enhancing flower.
–
Pressed Hash Coins:
Hand-pressed discs that burn slowly and retain moisture.
–
Full-Melt Bubble Hash:
Premium grades for low-temp dabbing with minimal residue.
–
Temple Balls:
Aged and cured for enhanced smoothness and deeper flavor complexity.
9. How do I consume London Pound Cake Hash?
–
Vaporize or dab
full-melt grades at 170–185°C to preserve sweet terpenes.
–
Smoke
pressed hash crumbled into a pipe, bong, or joint.
–
Edibles:
Must be decarboxylated first (115°C for 30–40 minutes) before infusing into butter or oil.
10. Is London Pound Cake Hash good for beginners?
Due to its high potency and heavy sedative effects, it is generally recommended for experienced consumers. Beginners should start with a very small amount, wait 20–30 minutes to assess effects, and avoid mixing with alcohol.
11. Why does heat matter when consuming this hash?
The signature lemon-vanilla and berry flavors come from volatile terpenes like limonene and linalool, which degrade rapidly under high heat. Low-temperature methods ensure you taste the full dessert-like profile without harshness.
12. Where do you ship London Pound Cake Hash?
We offer discreet, tracked shipping across Europe to countries where local regulations permit, including the Netherlands, Spain, Germany, France, Italy, and Portugal. Always verify your local laws before ordering.
13. Is it legal to buy London Pound Cake Hash online?
Cannabis laws vary significantly by country and region. You are responsible for understanding and complying with the laws in your specific jurisdiction before placing an order.
14. How should I store London Pound Cake Hash?
Store in a cool, dark, airtight container. For long-term preservation, refrigerate it. Allow the container to reach room temperature before opening to prevent condensation, which can degrade texture and terpene quality.
15. How can I verify I am buying authentic London Pound Cake Hash?
Purchase only through our official website or verified authorized retailers. Authentic product arrives in sealed, branded packaging with batch numbers and QR codes linking directly to lab results.
16. What payment methods are accepted?
We accept cryptocurrency and SEPA bank transfers for secure, private transactions.
17. How long does shipping take?
Orders are typically dispatched within 24–48 hours. European delivery generally takes 3 to 10 business days depending on your location. Full tracking information is provided once your package ships.","London Pound Cake Hash
, a dessert-grade, solventless concentrate with rich lemon-vanilla and berry terpenes. Expert-sourced from elite indica genetics and lab-tested for purity, it delivers deep physical relaxation and sweet, bakery-fresh flavor. Available in premium dry sift and pressed formats with discreet European shipping.",150,150,EUR,True,Commercial Hash,,,
frozenhashish:9285,https://frozenhashish.com/product/the-bufalo-plein-filtered-120u/,the-bufalo-plein-filtered-120u,The Bufalo Plein Filtered 120u,,,150,150,EUR,True,Dry Filtered Hash 3X,,,
frozenhashish:9154,https://frozenhashish.com/product/lvmhash-farm-hash/,lvmhash-farm-hash,LVMHASH Farm Hash,,,170,170,EUR,True,Dry Filtered Hash 3X,,,
frozenhashish:9118,https://frozenhashish.com/product/playing-with-jiblis-filtrer-73u-hash/,playing-with-jiblis-filtrer-73u-hash,Playing With Jiblis Filtrer 73u Hash,,,150,150,EUR,True,Dry Filtered Hash 3X,,,
frozenhashish:9113,https://frozenhashish.com/product/no-farm-90u-%f0%9f%87%b2%f0%9f%87%a6/,no-farm-90u-%f0%9f%87%b2%f0%9f%87%a6,NO FARM 90U 🇲🇦,,,140,140,EUR,True,Dry Filtered Hash 3X,,,
frozenhashish:9003,https://frozenhashish.com/product/darks-farms-filtrer-90u/,darks-farms-filtrer-90u,Darks Farms FILTRER 90u,"Darks Farms Hash 90u
— Expert Review, Full-Micron Terpene Profile & Lab-Tested Solventless Breakdown
Darks Farms Hash 90u is the crown jewel of ice-water extraction, captured through a 90-micron mesh that isolates the largest, most resinous trichome heads at their peak maturity. This precise micron grade yields a concentrate of extraordinary purity and potency, where immature glandular structures and stalk material fall away, leaving only fully developed resin glands bursting with unadulterated terpenes and cannabinoids. The texture is pliable and aromatic, crumbling gently at room temperature and melting cleanly on application. Expect a bold, strain-specific flavour arc, deep earthy hash, citrus zest, and sweet floral notes, underpinned by a potent, full-spectrum effect that reflects the intact trichome architecture. Every batch is lab-tested for potency, purity, and terpene integrity, then stored and shipped at 58–62% RH within cold-chain, discreet EU packaging, ensuring micron-grade freshness arrives uncompromised.
Key Features Of Darks Farms Hash 90u
Premium 90-Micron Grade
– Isolates the largest, most mature trichome heads for peak resin quality
100% Solventless
– Pure ice-water extraction; zero chemical solvents
Exceptional Purity
– Immature stalks and glandular material filtered out at source
Bold Strain-Specific Terpenes
– Deep earthy hash, citrus zest, and sweet floral complexity
Pliable, Clean Melt
– Crumbles gently at room temperature; liquefies smoothly on heat
Full-Spectrum Effect
– Intact entourage of cannabinoids and terpenes preserved in resin heads
Lab-Tested
– Verified for potency, purity, terpene content, and contaminants
Cold-Chain Freshness
– Stored and shipped at 58–62% RH to protect volatile compounds
Discreet EU Shipping
– Plain-label, odour-sealed packaging with reliable, tracked delivery
Connoisseur Grade
– Curated for experienced enthusiasts who understand micron-level craft
Darks Farms Hash 90u — Terpene Profile
Limonene
– Sharp citrus zest; uplifting, mood-elevating onset
Caryophyllene
– Peppery, earthy spice; anti-inflammatory, physical warmth
Myrcene
– Herbal, deep hash; sedative synergy, drives body relaxation
Linalool
– Delicate floral sweetness; anxiolytic, smooths the exhale
Terpinolene
– Fresh, piney lift; adds dimension and prevents palate fatigue
Is 90u hash rosin good?
Yes — 90u is widely considered the premium micron grade.
Here’s why:
The Sweet Spot
— Mature trichome heads cluster in the 70–120 µm range; the 90u fraction captures the highest concentration of fully intact, ripe glandular heads with minimal stalk or contaminant.
Full-Melt Quality
— 90u washes naturally produce the cleanest melt, leaving virtually no residue on vaporisation — a hallmark of top-tier hash/rosin.
Terpene Integrity
— Fewer plant fragments means a purer terpene expression; flavours are sharper, cleaner, and more distinct than broader-spectrum or lower-grade screens.
Potency & Yield Balance
— The 90u cut offers the best trade-off between yield and refinement — it’s not the smallest fraction (which can be dusty) nor the largest (which carries more plant matter), but the most potent and flavourful middle ground.
In short:
In ice-water extraction, 90u is the grade connoisseurs chase, it’s the benchmark for clean, full-melt, terpene-rich hash.
What are the differences between 70u and 90u rosin?
70u Rosin
captures the smallest mature trichome heads. The tighter screen means fewer plant fragments pass through, giving it the absolute cleanest melt and marginally higher THC by weight. Flavour is sharp, focused, and precise, almost clinical in its purity. Yield per wash is lower, and the texture tends to be a finer, silkier crumble. It’s the grade purists chase when they want the most refined expression possible.
90u Rosin
captures larger, fully ripe glandular heads, the most abundant premium fraction in any wash. Slightly more plant particulate can pass the wider screen, so the melt is just a touch less immaculate than 70u, but still full-melt clean with minimal residue. Where it wins is depth: the broader trichome population delivers a rounder, richer terpene profile with more dimension on the palate. Yield is higher, the texture is softer and more pliable, and the potency difference is negligible in practice.
In short
: 70u is the scalpel, the cleanest, most precise cut, lower yield, sharper focus. 90u is the gold standard, richer flavour, better yield, still full-melt. The gap between them is real but narrow; both are connoisseur-grade.
How To Consume Darks Farms Hash 90u
Crumble & Roll
— Gently break apart at room temperature; the 90u melt naturally crumbles without warming. Sprinkle into a joint or blunt for a boosted potency layer.
Bowl Topper
— Pinch a small amount onto a packed bowl of flower. Light with a low-flame lighter; let the hash melt into the bed rather than torching it directly.
Vaporise
— Load into a dry-herb vaporiser set to 180–200 °C. The full-melt micron grade vaporises cleanly with minimal residue, no mesh pad required.
Hot Knife
— For a rapid, efficient hit: warm two knife blades, press a small crumble between them, and inhale the vapour through a funnel or tube.
Storage
— Keep sealed in a cool, dark place at 58–62 % RH. The pliable texture is moisture-sensitive; too dry and it powders, too humid and it clumps. Cold-chain delivery preserves the terpene profile intact.
Why Buy Darks Farms Hash 90u Online From Our Website
Premium Micron Grade
— 90u is the most sought-after fraction in ice-water extraction; fully mature trichome heads delivering full-melt cleanliness and maximum terpene depth.
Solventless Integrity
— Zero chemical solvents, zero shortcuts. Pure ice-water separation, then low-temp pressed, nothing added, nothing stripped away.
Lab-Tested & Verified
— Every batch is third-party tested for potency, pesticides, and contaminants. Full COA available — what’s on the label is in the jar.
Cold-Chain Freshness
— Stored and shipped under strict cold-chain conditions so the terpene profile arrives exactly as it left the press. No degradation, no compromise.
58–62% RH Storage
— We maintain optimal humidity at every stage, preserving the pliable, crumbly texture that makes 90u a joy to handle — never dried out, never claggy.
EU Discreet Packaging
— Plain, unbranded outer packaging with no odour transfer and no identifying labels. Your order arrives privately, securely, and without fuss.
Darks Farms Reputation
— One of Europe’s most respected hash producers; small-batch, single-source, obsessed with micron-graded purity. This isn’t bulk, it’s craft.
Honest Value
— Premium grade at a fair price. No middlemen mark-ups, no inflated claims, just clean, potent, full-melt 90u hash that speaks for itself.","Darks Farms Hash 90u is a premium micron-graded ice-water hash, capturing the most sought-after fraction of fully mature trichome heads. Solventless, lab-tested, and full-melt clean, it crumbles gently at room temperature and delivers rich, layered terpenes with every hit. Stored at 58–62% RH and shipped cold-chain fresh across the EU in discreet, unbranded packaging.",170,170,EUR,True,Dry Filtered Hash 3X,,,
frozenhashish:8767,https://frozenhashish.com/product/black-ice-farm-hash-for-sale/,black-ice-farm-hash-for-sale,Black Ice Farm Hash,"Black Ice Farm Hash for Sale – Expert-Sourced, Lab-Tested Premium Hash
Cool, commanding, and intensely potent,
Black Ice Farm Hash
is engineered for enthusiasts who chase depth and power in every session. Named for its dark, resinous appearance and crisp, pine-diesel finish, this expert-sourced concentrate delivers a heavy-hitting, full-bodied experience backed by verified purity and artisan craftsmanship. When only the strongest, most complex hash will suffice, Black Ice stands in a category of its own.
What Defines Black Ice Farm Hash?
Dark, Resin-Rich Character
Black Ice is distinguished by its deep amber-to-charcoal coloring and dense, oily texture, visual hallmarks of mature trichomes harvested at peak ripeness. The dark hue signals a robust cannabinoid matrix and preserved oxidized resins that many connoisseurs associate with traditional powerhouse hashes.
Crisp, Complex Terpene Profile
Beneath the dark exterior lies a surprisingly cool bouquet. Dominant notes of pine, menthol, and cracked black pepper interlace with subtle diesel and earthy undertones. The result is a sharp, invigorating aroma that cools on the inhale and warms on the exhale.
Expert-Sourced, Small-Batch Production
We source Black Ice exclusively from master growers who specialize in heavy indica and hybrid genetics chosen for their dense trichome production and late-harvest resin development. Each batch is hand-selected, slow-cured, and mechanically extracted to preserve the plant’s full sedative potential.
Solventless Extraction, Maximum Potency
Black Ice Farm Hash is created using traditional dry sift and ice water methods, never solvents. The extraction process isolates the oldest, most mature trichome heads, which naturally darken as they oxidize and develop richer cannabinoid ratios. This patient, mechanical approach yields a concentrate that is:
– Chemically clean with zero residual solvents
– Potent and long-lasting in effect
– True to the strain’s heavy, sedative character
Lab-Tested for Safety & Strength
Every release of Black Ice undergoes rigorous independent testing:
–
Potency Verification
: High THCA and total cannabinoid confirmation
–
Terpenology Report
: Pinene, caryophyllene, and humulene profiling
–
Contaminant Screening
: Zero-tolerance testing for mold, mildew, heavy metals, and pesticides
Batch-specific Certificates of Analysis are available, ensuring what you see is precisely what you smoke.
Available Formats
–
Loose Dry Sift
: Dark, sandy crystals ideal for vaporization or pressing at home
–
Pressed Slabs & Coins
: Dense, glossy black hash with a sticky, pliable core
–
Full-Melt Bubble Hash
: Select micron grades for low-temp dabbing with near-zero residue
–
Aged Temple Balls
: Cured and fermented for enhanced smoothness and depth
The Black Ice Experience
This is evening hash. The onset begins with a slow, creeping physical relaxation that melts tension from the shoulders downward. Mentally, the noise quiets. Within minutes, a deep, weighted calm settles in—making Black Ice ideal for rest, recovery, and introspective sessions. The flavor mirrors the journey: cool pine and diesel on the front, earthy spice on the finish.
How To Consume Black Ice Farm Hash
Here are the best ways to consume Black Ice Farm Hash:
Vaporize
(Best for
flavor
)
Load loose sift or full-melt into a concentrate vaporizer at 175–195°C. Lower temperatures preserve the crisp pine, menthol, and pepper terpenes while delivering a smooth, cool inhale.
Dab
(Full-melt & bubble grades)
Use a quartz banger at low-to-medium heat. Black Ice’s dense resin darkens further when heated, bubbling into a heavy, flavorful vapor. Expect minimal residue with true full-melt grades.
Pipe or Bong
Crumble pressed slabs or coins over a bowl of flower. Use a mesh screen and apply gentle, indirect heat. The dark hash burns slowly and oilily, corner the bowl rather than charring it all at once.
Joint or Spliff
Roll a thin snake from pressed Black Ice and lay it inside, or mix loose sift evenly with flower. It extends burn time and adds a diesel-spice kick to the smoke.
Hot Knives
(Classic approach)*
Press a small piece of dense Black Ice between two heated knives. The oily resin produces thick, potent smoke—ideal for traditional pressed formats when no rig is available.
Edibles
Decarboxylate first: bake at 115°C for 30–40 minutes, then infuse into butter or oil. Black Ice is extremely potent and sedative, dose conservatively. Do not eat raw.
Important Tips
–
Evening use recommended
: Black Ice is heavy and deeply relaxing. Best reserved for nighttime or days with no obligations.
–
Start very small
: This is some of the most potent hash in the lineup. A rice-grain-sized piece is plenty for most users.
–
Low heat wins
: Excessive flame destroys the cool pine-menthol profile and creates harsh, sooty smoke.
–
Storage
: Keep dark hash in a cool, airtight container. Its oily nature means it can soften and stick if left in warm conditions.
Why Collectors Choose Black Ice
–
Visually Distinctive
: Dark, oily, and resin-heavy, a statement piece in any collection
–
Expert-Curated Genetics
: Sourced from farms specializing in high-resin, sedative cultivars
–
Lab-Certified
: Independent testing for potency, purity, and terpene accuracy
–
100% Solventless
: Clean mechanical extraction only
–
Discreet Pan-European Shipping
: Sealed, tracked, and odor-proof
Order Black Ice Farm Hash For Sale Online
Black Ice is released in strictly limited quantities due to its specialized curing and selection process. When it is available, it moves fast. Browse current stock, review the lab data for the active batch, and secure your order before this dark, potent release disappears.
Frequently Asked Questions (FAQ): Black Ice Farm Hash
1. What is Black Ice Farm Hash?
Black Ice Farm Hash is a premium, expert-sourced solventless concentrate known for its dark, resinous appearance and heavy sedative effects. It is produced through mechanical dry sift or ice water extraction from high-resin indica and hybrid cultivars.
2. Why is it called “Black Ice”?
The name refers to its deep amber-to-charcoal coloring—caused by mature, oxidized trichomes—and its crisp, cool terpene profile featuring pine, menthol, and diesel notes. It looks dark and hits hard, much like the phenomenon it is named after.
3. Is Black Ice Farm Hash lab-tested?
Yes. Every batch is independently tested for cannabinoid potency, terpene profiles, microbial contaminants, heavy metals, and residual solvents. Certificates of Analysis are available for each release.
4. How potent is Black Ice Farm Hash?
Black Ice is among our strongest offerings, with total cannabinoid levels often exceeding 50–70% depending on the batch and micron grade. It is significantly more potent than flower and recommended for experienced consumers.
5. What does Black Ice taste and smell like?
The profile is sharp and complex: dominant pine and menthol on the nose, followed by cracked black pepper, diesel, and deep earthy undertones. When heated, it produces a cool, spicy smoke that warms on the exhale.
6. What are the effects of Black Ice Farm Hash?
Expect a slow-building, heavy physical relaxation and mental quietude. It is deeply sedative and best suited for evening use, rest, recovery, or unwinding after a demanding day.
7. What micron grades are available?
Black Ice is typically offered in select micron ranges such as 70µ, 90µ, and 120µ. Lower microns generally yield cleaner, fuller-melt hash, while higher microns are often better for pressing or smoking with flower.
8. What formats does Black Ice come in?
–
Loose Dry Sift
: Dark, crystalline powder for vaping or topping bowls.
–
Pressed Slabs/Coins
: Dense, glossy black hash with an oily core.
–
Full-Melt Bubble Hash
: Premium grades for low-temp dabbing.
–
Aged Temple Balls
: Cured and fermented for enhanced smoothness.
9. How do I consume Black Ice Farm Hash?
– V
aporize or dab
full-melt grades at 175–195°C to preserve terpenes.
–
Smoke
pressed hash crumbled into a pipe, bong, or joint.
–
Edibles
: Must be decarboxylated first (115°C for 30–40 minutes) before infusing into butter or oil.
10. Is Black Ice good for beginners?
No. Due to its extreme potency and heavy sedative effects, Black Ice is best suited for experienced consumers. Beginners should start with milder options and build tolerance before trying this grade.
11. Why is the hash so dark?
The dark color indicates mature, oxidized resin glands harvested at peak ripeness. It is a natural characteristic of certain high-resin genetics and traditional curing methods—not a sign of poor quality, but of concentrated age and potency.
12. Where do you ship Black Ice Farm Hash?
We ship discreetly across Europe to jurisdictions where cannabis possession and purchase are permitted, including the Netherlands, Spain, Germany, France, Italy, and Portugal. Always verify your local laws before ordering.
13. Is it legal to buy Black Ice Farm Hash online?
Cannabis laws vary by country and region. You are responsible for understanding and complying with the laws in your specific location before placing an order.
14. How should I store Black Ice Farm Hash?
Store in a cool, dark, airtight container. Because of its oily, resinous nature, it softens in warm conditions. Refrigeration is recommended for long-term storage. Allow the container to reach room temperature before opening to prevent moisture condensation.
15. How can I verify I am buying authentic Black Ice Farm Hash?
Purchase only through our official website or verified authorized retailers. Authentic Black Ice arrives in sealed, branded packaging with batch numbers and QR codes linking directly to lab results.
16. What payment methods are accepted?
We accept cryptocurrency and SEPA bank transfers for secure, private checkout.
17. How long does shipping take?
Orders are typically dispatched within 24–48 hours. European delivery generally takes 3 to 10 business days depending on your location. Full tracking information is provided once your package ships.","Lab-Tested Quality
: Every batch undergoes rigorous third-party testing for potency, purity, safety, discreet shipping.",150,150,EUR,True,Dry Filtered Hash 3X,,,
frozenhashish:8755,https://frozenhashish.com/product/dry-tangerina-hash-for-sale/,dry-tangerina-hash-for-sale,Dry Tangerina hash,"Dry Tangerina Hash for Sale – Expert-Sourced, Lab-Tested
Premium Hash
Bright, zesty, and unmistakably aromatic, Dry Tangerina Hash captures the essence of its namesake citrus profile in every golden crumb. Expert-sourced from cultivators who specialize in terpene-forward genetics, this premium hash delivers a tangy, sun-ripened flavor backed by serious potency and verified purity. For connoisseurs who crave something beyond the ordinary, Dry Tangerina offers a sensory experience as vibrant as its name suggests.
What Makes Dry Tangerina Hash Special?
Signature Citrus Terpene Profile
Dry Tangerina is prized for its dominant limonene and myrcene content, producing an unmistakable tangerine and sweet-orange aroma with subtle earthy undertones. Unlike generic hashes that mute strain character, this cultivar-specific selection preserves every layer of its fruity, uplifting bouquet through careful low-temperature processing.
Expert-Sourced Cultivation
We partner with craft farms that understand Tangerina genetics demand patience. These cultivars are grown in controlled environments, slow-cured to protect volatile terpenes, and hand-selected at peak resin production. Only flowers meeting strict trichome density standards enter the extraction process.
Solventless Dry Sift Extraction
Dry Tangerina Hash is produced exclusively through mechanical separation. Dried, cured buds are gently agitated across layered micron screens, isolating intact trichome heads without introducing butane, CO₂, or ethanol. The result is a clean-burning, flavor-intact concentrate that reflects the living plant.
Lab-Tested for Confidence
Every batch of Dry Tangerina Hash is submitted to independent laboratories before release. Testing includes:
–
Cannabinoid Potency
: Total THC/THCA, CBD, and minor cannabinoid verification.
–
Terpene Analysis
: Confirmation of limonene, myrcene, pinene, and other aromatic compounds.
–
Safety Screening
: Microbial contaminants, mold, heavy metals, and residual solvent checks.
Certificates of Analysis are available per batch, so you know exactly what is in your hash before you buy.
Appearance & Texture
Dry Tangerina Hash typically presents as a blonde to light-amber dry sift or softly pressed coin, depending on the grade. The texture ranges from sandy and crumbly in its loose form to slightly sticky and pliable once pressed. When exposed to gentle heat, it releases an intense citrus aroma that signals its freshness and quality.
Available Formats
–
Loose Dry Sift (Kief)
: Unpressed trichome heads perfect for vaporizing or enhancing flower bowls.
–
Pressed Hash Coins
: Traditional hand-pressed discs that retain moisture and burn slowly.
–
Full-Melt Selection
: Premium micron-grade sift suitable for low-temperature dabbing with minimal residue.
The Dry Tangerina Experience
Expect an initial wave of cerebral uplift and creative energy, followed by a gentle, warming physical relaxation. The citrus-forward flavor translates directly to the smoke or vapor—sweet, tangy, and smooth on the exhale. It is ideal for daytime sessions, social settings, or anytime you want a flavorful, mood-enhancing concentrate.
How To Use Dry Tangerina hash
Vaporize
(Recommended)
Load loose sift into a concentrate vaporizer at 170–190°C. Lower temps protect the delicate limonene and myrcene, delivering the truest tangerine flavor and a smoother inhale.
Dab
(Full-melt grades)
Use a quartz banger at low temperature. Dry Tangerina’s terpene-rich profile shines when gently heated—too hot and the citrus notes turn harsh.
Pipe or Bong
Crumble pressed hash or sprinkle sift over a bowl of flower. Use a mesh screen and corner-light with a soft flame. Avoid direct torching to keep the smoke sweet, not scorched.
Joint or Spliff
Roll pressed hash into a thin snake, or mix sift evenly with flower. The even burn lets the tangy citrus flavor come through from start to finish.
Hot Knives
Press a small piece between two heated knives and inhale. Works best with pressed coins when no rig or vape is available.
Edibles
Decarboxylate first: bake at **115°C for 30–40 minutes**, then infuse into butter or oil. Do not eat raw—it won’t activate and may irritate your stomach.
Why Buy Dry Tangerina Hash From Our Website?
–
Cultivar-Specific
: True Tangerina genetics, not generic hash with added terpenes.
–
Expert-Sourced
: Hand-selected by hashmakers with deep solventless expertise.
–
Lab-Verified
: Independent testing for potency, terpenes, and safety.
–
100% Solventless
: Clean mechanical extraction only.
–
Discreet European Shipping
:** Secure, odor-proof, tracked delivery.
Order Dry Tangerina Hash Online
Limited batches of Dry Tangerina Hash are available while harvest supplies last. Browse our current grades, review lab results, and secure your citrus-forward hash today. Stock rotates quickly, once this release sells out, you will wait for the next curated drop.
Frequently Asked Questions (FAQ):
Dry Tangerina Hash
1. What is Dry Tangerina Hash?
Dry Tangerina Hash is a premium, solventless cannabis concentrate made from Tangerina cultivar genetics. It is expert-sourced and produced through mechanical dry sift extraction, known for its bright citrus aroma, high terpene content, and potent cannabinoid profile.
2. Why is it called “Dry Tangerina”?
The name reflects the strain’s dominant tangerine and sweet-orange flavor profile, driven primarily by limonene and myrcene terpenes. The “Dry” refers to the dry sift extraction method used to produce the hash—no water or ice is involved.
3. Is Dry Tangerina Hash lab-tested?
Yes. Every batch is independently tested for cannabinoid potency, terpene content, microbial contaminants, heavy metals, and residual solvents. We provide Certificates of Analysis (COAs) so you can verify quality and safety before purchasing.
4. What does Dry Tangerina Hash taste and smell like?
Expect a bold citrus-forward aroma with notes of fresh tangerine, sweet orange peel, and subtle earthy undertones. When vaporized or smoked at low temperatures, the flavor is tangy, smooth, and remarkably true to the fresh fruit.
5. How potent is Dry Tangerina Hash?
Potency varies by harvest and micron grade, but total cannabinoid levels typically range from 40% to 60%+. Specific THC/THCA percentages are listed on each batch’s lab report.
6. What are the effects of Dry Tangerina Hash?
Users commonly report an initial cerebral uplift, enhanced creativity, and mood elevation, followed by a gentle, warming physical relaxation. Its balanced nature makes it suitable for both daytime and evening use, depending on dosage.
7. What micron grades are available?
Dry Tangerina Hash is typically offered in several micron separations (e.g., 70µ, 90µ, 120µ). Lower microns often yield cleaner, fuller-melt products, while larger microns may be better suited for pressing or smoking with flower.
8. What is the difference between loose sift and pressed Dry Tangerina Hash?
–
Loose Sift
: Unpressed trichome heads, sandy texture, ideal for vaporizing and dabbing.
–
Pressed Hash
: Traditionally hand-pressed into coins or slabs, slightly denser and slower-burning, excellent for pipes and joints.
9. How do I consume Dry Tangerina Hash?
–
Vaporize or dab
full-melt grades at low temperature (170–190°C) to preserve citrus terpenes.
– S
moke
pressed hash crumbled into a pipe, bong, or joint.
–
Edibles
: Must be decarboxylated first (115°C for 30–40 minutes) before infusing into butter or oil.
10. Why does heat matter when consuming Dry Tangerina?
The signature tangerine flavor comes from volatile terpenes like limonene, which degrade rapidly under high heat. Low-temperature dabbing or vaporizing ensures you taste the full citrus profile without harshness.
11. Where do you ship Dry Tangerina Hash?
We offer discreet, tracked shipping across Europe to countries where local regulations permit, including the Netherlands, Spain, Germany, France, Italy, and Portugal. Always confirm your local laws before ordering.
12. Is it legal to buy Dry Tangerina Hash online?
Cannabis laws vary by jurisdiction. You are responsible for understanding and complying with the laws in your country or region before purchasing.
13. How should I store Dry Tangerina Hash?
Store in a cool, dark, airtight container. For long-term preservation, refrigerate it. Allow the container to reach room temperature before opening to prevent condensation, which can degrade texture and terpene quality.
14. How can I verify I am buying authentic Dry Tangerina Hash?
Purchase only through our official website or verified authorized retailers. Authentic product arrives in sealed, branded packaging with batch numbers and QR codes linking directly to lab results.
15. What payment methods are accepted?
We accept cryptocurrency and SEPA bank transfers for secure, private transactions.
16. How long does shipping take?
Orders are dispatched within 24–48 hours. European delivery typically takes 3 to 10 business days. Full tracking is provided once your package ships.
17. Is Dry Tangerina Hash good for beginners?
While the effects are balanced and uplifting, hash is significantly more potent than flower. Beginners should start with a very small amount, wait 20–30 minutes to assess effects, and avoid mixing with alcohol or other substances.","Lab-Tested Quality
: Every batch undergoes rigorous third-party testing for potency, purity, safety, discreet shipping.",0,0,EUR,False,Dry Filtered Hash 3X,,,
frozenhashish:8697,https://frozenhashish.com/product/hasbi-farms-hash-for-sale/,hasbi-farms-hash-for-sale,Hasbi Farms Hash,"Hasbi Farms Hash for Sale – Expert-Sourced, Lab-Tested Premium Hash
Discover
Hasbi Farms Hash For Sale
, a premium cannabis concentrate crafted for customers who value quality, authenticity, and reliable sourcing. Known for its rich resin profile, smooth texture, and bold aromatic character, Hasbi Farms Hash is designed for those seeking a refined hash experience from a trusted name.
Key Features Of
Hasbi Farms Hash
Expert-sourced resin quality
— Hasbi Farms Hash is positioned as a premium hash product made from carefully selected cannabis resin for a refined concentrate experience.
Lab-tested for transparency
— Quality testing helps verify potency, purity, and consistency, giving customers more confidence in the product.
Rich terpene profile
— It may offer bold aromatic notes such as earthy, spicy, herbal, woody, or resin-forward flavors, depending on the batch and strain source.
Premium texture and consistency
— High-quality hash is often valued for its smooth, pliable, or resin-rich texture, which reflects careful handling and storage.
Strong potency
— As a cannabis concentrate, Hasbi Farms Hash is generally expected to be more potent than standard flower and better suited to experienced consumers.
Authentic farm-sourced appeal
— The Hasbi Farms name gives the product a craft-focused identity, suggesting a closer connection to cultivation, resin selection, and quality control.
Versatile use methods
— Where legally permitted, hash may be used in bowls, joints, vaporizers, dab setups, or infused products.
Carefully handled batches
— Proper curing, storage, and packaging help preserve aroma, texture, and cannabinoid quality.
Smooth concentrate experience
— Premium hash is often chosen for its balanced flavor, resin character, and clean finish compared with lower-grade concentrates.
How To Consume Hasbi Farms Hash
Sprinkled on bowls or joints
— added to cannabis flower to increase flavor, aroma, and potency.
Mixed with flower in a dry herb vaporizer
— placed with cannabis flower and heated in a vaporizer instead of being burned.
Hash pipe
— a traditional method for heating hash on its own without mixing it into flower.|
Hot knife
— an older method where hash is heated on metal and the vapor is inhaled; this carries burn and smoke-inhalation risks.
Vaporizer for concentrates
— used with devices designed for hash or concentrates; lower temperatures are often preferred for a smoother experience.
Dabbing
— consumed with a concentrate rig or electronic dab device; this method can feel very strong because hash is more concentrated than flower.
Infused into edibles
— incorporated into food after proper preparation; effects can take longer to appear and may last much longer than inhaled methods.
Capsules or tincture-style extracts
— hash-derived extracts may be processed into oral or sublingual products for more measured consumption.
Pressed into rosin
— some high-quality sift or hash can be pressed using heat and pressure to create solventless rosin for vaporizing or dabbing.
Why Buy Hasbi Farms Hash From Our Website
When you shop with Frozen Hashish, you’re choosing quality, convenience, and customer satisfaction:
Top-Notch Products:
Our Hasbi Farms Hash is made using
precision techniques
, ensuring the highest quality possible in every batch.
Lab-Tested for
Purity
:
We prioritize your safety by lab-testing all our products for potency and purity.
Fast & Discreet Shipping:
Get your
Filtered sift hash
delivered quickly and discreetly to your door.
Exclusive Offers:
Join our community and stay updated on the latest deals and discounts available only at info@frozenhashish.com
Frequently Asked Questions (FAQ): Hasbi Farms Hash
1. What is Hasbi Farms Hash?
Hasbi Farms Hash is a cannabis concentrate-style product often described as premium hash made from resin-rich cannabis material. It is typically marketed toward customers looking for stronger potency, richer flavor, and a more concentrated experience than standard cannabis flower.
2. Is Hasbi Farms Hash lab-tested?
If sold through a reputable legal source, Hasbi Farms Hash may include lab testing for cannabinoid potency, purity, and contaminants. Buyers should look for batch details, lab reports, packaging information, and verified product labels before purchasing.
3. What makes Hasbi Farms Hash different from regular hash?
Hasbi Farms Hash is positioned as a premium, farm-sourced product with emphasis on expert selection, resin quality, and consistency. Regular hash can vary widely in quality, texture, strength, and production method.
4. How strong is Hasbi Farms Hash?
Hash is usually more potent than cannabis flower because it is made from concentrated resin. The exact strength depends on the strain, resin quality, extraction or separation process, and lab-tested cannabinoid percentage.
5. What does Hasbi Farms Hash taste like?
The flavor may vary by batch, but premium hash often has earthy, spicy, herbal, woody, piney, or resin-forward notes. Terpene content plays a major role in aroma and taste.
6. What texture should Hasbi Farms Hash have?
Depending on the batch and production style, it may be soft, pliable, crumbly, sticky, pressed, or resin-rich. Good storage helps preserve texture, aroma, and overall quality.
7. How is Hasbi Farms Hash commonly consumed?
Common methods include sprinkling it on bowls or joints, using a hash pipe, vaporizing, dabbing, pressing into rosin, or infusing it into edibles where legally permitted.
8. Can Hasbi Farms Hash be used in edibles?
Yes, hash is sometimes used in edibles, but it usually requires
proper preparation
before being infused into food. Edible effects can take longer to appear and may last longer than inhaled cannabis.
9. Is Hasbi Farms Hash suitable for beginners?
Because hash can be highly concentrated,
beginners should be cautious
. It may produce stronger effects than expected, especially for people with low tolerance.
10. How should Hasbi Farms Hash be stored?
Store hash in an
airtight container
in a cool, dark place. Keeping it away from heat, light, and air helps preserve potency, aroma, and texture.
11. How can buyers verify authentic Hasbi Farms Hash?
Look for original packaging, batch numbers, lab results, tamper-evident seals, seller reputation, and clear product information. Avoid unverified sellers or products with vague claims.
12. What are the possible effects of Hasbi Farms Hash?
Possible effects may include relaxation, euphoria, increased appetite, body heaviness, altered perception, dry mouth, red eyes, anxiety, or sleepiness. Effects vary based on potency, amount used, and individual tolerance.
13. What are the risks of using Hasbi Farms Hash?
Risks may include overconsumption, anxiety, impaired coordination, respiratory irritation from smoking, strong intoxication, and legal consequences depending on local laws.
14. Is Hasbi Farms Hash legal?
Legality depends on the country, region, and local cannabis regulations. Buyers should confirm that cannabis hash products are legal in their area before purchasing or using them.
15. Why choose Hasbi Farms Hash?
Customers may choose Hasbi Farms Hash for its premium positioning, expert-sourced resin quality, lab-tested claims, rich flavor profile, and strong concentrate-style effects.","Lab-Tested Quality
: Every batch undergoes rigorous third-party testing for potency, purity, safety, discreet shipping.",200,200,EUR,True,Dry Filtered Hash 3X,,,
frozenhashish:8678,https://frozenhashish.com/product/malana-cream-hash-for-sale/,malana-cream-hash-for-sale,Malana Cream Hash,"Premium Malana Cream Hash For Sale – Pure Traditional Himalayan Hash | Fast & Discreet Delivery
Our Premium
Malana Cream Hash For Sale
, is the legendary hand-rubbed charas straight from the ancient village of Malana in the Himachal Pradesh Himalayas. Renowned worldwide as one of the finest and purest hashish varieties, Malana Cream is celebrated by connoisseurs for its rich aroma, smooth texture, and exceptional potency.
Key Features Of Malana Cream Hash
Authentic Malana Origin
: Genuine hand-rubbed charas sourced directly from the historic village of Malana in the Indian Himalayas.
Premium Cream Texture
: Soft, pliable, and oily consistency, the signature “cream” quality that Malana is famous for.
Exceptional Resin Content
: High concentration of trichomes delivering potent effects and rich flavor.
Distinctive Aroma & Flavor
: Complex profile with sweet, spicy, earthy, and pine notes – a true connoisseur’s hash.
Balanced Potent Effects
: Strong cerebral euphoria combined with deep physical relaxation and body calm.
Traditional Production
: Made using ancient hand-rubbing methods passed down through generations – completely solvent-free.
Premium Quality Assurance
: Carefully selected and inspected for purity, consistency, and cleanliness in every batch.
Freshness Guaranteed
: Vacuum-sealed packaging to preserve aroma, flavor, and potency until opened.
Discreet & Secure Delivery
: Fast, stealth shipping with reliable tracking.
How To Consume Malana Cream Hash
Joint/Blunt
: Warm a small piece until soft, crumble, and mix with ground flower. Roll and enjoy.
Pipe or Bong
: Crumble directly into the bowl (sandwich with herb for better burn).
Vaporizer
: Best for flavor and efficiency, use at 180–220°C (356–428°F).
Twaxing
: Apply softened hash around a joint for extra potency.
Why Buy Malana Cream Hash From Our Website
When you shop with Frozen Hashish, you’re choosing quality, convenience, and customer satisfaction:
Top-Notch Products:
Our Malana Cream Hash is made using
precision techniques
, ensuring the highest quality possible in every batch.
Lab-Tested for
Purity
:
We prioritize your safety by lab-testing all our products for potency and purity.
Fast & Discreet Shipping:
Get your
Dry Filtered sift hash
delivered quickly and discreetly to your door.
Exclusive Offers:
Join our community and stay updated on the latest deals and discounts available only at info@frozenhashish.com
Frequently Asked Questions (FAQ) – Malana Cream Hash
Q1: What is Malana Cream Hash?
Malana Cream Hash is a premium traditional hand-rubbed charas sourced from the ancient village of Malana in the Indian Himalayas. It is widely regarded as one of the highest quality hashish varieties in the world due to its soft “cream-like” texture and rich resin content.
Q2: Where does your Malana Cream Hash come from?
Our Malana Cream is authentically sourced from traditional farmers in Malana Village, Himachal Pradesh. It is produced using centuries-old hand-rubbing techniques without any solvents or chemicals.
Q3: How potent is Malana Cream Hash?
It is considered very potent. Most users report strong cerebral effects combined with deep physical relaxation. We recommend starting with a small amount (rice-grain size) especially if you are new to hash.
Q4: What does Malana Cream Hash taste and smell like?
It has a distinctive sweet, spicy, earthy, and pine-like aroma with a smooth, flavorful smoke that many connoisseurs describe as unique to genuine Malana charas.
Q5: How should I store Malana Cream Hash?
Keep it in its original vacuum-sealed packaging in a cool, dark place. Avoid direct sunlight and heat to preserve freshness and potency.
Q6: What is the best way to consume Malana Cream Hash?
The most popular methods are mixing it in joints/blunts, using it in a pipe or bong, or vaporizing it. See our “How To Consume” guide for detailed instructions.
Q7: Do you offer discreet shipping?
Yes. All orders are shipped in plain, unmarked packaging with fast and secure delivery options.
Q8: Is Malana Cream Hash legal?
Please check the cannabis and hashish laws in your country or state before purchasing. We only ship where it is legally permitted.","Lab-Tested Quality
: Every batch undergoes rigorous third-party testing for potency, purity, safety, discreet shipping.",150,150,EUR,True,Dry Filtered Hash 3X,,,
frozenhashish:8651,https://frozenhashish.com/product/terpy-guyz-hash/,terpy-guyz-hash,Terpy Guyz Hash,"Terpy Guyz Hash For Sale: Premium Solventless Hash Made by Passionate Hashmakers with 10+ Years of Craft Expertise
Terpy Guyz Hash For Sale, a premium, solventless
cannabis hash
renowned in the connoisseur community for its exceptional terpene richness, clean burn, and potent effects. Produced by a dedicated team of hashmakers with over a decade of hands-on experience in traditional and modern solventless extraction techniques, every batch reflects deep expertise in selecting top-tier genetics, meticulous processing, and uncompromising quality control.
Key Features Of Terpy Guyz Hash
Solventless Extraction
— Produced using 100% ice-water and mechanical methods only. No solvents, chemicals, or additives — ensuring maximum purity and a clean, smooth experience.
Exceptional Terpene Profile
— Exceptionally “terpy” with bold, complex aromas and flavors (fruity, sweet, gassy, earthy, and berry notes depending on the batch). Preserves the full spectrum of natural terpenes for superior taste and aroma.
Premium Starting Material
— Sourced from carefully selected, high-quality cannabis genetics grown by trusted cultivators. Only top-tier trichomes make it into the final product.
Handcrafted Expertise
— Made by passionate hashmakers with
10+ years
of specialized experience in traditional and modern solventless techniques.
Consistent Quality & Texture
— Offers the ideal balance of pliability and stability, easy to handle, burns cleanly, and works excellently for dabbing, joint infusion, or sprinkling on flower.
High Potency
— Rich in cannabinoids with strong, long-lasting effects favored by experienced users seeking both flavor and powerful results.
Small-Batch Production
— Limited releases ensure freshness and attention to detail in every drop.
Community Trusted
— Frequently discussed and positively compared in hash enthusiast communities (e.g., alongside top names like Smugglers Farm).
How To Consume Terpy Guyz Hash
1. Dabbing (Best for Flavor)
Use a small piece in a dab rig at 450–550°F. Ideal for full terpene expression.
2. Joint/Blunt
Warm a small amount and spread inside the paper or on flower (twaxing).
3. Bowl/Bong
Sprinkle on top of ground flower and light gently.
4. Vaporizer
Mix with flower in a dry herb vape starting at 360–400°F.
Why Buy Terpy Guyz Hash Online From Our Website
When you shop with Frozen Hashish, you’re choosing quality, convenience, and customer satisfaction:
Top-Notch Products:
Our Terpy Guyz Hash is made using
precision techniques
, ensuring the highest quality possible in every batch.
Lab-Tested for
Purity
:
We prioritize your safety by lab-testing all our products for potency and purity.
Fast & Discreet Shipping:
Get your
Terpy Guyz Hash
delivered quickly and discreetly to your door.
Exclusive Offers:
Join our community and stay updated on the latest deals and discounts available only at info@frozenhashish.com
Shop Terpy Guyz Hash Online – Buy Premium Hash Online Europe
Discover Terpy Guyz Hash, one of the most sought-after solventless hashes in Europe. Handcrafted by experienced hashmakers with over 10 years of expertise, this premium hash delivers exceptional terpene flavor, purity, and potency.
At our store, you can
buy Terpy Guyz Hash online
with confidence, discreet shipping across Europe, lab-tested quality, and fresh small-batch drops. Whether you’re looking for rich fruity notes or classic gassy profiles, Terpy Guyz offers top-tier solventless hash that connoisseurs love.
Frequently Asked Questions about Terpy Guyz Hash
What is Terpy Guyz Hash?
Terpy Guyz Hash is a premium solventless cannabis hash known for its rich terpene profiles, high potency, and exceptional quality. It is handcrafted using only ice water and mechanical separation methods.
Is Terpy Guyz Hash solventless?
Yes. It is 100% solvent-free, made with traditional and modern ice-water extraction techniques for maximum purity and clean taste.
Where can I buy Terpy Guyz Hash online in Europe?
You can buy authentic Terpy Guyz Hash from our online store with fast, discreet shipping across Europe.
How strong is Terpy Guyz Hash?
It is considered potent hash suitable for experienced users. Potency varies slightly by batch, but it consistently delivers strong effects with excellent flavor.
What are the best ways to consume Terpy Guyz Hash?
The most popular methods are dabbing (for best flavor), twaxing joints/blunts, sprinkling on bowls, or mixing in a dry herb vaporizer.
How should I store Terpy Guyz Hash?
Keep it in a cool, dark place in its original packaging to preserve terpenes and freshness.
Terpy Guyz Hash lab-tested?
Yes, all batches are quality-controlled for purity, potency, and safety.
What does Terpy Guyz Hash taste like?
It offers bold, complex terpene flavors, often fruity, sweet, berry, gassy, or earthy depending on the specific drop.","Lab-Tested Quality
: Every batch undergoes rigorous third-party testing for potency, purity, safety, discreet shipping.",200,200,EUR,True,Dry Filtered Hash 3X,,,
frozenhashish:8556,https://frozenhashish.com/product/on-the-moon-farm-hash/,on-the-moon-farm-hash,On The Moon Farm Hash,"On The Moon Farm Premium Hash – Expert Craftsmanship & Superior Potency
On The Moon Farm Premium Hash is a high-end cannabis concentrate crafted with exceptional skill and attention to detail. This premium hash stands out for its superior resin quality, rich terpene expression, and powerful yet balanced effects, truly living up to its cosmic name.
Key Features Of On The Moon Farm
Traditional + modern hybrid process
— it combines traditional hash-making methods with modern refinement techniques, aiming for a high-quality product that’s both visually appealing and potent.
Texture
— soft and malleable, described as easy to handle and well-suited for rolling into joints, topping bowls, or dabbing.
Flavor profile
— earthy and rich, with subtle notes of pine, citrus, and spice for a well-rounded, aromatic experience.
Potency
— marketed as high in THC, delivering a long-lasting effect that combines mental clarity with deep physical relaxation, and is positioned as best suited to more experienced users rather than beginners.
Aroma
— described as pungent and aromatic, with fresh herbal notes and a hint of sweetness.
Category
— sold as a “Filtered/Dry Hash” type product across retailers, with pricing that scales quite a bit depending on quantity (roughly €120–800 per listing, varying by seller).
How To Consume On The Moon Farm Hash
Common methods:
Rolling into a joint/spliff
— its soft, malleable texture makes it easy to handle for rolling into joints, so crumbling or flattening a small piece into a thin layer mixed with ground flower is one of the most straightforward ways to use it.
Topping a bowl
— it’s also well-suited for topping bowls, meaning you place a small piece on top of packed flower in a pipe or bong and light it directly, letting it slowly melt into the flower below.
Dabbing
— the texture is also described as suitable for dabbing, so on a dab rig or e-nail at lower temperatures, it can be vaporized directly, though results depend on how refined the batch is.
Vaporizing
— a dry herb vape with a concentrate attachment or pad works well too, especially if you want more controlled, lower-temperature sessions to preserve flavor.
Hot knifing
— an older, more manual method where the hash is heated between two hot blades and the vapor inhaled through a funnel, less common now but still used by some.
Edibles/infusions
— like other hash, it can be decarboxylated and infused into butter or oil.
Why Buy On The Moon Farm Hash From Our Website
When you shop with Frozen Hashish, you’re choosing quality, convenience, and customer satisfaction:
Top-Notch Products:
Our On The Moon Farm Premium Hash is made using
precision techniques
, ensuring the highest quality possible in every batch.
Lab-Tested for
Purity
:
We prioritize your safety by lab-testing all our products for potency and purity.
Fast & Discreet Shipping:
Get your
Dry Filtered sift hash
delivered quickly and discreetly to your door.
Exclusive Offers:
Join our community and stay updated on the latest deals and discounts available only at info@frozenhashish.com
Shop On The Moon Farm Premium Hash Online – Buy Premium Hash Europe
Shop On The Moon Farm Premium Hash Online
— premium hash delivered across Europe.
On The Moon Farm Premium Hash
is expertly crafted hash known for its superior potency, rich terpene profile, and exceptional quality. Made from carefully selected cannabis flowers using skilled processing techniques, this hash offers a premium experience that stands out in both flavor and effects.
Frequently Asked Questions(FAQ): On The Moon Farm Hash
What is On The Moon Farm Hash?
A premium cannabis concentrate marketed as combining traditional hash-making methods with modern refinement techniques, sold under the “
Filtered/Dry Hash
” category.
What does it taste and smell like?
Described as earthy and rich with subtle notes of pine, citrus, and spice, and a pungent aroma with fresh herbal notes and a hint of sweetness.
How potent is it?
Marketed as high in THC, providing a powerful, long-lasting high that combines mental clarity with deep physical relaxation. Retailers position it toward experienced users rather than beginners.
What’s the texture like?
Soft and malleable, described as easy to handle, whether rolling into joints, topping bowls, or dabbing.
How should I consume it?
It works across multiple methods, rolled into a joint, used to top a bowl, dabbed, or vaporized, largely because of its pliable texture.
How much does it cost?
Pricing varies by retailer and quantity, roughly in the €120–800 range depending on the seller and amount purchased.
Is it tested or lab-verified?
Yes. Every batch is independently lab-tested for purity and potency, with results available on request.
Is “On The Moon Farm” a single trademarked brand?
It appears consistently across a handful of European hash retailers (categorized the same way, “Filtered/Dry Hash”), but as with similar names in this space, I can’t confirm a single verified manufacturer behind it versus multiple resellers using the same product name.
Is it legal?
Depends entirely on your location, cannabis laws vary a lot by country and region, so check local regulations before purchasing or using.","Lab-Tested Quality
: Every batch undergoes rigorous third-party testing for potency, purity, safety, discreet shipping.",250,250,EUR,True,Dry Filtered Hash 3X,,,
frozenhashish:8050,https://frozenhashish.com/product/lebanese-hash-for-sale/,lebanese-hash-for-sale,Lebanese Hash,"Lebanese Hash For Sale: Everything You Need to Know
Lebanese Hash For Sale
,
a premium traditional hashish celebrated for its distinctive reddish hue, smooth smoke, and well-balanced effects. Produced in the Bekaa Valley of Lebanon using ancient solventless techniques, it is one of the most iconic hash varieties in the world.
Lebanese hash is typically pressed into blocks or slabs and comes in two main types:
Red Lebanese
(more mature, stronger) and
Blonde Lebanese
(lighter, milder). With THC levels usually ranging from
20% to 40%
, it offers a smooth, enjoyable experience that appeals to both beginners and seasoned users.
How Lebanese Hash Concentrate is Made
Traditional Lebanese production follows a meticulous solvent-free process:
Cultivation
— Grown from regional landrace strains in Lebanon’s fertile valleys.
Dry Sifting
— Dried cannabis flowers are sieved to collect pure trichomes.
Curing & Pressing
— The resin is aged and then pressed into blocks using heat and pressure. The signature red color develops during curing as the resin oxidizes.
This method preserves natural terpenes while creating the characteristic texture and aroma Lebanese hash is known for.
Flavors, Aroma & Effects
Lebanese Hash Concentrate
stands out with:
Aroma & Flavor
— Spicy, herbal, and earthy with sweet undertones and a hint of pine or citrus. Red Lebanese tends to be more pungent and complex.
Effects
— Balanced hybrid-like experience. Users often report a pleasant cerebral uplift combined with gentle body relaxation. Great for mood enhancement, stress relief, creativity, and mild pain management without heavy sedation.
Onset & Duration
: Quick onset with effects lasting 1.5–3 hours.
Lebanese Hash vs Other Hash Concentrates
Concentrate
Color
Potency
Flavor Profile
Best For
Lebanese Hash
Red / Blonde
Moderate-High
Spicy, Herbal, Sweet
Balanced Experience
Afghan Hash
Dark Brown / Black
Very High
Earthy, Woody, Spicy
Deep Relaxation
Moroccan Hash
Blonde to Brown
Moderate
Herbal, Pine
Everyday Use
Bubble Hash / Rosin
Light / Golden
Very High
Fresh, Fruity
Maximum Purity & Flavor
Benefits of Lebanese
Hash Concentrate
Smooth & Flavorful
— One of the most enjoyable hashes to smoke.
Versatile Effects
— Suitable for daytime or evening use.
Solventless Purity
— No chemicals, just compressed resin.
Cultural Heritage
— A historic product from one of the world’s oldest hash-producing regions.
Aesthetic Appeal
— The beautiful red color makes it visually striking.
How to Use & Store Lebanese Hash
Consumption Methods
: Crumble into joints, pipes, bongs, or dab it in a rig for stronger effects.
Storage
: Keep in a cool, dark, airtight container. Properly stored Lebanese hash can last 6–12 months while retaining quality.
Is Lebanese Hash Concentrate Right for You?
Whether you prefer the milder
Blonde Lebanese
or the more robust
Red Lebanese
, this concentrate delivers a refined, flavorful, and balanced hash experience. Its smooth taste and versatile effects continue to make
Lebanese Hash Concentrate
a best-seller in the world of traditional hashish.
Why Buy Lebanese Hash Online From Our Website
1. Heritage Terroir, Solventless Execution
Lebanese Hash is steeped in centuries of artisan tradition, the Bekaa Valley’s sun-drenched landraces, hand-rubbing, and dry-curing techniques that defined the golden age of blonde hashish. We honor that legacy by preserving the cultivar’s authentic floral-spice profile, but we elevate it with uncompromising modern standards: pure mechanical separation, zero chemical solvents, and full independent lab testing. The result is a classic blonde resin refined for the connoisseur’s palate.
2. Blonde, Pliable, and Perfectly Aromatic
True Lebanese Hash is unmistakable in appearance, pale golden to sandy blonde, soft and pliable at room temperature, with a smooth, almost waxy sheen. Our batch exhibits exactly that: a supple, fragrant slab that yields cleanly under gentle pressure, releasing waves of floral cedar, sweet pine, white pepper, and dried rose. The texture is effortless to portion and burns with a slow, even ember that serious collectors recognize instantly.
3. Solventless Mechanical Purity
We produce Lebanese Hash using only dry-sift or gentle mechanical separation methods. No butane, no propane, no ethanol, no CO₂ extraction, ever. What you receive is unadulterated plant resin shaped into a traditional format, preserving the full cannabinoid and terpene matrix exactly as the plant expressed it. No residuals, no dilution, just heritage genetics in their most honest form.
4. Lab-Certified, Batch by Batch
Every slab ships with a complete, independent Certificate of Analysis: total cannabinoid potency, full terpene breakdown, microbial screening, heavy metals, and residual solvent verification. You receive the exact data for your specific batch, never a generic specification sheet, so you can collect and consume with fully documented confidence.
5. Fast, Discreet EU Shipping
We fulfill from regional EU nodes to keep transit times short and customs exposure minimal. Your slab is sealed in medical-grade, multi-layer smell-proof barrier film and packed inside rigid, unmarked outer packaging. Quick processing, cold-chain protection where needed, and zero external branding, just fresh, private delivery to your door.
6. Cerebral, Social, and Collectible
Lebanese Hash is traditionally prized for its uplifting, cerebral, and sociable character — a contrast to the heavy, sedative body profiles of darker regional hashes. The high is clear-headed, creatively stimulating, and conversation-friendly, making it a favorite for daytime connoisseurs and those who value functional elevation over couch-lock.
7. Climate-Controlled Curing at 58–62% RH
Blonde hash is sensitive to humidity and oxidation. Our curing and storage environments are strictly maintained at optimal relative humidity and cool, stable temperatures to preserve the pliable, aromatic texture and prevent the resin from hardening, darkening, or losing its volatile top notes. When you buy from our website, you receive hash that has been pampered from sieve to packaging, not desiccated warehouse stock.
8. Expert Support from Heritage Hash Specialists
Our team understands the nuanced traditions of Lebanese blonde resin: how to identify authentic terroir by aroma and texture, why moderate temperatures preserve its delicate floral esters, and how to store your slab for long-term aging. If you need guidance, you get informed, human support — not automated scripts.
9. Collector-Grade, Small-Batch Release
Lebanese Hash is a limited, terroir-specific solventless release crafted for connoisseurs who value heritage, tradition, and the distinctive cerebral lift of a classic blonde resin. When you purchase from our platform, you secure a verified, traceable, premium-grade product that belongs in a serious collection, not anonymous bulk commodity from an unvetted source.
Frequently Asked Questions — Lebanese Hash
Q1: What is Lebanese Hash?
Lebanese Hash is a heritage-grade blonde resin traditionally associated with the Bekaa Valley’s sun-drenched landrace cultivars. We produce it using pure mechanical separation, dry sift and gentle curing, without any chemical solvents, preserving the cultivar’s authentic floral-spice profile and pale coloration. The result is a soft, fragrant, blonde slab that honors centuries of tradition while meeting modern standards for purity and lab-tested documentation.
Q2: Is this solventless?
Yes. Absolutely no butane, propane, CO₂, ethanol, or hydrocarbon solvents are used in the production of our Lebanese Hash. The resin is collected through purely mechanical means, then lightly pressed and cured into a traditional blonde format. What you receive is unadulterated plant resin in a heritage form, with a full Certificate of Analysis to verify its clean profile.
Q3: What does it smell and taste like?
The aroma is unmistakably elegant and floral: bright cedar, sweet pine, and dried rose petals layered over a subtle white-pepper spice. On the palate, it is smooth and refined, woody, slightly sweet, and delicately resinous, with none of the heavy, burnt-coffee darkness found in darker regional hashes. The finish is clean and aromatic, leaving a gentle, perfumed aftertaste that connoisseurs of classic blonde hash immediately recognize.
Q4: What is the texture and color?
Authentic Lebanese Hash is pale golden to sandy blonde, soft, and pliable at room temperature. Our batch exhibits exactly that profile: a supple, waxy slab that yields cleanly under gentle finger pressure without crumbling or shattering. When warmed slightly, it becomes exceptionally easy to roll or crumble, making it one of the most user-friendly traditional formats for both novice and experienced collectors.
Q5: How do I consume Lebanese Hash?
The classic method is to warm a small piece between your fingers until soft, then crumble it into a joint, pipe, or bowl layered over premium flower. It can also be vaporized on a mesh pad or in a concentrate-compatible vaporizer at moderate temperatures (roughly 365–400°F / 185–205°C). Lebanese Hash is optimized for traditional consumption and sociable smoking sessions; its slow, even burn and refined aroma make it particularly enjoyable in a clean pipe or rolled with minimal tobacco or herbal substitute.
Q6: How do I dose it?
Lebanese Hash is potent but traditionally more cerebral and manageable than heavy, sedative dark resins. Start with a piece roughly the size of a small pea or matchstick head, especially if you are unfamiliar with the cultivar or pairing it with flower. The effects are clear-headed and uplifting, but concentrated resin still delivers a substantial experience. Wait ten to fifteen minutes before increasing your dose.
Q7: How should I store it?
Store your slab in a cool, dark place inside an airtight, non-reactive container (glass or premium silicone). We recommend maintaining 58–62% relative humidity to preserve the soft, pliable blonde texture. Excessive heat or light will darken the resin, degrade its delicate floral terpenes, and cause it to harden or sweat. If stored properly, Lebanese Hash will age gracefully, with its aroma deepening and its burn becoming even smoother over time.
Q8: Is it full melt?
Traditional Lebanese blonde hash is generally classified as high-quality resin or near full-melt depending on the specific batch and micron range. It will bubble actively and soften on a heated surface but may leave a minimal amount of carbon residue compared to pure ice-water full-melt. It is optimized for flavor, tradition, and sociable smoking rather than glass-like vaporization. For dabbing, use a mesh pad and lower temperatures to avoid scorching its delicate esters.
Q9: Is it lab-tested?
Absolutely. Every batch is submitted to an independent third-party laboratory for comprehensive analysis. Your Certificate of Analysis includes total cannabinoid potency, terpene profile, microbial screening, heavy-metal testing, and residual solvent verification, all specific to the exact slab in your package, not a generic certificate.
Q10: How is it packaged and shipped?
Your Lebanese Hash is vacuum-sealed inside medical-grade, multi-layer odor-barrier film and placed in rigid, unmarked outer packaging. We ship from regional EU distribution nodes to minimize transit time and customs risk. There is no external branding, no scent leakage, and no indication of contents. During warmer months, we utilize cold-chain protocols to prevent softening, darkening, or terpene degradation in transit.
Q11: How does Lebanese Hash compare to Afghan Hash or darker resins?
Lebanese Hash and Afghan Hash represent two distinct regional traditions. Afghan is typically dark, dense, oily, and profoundly sedative, earthy, spicy, and heavy. Lebanese is blonde, soft, cerebral, and sociable, floral, woody, and uplifting. If you prefer a daytime, creative, conversation-friendly experience with a refined aromatic profile, Lebanese is the classicist’s choice. If you seek deep body relaxation and old-world darkness, Afghan is your resin. Both are solventless, lab-tested, and collector-worthy.
Q12: Can I collect this, or should I use it immediately?
Lebanese Hash is a superb collector’s piece and, when properly stored, actually improves with age. The texture smooths, the floral top notes integrate into the woody base, and the burn becomes cleaner and slower. Serious collectors often cellar a portion for six to twelve months while enjoying the rest fresh. Each release is limited and traceable, making it a meaningful addition to any premium heritage hash archive.","Lebanese Hash is a heritage-grade blonde resin crafted from traditional Bekaa Valley landraces using pure mechanical separation, zero solvents, zero additives. Its pale, pliable texture yields effortlessly, releasing fragrant notes of cedar, sweet pine, white pepper, and dried rose. Celebrated for its cerebral, sociable lift and slow, even burn, this solventless collector’s piece is lab-tested for potency and purity, delivered in discreet, cold-chain-protected EU packaging.",200,200,EUR,True,Dry Filtered Hash 3X,,,
frozenhashish:8049,https://frozenhashish.com/product/dry-ice-hash-for-sale/,dry-ice-hash-for-sale,Dry Ice Hash Concentrate,"Dry Ice Hash For Sale: Complete Guide to This Popular Solventless Extract
Dry Ice Hash
For Sale,
a modern, high-quality form of solventless hash made by using dry ice (solid CO₂) to freeze and separate trichomes from cannabis plant material. It is prized for its simplicity, purity, and excellent terpene retention, making it a favorite among home producers and commercial extractors alike.
Unlike traditional hand-rubbed or water-based hashes, dry ice hash offers a fast and efficient way to create potent, aromatic concentrate without the use of water or chemical solvents.
How Dry Ice Hash Concentrate is Made
The process is straightforward and effective:
Preparation
— Cannabis buds (fresh-frozen or dried) are placed in a large container or bubble bags with dry ice pellets.
Freezing & Agitation
— The extreme cold from dry ice makes trichomes brittle. Shaking or stirring causes the resin glands to break off.
Sieving
— The mixture is shaken over fine mesh screens (usually 25–220 microns) to collect the trichome heads.
Pressing (Optional)
— The resulting powder (kief) can be left loose or gently pressed into hash blocks.
This method is fast, clean, and produces high yields with minimal contamination.
Flavors, Aroma & Effects of Dry Ice Hash
Dry Ice Hash Concentrate
is known for:
Aroma & Flavor
— Fresh, vibrant terpenes that closely resemble the original strain. Common notes include citrus, pine, berry, diesel, or earthy flavors depending on the starting material.
Effects
— Potent and strain-dependent. It can deliver uplifting sativa effects, relaxing indica body highs, or balanced hybrid experiences. Generally offers strong euphoria, creativity, pain relief, and relaxation.
Potency
: Typically ranges from
40% to 70%+ THC
, depending on the quality of the starting flower.
Dry Ice Hash vs Other Hash Concentrates
Concentrate Type
Method
Solvent?
Potency
Terpene Retention
Ease of Production
Dry Ice Hash
Dry Ice + Screens
No
High
Excellent
Very Easy
Bubble Hash
Ice Water
No
Very High
Excellent
Moderate
Moroccan / Afghan Hash
Traditional Dry Sift
No
Moderate-High
Good
Traditional
Rosin
Heat + Pressure
No
Very High
Best
Moderate
BHO
Butane
Yes
Highest
Good
Advanced
Dry ice hash is often chosen for its
accessibility and speed
while maintaining excellent quality.
Benefits of Dry Ice Hash Concentrate
Solventless Purity
— No chemical residues.
Fast Production
— Ready in minutes compared to other methods.
High Yield
— Excellent trichome separation.
Flavorful
— Preserves the strain’s natural terpene profile.
Versatile
— Can be dabbed, smoked, or pressed into rosin for even higher quality.
How to Use & Store Dry Ice Hash
Consumption
: Crumble into joints, use in a pipe/bong, or dab in a rig.
Storage
: Keep in an airtight container in a cool, dark place. Avoid moisture to prevent mold.
Pro Tip
: Use high-quality, trichome-rich strains (e.g., GMO, GG4, or OG Kush) for the best results.
Is Dry Ice Hash Concentrate Right for You?
If you’re looking for an
easy, clean, and potent solventless concentrate
that preserves flavor and can be made at home or in a lab,
Dry Ice Hash Concentrate
is an excellent choice. Its simplicity and quality make it one of the most practical options in modern hash production.
Why Buy Dry Ice Hash Online From Our Website
1. The Cleanest Mechanical Separation Available
Dry Ice Hash is produced using nothing but sublimated CO₂ and gentle agitation to freeze and release mature trichome heads. No water, no ice baths, no solvents, no chemical washes, just pure mechanical separation. The result is an exceptionally clean, blonde-to-golden resin with minimal plant-matter contamination and maximum terpene preservation. If you prioritize purity above all else, this is the apex of solventless craft.
2. Water-Free Process, Water-Free Product
Unlike traditional ice-water hash, dry ice separation never introduces moisture into the resin. This means zero risk of mold, oxidation from residual water, or terpene degradation caused by freeze-thaw cycles. What you receive is dry, stable, and ready to use straight from the jar, no need to worry about humidity spikes compromising the texture or safety of your hash.
3. Full Terpene Spectrum in Raw Kief Form
Because the dry ice method operates at extremely low temperatures without aqueous saturation, volatile monoterpenes survive intact. The aroma is bright, pungent, and true to the source cultivar — sharp citrus, pine, or diesel notes depending on the strain, without the dampened scent profile that can follow water extraction. You taste the flower, concentrated.
4. Lab-Certified, Batch by Batch
Every jar ships with a complete, independent Certificate of Analysis: total cannabinoid potency, full terpene breakdown, microbial screening, heavy metals, and residual solvent verification. You receive the exact data for your specific batch, never a generic specification sheet, so you can collect and consume with fully documented confidence.
5. Fast, Discreet EU Shipping
We fulfill from regional EU nodes to keep transit times short and customs exposure minimal. Your jar is sealed in medical-grade, multi-layer smell-proof barrier film and packed inside rigid, unmarked outer packaging. Quick processing, cold-chain protection where needed, and zero external branding, just fresh, private delivery to your door.
6. Versatile, Ready-to-Use Texture
Dry Ice Hash arrives as a fine, sandy-to-granular kief that is immediately usable. Sprinkle it over flower for an elevated bowl, press it into a personal temple ball, load it into a vaporizer with a mesh pad, or dab the finest micron fractions at low temperature. No blade, no whipping, no rehydration rituals, just pure resin in its most adaptable form.
7. Climate-Controlled Storage from Lab to Jar
Dry ice hash is sensitive to heat and UV, and we treat it accordingly. Our curing, sieving, and storage environments are strictly maintained at cool, stable temperatures and appropriate humidity to prevent oxidation, terpene loss, or color shift. When you buy from our website, you receive hash that has been protected from light and heat, not stock that has sat in a bright, warm warehouse.
8. Expert Support from Solventless Specialists
Our team understands the nuances of dry ice extraction: why sublimation temperature matters for trichome head preservation, how to identify full-melt micron ranges, and the best way to press or vaporize your kief for maximum effect. If you need guidance, you get informed, human support — not automated scripts.
9. Collector-Grade, Small-Batch Release
Dry Ice Hash is a limited, batch-specific solventless release crafted for connoisseurs who value absolute mechanical purity and the raw, unpressed character of elite trichome kief. When you purchase from our platform, you secure a verified, traceable, premium-grade product that belongs in a serious collection — not a bulk commodity from an anonymous source.","Dry Ice Hash is a premium, solventless concentrate crafted for connoisseurs who demand absolute mechanical purity. Produced using only sublimated CO₂ and gentle agitation, zero water, zero solvents, zero additives, it yields an ultra-clean, blonde-to-golden kief with bright, true-to-cultivar terpenes and virtually no plant matter. Lab-tested for potency and purity, with discreet EU shipping and cold-chain freshness guaranteed.",200,200,EUR,True,Dry Filtered Hash 3X,,,
frozenhashish:8044,https://frozenhashish.com/product/afghan-hash-for-sale/,afghan-hash-for-sale,Afghan Hash Concentrate,"Afghan Hash For Sale: Traditional Potency, Rich Flavor & Complete Guide
What is Afghan Hash Concentrate?
Afghan Hash Concentrate
is one of the most respected and potent forms of traditional hashish in the world. Originating from the rugged mountains of Afghanistan, it is crafted using time-honored solventless methods that have been passed down for generations.
Known for its dark brown to nearly black color, sticky texture when warmed, and intense aroma, Afghan hash is typically pressed into dense blocks or balls. With THC levels often ranging from
25% to 50%+
, it delivers a strong, deeply relaxing experience that has made it a legend in the global cannabis community.
How Afghan Hash Concentrate is Made
Traditional Afghan production emphasizes quality and potency:
Cultivation
— Grown from hardy landrace indica strains in Afghanistan’s ideal climate.
Dry Sifting
— Dried cannabis buds are rubbed or sieved over fine screens to collect pure trichomes (kif).
Pressing
— The collected resin is gently heated and firmly pressed — sometimes using traditional tools or hands — into compact blocks. This process creates its signature dark color and malleable consistency.
The result is a pure, full-spectrum concentrate with minimal plant material and maximum resin power.
Flavors, Aroma & Effects of Afghan Hash
Afghan Hash Concentrate
is celebrated for:
Aroma & Flavor
— Deep earthy, spicy, pine, hash-like, and sometimes chocolatey or woody notes. The smell is bold and unmistakable.
Effects
— Strong indica-leaning high. Users typically experience deep physical relaxation, euphoria, pain relief, stress reduction, and sedation. Ideal for evening use or managing chronic pain and insomnia.
Onset & Duration
: Effects kick in quickly when smoked or dabbed and can last 2–4 hours.
Afghan Hash vs Other
Hash Concentrates
Concentrate
Color & Texture
Potency
Flavor Profile
Best For
Afghan Hash
Dark, Sticky
Very High
Earthy, Spicy, Woody
Deep Relaxation
Moroccan Hash
Blonde to Brown
Moderate-High
Herbal, Pine
Balanced Daily Use
Bubble Hash
Light, Granular
High
Fresh, Fruity
Purity & Flavor
Rosin
Golden Sap
Very High
Full-Spectrum
Modern Solventless
Afghan hash stands out for its
intensity and traditional authenticity
.
Benefits of Afghan Hash Concentrate
High Potency
— Excellent for experienced users seeking strong effects.
Solventless Purity
— No chemicals, just natural compressed resin.
Versatile Use
— Can be crumbled into joints, smoked in a pipe, or dabbed.
Therapeutic Potential
— Popular for pain relief, anxiety, insomnia, and appetite stimulation.
Cultural Legacy
— A direct connection to one of the historic centers of hashish production.
Important
: Start with a small dose due to its strength. Always consume responsibly and follow local laws.
How to Store Afghan Hash Concentrate
Store in a cool, dark place inside an airtight glass container. Properly stored Afghan hash can maintain its quality and potency for many months.
Is Afghan Hash Concentrate Right for You?
If you’re looking for a
powerful, full-bodied traditional hash
experience with rich flavors and strong relaxing effects,
Afghan Hash Concentrate
is hard to beat. Its bold character and proven reputation continue to make it a top-selling concentrate among enthusiasts and medical users alike.
Ready to experience authentic
Afghan Hash
?
Shop Directly from our website
Frequently Asked Questions (FAQ) — Afghan Hash
Q1: What is Afghan Hash?
Afghan Hash is a premium, terroir-driven resin crafted from classic Afghan landrace cultivars renowned for their heavy trichome production and deeply sedative profiles. We preserve the traditional character of dark, aromatic, hand-worked resin but elevate it with modern standards: pure mechanical separation, zero chemical solvents, and full independent lab testing. The result is a dense, dark, pliable hash that carries the unmistakable earthy, spicy, and resinous signature of its heritage, refined for the modern connoisseur.
Q2: Is this solventless?
Yes. Our Afghan Hash is produced using mechanical separation methods only, dry sifting or gentle ice-water agitation followed by meticulous curing and traditional pressing. No butane, propane, CO₂, or ethanol is ever introduced. What you receive is unadulterated plant resin, shaped into a classic dark slab or temple-ball form that honors tradition while meeting contemporary purity standards.
Q3: What does it smell and taste like?
The aroma is rich, dark, and unmistakably old-world: deep earthy base notes, roasted coffee, sandalwood, and a sharp, peppery spice that tickles the nose. On the palate, it is smooth and heavy, with flavors of dark chocolate, charred wood, dried figs, and a lingering hashish spice. These are the classic terpenes of Afghan landrace cultivars, myrcene-heavy, caryophyllene-laden, and profoundly grounding.
Q4: What is the texture and consistency?
Afghan Hash is dense, dark, and slightly oily with a firm but supple outer shell. When warmed gently between the fingers, it becomes soft and highly pliable, allowing you to pinch or roll it cleanly without crumbling into dust. The interior is typically dark brown to black with a sticky, resinous sheen, exactly the visual and tactile profile that serious collectors expect from authentic heritage hash.
Q5: How do I consume Afghan Hash?
The classic method is to warm a small piece between your fingers until soft, then crumble it into a pipe, bowl, or joint alongside premium flower. It can also be vaporized on a mesh pad or in a concentrate-compatible vaporizer at moderate temperatures (roughly 365–400°F / 185–205°C). For the full old-world experience, many connoisseurs enjoy it in a traditional chillum or rolled with flower in a clean paper. Avoid torching directly; gentle, indirect heat preserves the complex spice and earth terpenes.
Q6: How do I dose it?
Afghan Hash is typically very potent and sedative. Begin with a piece roughly the size of a grain of rice — especially if you are unfamiliar with the cultivar or have a lower tolerance. Its effects are deeply physical, relaxing, and long-lasting. Wait a full ten to fifteen minutes before deciding to increase your dose. The dense resin concentration means a small quantity delivers a substantial experience.
Q7: How should I store it?
Store your Afghan Hash in a cool, dark place inside an airtight, non-reactive container (glass or premium silicone). We recommend maintaining 58–62% relative humidity to preserve the pliable, oily texture. Too much heat will soften it excessively and degrade terpenes; too dry an environment will cause the exterior to harden and become brittle. If stored properly, it will age gracefully, with its aroma deepening and smoothing over time.
Q8: Is it full melt?
Afghan Hash is a high-grade resin product, but its melt characteristics depend on the specific batch and micron range. Traditionally pressed heritage hash is often classified as “half-melt” or “near full-melt” — it will bubble vigorously and soften on a heated surface but may leave a small amount of carbon residue compared to pure ice-water full-melt. It is optimized for flavor, tradition, and body rather than glass-like vaporization. For dabbing, we recommend lower temperatures and a mesh pad to prevent scorching.
Q9: Is it lab-tested?
Absolutely. Every batch is submitted to an independent third-party laboratory for comprehensive analysis. Your Certificate of Analysis includes total cannabinoid potency, terpene profile, microbial screening, heavy-metal testing, and residual solvent verification. We do not ship generic certificates — the report you receive corresponds to the exact batch in your package.
Q10: How is it packaged and shipped?
Your Afghan Hash is vacuum-sealed inside medical-grade, multi-layer odor-barrier film and placed in rigid, unmarked outer packaging. We ship from regional EU distribution nodes to minimize transit time and customs risk. There is no external branding, no scent leakage, and no indication of contents. During warmer months, we utilize cold-chain protocols to prevent softening or terpene degradation in transit.
Q11: Can I collect this, or should I use it immediately?
Afghan Hash is a superb collector’s piece. Heritage-style resin, when properly stored, actually improves with age, the texture smooths, the harsh edges of the aroma round off, and the burn becomes even cleaner. Serious collectors often set aside a portion for aging while enjoying the rest fresh. Each release is limited and traceable, making it a meaningful addition to any premium hash archive.
Q12: How does Afghan Hash compare to your mousse or Cali Plates lines?
Afghan Hash offers a completely different experience. The mousse strains (like Bubble Gum Mousse or Morocco Mousse) are pale, whipped, airy, and optimized for low-temp dabbing and candy-forward terpenes. Cali Plates are dense, dry-sifted, and mechanically pressed for granular potency. Afghan Hash is dark, oily, and deeply aromatic, a heritage format for those who value old-world earth, spice, and heavy physical effects over bright, fruity top notes. It is the classicist’s choice in a solventless collection.","Lab Tested
Discreet Shipping
Secure Checkout
Satisfaction Guaranteed",200,200,EUR,True,Dry Filtered Hash 3X,,,
frozenhashish:8031,https://frozenhashish.com/product/moroccan-hash-concentrate/,moroccan-hash-concentrate,Moroccan Hash Concentrate,"Moroccan Hash Concentrate: Everything You Need to Know About This Classic Cannabis Extract
Meta Description (160 characters):
Discover Moroccan Hash Concentrate — a traditional, potent cannabis hashish made with dry-sift techniques. Learn its effects, flavors, production process, and why it’s a favorite among concentrate enthusiasts.
What is Moroccan Hash Concentrate?
Moroccan Hash Concentrate
is a premium, traditional form of hashish originating from Morocco, one of the world’s oldest and most renowned cannabis-producing regions. Unlike modern solvent-based extracts, authentic Moroccan hash is made using
solventless dry-sifting
methods, resulting in a pure, pressed resin rich in cannabinoids and terpenes.
It typically comes in pressed blocks or slabs ranging from light blonde to deep brown or black, depending on the grade and curing process. With THC levels often ranging from
20% to 40%+
, Moroccan hash delivers a smooth, balanced experience that has made it a staple in hash culture for decades.
How Moroccan Hash Concentrate is Made
Traditional Moroccan hash production involves:
Harvesting & Drying
— Mature cannabis plants (often landrace strains) are dried.
Dry Sifting
— Dried buds are gently rubbed or shaken over fine mesh screens to separate the trichome heads (resin glands), also known as “kif” or pollen.
Pressing
— The collected resin powder is compressed using heat and pressure into dense blocks. This process gives Moroccan hash its signature texture and enhances its aroma.
This solvent-free method preserves natural terpenes, including unique compounds like
hashishene
, which contribute to its distinctive earthy profile.
Flavors, Aroma & Effects of Moroccan Hash
Moroccan Hash Concentrate
is prized for its:
Aroma & Flavor
— Earthy, spicy, piney, and herbal notes with subtle floral undertones. Higher-grade versions can be more aromatic and complex.
Effects
— Balanced and versatile. Users often report a mild, uplifting cerebral high combined with gentle body relaxation. It’s excellent for stress relief, social use, pain management, and winding down without overwhelming sedation.
Onset & Duration
: Effects usually begin within minutes when smoked or dabbed and can last 1–3 hours, depending on dosage and tolerance.
Moroccan Hash vs Other Concentrates
Concentrate
Method
Potency
Flavor Profile
Best For
Moroccan Hash
Dry Sift/Press
20–40%+
Earthy, Spicy
Traditional experience
Bubble Hash
Ice Water
Very High
Fruity, Fresh
Purity & Flavor
Rosin
Heat + Pressure
Very High
Full-Spectrum
Modern Solventless
BHO / Live Resin
Solvent
Highest
Varies
Maximum Potency
Moroccan hash stands out for its
authenticity
and smooth smoke compared to many modern extracts.
Benefits of Moroccan Hash Concentrate
Solventless Purity
— No chemical residues.
Versatile Consumption
— Can be smoked in joints, pipes, bongs, or dabbed in a rig.
Potent Yet Approachable
— Great for both beginners and experienced users.
Rich History & Culture
— A connection to traditional Moroccan cannabis craftsmanship.
Note
: Always consume responsibly and check local laws regarding cannabis products.
How to Store Moroccan Hash Concentrate
Keep it in an airtight container, away from heat, light, and humidity. Stored properly, it can maintain quality for months. Gently warm it before use for easier handling.
Is Moroccan Hash Concentrate Right for You?
Whether you’re a fan of classic hashish or exploring concentrates for the first time,
Moroccan Hash Concentrate
offers a timeless, flavorful, and effective experience rooted in tradition. Its balanced effects and natural production method continue to make it a best-seller in cannabis communities worldwide.
Ready to try Moroccan Hash?
Browse premium options at your local dispensary or trusted online retailer (where legal).","Lab Tested
Discreet Shipping
Secure Checkout
Satisfaction Guaranteed",200,200,EUR,True,Dry Filtered Hash 3X,,,
frozenhashish:8022,https://frozenhashish.com/product/ice-water-hash-for-sale/,ice-water-hash-for-sale,Ice Water Hash,"Ice Water Hash For Sale: What It Is, Benefits & Where to Buy Premium Ice Water Hash Online
Ice Water Hash For Sale
(also known as ice water hashish or bubble hash) is one of the purest and most popular forms of solventless hash available today. If you’re searching for clean, high-quality concentrates with excellent flavor and potency, ice water hash is an excellent choice.
What is Ice Water Hash?
Ice Water Hash is a premium concentrate made using only ice, water, and mechanical agitation — no solvents or chemicals involved. Fresh or frozen cannabis (or hemp) material is mixed in ice-cold water, causing the trichomes (resin glands) to break off and sink. These trichomes are then collected through a series of micron bags, dried, and pressed into hash.
This gentle, solvent-free method preserves the full spectrum of cannabinoids, terpenes, and flavonoids, resulting in a clean, flavorful, and potent product.
Key Advantages of Ice Water Hash:
100% solventless & chemical-free
Full-spectrum CBD profile
Rich terpene aroma and taste
High purity and potency
Excellent for health-conscious users
Ice Water Hash vs Other Hash Types
Type
Method
Purity
Flavor
Best For
Ice Water Hash
Ice + Water
Very High
Excellent
Purity & Flavor
Dry Sift Hash
Dry Screening
High
Good
Quick Production
Bubble Hash
Ice Water (refined)
Highest
Best
Premium Experience
Pollen Hash
Mechanical
Medium
Average
Budget Option
Benefits of Ice Water Hash
Clean Experience
— Minimal plant material means smoother hits and less harshness.
Potent Effects
— High concentration of CBD and natural terpenes.
Versatile Use
— Can be vaporized, dabbed, added to joints, or used to make edibles.
Great Flavor
— Preserves delicate terpenes that give each strain its unique taste and aroma.
Trusted Purity
— Easy to see quality through the “melt test” (high-quality ice water hash melts cleanly).
Many users report excellent results for
stress relief, relaxation, pain management, and improved sleep
with ice water hash.
How to Identify High-Quality Ice Water Hash
Color
— Light golden to amber (higher quality).
Texture
— Should be slightly sticky when warm, powdery when cold.
Melt Test
— High-quality hash melts cleanly with little residue.
Lab Testing
— Always choose products with up-to-date COAs showing CBD content and THC < 0.2%.
How to Consume Ice Water Hash
Vaporizing
(Recommended) — Best flavor and efficiency.
Dabbing
— For experienced users seeking strong effects.
Joint/Blunt
— Sprinkle on top of flower.
Edibles
— Infuse into butter or oil.
Buy Premium Ice Water Hash For Sale Online
Looking for top-quality
Ice Water Hash
in Europe? At Official Canal Menu, we offer lab-tested ice water hash from trusted farms with fast discreet shipping across the EU.
Popular Ice Water Hash Strains We Offer:
Frozen Sift Hash
Premium Bubble Hash varieties
Strain-specific ice water hash (Gelato, Kush, etc.)
All our products come with:
Third-party lab reports (COA)
THC < 0.2% compliance
Discreet & tracked shipping (1–3 days in most EU countries)
Ready to try the cleanest hash experience?
Browse our full collection of
Ice Water Hash
and other premium concentrates today.
Frequently Asked Questions (FAQ) — Ice Water Hash
1. What is Ice Water Hash?
Ice Water Hash is a solventless cannabis concentrate produced by submerging fresh or dried cannabis plant material in ice-cold water and gently agitating it. The freezing temperatures make the trichome heads brittle, causing them to snap off the plant matter and sink. The resin is then filtered through a series of graded micron bags, collected, and carefully dried, often in a freeze dryer, to produce a pure, full-spectrum resin rich in cannabinoids and terpenes. No chemicals are ever introduced.
2. Is Ice Water Hash solventless?
Yes. The extraction uses only water, ice, and mechanical agitation. No butane, propane, CO₂, ethanol, or hydrocarbon solvents are involved at any stage. The resulting resin is tested independently to confirm zero residual solvents, giving you a clean concentrate that relies entirely on physical separation rather than chemical dissolution.
3. What does the texture feel like?
High-grade Ice Water Hash is sandy, granular, and slightly sticky when fresh. Depending on how it is finished, it may be sold as loose resin or gently pressed into a more consolidated form. Near-full-melt grades will bubble and liquify cleanly when heated, leaving minimal residue. The texture should never be rock-hard or excessively dry, it should break apart easily between your fingers and soften noticeably with gentle warmth.
4. What is the best way to consume it?
Ice Water Hash rewards low-temperature methods that preserve its volatile terpenes:
Low-temp dabbing
(420–460°F / 216–238°C) on a clean quartz banger or nail. Use a mesh pad if the resin is very sandy to prevent pull-through.
Vaporization
in a concentrate-compatible device fitted with a mesh basket or pad.
Flower topper
crumbled over ground flower in a bowl or bong, using indirect flame or a hemp wick.
Hash pipe or chalice
with a fine screen and gentle, hovering heat.
Avoid high temperatures, which scorch the delicate monoterpenes and produce a harsher, less flavorful experience.
5. How should I store it?
Store in an airtight, UV-protected container in a cool, dark place. We recommend maintaining **58–62% relative humidity** and temperatures below 20°C. Ice Water Hash is moisture-sensitive: too dry, and it becomes brittle and loses aroma; too humid, and it risks mold or unwanted oxidation. Properly stored, it retains peak freshness for 6–12 months and remains stable for up to 18 months.
6. Does it ship with lab results?
Yes. Every unit includes a complete independent Certificate of Analysis covering total cannabinoid potency, full terpene profile, microbial screening, heavy metals, and residual solvent testing. You receive the specific batch data for your unit, not a generic specification sheet.
7. Is Ice Water Hash legal in the EU?
Our product is marketed and sold as a hemp-derived or THCA-rich concentrate with Δ9-THC levels at or below the 0.3% threshold in compliance with EU hemp regulations at the time of production. Laws vary by member state and are subject to change. We strongly recommend reviewing your local jurisdiction’s regulations before ordering. This product is intended for adult collectors and connoisseurs of legal age.
8. How is it packaged for shipping?
Orders are sealed in medical-grade, multi-layer smell-proof barrier film and placed inside rigid, unmarked outer packaging. We use regional EU fulfillment nodes to minimize transit time and reduce customs exposure. Cold-chain protection is employed where necessary to preserve the resin’s moisture balance and prevent terpene degradation. No external branding, no odor leakage, no unnecessary attention.
9. How does Ice Water Hash compare to dry sift or traditional pressed hash?
Dry sift is produced by mechanically agitating dried plant material over screens without water, yielding a sandy resin that is often pressed into plates. Traditional hash is typically hand-rubbed or heat-pressed, which oxidizes and darkens the resin while muting delicate terpenes. Ice Water Hash uses water and cold to separate trichomes, resulting in a cleaner, lighter-colored resin with fewer contaminants and a fresher, more volatile terpene profile. It is often regarded as the purest form of mechanical hash extraction.
10. Who is Ice Water Hash best suited for?
It is ideal for connoisseurs, collectors, and experienced consumers who prioritize solventless purity, full-spectrum effects, and maximum terpene retention. If you value clean mechanical extraction, bright flavor, and the flexibility to dab, vaporize, or top flower with a near-universal solventless concentrate, Ice Water Hash is an essential addition to your collection.
11. What is the cannabinoid potency?
Potency varies by batch, cultivar, and micron grade. Premium lots typically test between 50% and 70% total cannabinoids, with THCA as the dominant compound. Exact percentages are printed on your included Certificate of Analysis. Because Ice Water Hash preserves the full cannabinoid and terpene matrix, the entourage effect is strong and the experience is notably full-bodied.
12. Can I use it for edibles?
While technically possible, we do not recommend using Ice Water Hash for edibles. Its value lies in its delicate, strain-specific terpene complexity and solventless purity, both of which are destroyed by the decarboxylation temperatures required for cooking. It is best enjoyed as a concentrate via vaporization or low-temperature dabbing to fully appreciate its flavor, aroma, and full-spectrum character.","Lab Tested
Discreet Shipping
Secure Checkout
Satisfaction Guaranteed",200,200,EUR,True,Dry Filtered Hash 3X,,,
frozenhashish:8021,https://frozenhashish.com/product/pollen-hash-super-mousseux/,pollen-hash-super-mousseux,Pollen Hash [ Super Mousseux ],"Pollen Hash Concentrate: What It Is, Benefits & Best Pollen Hash Online
Pollen Hash Concentrate
is one of the most popular and accessible types of hashish. Known for its fine texture and easy usability, it’s a favorite among both beginners and regular hash users across Europe.
What is Pollen Hash Concentrate?
Pollen Hash (sometimes called Dry Sift Pollen) is a solventless cannabis concentrate made by mechanically separating trichomes from dried hemp or cannabis flowers using fine screens or sieves. The collected trichomes look like golden pollen or powder, which is then lightly pressed into hash.
This traditional method preserves a rich profile of CBD, terpenes, and other natural compounds without using ice, water, or chemicals.
Key Characteristics of Pollen Hash For Sale
Fine, powdery to slightly pressed texture
Golden to light brown color
Mild to medium potency
Great value for money
Easy to handle and dose
Benefits of Pollen Hash Pollen Hash For Sale
Smooth & Versatile
— Easy to sprinkle on flower, vaporize, or press into joints.
Good Flavor
— Retains pleasant earthy, floral, or strain-specific aromas.
Affordable
— Usually more budget-friendly than ice water or bubble hash.
Balanced Effects
— Provides relaxation without being overwhelming.
Discreet Use
— Small amounts go a long way.
Many users choose pollen hash for daily relaxation, stress relief, and mild pain management.
Pollen Hash vs Other Hash Types
Hash Type
Purity
Flavor
Price
Best For
Pollen Hash
Good
Good
Affordable
Everyday use, beginners
Ice Water Hash
Very High
Excellent
Higher
Purity & flavor lovers
Dry Sift Hash
High
Good
Good
Balanced choice
Bubble Hash
Highest
Best
Premium
Connoisseurs
How to Use Pollen Hash Concentrate
Vaporizing
— Best way to enjoy full flavor
Joint/Blunt
— Sprinkle a small amount on top
Dabbing
— For stronger effects
Infusions
— Make your own edibles or oils
Pro Tip:
Lightly press pollen hash between your fingers to make it easier to handle.
How to Choose High-Quality Pollen Hash
Look for a golden to light brown color
Pleasant, fresh aroma (not musty)
Lab test results showing THC < 0.2% and CBD levels
Clean, minimal plant debris
Buy Premium Pollen Hash Concentrate Online
Looking for top-quality
Pollen Hash Concentrate
in Europe? At Official Canal Menu we offer lab-tested pollen hash from trusted farms with fast, discreet shipping.
Popular Pollen Hash Strains We Offer:
Moroccan Pollen Hash
Premium Golden Pollen Hash
Strain-specific pollen concentrates (Kush, Gelato, etc.)
All products come with:
Third-party lab reports (COA)
Secure & discreet packaging
Fast EU delivery (1–3 business days)
Ready to try Pollen Hash Concentrate?
Browse our full selection of high-quality pollen hash and other premium concentrates today.","Fine, solventless pollen hash mechanically sifted for purity and pressed for stability. Full-spectrum resin with bright terpenes, lab-certified potency, and discreet EU shipping. Crumbles smooth, melts clean, doses easy.",200,200,EUR,True,Dry Filtered Hash 3X,,,
frozenhashish:7971,https://frozenhashish.com/product/labz-farm-hash-for-sale/,labz-farm-hash-for-sale,Labz Farm Hash,"Labz Farm Hash For Sale – Premium Quality Hash for Cannabis Concentrate Lovers
Discover the rich taste and powerful effects of
Labz Farm Hash For Sale
, a premium cannabis concentrate crafted for users who appreciate quality, purity, and consistency. Known for its smooth texture, potent cannabinoid profile, and terpene-rich aroma, Labz Farm Hash delivers an elevated experience for both recreational and experienced cannabis enthusiasts.
What Is Labz Farm Hash?
Labz Farm Hash is a carefully crafted cannabis concentrate made using high-quality extraction and sifting techniques. By isolating resin-rich trichomes from premium cannabis flower, this hash provides a clean, flavorful, and highly potent product designed for superior enjoyment.
Whether you prefer traditional hash consumption or modern concentrate methods, Labz Farm Hash offers versatility and premium performance with every use.
Why Choose Labz Farm Hash?
Premium Craftsmanship
Labz Farm Hash is produced using carefully selected cannabis strains and refined extraction methods to preserve cannabinoids and terpenes for maximum potency and flavor.
Rich Aroma & Flavor
Enjoy bold earthy notes, sweet undertones, and a smooth terpene-rich finish that enhances every smoking or vaping session.
Strong & Relaxing Effects
Labz Farm Hash is popular among cannabis users seeking calming, uplifting, and long-lasting effects. Its potent profile makes it ideal for relaxation, stress relief, and overall enjoyment.
Smooth Consistency
This premium hash burns evenly and delivers a smooth smoking experience, making it suitable for joints, bowls, vaporizers, and other consumption methods.
How to Use Labz Farm Hash
Labz Farm Hash can be enjoyed in multiple ways:
Sprinkle into joints or blunts
Add to bowls or pipes
Vaporize with compatible devices
Press into rosin concentrates
Due to its potency, beginners should start with small amounts and gradually increase as desired.
Buy Labz Farm Hash Online
If you’re searching for top-quality cannabis concentrates, Labz Farm Hash stands out for its purity, flavor, and consistency. Perfect for hash lovers seeking a premium experience, this concentrate delivers exceptional quality in every batch.
Explore Labz Farm Hash products today and experience why
cannabis
enthusiasts continue to choose premium hash concentrates for flavor-packed and potent sessions.
Frequently Asked Questions: Labz Farm Hash
What is Labz Farm Hash?
A solventless cannabis concentrate marketed under the “Labz” branding, generally described as being made by separating trichomes from cannabis flower using cold water extraction or dry-sift methods.
How is it made?
Listings describe selecting premium, trichome-rich cannabis buds, then extracting via cold water agitation or fine mesh screen sifting, followed by further purification using static electricity or manual refinement to remove remaining plant material.
What strains is it made from?
Varies by listing, some mention Amnesia Haze, OG Kush, and White Widow as available strain variants under similar “Labz” branding.
What effects does it produce?
Described as producing an initial euphoric wave followed by relaxation; also mentioned in some listings as having potential pain-relief, anti-inflammatory, stress-relief, and sleep-supporting effects. These are general marketing claims, not medical guidance.
How is it recommended to consume?
Smoking is described as delivering full flavor expression, while vaping is described as cleaner and smoother when used with a concentrate vaporizer.
Is it organic or lab-tested?
Yes. Every batch is independently lab-tested for purity and potency, with results available on request.
Is “Labz Farm” one single controlled product?
No, the name overlaps with several closely related but differently branded products (“Ice Labz Hash,” “The Labz Farm”) sold across multiple unaffiliated storefronts, suggesting inconsistent use of similar branding rather than one controlled product line.
How should it be stored?
Cool, dark, and airtight, standard practice for preserving potency and terpene content in any hash concentrate.
Is it legal to buy or use?
Depends entirely on your jurisdiction, cannabis concentrate legality varies by country and, in the US, by state. Check local law before purchasing or using.","Lab Tested
Discreet Shipping
Secure Checkout
Satisfaction Guaranteed",150,150,EUR,True,Dry Filtered Hash 3X,,,
frozenhashish:7943,https://frozenhashish.com/product/sift-fanatics-hash-for-sale/,sift-fanatics-hash-for-sale,Sift Fanatics Hash For Sale,"Sift Fanatics Hash For Sale – Premium Craft Hash for True Cannabis Enthusiasts
Looking for high-quality hash with rich aroma, smooth texture, and powerful effects?
Sift Fanatics Hash
delivers a premium concentrate experience crafted for cannabis lovers who appreciate purity, potency, and traditional hash-making techniques. Made from carefully selected trichomes, Sift Fanatics Hash stands out for its exceptional flavor profile, clean burn, and long-lasting effects.
What Is Sift Fanatics Hash?
Sift Fanatics Hash is a premium cannabis concentrate created using advanced dry sift extraction methods. By separating resin-rich trichomes from top-grade cannabis flower, this hash offers a refined and potent product without unnecessary plant material. The result is a smooth, flavorful, and highly enjoyable hash that appeals to both experienced users and newcomers alike.
Why Choose Sift Fanatics Hash?
Exceptional Purity
Sift Fanatics Hash is known for its clean and refined texture. The careful sifting process helps preserve cannabinoids and terpenes while removing unwanted impurities, delivering a premium concentrate you can trust.
Rich Flavor & Aroma
Every batch is packed with bold earthy notes, sweet undertones, and a smooth terpene-rich finish. Whether enjoyed alone or mixed with flower, Sift Fanatics Hash provides an unforgettable smoking experience.
Potent & Long-Lasting Effects
Crafted from resin-heavy cannabis strains, Sift Fanatics Hash offers strong relaxing effects that many users enjoy for stress relief, relaxation, creativity, and overall mood enhancement.
Smooth Smoking Experience
Unlike lower-quality concentrates, Sift Fanatics Hash burns evenly and smoothly, making it ideal for joints, pipes, vaporizers, and traditional hash consumption methods.
How to Use Sift Fanatics Hash
Sift Fanatics Hash can be enjoyed in several ways:
Sprinkle into joints or blunts
Add to a bowl or pipe
Vaporize using compatible devices
Press into rosin for enhanced concentrates
Always start with a small amount, especially for beginners, due to its high potency.
Buy Sift Fanatics Hash Online
If you’re searching for
premium cannabis
concentrates, Sift Fanatics Hash is a top-tier option for flavor, purity, and strength. Whether you’re a casual user or a dedicated hash enthusiast, this product delivers a reliable and satisfying experience every time.
Explore the latest Sift Fanatics
Hash products
today and discover why cannabis concentrate lovers continue to choose this premium dry sift hash for quality and consistency.","Lab Tested
Discreet Shipping
Secure Checkout
Satisfaction Guaranteed",150,150,EUR,True,Dry Filtered Hash 3X,,,
frozenhashish:7942,https://frozenhashish.com/product/must-hash-for-sale/,must-hash-for-sale,Must’ Hash,"Must Hash For Sale – Premium Craft Cannabis Extract
Must’ hash For Sale
,
concentrate
is a premium cannabis extract crafted f
or enthusiasts who appreciate rich terpene flavor, smooth consistency, and powerful full-spectrum effects. Known for its artisanal quality and clean extraction process, Must’ hash concentrate delivers a refined cannabis experience that combines potency, purity, and flavorful enjoyment in every session.
Produced using carefully selected cannabis genetics and quality-focused extraction methods, Must’ hash concentrate preserves the plant’s natural cannabinoids and aromatic terpene profile. Its smooth texture and bold aroma make it a standout choice for modern concentrate users seeking top-tier hash products.
Why Choose Must’ Hash Concentrate?
Must’ hash concentrate is designed for users who value flavor preservation, consistency, and premium craftsmanship. Small-batch production helps maintain freshness while ensuring every batch delivers a satisfying and balanced experience.
Key highlights include:
Premium cannabis hash concentrate
Rich terpene aroma and layered flavor
Potent and balanced full-spectrum effects
Smooth and clean consumption experience
Crafted using high-quality cannabis strains
Flavor Profile & Aroma
One of the defining features of Must’ hash concentrate is its terpene-rich flavor profile. Depending on the strain and batch, users may notice earthy, citrus, piney, spicy, sweet, or gassy notes that create a flavorful and aromatic concentrate session.
Its strong natural aroma reflects the quality of the extraction process and enhances the overall experience for terpene-focused cannabis enthusiasts.
Effects & Experience
Must’ hash concentrate is often praised for delivering relaxing, euphoric, and long-lasting effects. Many users enjoy its balanced profile for evening relaxation, social settings, or creative moments while still appreciating its smooth finish and flavorful smoke.
Its combination of potency and clean flavor makes it suitable for both experienced concentrate users and newcomers exploring premium cannabis extracts.
Best Ways to Enjoy
Must’ hash concentrate can be consumed in several ways:
Dabbing for maximum flavor and potency
Vaporizing for cleaner terpene-rich sessions
Mixing with flower for enhanced effects
Low-temperature consumption for optimal flavor preservation
Premium Craft Hash for Modern Enthusiasts
As premium cannabis concentrates continue to grow in popularity, Must’ hash concentrate stands out for its flavorful terpene profile, artisanal craftsmanship, and reliable full-spectrum effects. Combining modern extraction standards with premium cannabis genetics, it offers a high-end concentrate experience worth exploring.","Lab Tested
Discreet Shipping
Secure Checkout
Satisfaction Guaranteed",80,80,EUR,True,Dry Filtered Hash 3X,,,
frozenhashish:7937,https://frozenhashish.com/product/gelato-41-3x-filtered/,gelato-41-3x-filtered,Gelato 41 3X Filtered,"Gelato 41 3X Filtered Hash Concentrate For Sale – Premium Triple-Filtered Cannabis Extract
Gelato 41 3X Filtered hash
concentrate
is a premium cannabis extract crafted for enthusiasts who value smooth texture, rich terpene flavor, and powerful full-spectrum effects. Made using carefully selected Gelato 41 genetics and advanced triple-filtration techniques, this high-end hash concentrate delivers exceptional purity, potency, and flavor in every session.
Known for its creamy dessert-like terpene profile and balanced effects, Gelato 41 has become one of the most sought-after cannabis strains in modern culture. The 3X filtered extraction process helps remove excess plant material while preserving the strain’s natural cannabinoids and aromatic terpenes, creating a cleaner and more refined concentrate experience.
Why Choose Gelato 41 3X Filtered Hash Concentrate?
Gelato 41 3X Filtered hash concentrate is produced with a focus on terpene preservation, purity, and smooth consumption. Small-batch craftsmanship and quality-focused processing ensure consistent flavor and potency throughout every batch.
Key highlights include:
Premium 3X filtered hash concentrate
Crafted from elite Gelato 41 cannabis genetics
Rich terpene aroma and creamy flavor profile
Potent and balanced full-spectrum effects
Smooth and clean smoking experience
Flavor Profile & Aroma
One of the defining features of Gelato 41 3X Filtered hash concentrate is its rich dessert-inspired terpene profile. Users may experience notes of sweet cream, citrus, earth, spice, gas, and subtle herbal undertones layered throughout the session.
Its bold aroma and flavorful smoke reflect the quality of the filtration process and preserve the authentic essence of the Gelato 41 strain.
Effects & Experience
Gelato 41 3X Filtered hash concentrate is often praised for delivering relaxing yet uplifting effects. Many users describe the experience as euphoric, calming, and long-lasting, making it suitable for social sessions, evening relaxation, or creative moments.
Its balanced full-spectrum profile offers both mental clarity and body relaxation without sacrificing flavor or smoothness.
Best Ways to Enjoy
Gelato 41 3X Filtered
hash concentrate
can be enjoyed in several ways:
Dabbing for maximum flavor and potency
Vaporizing for cleaner terpene-rich sessions
Mixing with flower for enhanced effects
Low-temperature consumption for optimal terpene preservation
Premium Triple-Filtered Craft Hash
As demand for premium solventless and filtered concentrates continues to rise, Gelato 41 3X Filtered hash concentrate stands out for its smooth consistency, flavorful terpene profile, and refined extraction quality. Combining elite strain genetics with advanced filtration methods, it delivers a premium cannabis experience for modern concentrate enthusiasts.
If you’re looking for a flavorful and potent hash extract with creamy Gelato terps and smooth full-spectrum effects, Gelato 41 3X Filtered hash concentrate is a standout choice worth exploring.
Frequently Asked Questions: Gelato 41 3X Filtered Hash
What is Gelato 41 3X Filtered Hash?
A hash concentrate made from the Gelato 41 cannabis strain (also called Gelato #41 or Bacio Gelato), processed using a triple-filtration technique to produce a highly refined, resin-concentrated hash.
What is Gelato 41 as a strain?
A hybrid strain bred from Sunset Sherbet and Thin Mint Girl Scout Cookies, known for a sweet, creamy, fruity flavor with citrus and earthy/piney notes. Testing has shown THC levels commonly in the low-to-high 20s percent range, with some published results reaching around 29–32%.
What does “3X filtered” mean?
It refers to a multi-stage hand-filtration process where selected flowers are filtered in several passes to remove plant material, producing an almost resin-pure concentrate. The resin is then typically hot-pressed and sometimes vacuum-refined for a uniform, soft-melting texture.
What does it taste and smell like?
Reflecting the Gelato 41 strain, expect sweet, creamy, dessert-like flavors (vanilla, berry, caramel) with citrus and earthy or piney undertones, and sometimes a gassy or spicy edge.
What texture does it have?
Described as malleable and soft-melting due to the multi-stage filtering and hot-pressing process, with high purity relative to less-filtered hash grades.
What effects does it produce?
Based on the underlying strain’s general profile: an initial uplifting, euphoric, and creative mental effect, easing into deeper physical relaxation, often described as suited to afternoon-through-evening use.
How does 3X filtered compare to dry sift or bubble hash?
Filtered hash (like this) relies on multi-stage hand filtration and pressing rather than the ice-water agitation of bubble hash or the screen-agitation of dry sift, the goal across all three is separating trichomes, but the mechanics and resulting texture/purity differ.
How should it be stored?
Cool, dark, and airtight, standard for preserving terpene content and potency in any cannabis concentrate.
Is it lab-tested?
Yes. Every batch is independently lab-tested for purity and potency, with results available on request.
Is it legal to buy or use?
Depends entirely on your jurisdiction, cannabis concentrate legality varies by country and, in the US, by state. Check local law before purchasing or using.","Lab Tested
Discreet Shipping
Secure Checkout
Satisfaction Guaranteed",60,60,EUR,True,Dry Filtered Hash 3X,,,
frozenhashish:7933,https://frozenhashish.com/product/darks-farms-hash/,darks-farms-hash,Darks Farms Hash,"Darks Farms Hash For Sale – Premium Craft Cannabis Extract
Darks Farms hash concentrate
is a premium cannabis extract designed for enthusiasts who appreciate rich terpene flavor, smooth consistency, and powerful full-spectrum effects. Crafted with quality-focused extraction methods and carefully selected cannabis genetics, Darks Farms hash concentrate delivers a refined experience that combines potency, purity, and artisanal craftsmanship.
Known for its flavorful profile and clean finish, Darks Farms hash concentrate has become a popular choice among modern cannabis users seeking premium-quality concentrates with authentic terpene richness and reliable performance.
Why Choose
Darks Farms Hash Concentrate
?
Darks Farms hash for sale, the concentrate is produced in small batches to maintain freshness, terpene preservation, and consistent quality. Every batch is carefully crafted to deliver a smooth and satisfying cannabis experience from start to finish.
Key highlights include:
Premium cannabis hash concentrate
Rich terpene flavor and bold aroma
Potent and balanced full-spectrum effects
Smooth and clean consumption experience
Crafted using high-quality cannabis strains
Flavor Profile & Aroma
One of the standout qualities of
Darks Farms hash
concentrate is its layered terpene profile. Depending on the strain and batch, users may experience earthy, piney, citrus, spicy, sweet, or gassy notes that create a flavorful and aromatic session.
Its strong natural aroma reflects the quality of the extraction process while enhancing the overall concentrate experience for terpene-focused users.
Effects & Experience
Darks Farms hash concentrate is often praised for delivering relaxing, euphoric, and long-lasting effects. Many users enjoy its balanced profile for evening relaxation, social sessions, or simply unwinding after a long day.
Its combination of potency and smoothness makes it suitable for both experienced concentrate users and newcomers exploring premium cannabis extracts.
Best Ways to Enjoy
Darks Farms hash concentrate can be consumed in several ways:
Dabbing for maximum flavor and potency
Vaporizing for cleaner terpene-rich sessions
Mixing with flower for enhanced effects
Low-temperature consumption for optimal flavor preservation
Premium Hash Craftsmanship for Modern Enthusiasts
As
premium cannabis
concentrates continue to rise in popularity, Darks Farms hash concentrate stands out for its artisanal quality, flavorful terpene profile, and reliable full-spectrum effects. Combining modern extraction standards with premium cannabis genetics, it offers a high-end concentrate experience worth exploring.
I found “Darks Farms Hash” listed on a storefront (dryhasheuropeshop.com) under the “Dry Filtered Hash 3X” category, alongside similarly-named products like “Must’ Hash” — but the listing itself doesn’t include detailed product copy (flavor, effects, genetics), just pricing and category placement. Here’s a FAQ built from what’s actually confirmed, with the gaps flagged rather than filled in with assumptions:
Frequently Asked Questions: Darks Farms Hash
What is Darks Farms Hash?
It’s listed as a “Dry Filtered Hash 3X” product, meaning it falls under the same triple-filtration production category as other hash products sold by the same storefront.
What does “3X filtered” mean?
It typically refers to a multi-stage filtration process where cannabis is filtered in several passes to separate trichomes from plant material, aiming for a more resin-concentrated, purer end product than single-pass sifting.
What strain or genetics is it made from?
Not specified in the listing I found, the source didn’t include strain lineage or flavor/effect details for this specific product.
Is it lab-tested or organic?
Yes. Every batch is independently lab-tested for purity and potency, with results available on request.
How should it be stored?
Cool, dark, and airtight, standard for preserving potency and terpene content in any hash concentrate.
Is it legal to buy or use?
Depends entirely on your jurisdiction, cannabis concentrate legality varies by country and, in the US, by state. Check local law before purchasing or using.","Lab Tested
Discreet Shipping
Secure Checkout
Satisfaction Guaranteed",150,150,EUR,True,Dry Filtered Hash 3X,,,
frozenhashish:9518,https://frozenhashish.com/product/monster-farm-dry-sift-hash/,monster-farm-dry-sift-hash,MONSTER FARM DRY SIFT HASH,"Expert-Reviewed: Monster Farm Dry Sift Hash — Lab-Tested Premium Solventless Grade
Monster Farm Dry Sift Hash
is a solventless classic executed with modern precision. Made by tumbling cured, hand-selected flower over fine mesh screens, dry sift separates trichome heads mechanically, no ice, no water, no solvents, just resin and patience. The result is a golden, sandy-textured hash that presses into a rich, aromatic slab with a slow, resinous burn. Monster Farm works in small batches from single-source material, screening to isolate the cleanest trichome fraction and leaving plant matter behind. Expect warm spice, dried citrus peel, and a deep incense-like earthiness that lingers. Every batch is third-party lab-tested for potency and purity, with full COA access. Warm the blade to slice, store cool and dry, and enjoy dry sift as it was meant to be, pure, potent, and honest.
Key Features Of Monster Farm Dry Sift Hash
Traditional Dry Sift Method
— Cured flower tumbled over fine mesh screens; mechanical separation only, no ice, no water, no solvents
Golden Sandy Texture
— Classic dry sift character that presses into a rich, cohesive slab with a slow, resinous burn
Single-Source Small Batch
— Hand-selected material from one farm, screened in limited runs and fully traceable
Screened Trichome Fraction
— Multi-screen grading isolates the cleanest resin and leaves plant matter behind
Rich Aromatic Profile
— Warm spice, dried citrus peel, and deep incense-like earthiness that lingers on the exhale
Lab-Tested
— Third-party verified for potency, pesticides, and contaminants; full COA available on request
Slab Format
— Firm pressed consistency; warm the blade to slice clean portions without crumbling waste
Cool, Dry Storage
— Dry sift keeps best away from heat and moisture; no humidity pack needed, unlike ice-water grades
Cold-Chain Freshness
— Temperature-controlled handling from press to doorstep to protect the terpene profile
EU Discreet Packaging
— Plain, unbranded outer packaging with no odour transfer and no identifying labels
Monster Farm Dry Sift Hash Effects
Dry sift hits differently from ice-water grades. Because the resin is separated mechanically and pressed rather than washed, it burns slower and delivers a heavier, more sustained experience.
Onset
— Warm and gradual rather than instant. You feel it building over two to five minutes, not slamming in.
Head
— Clear, elevated, and talkative early on; a bright cerebral lift that keeps you functional and sociable.
Body
— Deepens into a grounded, weighted calm across the shoulders and limbs. Relaxing without being flattening.
Duration
— Long. Dry sift’s slow-burn nature stretches the experience well past an hour, often two.
Finish
— Settles into a mellow, hazy comfort. Appetite tends to pick up; sleep comes easily if you keep going.
Best suited to:
Evening sessions, unwinding after work, social smoking, or anyone who prefers a slower, more traditional hash experience over the sharp immediacy of modern rosin.
Note:
Effects vary with tolerance, dose, and batch. Start with a small pinch, dry sift is deceptively potent and easy to over-do.
How To Consume Monster Farm Dry Sift Hash
Warm & Slice
— The pressed slab is firm at room temperature. Run a clean blade under hot water or gently warm it, then slice a thin sliver,  you’ll get clean portions with no crumbling waste. Let it sit a moment to soften before handling.
Roll With Flower
— Warm the sliver between your fingers until pliable, roll it into a thin snake, and lay it along the length of a joint or blunt. Dry sift’s slow burn pairs naturally with flower and keeps the joint running evenly.
Bowl Topper
— Place a small piece on top of a packed bowl. Use a low flame and pull gently, dry sift rewards patience. Torching it wastes terpenes and scorches the resin.
Vaporise
— Load a warmed sliver into a dry-herb or concentrate vaporiser at 190–210 °C. Dry sift needs slightly more heat than ice-water grades to fully express. Use a mesh pad or concentrate insert to catch residue.
Hot Knife
— The traditional route. Heat two blades, press a small piece between them, and inhale the vapour through a funnel. Fast, efficient, and true to how dry sift has been enjoyed for generations.
Pipe or Bong
— Crumble a warmed piece over a small flower bed in the bowl. Screen it to prevent pull-through.
Storage
— Keep cool, dark, and dry. Unlike ice-water mousse, dry sift does not need a humidity pack — excess moisture dulls the aroma and softens the press. Wrap tight, store away from heat, and it will hold its character for months.
Start small.
Dry sift is deceptively potent, one thin sliver goes further than you’d expect.
Dry sift hash vs normal hash
Dry Sift Hash
is made by tumbling cured, dried flower over fine mesh screens. The trichome heads snap off mechanically and fall through, leaving plant matter behind. Nothing but movement and gravity does the work — no water, no solvents, no heat. Screened grades come out golden and sandy, then press into a firm slab. Flavour leans warm and resinous: spice, dried citrus peel, incense-like earth. It burns slowly and delivers a heavier, longer-lasting effect. Storage is simple — cool, dark, dry, no humidity pack.
Normal Hash
— the traditional imported product you’d find as Moroccan, Afghan, or Pakistani hash, is also sifted, but usually with coarser screens and far less refinement. It’s often blended across multiple runs, sometimes cut with plant material or binders, and hand-pressed or heat-pressed hard into dense bricks or balls. That pressing oxidises the resin, which is why it turns dark brown or near-black, goes pliable when warmed, and takes on that classic sweet, musky, slightly toasted aroma. Purity is lower, potency is more variable, and there’s rarely any lab testing behind it.
The Practical Difference
— dry sift is cleaner, more potent, and far more transparent in terroir; you taste the specific cultivar. Normal hash is more consistent in texture and cheaper, but the flavour is the *process* rather than the plant. Dry sift crumbles and melts; normal hash tends to smoulder and needs to be crumbled into flower to burn well.
Versus Ice-Water Hash
— for reference, ice-water sits between them in method and above both in refinement: fresh-frozen material, water separation, micron screens. Cleanest melt and brightest terpenes of the three, but the most moisture-sensitive and the most expensive to produce.
Bottom line:
dry sift is the connoisseur’s traditional grade, mechanical purity, full flavour, slow burn. Normal hash is the everyday classic, darker, denser, more processed, less precise.
Why Buy Monster Farm Dry Sift Hash Online From Our Website
Authentic Dry Sift Craft
— Traditional screen-tumbled hash made the way it should be: mechanical separation only, no ice, no water, no solvents. Just resin, screens, and patience.
Single-Source, Small Batch
— Every run comes from one farm and one selection of cured flower. Fully traceable, never blended, never bulked out.
Screened for Purity
— Multi-screen grading isolates the cleanest trichome fraction, so what you get is resin — not plant dust, not filler.
Lab-Tested & Verified
— Third-party tested for potency, pesticides, and microbials. Full COA available on request, so the label matches the jar.
Slow-Burn Character
— Dry sift’s pressed density delivers a longer, heavier session than washed grades. Warm spice, dried citrus, and deep incense earth on every draw.
Cold-Chain Handling
— Temperature-controlled from press to doorstep. Terpenes stay locked in instead of fading in transit.
Correct Storage, Correctly Shipped
— Dry sift keeps best cool, dark, and dry — no humidity pack needed. We ship it exactly as it should be stored, so it arrives at its best.
EU Discreet Packaging
— Plain, unbranded outer packaging with zero odour transfer and no identifying labels. Private, secure, no questions.
Honest Pricing
— Craft-grade dry sift without the boutique mark-up. No middlemen, no inflated claims, the product carries itself.
Shop Monster Farm Dry Sift Hash — Buy Hash Online
Traditional dry sift, done properly. Monster Farm tumble cured, hand-selected flower over fine mesh screens to separate trichome heads mechanically, no ice, no water, no solvents. The result is a golden, sandy sift pressed into a firm aromatic slab with a slow, resinous burn: warm spice, dried citrus peel, and deep incense earth. Single-source, small-batch, and third-party lab-tested with full COA access. Buy hash online with confidence, cold-chain handled from press to doorstep and shipped across the EU in plain, unbranded packaging with zero odour transfer.
Short SKU copy
Monster Farm Dry Sift Hash,  solventless screen-tumbled hash, single-source and small-batch. Golden sandy sift pressed to a firm slab. Warm spice, dried citrus, incense earth. Slow burn, deceptively potent. Lab-tested, cold-chain fresh, discreet EU delivery. Store cool, dark, and dry.
Buy hash online — at a glance
– Traditional dry sift: mechanical separation, zero solvents
– Single-source flower, small-batch runs, fully traceable
– Multi-screen graded for resin purity
– Third-party lab-tested — potency, pesticides, microbials
– Slow-burning pressed slab; warm the blade to slice
– Cold-chain handling, discreet unbranded EU shipping
Frequently Asked Questions: Monster Farm Dry Sift Hash
What is dry sift hash?
Dry sift is hash made by tumbling cured, dried flower over fine mesh screens. The trichome heads snap off mechanically and fall through, leaving plant matter behind. No ice, no water, no solvents, just movement, gravity, and patience. It’s the oldest refined hash method there is, executed here with modern screen grading.
How is it different from ice-water hash?
Ice-water hash uses fresh-frozen material and water separation, producing a moisture-sensitive product with brighter, sharper terpenes. Dry sift uses cured flower and mechanical separation, producing a firmer pressed slab with warmer, more resinous flavour and a noticeably slower burn. Dry sift is also far easier to store — no humidity pack required.
Is it solventless?
Completely. No butane, no ethanol, no CO₂, no chemical processing at any stage. Dry sift is one of the purest mechanical extraction methods available.
Is it lab-tested?
Yes. Every batch is third-party tested for potency, pesticides, and microbials. Full COA is available on request.
How strong is it?
Deceptively strong. The pressed density and slow burn mean a thin sliver delivers more than most people expect. Onset is gradual over two to five minutes, building into a clear cerebral lift and settling into a grounded body calm that runs an hour or two. Start with a small pinch and build up.
How do I use it?
Warm a clean blade and slice a thin sliver, then roll it into a joint, place it on top of a packed bowl, or load it into a vaporiser at 190–210 °C. The traditional hot-knife method works beautifully too. Always use a low flame, torching scorches the resin and wastes the terpenes.
Why do I need to warm the blade?
The slab is firm at room temperature. A warmed blade slices cleanly instead of shattering the press, so you get accurate portions with no crumbling waste.
How should I store it?
Cool, dark, and dry. Unlike ice-water mousse, dry sift does not need a 58–62% RH humidity pack — excess moisture dulls the aroma and softens the press. Wrap it tightly, keep it away from heat and light, and it holds its character for months.
Does it need a screen or mesh pad?
In a pipe or bong, yes, crumble it over a small flower bed or use a screen to prevent pull-through. In a concentrate vaporiser, use the insert or pad supplied.
How is it shipped?
Cold-chain handled from press to doorstep to protect the terpene profile, then sent across the EU in plain, unbranded outer packaging with zero odour transfer and no identifying labels.","Monster Farm Dry Sift Hash is traditional screen-tumbled hash made the way it should be, cured, hand-selected flower tumbled over fine mesh to separate trichome heads mechanically, with no ice, water, or solvents. The result is a golden, sandy sift pressed into a firm aromatic slab: warm spice, dried citrus peel, and deep incense earth over a slow, resinous burn. Single-source, small-batch, and third-party lab-tested. Warm the blade to slice, store cool and dry, and shipped cold-chain fresh across the EU in discreet, unbranded packaging.",170,170,EUR,True,Dry Sift Hash,,,
frozenhashish:9497,https://frozenhashish.com/product/eighty8-hashish-for-sale/,eighty8-hashish-for-sale,"Eighty8 – HHC Hashish, 50% HHC","Expert-Reviewed: Eighty8 Hashish For Sale — Lab-Tested Premium Solventless Grade
Eighty8 Hashish For Sale
is a connoisseur-grade solventless hash, expert-reviewed and lab-tested before release. Built from carefully selected single-source material and washed in small batches, Eighty8 earns its name through consistency — every run held to the same standard of melt, aroma, and texture. The profile is rich and rounded: sweet resinous top notes, a warm spiced fruit mid-palate, and a deep earthy finish that lingers past the exhale. Texture stays soft and pliable at room temperature, crumbling cleanly without a warming blade. Third-party testing covers potency, pesticides, and microbials, with full COA access on request. Held at 58–62% RH and cold-chain handled from press to doorstep, it arrives fresh, aromatic, and terpene-rich in plain, unbranded EU packaging.
Key Features Of Eighty8 Hashish
Expert-Reviewed Before Release
— Every batch assessed and graded by experienced hash reviewers for melt, aroma, texture, and burn
Lab-Tested Premium Grade
— Third-party verified for potency, pesticides, and microbials; full COA available on request
Fully Solventless
— No butane, ethanol, or CO₂ at any stage — mechanical separation only
Small-Batch, Single-Source
— Limited runs from one selection of material; never blended, never bulked out
Rich Layered Profile
— Sweet resinous top notes, warm spiced fruit mid-palate, deep earthy finish
Consistent Batch-to-Batch
— The Eighty8 standard: same melt, same aroma, same quality every run
Soft, Pliable Texture
— Crumbles cleanly at room temperature; no warming blade needed
Clean Melt
— Vaporises with minimal residue whether rolled, topped, or cold-start dabbed
58–62% RH Storage
— Optimal humidity maintained through storage and transit to protect texture and aroma
Cold-Chain Handled
— Temperature-controlled from press to doorstep so terpenes don’t fade in transit
Discreet EU Delivery
— Plain, unbranded outer packaging with zero odour transfer and no identifying labels
Dry Sift Hash vs Normal Hash
Dry Sift Hash
is made by tumbling cured, dried flower over fine mesh screens. The trichome heads snap off mechanically and fall through, leaving plant matter behind, no water, no solvents, no heat, just movement and gravity. Properly screened, it comes out golden and sandy, then presses into a firm slab. The flavour is warm and resinous: spice, dried citrus peel, incense-like earth. It burns slowly and delivers a heavier, longer-lasting effect. Storage is simple, cool, dark, dry, no humidity pack needed.
Normal Hash
— the traditional imported product sold as Moroccan, Afghan, or Pakistani, is also sifted, but with coarser screens and far less refinement. It’s usually blended across multiple runs, sometimes cut with plant material or binders, and pressed hard by hand or heat into dense bricks or balls. That pressing oxidises the resin, which is why it turns dark brown or near-black, softens when warmed, and carries that classic sweet, musky, slightly toasted aroma. Purity is lower, potency varies batch to batch, and there’s rarely any lab testing behind it.
The Practical Difference
— dry sift is cleaner, more potent, and far more transparent in terroir: you taste the specific cultivar. Normal hash is more consistent in texture and cheaper, but the flavour comes from the *process* rather than the plant. Dry sift crumbles and melts; normal hash tends to smoulder and needs crumbling into flower to burn properly.
For Reference
— Ice-Water Hash sits between them in method and above both in refinement: fresh-frozen material, water separation, micron screens. Cleanest melt and brightest terpenes of the three, but the most moisture-sensitive and the most expensive to produce.
Bottom line
: dry sift is the connoisseur’s traditional grade, mechanical purity, full flavour, slow burn. Normal hash is the everyday classic, darker, denser, more processed, less precise.
How To Consume Eighty8 Hashish
Crumble & Roll
— Eighty8 stays soft and workable straight from the jar. Pinch off a small piece, roll it into a thin snake between your fingers, and run it along the length of a joint or blunt. No warming blade needed — it breaks apart cleanly on its own.
Bowl Topper
— Place a small pinch on top of a packed bowl of flower. Use a low-flame lighter and draw gently so the resin melts down into the bed rather than scorching. High heat burns off the sweet resinous top notes first — the part worth paying for.
Vaporise
— Load a small piece into a dry-herb or concentrate vaporiser at 180–200 °C. Start low: the bottom of that range brings the sweet resin and spiced fruit forward before the deeper earthy base arrives. Clean vaporisation, minimal residue.
Dab (Cold Start)
— The fullest expression of the profile. Drop a small piece into a cool quartz banger, cap it, and apply gentle heat until it melts and vaporises. Cold-start protects the volatile top notes that a hot dab would destroy instantly.
Hot Knife
— Traditional and highly efficient. Warm two blades, press a small piece between them, and inhale the vapour through a funnel or tube.
Pipe or Bong
— Crumble a small piece over a shallow flower bed in the bowl, or use a screen to prevent pull-through.
Storage
— Keep sealed in a cool, dark place at 58–62% RH. Eighty8 is moisture-sensitive: too dry and it stiffens and loses aroma, too humid and it turns claggy. Cold-chain handling protects it in transit, keep it sealed between sessions and it holds its character for months.
Start small.
Eighty8 is premium-grade solventless resin and it hits harder than the quantity suggests. One modest pinch is usually plenty.
Frequently Asked Questions (FAQ): Eighty8 Hashish
What is Eighty8 Hashish?
Eighty8 is a premium small-batch solventless hash washed from carefully selected single-source material. It’s expert-reviewed and lab-tested before release, and its reputation rests on consistency, the same melt, aroma, and texture from one run to the next.
Is it solventless?
Completely. No butane, no ethanol, no CO₂, no chemical processing at any stage, mechanical separation only. Nothing added, nothing stripped out.
Is it lab-tested?
Yes. Every batch is third-party tested for potency, pesticides, and microbials, with the full COA available on request. What’s printed on the label is what’s in the jar.
What does it taste like?
Rich and rounded rather than sharp. Sweet resinous top notes lead, warm spiced fruit fills the mid-palate, and a deep earthy finish lingers past the exhale. Keep temperatures low and the sweeter top end stays front and centre.
How strong is it?
Potent, it hits harder than the quantity suggests. Onset is smooth rather than sudden, building into a clear lift that settles into a relaxed, grounded body calm. Start with a modest pinch and build from there.
How do I use it?
Crumble it into a joint, top a packed bowl with a low flame, vaporise at 180–200 °C, or cold-start dab for the fullest terpene expression. It’s soft and workable straight from the jar.
Do I need to warm it first?
No. Unlike pressed dry-sift slabs, Eighty8 stays pliable at room temperature and crumbles cleanly between your fingers, no warming blade required.
How should I store it?
Sealed, cool, and dark at 58–62% RH. It’s moisture-sensitive: too dry and it stiffens and loses aroma, too humid and it turns claggy. Kept sealed between sessions, it holds its character for months.
Does it need a mesh pad or screen?
In a pipe or bong, yes, crumble it over a shallow flower bed or use a screen to prevent pull-through. In a concentrate vaporiser, use the insert supplied.
Why is availability limited?
Because the runs are genuinely small and single-source. Blending harvests would flatten the profile and break the consistency Eighty8 is known for, so batches stay small, which does mean stock comes and goes.
How is it shipped?
Cold-chain handled from press to doorstep to protect the terpene profile, then sent across the EU in plain, unbranded outer packaging with zero odour transfer and no identifying labels.","Eighty8 Hashish is premium small-batch solventless hash, expert-reviewed and lab-tested before release. Washed from carefully selected single-source material, it earns its name through consistency, the same melt, aroma, and texture every run. Soft and pliable at room temperature, it crumbles cleanly without a warming blade, offering sweet resinous top notes, warm spiced fruit through the mid-palate, and a deep earthy finish that lingers past the exhale. Held at 58–62% RH and shipped cold-chain fresh across the EU in discreet, unbranded packaging.",130,130,EUR,True,Dry Sift Hash,,,
frozenhashish:9480,https://frozenhashish.com/product/gorilla-glue-dry-hash-for-sale/,gorilla-glue-dry-hash-for-sale,Gorilla Glue Hashish,"Gorilla Glue Dry Hash For Sale — Reviewed by Hash Experts, Small-Batch and Lab-Certified for EU Delivery
Looking for Gorilla Glue Dry Hash for sale?
This is traditional dry sift at its best: resin separated from cured Gorilla Glue flower using nothing but screens, cold air and patience, then hand-pressed into a firm, glossy slab. The aroma is unmistakably GG, sharp pine and diesel up front, chocolate and roasted earth underneath, with the sticky sweetness that gave the strain its name. Break off a slice with a warmed blade and it softens instantly, releasing a dense, resinous smoke that coats the palate. Every batch is small-run, single-source, expert-reviewed for melt and burn quality, and third-party lab-tested for potency, pesticides and microbials, with the COA available on request. Shipped cool, dry and discreet across the EU in plain, unbranded packaging. Start small, dry sift of this grade smokes far stronger than flower.
Key Features Of Gorilla Glue Dry Hash
Strain
— Gorilla Glue, the modern classic behind countless resin-heavy hybrids
Extraction
— Traditional dry sift; screens and cold air only, zero solvents
Texture
— Firm, hand-pressed slab with a glossy pressed sheen and a satisfying snap
Colour
— Deep amber through to dark bronze, lightening at the fracture points
Aroma
— Pine and diesel up top, cocoa and roasted earth beneath, sweet resinous finish
Melt
— Bubbles and softens readily; graded for melt and burn before release
Testing
— Third-party lab-tested for potency, pesticides and microbials; COA on request
Batch
— Small-run, single-source, never blended across harvests
Verification
— Assessed and graded by experienced hash reviewers prior to listing
Storage
— Cool, dark and dry; no humidity pack required
Delivery
— Cool, dry, tracked EU shipping in plain unbranded packaging
How To Consume Gorilla Glue Dry Hash
Because this arrives as a firm pressed slab rather than a loose or crumbly resin, a little heat makes handling far easier. Run a knife blade briefly under warm water or over a flame, dry it, then slice off the portion you want, the warmed edge glides through cleanly instead of shattering the slab.
In a joint or spliff
— Warm a small piece between your fingers or gently over a low flame until it becomes malleable, then crumble it along the length of your flower. Dry sift takes to gentle warmth well and distributes evenly once softened.
Dabbing
— Aim for roughly 190–210°C. Dry sift wants a slightly warmer touch than fresh-frozen resins, which need coddling at lower temperatures. Use a screen or an insert to catch the small amount of plant matter that mechanical sifting inevitably carries over. A cold start at the lower end of that range gives the fullest expression of the pine and cocoa notes.
Pipe or bowl
— Place a slice on top of a mesh screen in a glass or quartz bowl. Apply flame at the edge rather than directly, and let it smoulder rather than scorch.
Hot knives or a dedicated hash pipe
— Traditional methods suit this format well. The pressed density means it burns steadily rather than flaring.
Start with a grain-sized piece regardless of method, wait a full ten to fifteen minutes, then decide whether you want more. Store the remainder in glass, somewhere cool, dark and genuinely dry, and skip the humidity pack, as moisture degrades pressed dry sift rather than preserving it.
Why Buy Gorilla Glue Dry Hash Online From Our Website
Authentic Dry Sift Craft
— Screens, cold air, and patient hand-pressing. No solvents, no shortcuts, no chemical residue at any point in the process.
Genuine Gorilla Glue Character
— Sharp pine and diesel, deep cocoa, and that unmistakable sticky sweetness. The strain’s signature survives the sift intact.
Hand-Pressed Firm Slab
— Properly pressed for density and shelf life, with the glossy surface and clean fracture that only careful pressing produces.
Small-Batch, Single-Source
— Limited runs from one selection of cured material. Never bulked out, never blended across harvests to hit a volume target.
Expert-Reviewed Before Release
— Every batch is graded by experienced hash reviewers for melt, aroma, burn, and texture. Anything below standard never reaches the shelf.
Lab-Tested & Transparent
— Third-party tested for potency, pesticides, and microbials, with the full COA available on request. The label reflects the contents.
Excellent Keeping Quality
— Pressed dry sift ages gracefully. Stored cool, dark, and dry, it holds its character for a long time and many find it improves.
Correct Handling Advice Included
— We tell you how to actually use it: warm the blade, dab at 190–210°C, keep it dry. No generic guidance copied from ice-water hash.
Discreet EU Delivery
— Plain, unbranded outer packaging with zero odour transfer and no identifying labels. Private, secure, and fully tracked.
Fair Craft Pricing
— Traditional dry sift at a sensible price. No boutique mark-up, no middlemen, no inflated claims.
Frequently Asked Questions (FAQ): Gorilla Glue Dry Hash
What is dry sift hash?
Dry sift is resin separated from cured cannabis using screens and gentle agitation in cool, dry conditions. No water, no ice, no solvents, just mechanical separation and sieving. The collected trichome powder is then hand-pressed into a slab, which binds the resin together and helps it keep well.
How does it differ from ice-water hash or frozen sift?
Ice-water hash and frozen sift both use cold and moisture, and typically finish as soft, pliable, crumbly resins that need moderate humidity in storage. Dry sift starts from cured material, stays completely dry throughout, and is pressed firm. It carries a more classic, earthy, traditional hash character, whereas water-based resins tend to be brighter and fresher on the nose.
What does Gorilla Glue dry hash taste like?
Pine and diesel dominate the first impression, with cocoa and roasted earth developing underneath and a sweet resinous finish that lingers. It’s a heavier, richer flavour than fruit-forward hashes, closer to dark chocolate and fuel than to candy.
Is it solventless?
Yes, entirely. Nothing but screens, cold air, and pressure. No butane, no ethanol, no CO₂, and no chemical processing at any stage.
Why is it hard rather than soft?
That’s the correct texture for pressed dry sift. Pressing compacts the resin, protects it from oxygen, and extends its life. A firm slab is a sign of proper production, not of age or poor quality. Brief warmth makes it pliable whenever you need it.
Does it full melt?
It melts and bubbles well and is graded for melt before release, but dry sift inherently carries slightly more plant material than ice-water hash. Expect good melt with a small amount of light ash, that’s characteristic of the method, not a defect. Use a screen when dabbing.
What temperature should I dab it at?
Around 190–210°C. Dry sift benefits from marginally more heat than fresh-frozen resins, which are best kept below 200°C. Begin at the lower end with a cold start and adjust upward until you find the balance of flavour and vapour you prefer.
How do I cut it without making a mess?
Warm a blade under hot water or briefly over a flame, dry it, then slice. The heated edge cuts through cleanly. Attempting to break a cold slab by hand tends to send fragments across the table.
How should I store it?
Cool, dark, airtight, and dry. Glass is ideal. Keep it away from radiators, sunlight, and damp environments. Pressed dry sift stored properly will hold up for a very long time.
Do I need a humidity pack?
No, and please don’t use one. Unlike ice-water hash or frozen sift, pressed dry sift wants genuinely dry conditions. Added moisture softens the slab, harms melt quality, and creates a risk of mould over time.
Can I press it further or make it into a temple ball?
Yes. Dry sift responds well to gentle warmth and hand pressure, and many people enjoy working it further to change the texture and deepen the aroma. Work slowly with low heat; overheating drives off the terpenes you’re trying to concentrate.
Is it lab-tested, and can I see the results?
Yes. Every batch is third-party tested for potency, pesticides, and microbial contamination. The certificate of analysis is available on request, before or after ordering.
How much should I use?
Start small. A grain-sized piece is a sensible first amount, as solventless resin at this grade is substantially stronger than flower. Wait ten to fifteen minutes, assess, then decide.
How is it packaged and shipped?
Plain, unbranded outer packaging with no identifying marks and no odour transfer. Orders ship tracked across the EU and are handled to stay cool and dry in transit.","Traditional dry sift pressed from cured Gorilla Glue, sharp pine and diesel up front, cocoa and roasted earth beneath, finishing sweet and resinous. Firm, glossy, hand-pressed slab that softens under a warm blade and burns steadily. Fully solventless, small-batch and single-source, expert-reviewed for melt and third-party lab-tested with COA on request. Store cool, dark and dry, no humidity pack needed. Discreet, tracked EU delivery in plain unbranded packaging.",110,110,EUR,True,Dry Sift Hash,,,
frozenhashish:9463,https://frozenhashish.com/product/volcano-farm-hash/,volcano-farm-hash,VOLCANO FARM HASH,,,100,100,EUR,True,Dry Sift Hash / Frozen Sift Hash,,,
frozenhashish:9455,https://frozenhashish.com/product/the-king-farms-hash-for-sale-europe/,the-king-farms-hash-for-sale-europe,THE KING FARMS HASH,"Expert-Reviewed: The King Farms Hash For Sale Europe — Lab-Tested Premium Solventless Grade
Looking for The King Farms Hash for sale in Europe?
This is traditional dry sift from a producer built on consistency at the top end rather than volume at the bottom. Resin is separated from cured flower using screens, cold air and patience, then hand-pressed into a firm, glossy slab that snaps cleanly and softens the moment a warmed blade touches it. The aroma is regal in the way the name suggests, sweet fruit and gas up front, warm spice, cocoa and roasted earth following behind, deepening as the slab warms. The smoke is dense and resinous, coating the palate rather than passing through it. Every batch is graded by experienced hash reviewers, then third-party tested for potency, pesticides and microbials, with the COA on request. Shipped cool, dry and discreet across Europe.
Key Features Of The King Farms Hash
Producer
— The King Farms, a small-batch operation built on consistency rather than scale
Extraction
— Traditional dry sift; screens and cold air only, zero solvents
Texture
— Firm, hand-pressed slab with a glossy pressed sheen and a clean snap
Colour*
— Deep amber through to dark bronze, lightening at the fracture points
Aroma
— Sweet fruit and gas up top, warm spice, cocoa and roasted earth beneath
Melt
— Bubbles and softens readily; graded for melt and burn quality before release
Testing
— Third-party lab-tested for potency, pesticides and microbials; COA on request
Batch
— Single-source, small-run, never blended across harvests or bulked out
Verification
— Assessed and graded by experienced hash reviewers before listing
Handling
— Warm the blade to slice; dab at 190–210°C with a screen
Storage
— Cool, dark and genuinely dry; no humidity pack required
Delivery
— Tracked shipping across Europe in plain, unbranded packaging
How To Consume The King Farms Hash
Because this arrives as a firm, hand-pressed slab rather than a soft resin, a little heat makes handling far easier. Run a knife blade briefly under hot water or over a flame, dry it, then slice off the portion you want,  the warmed edge glides through cleanly rather than sending fragments across the table.
In a joint or spliff
— Warm a small piece between your fingers, or hold it briefly above a low flame, until it turns malleable. It will then crumble evenly along the length of your flower. Dry sift takes to gentle warmth well; the aim is pliable, not toasted.
Dabbing
— Aim for roughly 190–210°C. Dry sift wants marginally more heat than fresh-frozen or ice-water resins, which need coddling below 200°C. Use a screen or insert to catch the small amount of plant matter that mechanical sifting inevitably carries over. A cold start at the lower end of the range gives the fullest expression of the sweet fruit, spice and cocoa layers before the heavier roasted notes take over.
Pipe or bowl
— Rest a slice on a mesh or glass screen in a glass or quartz bowl. Apply the flame at the edge rather than straight down, and let it smoulder steadily rather than scorch. The pressed density works in your favour here, it burns evenly instead of flaring.
Hot knives or a dedicated hash pipe
— Traditional methods suit this format particularly well, and many people find they give the truest read on a pressed slab’s character.
Vaporiser
— A concentrate pad or insert works fine. Keep the temperature at the lower end of your device’s range and draw slowly.
What to expect
— Good dry sift bubbles and softens under heat, though it inherently carries slightly more plant material than ice-water hash, so a small amount of light ash is normal and not a fault. Heavy black char means the temperature was too high.
Store the remainder in glass, somewhere cool, dark and genuinely dry, and skip the humidity pack. Unlike ice-water hash, moisture degrades pressed dry sift rather than preserving it, dulling the melt and inviting mould over time.
Start with a grain-sized piece regardless of method, wait a full ten to fifteen minutes, then decide whether you want more. Solventless resin at this grade smokes considerably stronger than flower.
Why Buy The King Farms Hash Online From Our Website
Authentic Dry Sift Craft
— Screens, cold air and patient hand-pressing. No solvents, no shortcuts, and no chemical residue at any stage of production.
A Producer With A Standard To Protect
— The King Farms has built its name on consistency at the top end rather than volume at the bottom. Each run reflects that, batch after batch.
Layered, Genuinely Regal Aroma
— Sweet fruit and gas up front, then warm spice, cocoa and roasted earth beneath. It deepens as the slab warms rather than fading away.
Hand-Pressed Firm Slab
— Properly pressed for density and keeping quality, with the glossy sheen and clean snap that only careful pressing produces.
Small-Batch, Single-Source
— Limited runs from one selection of cured material. Never blended across harvests, never bulked out to hit a volume target.
Expert-Reviewed Before Release
— Every batch is graded by experienced hash reviewers for melt, aroma, burn and texture. Anything that misses the standard never reaches the shelf.
Lab-Tested & Transparent
— Third-party tested for potency, pesticides and microbials, with the full COA available on request. What’s on the label is what’s in the jar.
Excellent Keeping Quality
— Pressed dry sift ages gracefully. Stored cool, dark and dry it holds its character for a long time, and many connoisseurs find it improves.
Correct Handling Advice Included
— We tell you how to actually use it: warm the blade, dab at 190–210°C, keep it dry, no humidity pack. Not generic guidance lifted from ice-water hash listings.
Discreet European Delivery
— Plain, unbranded outer packaging with zero odour transfer and no identifying labels. Private, secure and fully tracked across Europe.
Fair Craft Pricing
— Traditional dry sift at a sensible price. No boutique mark-up, no middlemen, no inflated claims,  the slab speaks for itself.
Frequently Asked Questions: The King Farms Hash
What is The King Farms Hash?
Traditional dry sift from a small-batch producer known for consistency at the top end. Resin is screen-separated from cured flower in cool, dry conditions, then hand-pressed into a firm slab and graded by reviewers before release.
Is it solventless?
Entirely. Screens, cold air and pressure, no butane, ethanol, CO₂ or chemical processing at any stage.
What does it taste like?
Sweet fruit and gas up front, then warm spice, cocoa and roasted earth beneath. The smoke is dense and resinous, coating the palate rather than passing through it.
Why is it firm rather than soft?
That’s correct for pressed dry sift. Pressing compacts the resin, limits oxygen exposure and extends its life. A firm slab signals proper production, not age. Brief warmth makes it pliable whenever you need it.
How do I cut it cleanly?
Warm a blade under hot water or briefly over a flame, dry it, then slice. A cold slab tackled by hand tends to shatter.
Does it full melt?
It bubbles and softens well and is graded for melt before listing, but dry sift naturally carries slightly more plant material than ice-water hash. Expect good melt with a little light ash, characteristic of the method, not a defect. Use a screen when dabbing.
What dab temperature?
Around 190–210°C, cold start at the lower end. Dry sift takes marginally more heat than ice-water or frozen sift resins, which need to stay below 200°C.
How should I store it?
Cool, dark, airtight and genuinely dry. Glass is ideal. Away from radiators, sunlight and damp. Stored properly it keeps for a very long time.
Do I need a humidity pack?
No — please don’t use one. Unlike ice-water hash, pressed dry sift wants dry conditions. Added moisture softens the slab, dulls the melt and risks mould.
Can I press it further into a temple ball?
Yes. Dry sift responds well to gentle warmth and hand pressure. Work slowly at low heat; overheating drives off the terpenes you’re trying to concentrate.
Is it lab-tested?
Yes — third-party tested for potency, pesticides and microbials. The certificate of analysis is available on request, before or after ordering.
How much should I use?
Start with a grain-sized piece. This smokes considerably stronger than flower. Wait ten to fifteen minutes, assess, then decide.
How is it shipped?
Plain, unbranded outer packaging with no identifying marks and no odour transfer. Tracked delivery across Europe, handled to stay cool and dry in transit.","Hand-pressed King Farms dry sift. Sweet fruit and gas over spice, cocoa and roasted earth. Firm glossy slab, dense resinous smoke. Fully solventless, small-batch, lab-tested. Keep it cool and dry. Discreet European delivery.",100,100,EUR,True,Dry Sift Hash / Frozen Sift Hash,,,
frozenhashish:9450,https://frozenhashish.com/product/prado-farm-hash/,prado-farm-hash,PRADO FARM HASH,,,300,300,EUR,True,Dry Sift Hash,,,
frozenhashish:9445,https://frozenhashish.com/product/rolex-farms-hash-2/,rolex-farms-hash-2,Rolex farms Hash,,,150,150,EUR,True,Dry Sift Hash / Static Sift Hash,,,
frozenhashish:9394,https://frozenhashish.com/product/honeycomb-concentrate/,honeycomb-concentrate,Honeycomb Concentrate,,,130,130,EUR,True,Dry Sift Hash,,,
frozenhashish:9389,https://frozenhashish.com/product/black-genetix-farm/,black-genetix-farm,BLACK GENETIX FARM,,,130,130,EUR,True,Dry Sift Hash / Frozen Sift Hash,,,
frozenhashish:9383,https://frozenhashish.com/product/morocco-farmland-hash-for-sale/,morocco-farmland-hash-for-sale,Morocco Farmland Hash For Sale,,,150,150,EUR,True,Dry Sift Hash,,,
frozenhashish:9377,https://frozenhashish.com/product/dry-hash-90-120u/,dry-hash-90-120u,Dry Hash 90-120u,,,150,150,EUR,True,Dry Sift Hash,,,
frozenhashish:9354,https://frozenhashish.com/product/the-secret-farmz/,the-secret-farmz,The Secret Farmz,,,140,140,EUR,True,Dry Sift Hash / Frozen Sift Hash,,,
frozenhashish:9349,https://frozenhashish.com/product/mr-charlie-farmz-hash/,mr-charlie-farmz-hash,Mr Charlie Farmz Hash,,,150,150,EUR,True,Dry Sift Hash,,,
frozenhashish:9337,https://frozenhashish.com/product/golden-boyz-farm/,golden-boyz-farm,Golden Boyz Farm,,,120,120,EUR,True,Dry Sift Hash,,,
frozenhashish:9332,https://frozenhashish.com/product/dr-cali-barbara-fruit-hash/,dr-cali-barbara-fruit-hash,Dr. Cali Barbara Fruit hash,,,175,175,EUR,True,Dry Sift Hash,,,
frozenhashish:9320,https://frozenhashish.com/product/nectar-boyz-hash/,nectar-boyz-hash,Nectar Boyz Hash,,,130,130,EUR,True,Dry Sift Hash,,,
frozenhashish:9307,https://frozenhashish.com/product/cali-mousse-premium-hash/,cali-mousse-premium-hash,Cali Mousse Premium Hash,,,150,150,EUR,True,Dry Sift Hash / LA MOUSSE HASH,,,
frozenhashish:9301,https://frozenhashish.com/product/la-crema-premium-hash/,la-crema-premium-hash,La Crema Premium Hash,,,140,140,EUR,True,Dry Sift Hash,,,
frozenhashish:9263,https://frozenhashish.com/product/moroccan-dry-sift-hash/,moroccan-dry-sift-hash,Moroccan Dry Sift Hash,,,180,180,EUR,True,Dry Sift Hash,,,
frozenhashish:9244,https://frozenhashish.com/product/hash-vuitton-drysift-190-73u/,hash-vuitton-drysift-190-73u,Hash Vuitton Drysift 190/73u,,,170,170,EUR,True,Dry Sift Hash,,,
frozenhashish:9221,https://frozenhashish.com/product/trocken-ohne-farm-hash-73-90u/,trocken-ohne-farm-hash-73-90u,TROCKEN OHNE FARM HASH 73/90u,,,150,150,EUR,True,Dry Sift Hash,,,
frozenhashish:9207,https://frozenhashish.com/product/dexter-farm-hash/,dexter-farm-hash,DEXTER FARM HASH,,,200,200,EUR,True,Dry Sift Hash,,,
frozenhashish:9200,https://frozenhashish.com/product/ohitsu-dry-sift-hash-73-119u/,ohitsu-dry-sift-hash-73-119u,OHITSU DRY SIFT HASH 73/119u,,,170,170,EUR,True,Dry Sift Hash,,,
frozenhashish:9176,https://frozenhashish.com/product/bbm-farms-hash/,bbm-farms-hash,BBM Farms Hash,,,200,200,EUR,True,Dry Sift Hash,,,
frozenhashish:9170,https://frozenhashish.com/product/mistery-farm-hash/,mistery-farm-hash,MISTERY FARM HASH,,,150,150,EUR,True,Dry Sift Hash,,,
frozenhashish:9165,https://frozenhashish.com/product/120u-no-farm-hash/,120u-no-farm-hash,120u No Farm Hash,,,120,120,EUR,True,Dry Sift Hash,,,
frozenhashish:9147,https://frozenhashish.com/product/vvs-tangier-dry-sift-90u/,vvs-tangier-dry-sift-90u,VVS Tangier Dry Sift 90u,,,190,190,EUR,True,Dry Sift Hash,,,
frozenhashish:9098,https://frozenhashish.com/product/black-spritzer-hash/,black-spritzer-hash,BLACK SPRITZER HASH,,,130,130,EUR,True,Dry Sift Hash,,,
frozenhashish:9019,https://frozenhashish.com/product/static-single-venom-x-dr-french-hash/,static-single-venom-x-dr-french-hash,Static Single Venom X Dr.French Hash,,,220,220,EUR,True,Dry Sift Hash,,,
frozenhashish:8995,https://frozenhashish.com/product/fruit-runtz-hash-for-sale/,fruit-runtz-hash-for-sale,Fruit Runtz Hash,"Fruit Runtz Hash For Sale
— Expert Review, Terpene Profile & Effects of This Premium Solventless Hash
Fruit Runtz Hash
is a solventless confection for the true terpene chaser, capturing the candied-fruit spectacle of the Runtz lineage in concentrated trichome form. Produced through meticulous ice-water extraction, this hash isolates intact resin heads bursting with tropical mango, sharp citrus, and sweet berry notes underscored by a creamy, dessert-like smoothness. The texture is pliable and aromatic, crumbling gently at room temperature and melting cleanly on application. Expect a potent, euphoric onset that lifts the mood before settling into a warm, relaxed body calm, perfect for seasoned palates seeking flavour-forward potency without chemical compromise. Every batch is lab-tested for purity, potency, and terpene integrity, then stored and shipped at 58–62% RH within cold-chain, discreet EU packaging, ensuring those volatile candy-coated terpenes and artisanal texture arrive at your door as fresh and fragrant as the day they were extracted.
Key Features Of Fruit Runtz Hash
100% Solventless
– Pure ice-water extraction; zero chemical solvents
Authentic Runtz Lineage
– Candied-fruit strain heritage from premier West Coast genetics
Tropical Terpene Profile
– Mango, sharp citrus, and sweet berry with a creamy, dessert-like finish
Euphoric Onset, Relaxed Finish
– Mood-lifting head high that warms into a calm body stone
Pliable, Crumbly Texture
– Soft, aromatic crumble at room temperature; no mesh pad needed
Clean Melt
** – Bubbles and liquefies smoothly on application without residual harshness
Lab-Tested
– Independently verified for potency, purity, and terpene integrity
Cold-Chain Freshness
– Stored and shipped at 58–62% RH to preserve volatile candy-coated aromatics
Discreet EU Shipping
– Plain-label, odour-sealed packaging with reliable, privacy-focused delivery
Connoisseur Grade
– Curated for experienced palates seeking flavour-forward, solventless potency
How To Consume Fruit Runtz Hash
Fruit Runtz Hash is a pliable, crumbly ice-water concentrate whose candied-fruit terpenes reward a gentle hand and moderate temperatures. Its soft, aromatic texture crumbles naturally at room temperature—no mesh pad or warming blade required, making it one of the most accessible solventless hashes to work with.
Crumbling Into Flower
The simplest and most versatile method. Take a small pinch of Fruit Runtz and gently crumble it between clean, dry fingertips over a bowl of premium flower. The airy granules distribute evenly, amplifying combustion with concentrated tropical mango, citrus, and berry notes. Works beautifully in a pipe, bong, or rolled into a spliff.
Hash-Only Pipe or Bong Bowl
For a pure, unblended expression of Fruit Runtz’s candied terpene profile, smoke it solo. Place a fine screen in your bowl and loosely pack crumbled hash on top. Apply a soft, indirect flame, hold the lighter slightly above the surface and draw slowly, allowing the hash to smoulder and cherry rather than scorching it. The clean melt produces a smooth, flavour-rich vapour that showcases every layer of the Runtz lineage.
Low-Temperature Dabbing
Fruit Runtz’s solventless purity and clean melt make it an excellent candidate for dabbing. Preheat your quartz banger to 160–175°C (320–350°F)—lower than typical concentrate temperatures to protect those delicate fruit terpenes. Scoop a rice-grain portion with a cool dab tool and cap immediately. The hash will bubble into a golden, aromatic puddle, delivering the full tropical-citrus and creamy dessert spectrum without any burnt bitterness.
Hot Knives
A classic connoisseur technique that preserves the purest flavour. Warm the tips of two stainless-steel knives until hot but not glowing, press a tiny crumb of Fruit Runtz between them, and inhale the vapour through a straw or small funnel. This avoids combustion entirely, delivering a clean, terpene-forward hit that highlights the candied sweetness in its most unadulterated form.
Twisted Into a Spliff
Distribute crumbled Fruit Runtz evenly along the length of your ground flower before rolling. The soft, pliable texture integrates seamlessly, creating an even burn with a layered flavour arc, bright tropical mango on the first third, sharp citrus through the middle, and a creamy, sweet berry finish as the ember reaches the end.
Storage & Handling Notes
Store Fruit Runtz Hash in an airtight container in a cool, dark place with a two-way humidity pack set to 58–62% RH. Never refrigerate or freeze, as sudden temperature shifts degrade the pliable texture and introduce condensation. Before consuming, allow the container to rest at room temperature for ten minutes, then open and crumble gently with clean, dry fingers, never knead or compress, which ruptures trichome heads and releases aromatics prematurely.
Why Is Fruit Runtz Strain Better
Unmatched Candied-Fruit Terpene Expression
– Few hashes capture the explosive tropical mango, sharp citrus, and sweet berry spectrum of the Runtz lineage in concentrated form; Fruit Runtz delivers this profile with vivid, dessert-like fidelity.
True Solventless Purity
– Ice-water extraction preserves the full trichome head intact without chemical residue, unlike BHO or CO₂ extracts that strip and alter the natural terpene architecture.
Effortless Workability
– The pliable, crumbly texture requires no warming blade, mesh pad, or pre-softening, simply crumble between clean fingers at room temperature, unlike dense pressed slabs or sticky temple balls.
Clean Melt, No Harsh Residue
– Bubbles and liquefies smoothly on low heat with zero burnt plant matter or bitter aftertaste, delivering a cleaner experience than many traditional dry-sift hashes.
Versatile Consumption
– Performs beautifully crumbled over flower, solo in a bowl, low-temp dabbed, or hot-knifed—adaptability that rigid, over-pressed hashes cannot match.
Cold-Chain Integrity
– Stored and shipped at 58–62% RH from production to your door, preserving volatile fruit terpenes that degrading, poorly stored hashes lose in transit.
Lab-Verified Confidence
– Independent testing for potency, purity, pesticides, heavy metals, and microbes ensures you consume exactly what the label promises, unverified street hashes offer no such guarantee.
Runtz Lineage Pedigree
– Sourced from one of the most sought-after genetic lines in modern cannabis, offering a provenance and consistency that generic or unnamed hashes simply cannot claim.
Why Buy Fruit Runtz Hash Online From Our Website
Authentic Runtz Lineage Genetics
– Source genuine candied-fruit strain heritage from premier West Coast genetics, not generic or unnamed hashes.
100% Solventless Purity
– Ice-water extraction preserves intact trichome heads with zero chemical solvents or residual contamination.
Explosive Fruit Terpene Profile
– Tropical mango, sharp citrus, sweet berry, and creamy dessert notes in vivid, concentrated fidelity.
Euphoric Onset, Relaxed Finish
– A layered, full-spectrum experience that lifts mood before warming into a calm body stone.
Effortless Workability
– Pliable, crumbly texture at room temperature—no warming blade, mesh pad, or pre-softening required.
Clean Melt, No Harsh Residue
– Bubbles and liquefies smoothly on low heat with zero burnt plant matter or bitter aftertaste.
Verified Lab Testing
– Independently tested for cannabinoid potency, terpene content, pesticides, heavy metals, and microbes per batch.
Cold-Chain Freshness
– Stored and shipped at 58–62% RH to protect volatile fruit terpenes from degradation in transit.
Discreet EU Shipping
– Plain-label, odour-sealed packaging with reliable, tracked delivery across EU member states.
Connoisseur Curation
– Hand-selected for experienced palates who demand flavour-forward, solventless potency without compromise.
Shop Fruit Runtz Hash Online Now — Buy THC Hash Online
For connoisseurs chasing the explosive candied-fruit spectacle of the Runtz lineage in concentrated solventless form, our EU platform is the definitive destination. Every batch of Fruit Runtz Hash is produced through meticulous ice-water extraction, lab-tested for potency, purity, and terpene integrity, then stored at 58–62% RH until the moment it ships. We dispatch all orders in plain, odour-sealed packaging via our cold-chain network, ensuring your hash arrives with its pliable, crumbly texture and vibrant tropical mango, citrus, and berry terpenes fully intact. With verified lab results, a freshness guarantee, and reliable tracked delivery across EU member states, you can buy THC hash online here with complete confidence, no intermediaries, no compromise, just authentic solventless potency delivered discreetly and securely to your door.
Frequently Asked Questions (FAQ) — Fruit Runtz Hash
What is Fruit Runtz Hash?
Fruit Runtz Hash is a premium solventless concentrate produced through ice-water extraction, capturing the candied-fruit terpene profile of the Runtz lineage in concentrated trichome form. It contains zero chemical solvents and delivers tropical mango, sharp citrus, and sweet berry notes with a creamy, dessert-like smoothness and a layered euphoric-to-relaxed effect.
How strong is Fruit Runtz Hash?
Typical batches test between 40–60% total cannabinoids, roughly 2–3 times the potency of premium flower. Because it preserves the full terpene entourage, the high unfolds progressively, bright cerebral euphoria warming into a calm body stone, rather than hitting as a blunt, one-dimensional rush. Start with a rice-grain portion and increase gradually based on experience.
How should I consume Fruit Runtz Hash?
Its pliable, crumbly texture works effortlessly at room temperature, no warming blade or mesh pad needed. Crumble it gently over flower in a pipe, bong, or spliff; smoke it solo on a fine screen; low-temp dab it at 160–175°C; or use hot knives for the purest terpene-forward vapour. Always handle with clean, dry fingers to preserve the aromatic integrity.
What does Fruit Runtz Hash taste and smell like?
The aroma opens with explosive tropical mango and sharp citrus zest, layered over sweet berry and a creamy, dessert-like smoothness. On the palate, the candied fruit dominates the inhale while a subtle floral-hash softness rounds the exhale. The complexity is driven by dominant limonene, caryophyllene, myrcene, linalool, and terpinolene working in concert.
How should I store Fruit Runtz Hash?
Keep it in an airtight container in a cool, dark place with a two-way humidity pack set to 58–62% RH. Never refrigerate or freeze, as sudden temperature shifts degrade the pliable texture and introduce condensation. Allow the container to reach room temperature for ten minutes before opening, and consume within a few months of breaking the seal for peak aromatic fidelity.
Is Fruit Runtz Hash lab-tested?
Yes. Every batch is independently tested for cannabinoid potency, terpene profile, and contaminants including pesticides, heavy metals, residual solvents, and microbial impurities. Full lab reports are available per batch via the product listing, ensuring complete transparency and confidence.
Do you ship discreetly within the EU?
Yes. All orders are dispatched in plain, odour-sealed packaging with no external branding or product identifiers. Fruit Runtz Hash is shipped via our cold-chain network to maintain stable humidity and temperature, preserving terpene integrity from our facility to your door. Reliable, tracked delivery is available across EU member states.
Is Fruit Runtz Hash suitable for beginners?
Its potency is significantly stronger than flower, so newcomers to hash should start with a very small amount—roughly 0.05–0.1g—and wait to gauge the effect before consuming more. The layered high is manageable when dosed respectfully, but overconsumption can lead to heavier sedation than intended. Experienced consumers will appreciate the depth and progression; beginners should treat it with the respect its calibre demands.","Solventless ice-water hash bursting with tropical mango, sharp citrus, and sweet berry terpenes from the Runtz lineage. Pliable, crumbly texture with a clean melt and layered euphoric-to-relaxed effects. Lab-tested, stored at 58–62% RH, and shipped cold-chain across the EU in discreet, plain-label packaging.",170,170,EUR,True,Dry Sift Hash,,,
frozenhashish:8965,https://frozenhashish.com/product/temple-ball-hash-for-sale/,temple-ball-hash-for-sale,Temple Ball Hash,"Temple Ball Hash For Sale
— Heritage Solventless Craft Hash, EU Shipping
Temple Ball Hash For Sale, stands among the most iconic traditions in global hashish culture, a hand-shaped sphere of pure trichome resin crafted entirely without solvents and patiently cured to develop its signature glossy sheen and profoundly complex bouquet. Each ball begins with meticulously sourced resin, gently worked by hand over time until it transforms into a dense, sticky sphere with a dark, oxidised outer crust that gives way to a pliable, fragrant core. The extended ageing process allows cannabinoids and terpenes to marry and deepen, producing an earthy, spicy, and subtly floral profile with a smooth, contemplative effect that unfolds gradually across the palate and mind. Lab-tested for purity and potency, every ball is stored and shipped at 58–62% RH within cold-chain, discreet EU packaging, ensuring you receive a heritage-grade concentrate with its character and freshness uncompromised.
Key Features Of Temple Ball Hash
100% Solventless
– Hand-worked trichome resin; zero chemical solvents
Heritage Craft Tradition
– Iconic hand-rolled sphere revered by connoisseurs worldwide
Patiently Aged & Cured
– Extended curing develops a glossy patina and deepened aromatic complexity
Dense, Pliable Core
– Dark oxidised crust yields to a sticky, aromatic interior
Complex Terpene Profile
– Earthy, spicy, and subtly floral notes with a smooth, lingering finish
Lab-Tested
– Independently verified for purity, potency, and safety
Cold-Chain Freshness
– Stored and shipped at 58–62% RH to preserve volatile compounds
Discreet EU Shipping
– Plain-label packaging with reliable, privacy-focused delivery
Connoisseur Grade
– Heritage-quality hash for seasoned collectors seeking tradition and depth
How To Consume Temple Ball Hash
Temple Ball Hash is a dense, hand-worked sphere with an oxidised outer crust and a sticky, resinous core. Its traditional texture demands patience and respect: always use a warm, clean blade to slice thin shavings rather than tearing or crumbling, which preserves the ball’s structural integrity and ensures an even burn.
Slicing and Crumbling Into Flower
The most forgiving entry point for any enthusiast. Warm a sharp knife or blade slightly with a lighter, then shave a thin, translucent layer from the ball’s surface. Let the shavings cool for a moment, then lightly rub them between dry fingertips until they fragment into small granules. Sprinkle evenly over premium flower in a pipe, bong, or spliff. The aged, earthy spice of the Temple Ball amplifies the bouquet of the flower while adding a slow-burning depth to the session.
Hash-Only Pipe or Bong
For a purist expression, smoke Temple Ball solo. Place a metal or ceramic screen in your bowl, then layer a few thin shavings or a tiny pinch of crumbled resin on top. Apply flame indirectly—hold it just above the surface and draw slowly, allowing the hash to smoulder and cherry rather than scorching it directly. The oxidised crust helps the ball hold its ember, producing a smooth, flavour-rich smoke that rewards slow, contemplative draws.
Hot Knives
A revered classic that honours the heritage of this format. Heat the tips of two stainless-steel knives until hot but not glowing red. Press a tiny shaving of Temple Ball between them and inhale the vapour through a straw or small funnel. This technique avoids combustion, delivering the full depth of the aged, earthy terpene profile in its cleanest form. The dense, sticky core responds beautifully to this gentle, direct heat.
Dabbing
Temple Ball can be enjoyed on a nail, though its density and aged composition demand a lower temperature than modern live rosins. Preheat your nail or banger to 170–185°C (340–365°F). Shave a thin slice, place it on the hot surface, and cap immediately. The hash will bubble and melt into a dark, aromatic puddle; expect a heavier, more lingering residue than airy mousse hashes, but the reward is a profoundly deep, contemplative vapour that carries the ball’s cured complexity.
Twisted Into a Spliff
Distribute thin shavings evenly along the length of your ground flower before rolling. Because Temple Ball is denser and stickier than whipped mousse, avoid placing large chunks in the centre, as they can cause uneven burning or canoeing. When shaved finely and distributed well, it creates a slow, even-burning cylinder that releases layers of earthy spice and subtle floral notes as the ember progresses.
Traditional Charas Snake
For the devoted connoisseur, take a small piece of the sticky core and warm it gently between your palms, rolling it into a thin rope or “snake.” Lay this lengthwise inside a paper or blunt wrap, then fill the remainder with flower. This old-world method ensures continuous contact with the ember and produces a rich, unbroken stream of flavour.
Storage & Handling Notes
Always store Temple Ball Hash in an airtight container in a cool, dark place with a two-way humidity pack set to 58–62% RH. Never refrigerate or freeze it, as the oxidised outer crust can fracture and the inner core can harden or condense. Before slicing, allow the container to rest at room temperature for ten minutes. Use a warm, dry blade to cut thin shavings cleanly, never saw or tear the ball. Handle with clean, dry fingers to prevent moisture from compromising the glossy patina and sticky core.
Why Buy Temple Ball Hash Online From Our Website
Living Heritage & Tradition
– Acquire an authentic, hand-shaped sphere from one of the most revered traditions in global hashish culture.
100% Solventless Craft
– Pure trichome resin worked entirely by hand with zero chemical solvents or modern mechanical shortcuts.
Patiently Aged for Depth
– Extended curing develops the signature glossy patina, oxidised outer crust, and profoundly complex bouquet that only time can unlock.
Complex Aromatic Profile
– Earthy, spicy, and subtly floral terpenes layered through traditional ageing, not artificial processing.
Verified Lab Testing
– Every batch is independently tested for potency, purity, and safety before it reaches our inventory.
Precision Humidity Storage
– Maintained at 58–62% RH to preserve the sticky core, volatile compounds, and structural integrity of the ball.
Cold-Chain Discreet Shipping
– Shipped across the EU in plain-label, temperature-managed packaging that protects both your privacy and the hash’s freshness.
Direct, Trusted Sourcing
– Bypass unreliable grey-market intermediaries and buy from a vendor that treats heritage hash as a cultural discipline, not a bulk commodity.
Connoisseur Curation
– Hand-selected for experienced collectors who value tradition, depth, and uncompromising quality.
Shop Temple Ball Hash Online – Buy Hash Online
For connoisseurs seeking a living piece of hashish heritage, our EU platform offers curated, hand-worked Temple Ball Hash crafted entirely without solvents. Each sphere is patiently aged to develop its signature glossy patina and deep, earthy-spice bouquet, then stored at 58–62% RH until the moment it ships. We dispatch every order in plain, unmarked packaging via cold-chain delivery, preserving the sticky core and complex aromatics across the EU. With independent lab testing, verified potency, and a freshness guarantee, you bypass unreliable intermediaries and source a heritage-grade concentrate directly. Shop Temple Ball hash online here and receive an authentic, tradition-rich craft hash delivered discreetly, securely, and in perfect condition to your door.
Frequently Asked Questions (FAQ): Temple Ball Hash
What is Temple Ball Hash?
Temple Ball Hash is one of the most iconic traditions in global hashish culture: a hand-shaped sphere of pure, solventless trichome resin that is gently worked and patiently aged until it develops a glossy sheen, a dark oxidised outer crust, and a profoundly complex aromatic bouquet. It contains zero chemical solvents and is revered by connoisseurs for its contemplative depth and smooth, lingering finish.
Why is it shaped into a ball?
The spherical form is both functional and traditional. Hand-rolling resin into a ball creates a dense, uniform mass that cures evenly from the outside in, allowing the outer surface to oxidise and protect the sticky, aromatic core. This natural ageing process deepens the terpene profile and gives Temple Ball its characteristic dense, pliable texture and rich, earthy-spice character.
How do I consume Temple Ball Hash?
Because it is dense and sticky, always warm a clean blade and slice thin shavings rather than tearing or crumbling. You may layer these shavings over flower in a pipe or bong, smoke them solo on a screen, twist them into a spliff, dab them at low temperatures (170–185°C), or enjoy them via hot knives for a pure, combustion-free vapour. The aged crust holds a steady ember, making it ideal for slow, contemplative sessions.
How should I store Temple Ball Hash?
Keep it in an airtight container in a cool, dark place with a two-way humidity pack set to 58–62% RH. Never refrigerate or freeze it, as sudden cold can fracture the oxidised crust and harden the sticky core. Allow the container to reach room temperature before opening, and always handle with clean, dry tools to preserve the glossy patina and dense interior.
Is Temple Ball Hash lab-tested?
Yes. Every batch is independently lab-tested for cannabinoid potency, terpene content, and contaminants such as pesticides, heavy metals, and residual solvents. You can access the full lab report for your specific batch via the product listing, ensuring complete transparency and confidence.
Do you ship discreetly within the EU?
Yes. All orders are dispatched in plain, unmarked packaging with no external branding or product identifiers. We use a cold-chain network to maintain temperature and humidity stability, ensuring your Temple Ball arrives with its oxidised crust, sticky core, and aromatic depth intact. Reliable, tracked delivery is available across EU member states.
Is Temple Ball Hash legal to buy?
We sell in strict compliance with applicable EU regulations for hemp-derived or cannabis products in jurisdictions where such commerce is permitted. It is your responsibility to verify the legal status of cannabis concentrates in your specific country or region before purchasing. We do not ship to addresses where delivery would violate local law.
How does Temple Ball differ from whipped mousse or dry-sift hash?
Unlike airy, whipped mousse hashes (such as Piatella or La Mousse) that are pale, crumbly, and moisture-sensitive, Temple Ball is a dense, aged sphere with an oxidised outer shell and a sticky interior. Unlike dry-sift or Pollen hashes, which are loose, granular, or pressed into rigid slabs, Temple Ball is hand-worked and cured over time, producing a deeper, more contemplative aroma and a slower, smoother burn that reflects its heritage craftsmanship rather than modern mechanical extraction alone.","Temple Ball Hash is a heritage-grade, hand-shaped sphere of pure solventless trichome resin, patiently aged to a glossy patina with an earthy, spicy, and subtly floral depth. Lab-tested, stored at 58–62% RH, and shipped cold-chain across the EU in discreet, plain-label packaging.",250,250,EUR,True,Dry Sift Hash,,,
frozenhashish:8940,https://frozenhashish.com/product/cali-patron-farm-chocolat-mint-120u-hash/,cali-patron-farm-chocolat-mint-120u-hash,Chocolat Mint 120u [Cali Patron Farm],"Chocolat Mint 120u [Cali Patron Farm]: Premium Quality, Expert Review, and Trusted Hash Experience
Cali Patron Chocolat Mint 120u is a premium solventless dry sift hash crafted for the discerning connoisseur who demands both lineage character and mechanical purity. Derived from the Chocolat Mint cultivar, a sophisticated cross renowned for its rich cocoa depth and cool, mentholated finish, this resin is separated using precision 120-micron screens to capture the most mature, fully developed trichome heads while excluding nearly all contaminant particulate. The result is a dense, golden-to-amber plate that shatters with a clean snap and melts into a bubbling, aromatic oil when exposed to gentle heat.
Key Features Of
Cali Patron Farm Chocolat Mint 120u Hash
120-Micron Precision Sift:
Isolated through calibrated 120u screens to capture the largest, most resinous mature trichome heads while minimizing plant-matter contamination and maximizing melt performance.
Solventless & Unadulterated:
Produced using only mechanical dry sift and ambient curing, zero butane, propane, ethanol, CO₂, or chemical additives. Pure trichome resin in its native form.
Chocolat Mint Terpene Profile:
A decadent bouquet of dark cocoa, fresh peppermint, roasted espresso, and creamy vanilla with a subtle earthen spice finish, concentrated specifically in the 120u head fraction.
Snap-to-Melt Texture:
Dense, golden-amber plate that breaks with a crystalline snap when cool and warms to a tacky, pliable consistency for clean crumbling and precise dosing.
Lab-Certified Purity:
Every batch includes a comprehensive, batch-specific Certificate of Analysis covering total cannabinoid potency, full terpene breakdown, microbial screening, heavy metals, and residual solvent verification.
Climate-Stabilized Curing:
Stored and cured at 58–62% RH in cool, stable conditions to preserve snap integrity, prevent oxidation, and protect volatile mint-chocolate esters from degradation.
Discreet EU Fulfillment:
Sealed in medical-grade, multi-layer odor-barrier film and shipped in rigid, unmarked packaging from regional EU nodes. Cold-chain protocols applied during warmer months for terpene preservation.
How To Use Cali Patron Farm Chocolat Mint 120u Hash
Low-Temp Dabbing (Recommended)
Load a matchstick-head-sized crumble onto a clean quartz or ceramic nail. Heat to roughly 500–540°F (260–280°C), allow a fifteen-to-twenty-second cool-down, then apply the hash and cap. The resin should bubble into a golden oil that fully vaporizes, preserving the fresh peppermint, dark cocoa, and espresso notes. Lower temperatures protect the volatile terpenes; higher heat scorches the flavor.
Topping Flower
Sprinkle a light shaving over a bowl of premium flower or nest it inside a joint. Place it on top rather than burying it, so the flame caramelizes the surface gently and releases the dessert-forward aroma before it sinks into the ember.
Vaporizer with Mesh Pad
Set a concentrate vaporizer to 365–400°F (185–205°C) with a metal or ceramic mesh pad in place. Spread shaved flakes across the pad for airflow and even heating rather than pressing a dense lump.
Dosing
Start with a matchstick-head-sized portion (about 0.03–0.05 g). The 120u head fraction is potent and fast-acting, so wait five to seven minutes before re-dosing. Effects begin cerebral and settle into smooth physical relaxation.
Storage
Seal the jar immediately after use and store in a cool, dark place with the included 58–62% humidity pack. Minimize air exposure to preserve the creamy vanilla-mint top notes, and always use clean tools to protect the snap-to-melt texture.
Why Buy Cali Patron Farm Chocolat Mint 120u Hash From Our Website
1. Elite 120u Trichome Head Selection
This is not bulk sift, it is a precision-isolated head fraction. Our 120-micron cut captures the largest, most mature, and most resin-dense trichome heads from the Chocolat Mint cultivar while excluding contaminant stalks and plant particulate. The result is a cleaner melt, higher potency, and a flavor profile that is dramatically more concentrated and refined than standard mixed-micron hash.
2. Decadent Mint-Chocolate Terroir
Chocolat Mint is a dessert-forward line built for connoisseurs who appreciate culinary complexity. The 120u fraction specifically concentrates the cultivar’s signature dark cocoa, fresh peppermint, roasted espresso, and creamy vanilla esters. Because we never use heat-pressing, chemical washing, or solvent extraction, those delicate volatile compounds survive intact from plant to plate. Every dab delivers a cool, confectionary arc that is unmistakably premium.
3. True Solventless Mechanical Purity
We produce this hash using only dry sift and ambient curing. No butane, no propane, no ethanol, no CO₂, no additives. The native cannabinoid ratios and full terpene spectrum remain exactly as the plant expressed them. You receive pure, unadulterated trichome resin with a comprehensive Certificate of Analysis verifying zero residual solvents and zero contaminants.
4. Lab-Certified, Batch by Batch
Every plate ships with a complete, independent COA: total cannabinoid potency, full terpene breakdown, microbial screening, heavy metals, and residual solvent verification. The report corresponds to your exact batch, not a generic template. Full transparency is standard for a product of this caliber.
5. Snap-to-Melt Texture for Precision Dosing
The dense, crystalline plate breaks with a clean snap and warms to a tacky, pliable putty that shaves cleanly with a blade or tool. This is the ideal texture for precise dosing without crumbling into dust or fighting a gooey mass. It handles like a collector’s resin should, deliberate, clean, and efficient.
6. Fast, Discreet EU Shipping
We fulfill from regional EU nodes to minimize transit time and customs exposure. Your plate is sealed in medical-grade, multi-layer smell-proof barrier film and packed inside rigid, unmarked outer packaging. Quick processing, cold-chain protection during warmer months, and absolutely zero external branding.
7. Climate-Controlled Curing at 58–62% RH
Dry sift plates are sensitive to humidity fluctuation. Too dry, and the resin becomes brittle and oxidizes; too humid, and it loses its snap and risks stability issues. We cure and store in strictly controlled environments to preserve the golden color, crystalline snap, and volatile mint-chocolate top notes. When you buy from us, you receive hash that has been stored properly, not warehoused under unknown conditions.
8. Expert Support from Solventless Specialists
Our team understands dry sift at the micron level: how 120u compares to 90u or 73u, why temperature matters when shaving a plate, and how to dial in a low-temp dab for dessert-forward terpenes. If you need guidance, you receive informed, human support, not generic scripts.
9. Collector-Grade, Small-Batch Release
Cali Patron Chocolat Mint 120u is a limited, lineage-specific, batch-traceable solventless release. It is produced for connoisseurs and collectors who value verified provenance, precision mechanical extraction, and the rare intersection of confectionary flavor with serious resin density. When you purchase from our platform, you secure a verified product that belongs in a curated archive, not anonymous bulk commodity from an unvetted source.
Frequently Asked Questions (FAQ): Cali Patron Farm Chocolat Mint 120u Hash
Q1: What is Cali Patron Farm Chocolat Mint 120u Hash?
It is a premium, small-batch solventless dry sift hash produced from the Chocolat Mint cultivar. The “120u” designation refers to the 120-micron screen used during mechanical separation, which isolates the largest, most mature, and most resin-dense trichome heads while excluding stalks, plant debris, and smaller glandular fragments. The result is a dense, golden-to-amber plate with exceptional melt performance, high potency, and a concentrated dessert-forward terpene profile.
Q2: What does “120u” mean, and why does it matter?
“120u” indicates the micron size of the filtration screen. Trichome heads vary in diameter; the 120-micron cut captures the biggest, ripest heads where resin concentration and terpene load are highest. Smaller micron cuts (e.g., 73u or 90u) can yield excellent hash but often with different texture and flavor characteristics. The 120u fraction specifically delivers a denser, more potent, and richly aromatic plate that is prized by collectors for its snap-to-melt handling and full-bodied flavor.
Q3: Is this solventless?
Yes. The extraction uses only mechanical dry sift and ambient curing. No butane, propane, ethanol, CO₂, or hydrocarbon solvents are introduced at any stage. We do not employ chemical washing, heat-pressing, or CRC media to alter color or texture. What you receive is pure, unadulterated trichome resin in its native state, verified by independent residual-solvent analysis.
Q4: What does it smell and taste like?
The aroma is immediately decadent and confectionary: dark Swiss chocolate, fresh peppermint leaf, roasted espresso beans, and a subtle creamy vanilla undertone. On the palate, the profile is rich and dessert-forward — cocoa and mint lead, followed by a smooth, earthy spice and a cool, lingering menthol finish. The 120u head fraction concentrates these volatile esters, so the flavor is more intense and persistent than mixed-micron or flower equivalents.
Q5: What is the texture and consistency?
At room temperature, Chocolat Mint 120u is a dense, crystalline plate that breaks with a clean snap. When gently warmed between the fingers or left in a mild room-temperature environment, the exterior softens into a tacky, pliable putty that can be shaved cleanly with a blade or tool. It does not crumble into dust like overly dry sift, nor does it weep or become greasy. The ideal handling window is a firm yet yielding surface that allows precise dosing without waste.
Q6: How should I consume it?
Low-temperature dabbing (approximately 500–540°F / 260–280°C) on clean quartz or ceramic is the connoisseur’s preferred method. This preserves the volatile mint and vanilla top notes while fully vaporizing the dense resin. It can also be shaved over premium flower in a bowl or joint, or used in a concentrate-compatible vaporizer with a mesh pad at 365–400°F (185–205°C). Avoid direct flame contact, which scorches the delicate dessert terpenes and leaves a carbonized residue.
Q7: How do I dose it?
Start with a crumble or flake roughly the size of a matchstick head, approximately 0.03 to 0.05 grams. The 120u head fraction is highly concentrated, and the onset is rapid. Wait five to seven minutes before re-dosing to assess the full effect. Because the texture is dense and crystalline, a sharp blade or flat dab tool provides the most precise portioning and prevents over-handling that can degrade the snap structure.
Q8: Is it full melt?
Yes, when sourced from the 120u head fraction and produced with clean mechanical separation, this plate qualifies as full melt or near full melt. It liquefies into a bubbling golden oil on a heated surface and leaves minimal carbonaceous residue. For the cleanest experience, dab at lower temperatures and maintain a clean nail surface. Mixed-micron or improperly stored dry sift may leave more residue, but our 120u standard is selected specifically for melt purity.
Q9: Is it lab-tested?
Absolutely. Every batch is submitted to an independent third-party laboratory for comprehensive analysis. Your Certificate of Analysis includes total cannabinoid potency, full terpene profile, microbial screening, heavy-metal testing, and residual solvent verification. The report is specific to your exact plate, not a generic specification sheet. We believe transparency is non-negotiable for a product of this caliber.
Q10: How should I store it?
Store the plate in a cool, dark place inside an airtight, non-reactive container (glass or premium silicone). We include a humidity pack calibrated to 58–62% relative humidity to maintain the snap-to-melt texture and prevent oxidation. Excessive heat or light will darken the resin, degrade the volatile mint-chocolate terpenes, and cause the plate to lose its crystalline integrity. Properly stored, it will maintain its aroma, potency, and handling properties for months.
Q11: How is it packaged and shipped?
Your plate is vacuum-sealed inside medical-grade, multi-layer odor-barrier film and placed in rigid, unmarked outer packaging. We fulfill from regional EU distribution nodes to minimize transit time and customs risk. There is no external branding, no scent leakage, and no indication of contents. During warmer months, cold-chain protocols are applied to prevent softening and terpene degradation.
Q12: How does 120u compare to 73u or 90u dry sift?
The 120u cut captures the largest trichome heads, which tend to be the most resinous and potent. It produces a denser, more plate-like consistency with a richer, heavier flavor profile. The 73u and 90u fractions typically capture smaller heads and more stalk material, resulting in sandier textures and slightly different terpene emphasis. Serious collectors often acquire multiple micron cuts from the same cultivar to compare the expressions. For Chocolat Mint, the 120u is the definitive “full melt” dessert experience.
Q13: Can I collect this, or should I use it immediately?
Chocolat Mint 120u is a collector-grade, limited-batch release. When stored properly in a cool, dark, humidity-controlled environment, it will preserve its potency, color, and terpene integrity for months. Many connoisseurs cellar a portion to compare fresh and aged expressions, as the cocoa base notes often deepen while the mint freshness softens over time. Each plate is batch-specific and traceable, making it a meaningful addition to any solventless archive.","Cali Patron Chocolat Mint 120u is a premium, small-batch solventless dry sift hash precision-isolated through 120-micron screens to capture the largest, most resinous trichome heads from the dessert-forward Chocolat Mint cultivar. Dense, golden-to-amber, and crystalline, it breaks with a clean snap and melts into a bubbling, aromatic oil rich in dark cocoa, fresh peppermint, roasted espresso, and creamy vanilla. Zero solvents, zero additives,  just pure, lab-tested mechanical resin with a batch-specific Certificate of Analysis. Shipped discreetly across the EU with cold-chain freshness guaranteed.",250,250,EUR,True,Dry Sift Hash,,,
frozenhashish:8835,https://frozenhashish.com/product/pirate-monkey-farm-hash/,pirate-monkey-farm-hash,Pirate Monkey Farm Hash,"Pirate Monkey Farm Hash for Sale – Authentic, Lab-Tested Premium Hash
Pirate Monkey Farm Hash
is a wild, untamed solventless concentrate forged from rare, seafaring genetics and refined through rugged artisan craftsmanship. Produced in small batches using traditional dry-sift and ice-water extraction, this hash captures the raw, untamed spirit of its namesake—delivering a fiercely potent, terpene-saturated experience that swings between tropical euphoria and deep, anchored calm. Every batch is
third-party lab-tested
for cannabinoid potency, contaminants, and purity, ensuring that beneath the rebellious branding lies a product of impeccable standards. With a sticky, dark-amber resin texture and an aroma that blasts sweet overripe banana, salty ocean air, and earthy spice, Pirate Monkey Farm Hash is built for seasoned adventurers who demand full-spectrum intensity with verified integrity.
Key Features Of Pirate Monkey Farm Hash
Rare, Seafaring Genetics
: Sourced from elite phenotypes selected for exotic terpene expression and heavy trichome production.
Solventless Mechanical Extraction
: Crafted exclusively via dry-sift and ice-water methods—zero chemical solvents, ever.
Lab-Tested & Verified
: Independent testing for THC/CBD potency, heavy metals, pesticides, mold, and residual solvents with transparent COAs.
Full-Spectrum Resin
: Preserves the complete cannabinoid and terpene matrix for a dynamic, long-lasting entourage effect.
Tropical-Spice Terpene Profile
: Dominant notes of ripe banana, salted caramel, clove, and oceanic musk with an earthy hash backbone.
Premium Resin Texture
: Dense, sticky, and pliable dark-amber hash that crumbles smoothly when warmed and burns evenly.
Discreet EU Shipping
: Vacuum-sealed, odor-proof packaging inside neutral outer wrapping with tracked delivery across Europe.
How To Use Pirate Monkey Farm Hash
Smoking (The Classic Route)
Crumble or slice off a small piece (0.05–0.1 g) and blend it evenly with ground flower in a joint, blunt, or pipe bowl. Pirate Monkey Farm Hash’s sticky, resinous texture slows the burn and extends the session while amplifying potency and flavor. Expect a sweeter, heavier smoke with a pronounced tropical-spice finish.
Vaporization (For Maximum Flavor)
Load a concentrate-compatible vaporizer or dedicated hash vape set between 180–210°C. Use a mesh pad or sandwich the hash between thin layers of flower to prevent melting into the device. This method preserves the volatile banana-caramel and oceanic musk terpenes that combustion can dull, delivering a clean, layered inhale.
Hot Knives or Dabbing
Place a rice-grain-sized dab on a pre-heated surface or between two hot knives. Inhale through a bottle top or specialized funnel. Pirate Monkey Farm Hash is extremely potent, start low, even if you are experienced. The effects hit rapidly and build into a powerful, euphoric body wave.
Traditional Pipe or Chillum
Line the bowl with a thin bed of flower or organic ash to prevent draw-through and clogging. Add a layer of finely crumbled hash and top with another light flower layer. Apply gentle, indirect heat to the edge of the bowl to maintain an even cherry and avoid scorching the resin.
Edible Infusion (Advanced)
Decarboxylate the hash at 110–120°C for 30–40 minutes, then infuse into butter or coconut oil. Because of its high potency, precise dosing is critical. Start with a very small amount and wait at least 90 minutes before considering additional consumption.
Why Buy Pirate Monkey Farm Hash Online From Our Website
Verified Quality, Zero Guesswork
We do not stock mystery products. Every batch of Pirate Monkey Farm Hash arrives with a complete, third-party Certificate of Analysis verifying cannabinoid potency, terpene content, and contaminant screening. You see exactly what you are buying before it reaches your door, transparency is not optional here.
Expert Curation, Not Bulk Warehousing
Our buyers work directly with artisan producers and legacy cultivators to secure small-batch releases that never see mass-market distribution. Pirate Monkey Farm Hash is available through select channels only, and we prioritize freshness, genetic integrity, and craft methodology over volume.
Discreet, Professional EU Shipping
Your privacy is absolute. Orders are vacuum-sealed in multiple odor-proof layers, placed inside plain, unmarked outer packaging, and shipped with full tracking across the European Union. No cannabis-related branding, no suspicious labeling, and no customs headaches within member states.
Dedicated Customer Support
Our team understands these products because we use them. Whether you need guidance on consumption methods, storage advice, or help interpreting a lab report, we provide informed, responsive support, not generic ticket responses.
Superior Value for Serious Consumers
Pirate Monkey Farm Hash typically tests between 45–65% THC with rich full-spectrum resin density. A single gram often outlasts multiple grams of mid-tier flower or solvent-based extracts, making it a more economical choice for the experienced consumer who values potency and longevity.
Authenticity Guaranteed
The market is flooded with mislabeled or counterfeit concentrates. We source directly from verified producers with documented chain-of-custody, ensuring that the Pirate Monkey Farm Hash you receive is genuine, unadulterated, and true to its genetic and chemical profile.
Compliance-First Approach
All products are derived from EU-certified hemp cultivars and formulated to align with applicable regional thresholds for hemp-derived goods. We stay current on evolving regulations so you can purchase with confidence.
Shop Pirate Monkey Farm Hash Online – THCA Hash Wholesale
Pirate Monkey Farm Hash is now available for bulk and wholesale procurement through our dedicated European supply network. This is not commercial-grade mass resin, this is verified, small-batch THCA-rich solventless hash sourced from elite oceanic-cultivar genetics and refined through artisan dry-sift and ice-water extraction. For retailers, dispensary operators, and serious collectives seeking a wholesale product that commands shelf credibility, Pirate Monkey Farm Hash delivers unimpeachable lab documentation, striking terpene profiles, and the visual and tactile hallmarks of genuine craft hash.
Frequently Asked Questions(FAQ): Pirate Monkey Farm Hash
What is Pirate Monkey Farm Hash?
Pirate Monkey Farm Hash is a premium, solventless cannabis concentrate produced from elite, rare cultivars through mechanical dry-sift and ice-water extraction. It is a full-spectrum resin rich in cannabinoids and terpenes, featuring a distinctive tropical-spice flavor profile and a dense, sticky, dark-amber texture.
How potent is it?
Lab testing typically shows total cannabinoid content between 45% and 65%, with high THCA levels that convert to THC when heated. This makes it significantly stronger than standard cannabis flower. Even experienced consumers should start with a very small amount.
Is it tested for safety?
Yes. Every batch undergoes independent third-party laboratory testing for cannabinoid potency, terpene content, heavy metals, pesticides, microbial contamination, and residual solvents. Certificates of analysis are available for review.
What does “solventless” mean?
Solventless means no chemical solvents, such as butane, propane, ethanol, or CO₂, are used during extraction. Pirate Monkey Farm Hash is made using only physical separation methods, resulting in a cleaner, more natural concentrate that preserves the full plant profile.
What does it smell and taste like?
The aroma is bold and exotic: overripe banana, salted caramel, and oceanic musk up front, followed by clove, earthy spice, and a classic hash backbone. The flavor mirrors the nose with a sweet, savory, and slightly briny finish.
How should I store it?
Keep your hash in an airtight, opaque container away from heat, light, and moisture. The ideal temperature is 15–18°C. For long-term storage, refrigeration works well, but allow the product to reach room temperature before opening to prevent condensation from altering the texture.
Can I eat it raw?
Raw hash contains THCA, which is not psychoactive in its unheated form. To consume it orally, you must first decarboxylate it by heating it at 110–120°C for 30–40 minutes, then infuse it into a fat carrier such as butter or oil. Be extremely careful with dosing, as the high potency can easily lead to overwhelming effects.
Do you ship discreetly across Europe?
Yes. All orders are sealed in multi-layer, odor-proof vacuum packaging inside plain, unmarked outer boxes. We provide tracked shipping across the EU, and your privacy is fully protected at every stage.
Is this product legal in my country?
Pirate Monkey Farm Hash is derived from EU-certified hemp cultivars and is compliant with applicable THC thresholds for hemp-derived products in many European jurisdictions. However, laws vary significantly by member state and region. It is your responsibility to verify local regulations before purchasing.
What formats are available?
We offer Pirate Monkey Farm Hash in pressed slabs, temple balls, and loose dry-sift. Wholesale and retail quantities are available depending on your needs.
Is this suitable for beginners?
Due to its high potency, Pirate Monkey Farm Hash is best suited for experienced cannabis consumers. Beginners should start with a very small quantity and use a low-temperature method such as vaporization to gauge tolerance before attempting stronger methods like hot knives or dabbing.
Why is it more expensive than regular flower?
The price reflects the artisan production process, small-batch sourcing, labor-intensive mechanical extraction, and mandatory third-party lab testing. The high potency and rich terpene content also mean that a smaller amount lasts significantly longer than standard flower.
Can I buy it wholesale?
Yes. We offer wholesale volume tiers starting at 50g with scaled pricing, full batch documentation, and EU-compliant logistics. Sample packs are available for qualified accounts.
How is it different from solvent-based extracts like shatter or wax?
Solventless hash retains the complete natural profile of the source plant without the risk of residual solvent contamination. It is generally considered cleaner, more flavorful, and more representative of traditional hash-making techniques.
What is the best way to consume it for flavor?
Vaporization between 180–210°C is the best method to preserve the delicate banana, caramel, and clove terpenes. Sandwiching the hash between thin layers of flower or using a mesh pad prevents it from melting into your device.
How long do the effects last?
When smoked or vaporized, effects typically onset within minutes and last between 2 to 4 hours depending on dosage, tolerance, and metabolism. Edible consumption produces a longer duration, often 4 to 8 hours, with a delayed onset of 30 to 90 minutes.
Can I return it if I am not satisfied?
Due to the nature of the product, we cannot accept returns on opened or consumed items. However, if you receive a damaged or incorrect order, contact our customer support immediately with photos and your order number, and we will resolve the issue promptly.
Does it contain CBD or other cannabinoids?
As a full-spectrum resin, Pirate Monkey Farm Hash contains a range of cannabinoids including THCA, CBDA, CBG, and trace amounts of CBD. The exact ratios vary by batch, and full cannabinoid panels are listed on each batch’s Certificate of Analysis.
How can I verify the lab results?
Each product page includes a QR code and batch number linking directly to the third-party Certificate of Analysis. You can also request a copy from our customer support team at any time.","Pirate Monkey Farm Hash,
A wild, solventless indica-leaning concentrate forged from rare oceanic genetics, bursting with overripe banana, salted caramel, and clove-spice terpenes. Expert-sourced, cold-cured, and lab-tested for purity, it delivers a euphoric cerebral lift followed by deep, anchored physical calm. Premium dark-amber resin available in slabs, temple balls, and dry-sift with discreet EU-wide shipping.",110,110,EUR,True,Dry Sift Hash,,,
frozenhashish:8811,https://frozenhashish.com/product/the-king-farms-hash-for-sale/,the-king-farms-hash-for-sale,The King Farms Hash,"The King Farms Hash for Sale – Expert-Sourced, Lab-Tested Premium Hash
The King Farms Hash
is the crown jewel of solventless concentrates—an ultra-premium, small-batch resin crafted from pedigree cultivars selected for their exceptional trichome production and cannabinoid density. Revered by seasoned enthusiasts across Europe, this hash represents the apex of traditional extraction methods married to modern lab verification. Every gram is mechanically separated using refined dry-sift and ice-water techniques, then slowly cold-cured under precise humidity and temperature controls to lock in a terpene profile of extraordinary depth and complexity.
Each production run is
independently lab-tested
for cannabinoid potency, residual solvents, heavy metals, pesticides, and microbial screening—with full certificates of analysis available for complete transparency. The King Farms refuses to compromise: no chemical solvents, no cutting agents, no mass-production shortcuts. The result is a dense, dark-amber to bronze concentrate with a signature sheen and a pliable, sticky texture that readily crumbles when warmed and leaves a rich, golden oil residue on the fingers.
Aromatically, The King Farms Hash commands attention with a noble bouquet of sandalwood incense, black pepper, aged leather, and dried fig, underpinned by an earthy, skunky musk that signals serious genetic lineage. On the inhale, the palate unfolds in layers, spiced hashish, dark forest honey, and a hint of clove-citrus zest—finishing with a smooth, hash-heavy exhale that coats the throat and lingers for minutes. The effects are as stately as the name suggests: an initial wave of cerebral elevation and creative clarity that gradually surrenders to a powerful, warm-bodied relaxation. It is potent, commanding, and remarkably long-lasting, best reserved for evening sessions, deep contemplation, or uncompromising physical relief.
Available in pressed temple balls, traditional hash bricks, and fine
dry-sift
, The King Farms ships in odor-proof, vacuum-sealed packaging with full tracking across the European Union.
Consumption Guide
Smoking (Flower-Enhanced)
Break off a small portion (0.05–0.1 g) and crumble it evenly into a joint, spliff, or pipe bowl layered with your preferred flower. The King Farms Hash burns slowly and extends the session while dramatically amplifying potency and flavor. Expect a noticeably heavier, more sedative experience than flower alone.
Vaporization (Flavor-First Approach)
Load a concentrate-compatible vaporizer or specialized hash vape at 185–210°C. Vaporizing preserves the delicate incense and honeyed terpenes that combustion can obscure, delivering a clean, flavorful inhale that highlights the genetic sophistication of this resin. Use a mesh pad or sandwich method to prevent melting into the device.
Hot Knives or Dabbing
For those seeking maximum intensity, place a rice-grain-sized dab on a pre-heated surface or between two hot knives. Inhale through a bottle top or specialized funnel. The King Farms Hash is exceptionally potent, beginners should exercise extreme caution, and even experienced consumers should start low.
Traditional Pipe or Chillum
Line the bowl with a thin bed of flower or organic ash to prevent draw-through, add a layer of finely crumbled hash, and top with another thin flower layer. Apply heat gently at the edge rather than torching the center to ensure an even cherry and avoid harshness.
Frequently Asked Questions (FAQ): The King Farms Hash
What sets The King Farms Hash apart from other premium hashes?
The King Farms operates on a lineage-first philosophy, sourcing only from verified elite phenotypes with documented genetic provenance. Combined with solventless extraction, artisan cold-curing, and mandatory third-party lab testing, it delivers a level of consistency, purity, and terpene preservation that mass-market concentrates cannot replicate.
Is The King Farms Hash full-spectrum?
Absolutely. Because it is produced exclusively through mechanical separation, dry sift and ice-water extraction, the resulting resin retains the plant’s complete cannabinoid and terpene spectrum. This ensures a robust entourage effect with nuanced, layered effects rather than an isolated cannabinoid experience.
How strong is The King Farms Hash?
THC levels typically test between 45% and 65%, with total active cannabinoids frequently surpassing 55%. Individual batch reports are published on the product page. This is connoisseur-grade material and significantly more potent than standard flower.
What is the best way to store it?
Keep your hash in an airtight, opaque container away from direct light, heat, and moisture. Ideal storage temperature is 15–18°C. For long-term preservation, refrigeration works well, but allow the product to acclimate to room temperature before opening to prevent condensation from compromising the texture.
Is shipping discreet throughout Europe?
Yes. All orders are packaged in multi-layer, odor-proof vacuum sealing inside plain, unmarked outer packaging. EU-wide tracked shipping is standard, and every parcel is handled with absolute privacy.
Is this product legal where I live?
The King Farms Hash is derived from EU-certified hemp cultivars and formulated to comply with applicable THC thresholds for hemp-derived products in many jurisdictions. However, regulations vary significantly between EU member states and regions. Customers are solely responsible for confirming local laws before purchase.","A regal, small-batch solventless hash from pedigree cultivars, The King Farms delivers a commanding sandalwood-pepper terpene profile, lab-verified purity, and potent full-spectrum effects. Cold-cured, expertly sourced, and shipped discreetly across Europe for the discerning connoisseur.",250,250,EUR,True,Dry Sift Hash,,,
frozenhashish:8792,https://frozenhashish.com/product/zombie-kush-hash-for-sale/,zombie-kush-hash-for-sale,Zombie Kush Hash,"Zombie Kush Hash for Sale – Expert-Sourced, Lab-Tested Premium Hash
Heavy, hypnotic, and unrelentingly powerful, Zombie Kush Hash is not for the faint of heart. Crafted from the legendary Zombie Kush cultivar, a genetic behemoth renowned for its skull-crushing indica potency and earthy, fuel-soaked terpene profile, this expert-sourced concentrate delivers a stone-cold sedative experience that lives up to its name. Every batch is selected by seasoned hashmakers, extracted without chemicals, and verified in independent laboratories to ensure you get nothing but pure, mind-melting quality.
What Makes Zombie Kush Hash Exceptional?
Legendary Indica Genetics
Zombie Kush descends from a powerhouse lineage built for deep physical sedation and mental quietude. We source exclusively from craft farms that grow these genetics specifically for resin production, harvesting at peak trichome ripeness to capture the strain’s full narcotic potential.
Fuel-Forward, Earth-Drenched Terpene Profile
Expect an aggressive bouquet of pine sap, damp earth, diesel fumes, and subtle spicy undertones. When heated, Zombie Kush Hash unleashes a pungent, old-school Kush smoke that coats the palate with musky, skunky depth, an unmistakable flavor profile for true indica aficionados.
Solventless Mechanical Extraction
Our hash is produced using only dry sift and ice water techniques. Gentle mechanical separation isolates mature trichome heads without introducing butane, CO₂, or ethanol. This preserves the raw sedative chemistry of the plant while delivering a clean, contaminant-free concentrate.
Expert-Sourced & Lab-Verified
Master Grower Partnerships
We work directly with cultivators who understand that Zombie Kush demands precision. These flowers are slow-cured in controlled environments to protect volatile cannabinoids and terpenes before entering the extraction process.
Independent Lab Testing
Every release is screened for:
–
Potency
: High THCA/THC and minor cannabinoid verification
–
Terpenes
: Myrcene, pinene, caryophyllene, and humulene profiling
–
Safety
: Microbial contaminants, mold, heavy metals, and residual solvents
Batch-specific Certificates of Analysis are available, guaranteeing that what you smoke is as clean as it is potent.
Appearance & Texture
Zombie Kush Hash
typically presents as a sandy blonde to light-brown dry sift, or as dense, dark-amber pressed coins and slabs depending on the grade. Lower micron full-melt varieties bubble aggressively when heated, while pressed formats offer a sticky, pliable texture that crumbles easily over flower. The aroma is immediate and unmistakable, heavy fuel and forest floor with a sharp, lingering finish.
Available Formats
–
Loose Dry Sift:
Crystalline, unpressed trichomes ideal for vaporizing or enhancing bowls
–
Pressed Hash Coins & Slabs:
Traditional hand-pressed discs with an oily, sticky core
–
Full-Melt Bubble Hash:
Premium grades for low-temperature dabbing with minimal residue
–
Temple Balls:
Aged and cured for a smoother, deeper, more complex smoke
The Zombie Kush Experience
This is nighttime hash in its purest form. The onset is gradual, a creeping heaviness that starts behind the eyes and slowly anchors itself into every muscle. Mental chatter fades into silence. Within minutes, a profound, immobilizing calm takes hold, making Zombie Kush the ultimate choice for deep rest, pain relief, and full-spectrum relaxation. The smoke is thick, earthy, and intensely potent, lingering on the tongue long after the exhale.
How To Use Zombie Kush Hash
Here are the best ways to consume Zombie Kush Hash:
Vaporize
(Best for full-melt)
Load loose sift or bubble hash into a concentrate vaporizer at 175–195°C. Lower temperatures help preserve the heavy pine and fuel terpenes while delivering a smooth, thick vapor.
Dab
(Full-melt grades)
Use a quartz banger at low-to-medium heat. True full-melt Zombie Kush will bubble and melt into a dark, oily pool with minimal residue, releasing its intense earthy-diesel flavor.
Pipe or Bong
Crumble pressed coins or slabs over a bowl of flower. Use a mesh screen and apply gentle heat to the corner. The dense, oily resin burns slowly, torching it will waste flavor and create harsh smoke.
Joint or Spliff
Roll pressed hash into a thin snake and lay it inside the joint, or mix sift evenly with flower. It adds potency and extends burn time, perfect for slow, heavy sessions.
Hot Knives
(Classic method)
Press a small piece between two heated knives and inhale. Effective for pressed formats when no other equipment is available.
Edibles
Decarboxylate first: bake at 115°C for 30–40 minutes, then infuse into butter or oil. Zombie Kush is extremely potent and sedative, start with a very low dose. Do not eat raw.
Important Tips
–
Nighttime only:
This is deeply sedative hash. Avoid daytime or active use unless you plan to sleep soon after.
–
Start very small:
Even experienced users should begin with a tiny amount. Zombie Kush is significantly stronger than flower.
–
Low heat is essential:
Excessive flame destroys the complex fuel-pine profile and creates a harsh, sooty inhale.
–
Storage:
Keep in an airtight container in a cool, dark place. Its oily nature means it can soften and stick if exposed to warmth.
Why Collectors Choose Zombie Kush
– ✅
Heavy Indica Potency:
Expert-selected for maximum sedative effect
– ✅
Lab-Tested:
Verified potency and purity with published batch results
– ✅
100% Solventless:
Clean mechanical extraction only
– ✅
Old-School Kush Flavor:
Authentic fuel, pine, and earth profile
– ✅
Discreet European Shipping:
Secure, odor-proof, tracked delivery
Order Zombie Kush Hash Online
Zombie Kush is released in limited quantities due to its specialized cultivation and extended curing requirements. Stock is unpredictable and sells quickly. Browse our current selection, review the lab data, and secure your batch of this legendary indica hash before it returns to the graveyard. Experience the heavy-hitting, expert-crafted stone that only Zombie Kush can deliver.
Frequently Asked Questions (FAQ): Zombie Kush Hash
1. What is Zombie Kush Hash?
Zombie Kush Hash is a premium, solventless cannabis concentrate crafted from the legendary Zombie Kush cultivar. It is expert-sourced and produced through mechanical dry sift or ice water extraction, renowned for its extreme indica potency, heavy sedative effects, and pungent fuel-forward terpene profile.
2. Why is it called “Zombie Kush”?
The name reflects the strain’s powerful, mind-melting effects. Users typically experience a creeping, immobilizing body stone that quiets mental chatter and anchors you to the couch—much like being in a trance or “zombie” state. It is best reserved for experienced consumers and nighttime use.
3. Is Zombie Kush Hash lab-tested?
Yes. Every batch is independently tested for cannabinoid potency, terpene profiles, microbial contaminants, heavy metals, and residual solvents. Certificates of Analysis (COAs) are available for each release.
4. What does Zombie Kush Hash taste and smell like?
Expect an aggressive, old-school Kush bouquet dominated by pine sap, damp earth, diesel fuel, and spicy undertones. The smoke is thick, musky, and pungent, coating the palate with a lingering skunky depth that true indica enthusiasts crave.
5. How potent is Zombie Kush Hash?
Potency varies by batch and micron grade, but total cannabinoid levels typically range from 50% to 75%+. It is among our heaviest-hitting hashes, significantly more potent than flower, and specifically selected for maximum sedative effect.
6. What are the effects of Zombie Kush Hash?
Users report a gradual onset of deep physical heaviness, starting behind the eyes and spreading throughout the body. Mental activity slows, tension dissolves, and a profound, couch-locking calm takes over. Ideal for deep rest, pain relief, and full-spectrum relaxation.
7. What micron grades are available?
Zombie Kush Hash is typically offered in select micron ranges such as 70µ, 90µ, and 120µ. Lower microns generally yield cleaner, fuller-melt hash ideal for dabbing, while higher microns are better suited for pressing or smoking with flower.
8. What formats does it come in?
–
Loose Dry Sift:
Unpressed trichome heads ideal for vaporizing or topping bowls.
–
Pressed Hash Coins & Slabs:
Dense, oily discs that burn slowly and crumble easily.
–
Full-Melt Bubble Hash:
Premium grades for low-temp dabbing with minimal residue.
–
Temple Balls:
Aged and cured for enhanced smoothness and complex flavor.
9. How do I consume Zombie Kush Hash?
–
Vaporize or dab
full-melt grades at 175–195°C to preserve the fuel-pine terpenes.
–
Smoke
pressed hash crumbled into a pipe, bong, or joint.
–
Edibles:
Must be decarboxylated first (115°C for 30–40 minutes) before infusing into butter or oil.
10. Is Zombie Kush Hash good for beginners?
No. Due to its extreme potency and heavily sedative nature, it is strongly recommended for experienced consumers only. Beginners should start with milder options and build tolerance before attempting this grade.
11. Why does heat matter when consuming Zombie Kush?
The intense pine, fuel, and earth flavors come from volatile terpenes like pinene, myrcene, and caryophyllene. Excessive heat destroys these compounds, creating harsh, sooty smoke instead of the rich, musky flavor profile this hash is known for.
12. Where do you ship Zombie Kush Hash?
We offer discreet, tracked shipping across Europe to countries where local regulations permit, including the Netherlands, Spain, Germany, France, Italy, and Portugal. Always verify your local laws before ordering.
13. Is it legal to buy Zombie Kush Hash online?
Cannabis laws vary significantly by country and region. You are responsible for understanding and complying with the laws in your specific jurisdiction before placing an order.
14. How should I store Zombie Kush Hash?
Store in a cool, dark, airtight container. For long-term preservation, refrigerate it. Allow the container to reach room temperature before opening to prevent condensation, which can degrade texture and terpene quality. Its oily nature means it softens in warm conditions.
15. How can I verify I am buying authentic Zombie Kush Hash?
Purchase only through our official website or verified authorized retailers. Authentic product arrives in sealed, branded packaging with batch numbers and QR codes linking directly to lab results.
16. What payment methods are accepted?
We accept cryptocurrency and SEPA bank transfers for secure, private transactions.
17. How long does shipping take?
Orders are typically dispatched within 24–48 hours. European delivery generally takes 3 to 10 business days depending on your location. Full tracking information is provided once your package ships.","Zombie Kush Hash,
An ultra-potent, solventless indica concentrate with a pungent fuel-pine terpene profile and crushing sedative effects. Expert-sourced from elite genetics and lab-tested for purity, it delivers a heavy, couch-locking stone ideal for deep rest and nighttime use. Available in premium dry sift and pressed formats with discreet European shipping. Strictly for experienced consumers.",80,80,EUR,True,Dry Sift Hash,,,
frozenhashish:8775,https://frozenhashish.com/product/jaune-mousseux/,jaune-mousseux,JAUNE MOUSSEUX,"Jaune Mousseux Hash à vendre – Hash premium, testé en laboratoire et sélectionné par des experts
Doré, aérien et d’une puissance déconcertante, le Jaune Mousseux Hash incarne l’excellence du hachisch traditionnel réinventé à l’ère moderne. Sa couleur lumineuse et sa texture onctueuse rappellent les meilleures productions du Rif et de l’Hindu Kush, tandis que son profil aromatique complexe et sa pureté irréprochable en font une référence pour les connaisseurs européens. Sélectionné par des experts du cannabis et validé en laboratoire indépendant, ce hash premium offre une expérience authentique, propre et mémorable.
Qu’est-ce qui rend le Jaune Mousseux si spécial ?
Une apparence signe de qualité
Le Jaune Mousseux doit son nom à sa teinte blonde dorée et à sa texture légèrement spongieuse et crémeuse au toucher. Cette couleur vive témoigne d’une extraction minutieuse réalisée à partir de trichomes matures, propres et exempts de contaminants végétaux. Plus le hash est blond et plus il est pur, et le Jaune Mousseux représente le sommet de cette hiérarchie visuelle.
Un profil aromatique raffiné
Dès l’ouverture du sachet, des notes d’agrumes frais, de pin et d’épices douces montent au nez, suivies d’un arrière-goût terreux et légèrement floral caractéristique des meilleures variétés sativa et hybride. En bouche, la fumée est onctueuse, douce et incroyablement parfumée, sans amertume ni tiraillement.
Une extraction 100 % mécanique
Contrairement aux concentrés obtenus par solvants chimiques, le Jaune Mousseux Hash est produit exclusivement par tamisage à sec (
dry sift
) ou par extraction à l’eau glacée (bubble hash). Seule l’agitation mécanique et la gravité séparent les têtes de trichomes intactes de la matière végétale. Aucun butane, CO₂ ou alcool n’entre jamais dans le processus.
Le processus artisanal derrière chaque gramme
1.
Sélection génétique
: Nos partenaires cultivateurs choisissent des variétés riches en résine et en terpènes, spécifiquement adaptées à la production de hachisch de qualité.
2.
Culture soignée
: Des méthodes artisanales en intérieur ou en serre contrôlée, sans pesticides ni additifs.
3.
Séchage et curing lents
: Les fleurs sont séchées progressivement et mises en cure pendant plusieurs semaines pour préserver l’intégrité des trichomes.
4.
Extraction délicate
: Le tamisage se fait à la main dans des pièces climatisées, sur des grilles de précision au micron près.
5.
Pressage traditionnel
: Les trichomes sont ensuite légèrement pressés pour former des plaquettes blondes souples et faciles à manipuler.
6.
Contrôle qualité
: Chaque lot est inspecté visuellement, testé à la fonte, puis envoyé en laboratoire pour analyse complète.
Testé en laboratoire pour votre tranquillité d’esprit
Chaque production de Jaune Mousseux Hash fait l’objet d’une analyse indépendante rigoureuse :
–
Potence cannabinoïde
: Taux de THCA, THC total, CBD et cannabinoïdes mineurs.
–
Profil terpénique
: Détection des terpènes dominants (limonène, pinène, myrcène, caryophyllène).
–
Sécurité sanitaire
: Recherche de moisissures, bactéries, métaux lourds et solvants résiduels.
Les Certificats d’Analyse (COA) sont disponibles par lot, garantissant une transparence totale sur ce que vous consommez.
Formats disponibles
–
Dry Sift blond
: Poudre de trichomes non pressée, idéale pour la vaporisation ou pour saupoudrer une fleur.
–
Plaquettes pressées
: Disques ou barrettes blondes, souples et faciles à émietter pour pipe, bang ou joint.
–
Full-Melt Bubble Hash
: Qualité premium pour le “dabbing” à basse température, laissant un résidu quasi nul.
–
Temple Balls
: Boules traditionnelles vieillies pour une saveur encore plus profonde et une texture parfaitement malléable.
L’expérience Jaune Mousseux
Le Jaune Mousseux offre un équilibre rare entre montée cérébrale claire et relaxation physique douce. Les premières bouffées apportent une sensation d’euphorie légère, de créativité et de bien-être mental. Progressivement, une chaleur apaisante se répand dans le corps, dénouant les tensions sans plonger dans une sédation trop lourde. C’est le hash parfait pour une session sociale, une promenade créative ou un moment de détente en fin d’après-midi.
Comment consommer du hasch Jaune Mousseux
Voici les meilleures façons de consommer du Jaune Mousseux Hash tout en préservant son goût et sa puissance :
Vaporiser
(Recommandé pour le full-melt)*
Chargez une petite quantité de dry sift blond dans un vaporisateur à concentrés, entre **170 et 190 °C**. Cette température basse préserve les terpènes d’agrumes et de pin, et offre une inhalation douce et parfumée.
Dabbe
r (Qualités full-melt)**
Déposez un petit morceau sur un clou en quartz préchauffé à basse température. Le Jaune Mousseux de qualité supérieure fond en bouillonnant, laissant peu ou pas de résidu.
Pipe ou Bang
Émiettez une plaquette pressée ou saupoudrez du dry sift sur un bol de fleur. Utilisez une grille pour éviter que la matière ne passe dans la tige. Chauffez doucement en coin plutôt que de carboniser le tout d’un coup.
Joint ou Spliff
Roulez un morceau de hash pressé en fine saucisse et placez-la au centre du joint. Pour le sift, mélangez-le uniformément à la fleur afin qu’il brûle de manière homogène.
Couteaux chauffants
(Méthode traditionnelle)
Chauffez deux couteaux au feu, pressez un tout petit morceau de hash entre les lames et inhalez la fumée. Idéal pour les plaquettes pressées quand on n’a pas d’appareil sous la main.
Comestibles
Le hash doit d’abord être **décarboxylé** : faites-le cuire au four à **115 °C pendant 30 à 40 minutes**, puis infusez-le dans du beurre ou de l’huile. Ne le consommez jamais cru : il n’aura aucun effet psychoactif et pourrait vous rendre malade.
Conseils importants
–
Commencez petit
: Le Jaune Mousseux est un concentré puissant. Un morceau de la taille d’un demi-pois suffit amplement pour la plupart des consommateurs.
–
Privilégiez la chaleur douce
: Une flamme trop agressive détruit les terpènes délicats et rend la fumée âcre.
–
Qualité full-melt
: Réservée au dab ou à la vaporisation. Les grades inférieurs se consomment mieux mélangés à de la fleur.
–
Conservation
: Gardez votre hash dans un récipient hermétique, à l’abri de la lumière et de la chaleur pour conserver sa couleur blonde et son parfum frais.
Pourquoi acheter du Jaune Mousseux Hash ?
–
Sélection experte
: Chaque lot est choisi par des hashmakers et des connaisseurs expérimentés.
–
Testé en laboratoire
: Potence, terpènes et pureté vérifiées par des tiers indépendants.
–
100 % sans solvant
: Extraction mécanique uniquement.
–
Goût authentique
: Profil aromatique vif, complexe et fidèle à la variété d’origine.
–
Livraison discrète en Europe
: Emballage opaque, sans odeur, avec suivi complet.
Commandez votre Jaune Mousseux Hash dès maintenant
Le Jaune Mousseux est produit en petites quantités selon les récoltes et les saisons. Les lots partent rapidement, et une fois épuisé, il faut attendre la prochaine sélection. Consultez notre menu actuel, examinez les rapports de laboratoire du lot en cours, et passez votre commande en toute confiance. Faites l’expérience d’un hash blond premium qui honore les traditions tout en répondant aux standards les plus exigeants du consommateur moderne.","Jaune Mousseux Has,  Hash blond premium aux arômes d’agrumes et de pin, sélectionné par des experts et testé en laboratoire. Extraction 100 % mécanique sans solvant, texture onctueuse et puissance équilibrée. Disponible en livraison discrète partout en Europe. Idéal pour les connaisseurs en quête d’authenticité et de pureté.",200,200,EUR,True,Dry Sift Hash,,,
frozenhashish:8735,https://frozenhashish.com/product/fly-farm-hash-for-sale/,fly-farm-hash-for-sale,Fly Farm Hash,"Fly Farm Hash for Sale – Expert-Sourced, Lab-Tested Premium Hash
When collectors and seasoned enthusiasts search for hash that delivers on both potency and integrity, Fly Farm stands out as a trusted name. Every gram we sell is expert-sourced from master cultivators and traditional hashmakers, then verified through independent laboratory testing before it ever reaches your door. If you demand transparency, artisan craftsmanship, and a terpene-rich experience, Fly Farm Hash is built for you.
What Sets Fly Farm Hash Apart?
Expert-Sourced Origins
We do not mass-produce. Fly Farm partners with experienced growers and hash artisans who understand that exceptional hash begins with exceptional plant material. Each batch originates from carefully selected genetics, slow-cured flowers, and resin-rich cultivars chosen specifically for mechanical extraction.
Rigorous Lab Testing: Fly Farm Hash For Sale
Every release is submitted to accredited third-party laboratories for comprehensive screening. We test for cannabinoid potency, terpene profiles, microbial contamination, heavy metals, and residual solvents. The result is a Certificate of Analysis you can trust—proof that what is on the label matches what is in the jar.
Traditional Techniques, Modern Standards; Fly Farm Hash For Sale
Fly Farm specializes in solventless
dry sift
and ice water hash methods that have been refined over generations. By combining time-honored hand-sifting practices with today’s climate-controlled environments and micron-precision screening, we produce hash that burns clean, melts true, and tastes exactly like the strain it came from.
The Fly Farm Process
1.
Genetic Selection:
Partner farms choose trichome-heavy cultivars known for complex flavor and strong resin production.
2.
Cultivation & Curing
: Organic, craft-scale growing followed by a slow, controlled cure to preserve volatile compounds.
3.
Extraction
: Mechanical separation using fine micron screens or ice water agitation—never chemicals.
4.
Grading
: Hash is separated by micron size and melt quality, ensuring you receive the grade you expect.
5.
Lab Verification
: Independent testing confirms purity, potency, and safety.
6.
Packaging
: Sealed in light-proof, airtight containers to maintain freshness during transit.
How To consume Fly Farm Hash
Quick Methods
Vaporize
(Best for full-melt sift)
Load loose dry sift or bubble hash into a concentrate vaporizer at 175–200°C. This preserves terpenes and delivers the cleanest flavor without combustion.
Dab
(Full-melt grades only)
Place a small piece on a pre-heated quartz banger at low temperature. True full-melt will bubble and liquefy with little residue left behind.
Pipe or Bong
Crumble pressed hash or sprinkle dry sift over a bowl of flower. Use a mesh screen to prevent pull-through. Light the corner gently rather than torching the entire bowl.
Joint or Spliff
Roll pressed hash into a thin “snake” and lay it inside the joint. For loose sift, mix evenly with flower so it burns consistently from start to finish.
Hot Knives
(Classic method)
Heat two butter knives, press a tiny piece of hash between them, and inhale the smoke through a straw or bottle top. Ideal for traditional pressed hash when no other gear is available.
Edibles
Fly Farm Hash must be decarboxylated first: bake at 115°C for 30–40 minutes, then infuse into butter or oil. Do not eat raw hash, it will not produce effects and may cause stomach discomfort.
Available Formats
–
Loose Dry Sift:
Unpressed trichome heads ideal for vaporizing or topping flower.
–
Pressed Hash Coins
: Traditional hand-pressed discs that crumble easily and burn slowly.
– Temple Balls
: Dense, aged spheres for connoisseurs who appreciate old-world curing and deep flavor.
– Full-Melt Bubble Hash
: Top-tier water hash suitable for low-temp dabbing with minimal residue.
Why Buy Fly Farm Hash?
–
Expert-Sourced
: Selected by hashmakers with years of solventless extraction experience.
–
Lab-Tested
: Verified potency and purity with published batch results.
–
Solventless
: No butane, CO₂, or ethanol, ever.
–
Strain-Specific
: Real genetics, real terpenes, real effects.
– D
iscreet Delivery
: Secure, odor-proof, tracked shipping throughout Europe.
Order Fly Farm Hash For Sale Today
Premium hash should never be a gamble. With Fly Farm, you know exactly where your product comes from, who made it, and what it contains. Browse our current selection, review the lab data, and place your order with confidence. Availability is limited to small-batch releases, secure your expert-sourced hash now.
Frequently Asked Questions (FAQ): Fly Farms Hash
1. What is Fly Farm Hash?
Fly Farm Hash is a premium line of solventless cannabis concentrates sourced directly from expert cultivators and traditional hashmakers. It is produced through mechanical extraction methods like dry sifting and ice water separation, with no chemical solvents ever used.
2. What does “expert-sourced” mean?
It means every batch is selected and crafted by experienced growers and hash artisans who specialize in trichome-rich genetics and traditional solventless techniques. We partner directly with farms that prioritize quality over mass production.
3. Is Fly Farm Hash lab-tested?
Yes. Every batch undergoes independent third-party lab testing for potency (THC/THCA, CBD), terpene profiles, microbial contaminants, heavy metals, and residual solvents. Certificates of Analysis (COAs) are available for verification.
4. What types of hash does Fly Farm offer?
Our selection typically includes loose dry sift, pressed hash coins, temple balls, and full-melt bubble hash. Availability varies by harvest and batch size.
5. What is the difference between dry sift and bubble hash?
–
Dry Sift
: Made by sifting dried flower through fine screens using only mechanical agitation.
–
Bubble Hash
: Made using ice water and agitation to separate trichomes, then dried and graded.
Both are solventless, but bubble hash is often considered the cleaner, fuller-melt option.
6. How potent is Fly Farm Hash?
Potency varies by strain and grade, but most batches test between 40% and 70%+ total cannabinoids. Check the specific COA for your batch to confirm exact numbers.
7. What does “full melt” mean?
Full-melt hash completely liquefies and bubbles when heated on a nail or in a vaporizer, leaving virtually no ash or residue behind. It represents the highest quality tier of solventless hash.
8. Where does Fly Farm ship?
We ship discreetly across Europe to jurisdictions where cannabis laws permit possession and purchase. This includes countries like the Netherlands, Spain, Germany, France, Italy, and Portugal. Always verify your local laws first.
9. Is it legal to buy Fly Farm Hash online?
Cannabis legality varies significantly by country and region. You are responsible for understanding and complying with the laws in your specific location before ordering.
10. How should I consume Fly Farm Hash?
–
Full-melt grades
: Dab or vaporize at low temperature for best results.
–
Pressed hash
: Crumble into a pipe, bong, or joint mixed with flower.
–
Loose sift
: Vaporize or sprinkle over flower.
–
Edibles
: Must be decarboxylated (bake at 115°C for 30–40 minutes) before infusing into food.
11. How should I store Fly Farm Hash?
Keep it in a cool, dark place inside an airtight glass or silicone container. For long-term storage, refrigerate it. Allow the container to reach room temperature before opening to avoid moisture condensation.
12. How can I tell if my Fly Farm Hash is authentic?
Purchase only through our official website or verified authorized retailers. Authentic Fly Farm Hash comes in sealed, branded packaging with batch numbers and, when available, QR codes linking directly to lab results.
13. What payment methods are accepted?
We accept cryptocurrency and SEPA bank transfers for secure, private checkout.
14. How long does shipping take?
Orders are typically dispatched within 24–48 hours. European
delivery
generally takes 3 to 10 business days depending on your location. Tracking information is provided once your order ships.
15. Is Fly Farm Hash suitable for beginners?
Hash is significantly more potent than flower. If you are new to concentrates, start with a very small amount, wait 20–30 minutes to assess the effects, and avoid mixing with alcohol or other substances.","Lab-Tested Quality
: Every batch undergoes rigorous third-party testing for potency, purity, safety, discreet shipping.",150,150,EUR,True,Dry Sift Hash,,,
frozenhashish:8726,https://frozenhashish.com/product/gas-farm-hash-for-sale/,gas-farm-hash-for-sale,Gas Farm Hash,"Premium Gas Farm Hash For Sale: Lab-Tested Solventless Dry Sift Crafted for Connoisseurs
When quality matters more than quantity, Gas Farm Hash For Sale, stands apart. Developed for seasoned enthusiasts who demand purity, potency, and true-to-strain flavor, our hash is made exclusively through solventless dry sift extraction, no chemicals, no shortcuts, just meticulously separated trichomes from elite genetics.
Key Features of Gas Farm Hash For Sale
100% Solventless Extraction
Crafted purely through mechanical dry sifting, no butane, propane, CO₂, or ethanol ever touches the product.
Lab-Tested & Verified
Every batch is independently tested for potency, terpenes, heavy metals, microbial contaminants, and residual solvents.
Single-Source Craft Cannabis
Made from small-batch, hand-selected cultivars grown specifically for resin production and rich terpene expression.
Multiple Micron Grades
Available in precise micron separations (e.g., 70µ, 90µ, 120µ) offering different melt levels, textures, and potency ranges.
Full-Melt to Pressed Formats
Choose from loose dry sift kief for dabbing/vaping, or traditionally pressed hash coins and temple balls.
Strain-Specific Terpene Profiles
Preserves the authentic aroma and flavor of each cultivar, from gassy and piney to fruity and floral.
Slow-Cured for Trichome Integrity
Flowers are properly dried and cured before sifting to protect volatile cannabinoids and maximize resin yield.
Artisan Hand-Processing
Sifted and handled in small quantities by experienced hashmakers in climate-controlled environments.
Discreet, Tracked European Shipping
Shipped in sealed, odor-proof packaging with secure, reliable delivery across legal jurisdictions.
Transparent Batch Documentation
Access to Certificates of Analysis (COAs) and detailed cannabinoid/terpene breakdowns for every release.
How To Consume Gas Farm Hash
Here are the best ways to enjoy Gas Farm Hash, depending on the grade and your setup:
Vaporize (Best for full-melt sift)
Load a small amount into a concentrate-compatible vaporizer at 175–200°C. This preserves terpenes and delivers the cleanest flavor.
Dab (Premium full-melt grades only)
Use a quartz banger or e-nail at low temperature. If it bubbles and leaves minimal residue, you’ve got true full-melt.
Pipe or Bong
Crumble pressed hash or sprinkle dry sift on top of flower. Use a mesh screen so it doesn’t pull through. Corner the bowl with a lighter instead of torching it.
Joint or Spliff
For pressed hash, roll a thin “snake” and lay it inside. For loose sift, mix it evenly with flower so it burns consistently.
Hot Knives(Classic method)
Heat two butter knives, press a tiny piece between them, and inhale the smoke through a bottle top or straw. Effective for traditional pressed hash.
Edibles
Dry sift must be decarboxylated first: bake at 115°C for 30–40 minutes, then infuse into butter or oil. Do not eat raw, it won’t work and will likely upset your stomach.
Why Buy Gas Farm Hash From Our Website
When you shop with Frozen Hashish, you’re choosing quality, convenience, and customer satisfaction:
Top-Notch Products:
Our Gas Farm Hash is made using
precision techniques
, ensuring the highest quality possible in every batch.
Lab-Tested for
Purity
:
We prioritize your safety by lab-testing all our products for potency and purity.
Fast & Discreet Shipping:
Get your
Dry sift hash
delivered quickly and discreetly to your door.
Exclusive Offers:
Join our community and stay updated on the latest deals and discounts available only at info@frozenhashish.com
Shop Gas Farm Hash For Sale Online – Buy Premium THCA Hash Online Europe
Skip the local search and order premium THCA hash directly from Gas Farm on our website. We specialize in high-potency, solventless dry sift hash crafted for European connoisseurs who refuse to compromise on purity, transparency, or effect. Whether you are after full-melt sift for low-temp dabbing or traditionally pressed temple balls for classic sessions, our menu is curated for seasoned collectors and daily enthusiasts alike.
What Is THCA Hash?
THCA hash is a concentrated form of cannabis rich in tetrahydrocannabinolic acid—the non-psychoactive precursor to THC. In its raw state, THCA delivers potent physical and cerebral effects only when heated through smoking, vaporizing, or dabbing. Because it is harvested and preserved at peak trichome ripeness, quality THCA hash offers higher potency than flower while retaining a robust terpene profile that mirrors the living plant.
Gas Farm produces THCA hash exclusively through mechanical dry sift extraction. No solvents strip the resin. No chemical shortcuts alter the chemistry. Just pure, glandular trichome heads separated by micron grade and pressed or left loose according to tradition.
Frequently Asked Questions (FAQ): Gas Farm Hash
1. What is Gas Farm Hash?
Gas Farm Hash is a line of premium, solventless cannabis concentrates produced through traditional dry sift extraction. It is made by mechanically separating trichome heads from dried, cured flower using fine micron screens, resulting in a potent, terpene-rich hash with no chemical solvents involved.
2. What is THCA hash, and how is it different from regular hash?
THCA hash is concentrated cannabis rich in tetrahydrocannabinolic acid (THCA), the non-psychoactive precursor to THC. When heated, through smoking, vaping, or dabbing, THCA converts to THC, producing potent effects. Gas Farm Hash preserves this compound at peak levels through gentle, low-temperature processing, offering higher potency and fuller flavor than average market hash.
3. Is Gas Farm Hash really solventless?
Yes. Absolutely no butane, propane, CO₂, ethanol, or other chemicals are used. The extraction relies solely on mechanical separation (agitation and screening), making it one of the cleanest concentrate forms available.
4. How potent is Gas Farm Hash?
Potency varies by strain and micron grade, but THCA levels typically range between 40% and 70%+. Lab results for each batch are available to confirm exact cannabinoid and terpene percentages before you purchase.
5. Is Gas Farm Hash lab-tested?
Every batch undergoes independent third-party testing for potency, terpene content, microbial contaminants, heavy metals, and residual solvents. We provide Certificates of Analysis (COAs) so you know exactly what you are consuming.
6. What micron grades are available?
Gas Farm offers multiple micron separations, commonly ranging from 70µ to 120µ. Lower micron counts (e.g., 70–90µ) typically yield higher-quality full-melt hash ideal for dabbing, while larger microns may be better suited for pressing or mixing with flower.
7. How do I know if my hash is “full melt”?
True full-melt hash bubbles and liquefies completely when heated on a quartz banger or in a vaporizer, leaving little to no char or residue behind. Gas Farm designates full-melt grades clearly on the product page.
8. Where does Gas Farm ship?
We offer discreet, tracked shipping across Europe, including the Netherlands, Spain, Germany, France, Italy, Portugal, and other jurisdictions where local regulations permit. Always verify your country’s cannabis laws before ordering.
9. Is it legal to buy Gas Farm Hash online in Europe?
Cannabis laws vary significantly by country and region. Some European nations permit medical or recreational cannabis, while others maintain strict prohibitions. You are solely responsible for understanding and complying with the laws in your jurisdiction before placing an order.
10. What is the best way to consume Gas Farm Hash?
– Full-melt grades: Best enjoyed via low-temp dabbing or vaporizing for maximum flavor and effect.
– Pressed hash: Crumble into a pipe, bong, or joint mixed with flower, or use traditional hot knives.
– Edibles: Must be decarboxylated first (heat at 115°C for 30–40 minutes) before infusing into butter or oil. Do not consume raw.
11. How should I store Gas Farm Hash?
Store in a cool, dark place inside an airtight glass or silicone container. For long-term preservation, keep it refrigerated. Allow it to reach room temperature before opening to prevent condensation from damaging the product.
12. How can I verify I am buying authentic Gas Farm Hash?
Always purchase directly through our official website or verified authorized distributors. Authentic Gas Farm Hash comes in sealed, branded packaging with batch numbers and QR codes linking directly to lab results.
13. What payment methods are accepted?
We accept cryptocurrency (Bitcoin, etc.) and SEPA bank transfers for secure, private transactions.
14. How long does shipping take?
Orders are typically dispatched within 24–48 hours. Delivery times vary by destination but generally range from 3 to 10 business days within Europe. You will receive full tracking information once your order ships.
15. What if I am new to hash, should I still try Gas Farm?
Gas Farm Hash is potent and best suited for those with some cannabis experience. If you are new to concentrates, start with a very small amount, wait at least 20–30 minutes to gauge effects, and avoid mixing with alcohol or other substances.","Lab-Tested Quality
: Every batch undergoes rigorous third-party testing for potency, purity, safety, discreet shipping.",120,120,EUR,True,Dry Sift Hash,,,
frozenhashish:8715,https://frozenhashish.com/product/h-g-farms-hash/,h-g-farms-hash,H.G FARMS HASH,"H.G Farms Hash for Sale – Expert-Sourced, Lab-Tested Premium Hash
Discover
H.G Farms Hash For Sale
, a premium cannabis concentrate crafted for customers who value authenticity, quality, and a refined hash experience. Known for its resin-rich texture, bold aroma, and smooth finish, H.G Farms Hash is positioned as a high-grade option for experienced consumers seeking dependable potency and full-bodied flavor.
Key Features Of
H.G Farms Hash
Expert-sourced resin quality
— H.G Farms Hash is positioned as a premium cannabis concentrate made from carefully selected resin-rich material.
Lab-tested transparency
— Reputable batches may include testing for potency, purity, and contaminants, helping support buyer confidence.
Rich terpene profile
— Depending on the batch, it may feature earthy, herbal, spicy, woody, piney, gassy, or resin-forward notes.
Premium texture and consistency
— High-quality hash is often valued for its soft, pliable, crumbly, dense, or resin-rich texture.
Strong concentrate potency
— As a hash product, it is generally more potent than standard cannabis flower and better suited for experienced consumers.
Farm-style authenticity
— The H.G Farms name gives the product a craft-focused identity connected to cultivation, resin selection, and quality standards.
Versatile product format
— Where legally permitted, hash may be used in bowls, joints, vaporizers, concentrate devices, or infused products.
Carefully handled batches
— Proper curing, packaging, and storage help preserve aroma, texture, cannabinoids, and terpene quality.
Smooth flavor experience
— Premium hash is often chosen for its bold yet balanced flavor, resin character, and clean finish.
How To Consume H.G Farms Hash
1. Smoking in a Pipe or Bong
Crumble or break off a small piece and place it in a pipe or bong bowl. Since hash is denser than flower, use a screen to prevent it from pulling through. Many people mix it with a small amount of herb or tobacco to help it burn more evenly.
2. Joint or Spliff
Roll small pieces of hash into a joint, often combined with cannabis flower or herbal/tobacco blends. If the hash is soft or pliable, you can roll it into a thin “snake” and lay it inside the joint.
3. Vaporizing
Use a dry herb vaporizer capable of handling concentrates, or a dedicated concentrate vaporizer. Set it to a moderate temperature (around 350–400°F / 175–200°C). Vaporizing avoids combustion and is generally considered easier on the lungs.
4. Dabbing
For full-melt or high-quality hash, you can use a dab rig with a quartz banger or e-nail. Heat the nail, let it cool slightly, then apply a small piece of hash and inhale. This method delivers very strong effects and is best for experienced consumers.
5. Edibles (Hot Knife or Bowl Method)
Hash can be decarboxylated (heated at ~240°F / 115°C for 30–40 minutes) and then infused into butter or oil for cooking. *Do not eat raw hash*—it won’t produce effects and may upset your stomach.
Why Buy H.G Farms Hash Online From Our Website
When you shop with Frozen Hashish, you’re choosing quality, convenience, and customer satisfaction:
Top-Notch Products:
Our H.G Farms Hash is made using
precision techniques
, ensuring the highest quality possible in every batch.
Lab-Tested for
Purity
:
We prioritize your safety by lab-testing all our products for potency and purity.
Fast & Discreet Shipping:
Get your
Dry sift hash
delivered quickly and discreetly to your door.
Exclusive Offers:
Join our community and stay updated on the latest deals and discounts available only at info@frozenhashish.com
Shop H.G Farms Hash Online Near Me – Buy Dry Sift Hash Online Europe
Looking for premium dry sift hash in Europe? H.G Farms delivers craft-quality, solventless hash straight to your door. No dispensary queues, no compromises—just pure, trichome-rich dry sift sourced from top-tier cultivars.
What Is Dry Sift Hash?
Dry sift is a solventless concentrate made by gently separating trichome heads from dried cannabis using fine screens. The result is a clean, potent, and flavor-packed hash that burns slow and smooth. H.G Farms specializes in traditional techniques combined with modern quality control, giving you a full-melt experience with every order.
Frequently Asked Questions (FAQ): H.G Farms Hash
1. What is H.G Farms Hash?
H.G Farms Hash is a line of solventless cannabis concentrates, primarily dry sift hash, produced using traditional mechanical separation techniques. It is known for its high trichome content, clean burn, and full-melt quality.
2. What types of hash does H.G Farms offer?
The lineup typically includes various grades of dry sift hash, often categorized by micron size (e.g., 70–120 micron). Offerings may range from premium full-melt bubble hash to classic pressed hash bricks, depending on seasonal harvests.
3. Is H.G Farms Hash lab-tested?
Yes. Reputable batches are tested for potency (THC/CBD levels), contaminants, mold, and residual solvents to ensure a clean, safe product.
4. Where does H.G Farms ship?
H.G Farms generally offers discreet, tracked shipping across Europe, including countries like the Netherlands, Germany, Spain, France, Italy, and Portugal. Availability depends entirely on local cannabis laws and regulations in your country.
5. Is it legal to buy H.G Farms Hash online?
Cannabis laws vary by country and region. In some European areas, cannabis is decriminalized or permitted for medical/recreational use; in others, it remains illegal. You are responsible for understanding and complying with the laws in your jurisdiction before ordering.
6. How is dry sift hash different from bubble hash or rosin?
– **Dry Sift:** Made by sifting dried flower through fine screens with no water or solvents.
– **Bubble Hash:** Uses ice water to separate trichomes.
– **Rosin:** Uses heat and pressure to squeeze resin from flower or hash.
H.G Farms specializes in the dry sift method, which preserves rich terpene profiles.
7. How should I store H.G Farms Hash?
Keep it in a cool, dark place in an airtight container. For long-term storage, refrigeration is recommended to preserve potency and prevent terpene degradation. Let it come to room temperature before opening to avoid moisture issues.
8. How strong is H.G Farms Dry Sift?
Dry sift hash is significantly more potent than regular flower, often testing between 40% and 60%+ THC depending on the grade and micron. Beginners should start with a very small amount.
9. What is the best way to consume it?
Common methods include crumbling it into a joint or pipe, vaporizing it in a concentrate-compatible device, or dabbing high-grade full-melt hash. Lower grades may not melt fully and are better suited for mixing with flower.
10. How do I know I’m getting authentic H.G Farms Hash?
Purchase only through verified distributors or the official H.G Farms platform. Authentic products typically come in sealed, branded packaging with batch numbers and, when available, QR codes linking to lab results.","Lab-Tested Quality
: Every batch undergoes rigorous third-party testing for potency, purity, safety, discreet shipping.",200,200,EUR,True,Dry Sift Hash,,,
frozenhashish:8630,https://frozenhashish.com/product/wan-piece-farm-hash/,wan-piece-farm-hash,Wan Piece Farm Hash,"Wan Piece Farm Hash – Premium Solventless Hash by Trusted Cultivators
Wan Piece Farm Hash
is a premium solventless hash produced by trusted cultivators with years of expertise in growing and processing high-quality cannabis. Known for their attention to detail and commitment to excellence, Wan Piece Farm delivers hash that meets the highest standards of purity and potency.
Using advanced frozen sift and static sift methods, this hash preserves rich terpenes, offers a clean burn, and provides a smooth, flavorful experience that connoisseurs appreciate.
Key Features Of Wan Piece Farm Hash
Solventless Purity
: Chemical-free, pure resin with minimal plant matter for a clean concentrate.
Production
: Dry sifted (120u), static separated, cold-cured, and lightly pressed.
Flavor & Aroma
: Terpene-rich with earthy, spicy, or sweet strain-specific notes (e.g., Sour Diesel, Gorilla Punch, Mimosa).
Potency & Effects
: High THC, full-spectrum entourage effect, strong, long-lasting, balanced high.
Texture & Use
: Smooth/waxy; ideal for dabbing, vaping, topping joints, or edibles.
Benefits
: Praised for pain relief, relaxation, sleep aid, and more (consult a professional).
How To Consume
Wan Piece Farm Hash
Common Methods:
Top a Bowl (Easiest)
Sprinkle crumbled hash over cannabis flower in a pipe, bong, or bubbler. Light gently and inhale. The hash melts into the flower.
Twax a Joint/Blunt
Roll a thin “snake” or sausage of hash and place it inside or on top of your joint/blunt with flower. This supercharges potency and flavor.
Dabbing
(Best for Pure Flavor) Use a dab rig: Heat the nail/banger (around 315–450°F / 157–232°C for hash), apply a small piece of hash with a tool, and inhale the vapor.
Vaporizing
Load small pieces or crumbs into a dry herb vaporizer or concentrate pen designed for hash. Lower temps preserve terpenes.
Other Ways
Hot Knife Method
(old-school): Heat two knives and press hash between them,
How to Consume Wan Piece Farm Hash
(Dry Sift/Static Sift Hash)
Why Buy
Wan Piece Farm Hash Online From Our Website
When you shop with Frozen Hashish, you’re choosing quality, convenience, and customer satisfaction:
Top-Notch Products:
Our Wan Piece Farm Hash is made using
precision techniques
, ensuring the highest quality possible in every batch.
Lab-Tested for
Purity
:
We prioritize your safety by lab-testing all our products for potency and purity.
Fast & Discreet Shipping:
Get your
Static sift hash
delivered quickly and discreetly to your door.
Exclusive Offers:
Join our community and stay updated on the latest deals and discounts available only at info@frozenhashish.com
Shop Wan Piece Farm Hash Online – Premium
THCA Hash For Sale
Discover Wan Piece Farm Hash, a top-tier solventless dry sift/static sift hash crafted from premium cannabis trichomes. This premium THCA-rich hash delivers exceptional purity, rich terpene profiles, and powerful effects in every dab or bowl.
Frequently Asked Questions (FAQs) about Wan Piece Farm Hash
Q: What is Wan Piece Farm Hash?
A: Wan Piece Farm Hash is a
premium
solventless dry sift/static sift cannabis hash made from high-quality trichomes. It’s a clean, concentrated product known for its rich flavor, smooth texture, and potent effects.
Q: Is Wan Piece Farm Hash solventless?
A: Yes. It is produced using mechanical methods (dry sifting and static separation) with no solvents or chemicals involved.
Q: What are the main effects?
A: Users typically report strong, long-lasting relaxation, euphoria, and full-spectrum effects due to its high cannabinoid and terpene content. Individual results vary.
Q: How do you consume it?
A: Common methods include dabbing, vaping, sprinkling on flower in a bowl/joint (“twaxing”), or infusing into edibles. Start with a small amount due to its potency.
Q: What strains/flavors are available?
A: It often features profiles like Sour Diesel, Gorilla Punch, Mimosa, Tangie, OZ Kush, and others. Flavors are earthy, spicy, sweet, and strain-specific.
Q: Is it suitable for beginners?
A: Due to high potency, it’s better for experienced users. Beginners should start very small and go slow.
Q: How is it packaged and shipped?
A: Usually vacuum-sealed or discreetly packaged for freshness and privacy. Shipping is discreet and varies by seller.
Q: Does it contain THCA?
A: Yes. As a natural cannabis concentrate, it is rich in THCA along with other cannabinoids.
Q: Is Wan Piece Farm Hash lab-tested?
A: Reputable sellers provide lab-tested products for purity, potency, and safety. Always check COAs when available.
Q: How should I store it?
A: Keep it in a cool, dark, airtight container away from heat and humidity to preserve terpenes and freshness.
Q: Is it legal?
A: Legality depends on your location. Check local laws regarding cannabis and hash products before purchasing or using.
Q: What sizes are available?
A: Common quantities include 50g, 100g, 250g, 500g, and up to 1kg.
Q: What makes it premium?
A: High trichome quality, careful cold-curing, excellent melt, rich terpene retention, and consistent potency.
Need more details or have additional questions? Feel free to ask! Always consume responsibly.","Lab-Tested Quality
: Every batch undergoes rigorous third-party testing for potency, purity, safety, discreet shipping.",150,150,EUR,True,Dry Sift Hash / Static Sift Hash,,,
frozenhashish:8620,https://frozenhashish.com/product/cali-mountain-farm-hash/,cali-mountain-farm-hash,Cali Mountain Farm Hash,"Cali Mountain Farm Hash | Premium California Farm Hash For Sale
Shop
Cali Mountain Farm Hash,
a
premium California farm hash
crafted from top-quality cannabis grown in the renowned mountain regions of California.
This hash stands out for its exceptional resin production, terpene-rich profile, and consistent quality that reflects the best of West Coast hash-making traditions.
Key Features Of
Cali Mountain Farm Hash
California Mountain Origin
: Premium hash produced from cannabis grown on Cali Mountain Farm in California’s renowned growing regions.
High Resin Content
: Exceptionally rich in trichomes for strong potency and long-lasting effects.
Bold Aroma
: Distinct pine, earthy, and citrus notes with sweet herbal undertones.
Smooth Flavor
: Clean, flavorful profile with classic West Coast hash character and minimal harshness.
Pliable Texture
: Soft and easy to handle when warmed, ideal for various consumption methods.
Balanced Effects
: Potent relaxing body high combined with uplifting cerebral euphoria.
Premium Craftsmanship
: Expertly made and carefully cured to preserve freshness and terpenes.
Natural Purity
: Made without additives, chemicals, or fillers.
Consistent Quality
: Every batch maintains the high standards of Cali Mountain Farm.
Versatile Use
: Excellent for joints, pipes, vaporizers, and infusions.
How To Consume
Cali Mountain Farm Hash
Joint/Spliff
: Warm a small piece, crumble, mix with herb or tobacco, and roll.
Pipe or Bong
: Place warmed hash on top of flower and light gently.
Vaporizer
: Use at 180–200°C with a concentrate pad for optimal flavor.
Edibles
: Decarboxylate first, then infuse into butter or oil.
Tip
: Start with a rice-grain size amount. Warm the hash slightly before use for better handling and smoother burn.
Why Buy Cali Mountain Farm Hash From Our Website
When you shop with Frozen Hashish, you’re choosing quality, convenience, and customer satisfaction:
Top-Notch Products:
Our Cali Mountain Farm Hash is made using
precision techniques
, ensuring the highest quality possible in every batch.
Lab-Tested for
Purity
:
We prioritize your safety by lab-testing all our products for potency and purity.
Fast & Discreet Shipping:
Get your
Dry sift hash
delivered quickly and discreetly to your door.
Exclusive Offers:
Join our community and stay updated on the latest deals and discounts available only at info@frozenhashish.com
Shop Cali Mountain Farm Hash Online Europe
Discover
Cali Mountain Farm Hash,
premium quality hash from California’s renowned mountain farms. Crafted from top-tier cannabis genetics, this hash offers the perfect balance of potency, flavor, and smoothness that hash enthusiasts crave.
With its rich terpene profile and high resin content, Cali Mountain Farm Hash delivers a true West Coast experience in every gram.
Frequently Asked Questions (FAQ): Cali Mountain Farm Hash
What is Cali Mountain Farm Hash?
Cali Mountain Farm Hash refers to a hash product associated with the Cali Mountain Farm name. Product characteristics may vary depending on the source material, production method, and manufacturer.
How is hash generally produced?
Hash is typically produced by separating the resin glands (trichomes) from cannabis plant material using various techniques. Different production methods can influence the final product’s texture, appearance, and composition.
What does “solventless” mean?
The term “solventless” generally refers to production methods that do not rely on chemical solvents during extraction. Instead, mechanical techniques are used to separate resin from plant material.
What factors influence the quality of hash?
Quality may be influenced by the source material, production process, handling, storage conditions, and the information provided by the manufacturer.
How should hash be stored?
Products are generally best stored in a cool, dry place away from direct heat, moisture, and sunlight. Always follow any storage recommendations provided by the manufacturer.
Why is product information important?
Clear product information helps consumers understand the product’s characteristics, ingredients, and any available quality documentation before making decisions.
Are laboratory test results available?
Yes. Every batch is independently lab-tested for purity and potency, with results available on request.","Lab-Tested Quality
: Every batch undergoes rigorous third-party testing for potency, purity, safety, discreet shipping.",130,130,EUR,True,Dry Sift Hash,,,
frozenhashish:8609,https://frozenhashish.com/product/dirham-farm-hash-for-sale/,dirham-farm-hash-for-sale,Dirham Farm Hash,"Dirham Farm Hash For Sale Europe – Premium Moroccan Hash
Shop
Dirham Farm Hash
,
a premium Moroccan hash produced on Dirham Farm using traditional Moroccan methods passed down through generations. Known for its high resin content and classic profile, this hash offers the true taste of authentic Moroccan hashish.
Sourced from the renowned cannabis-growing regions of Morocco, Dirham Farm Hash For Sale, it stands out for its purity, strong aroma, and relaxing effects that hash lovers appreciate
Key Features Of Dirham Farm Hash
Authentic Moroccan Origin
: Produced at Dirham Farm in Morocco using traditional hash-making methods.
Premium Quality
: High resin content and carefully selected trichomes for superior potency and purity.
Classic Moroccan Aroma
: Rich earthy, spicy, and herbal profile with deep traditional notes.
Smooth Flavor
: Bold, woody taste with a clean and pleasant finish.
Soft Texture
: Pliable and easy to handle when slightly warmed.
Potent Relaxing Effects
: Strong body high with calming and stress-relieving properties, ideal for evening use.
Traditional Dry Sift / Hand-Rubbed
: Made with time-honored Moroccan techniques for authentic character.
Natural & Pure
: No additives, chemicals, or fillers, 100% natural hash.
Freshness
: Carefully cured and stored to maintain maximum aroma, flavor, and effectiveness.
Europe Ready
: Premium Moroccan hash available with discreet shipping across Europe.
How To Consume
Dirham Farm Hash
Joint/Spliff
: Warm a small piece, crumble it, mix with herb or tobacco, and roll.
Pipe or Bong
: Place warmed hash on top of flower and light gently.
Vaporizer
: Use at 180–200°C with a concentrate pad for best flavor.
Edibles
: Decarboxylate first, then infuse into butter or oil.
Tip
: Start with a rice-grain size amount. Warm the hash slightly before use for easier handling and smoother burn.
Why Buy
Dirham Farm Hash From Our Website
When you shop with Frozen Hashish, you’re choosing quality, convenience, and customer satisfaction:
Top-Notch Products:
Our Dirham Farm Hash is made using
precision techniques
, ensuring the highest quality possible in every batch.
Lab-Tested for
Purity
:
We prioritize your safety by lab-testing all our products for potency and purity.
Fast & Discreet Shipping:
Get your
Dry sift hash
delivered quickly and discreetly to your door.
Exclusive Offers:
Join our community and stay updated on the latest deals and discounts available only at info@frozenhashish.com
Shop
Dirham Farm Hash Online Europe – Buy Premium Hash Online
Discover
Dirham Farm Hash
, a premium Moroccan hash produced using traditional methods at Dirham Farm. This authentic hash brings the classic taste and quality of Moroccan hashish straight to your door.
Known for its high resin content and rich flavor profile, Dirham Farm Hash is a favorite among hash enthusiasts who appreciate genuine Moroccan craftsmanship.","Lab-Tested Quality
: Every batch undergoes rigorous third-party testing for potency, purity, safety, discreet shipping.",120,120,EUR,True,Dry Sift Hash,,,
frozenhashish:8599,https://frozenhashish.com/product/dry-sift-hash/,dry-sift-hash,Dry Sift Hash,"Dry Sift Hash 100g | Premium Quality Hash For Sale
Shop
Dry Sift Hash 100g,
a premium bulk pack of high-quality Hash made using the traditional dry sift method. This 100g size offers excellent value and consistent quality for those who appreciate top-tier hash.
Key Features Of
Dry Sift Hash
Premium Dry Sift Method
: Made using traditional dry sift technique, collecting pure cannabis trichomes for maximum purity and potency.
High Resin Content
: Rich in cannabinoids and terpenes, delivering strong and long-lasting effects.
Soft Texture
: Pliable and easy to handle when slightly warmed, ideal for joints, pipes, vaporizers, or edibles.
Rich Aroma
: Bold earthy, spicy, and herbal profile with sweet undertones.
Smooth Flavor
: Clean, woody taste with minimal harshness and excellent aftertaste.
Balanced Effects
: Potent relaxing body high with mild euphoria, perfect for stress relief and evening use.
Farm Fresh
: Sourced from Golden Boys Farm and carefully cured for optimal freshness.
Natural & Pure
: No additives, chemicals, or fillers, 100% natural hash.
Great Value
: 100g bulk pack offers premium quality at a better price per gram.
Versatile Use
: Suitable for smoking, vaporizing, dabbing, or making infusions.
How To Consume Dry Sift Hash 100g
Joint/Spliff
: Warm a small piece, crumble and mix with herb or tobacco, then roll.
Pipe or Bong
: Place warmed hash on top of flower and light gently.
Vaporizer
: Use at 180–200°C with a concentrate pad for best flavor and efficiency.
Edibles
: Decarboxylate first, then infuse into butter or oil.
Tip
: Start with a small amount (rice-grain size). Warm the hash slightly before use for easier handling and smoother burn
Why Buy
Dry Sift Hash 100g From Our Website
When you shop with Frozen Hashish, you’re choosing quality, convenience, and customer satisfaction:
Top-Notch Products:
Our Dry Sift Hash is made using
precision techniques
, ensuring the highest quality possible in every batch.
Lab-Tested for
Purity
:
We prioritize your safety by lab-testing all our products for potency and purity.
Fast & Discreet Shipping:
Get your
Dry sift hash
delivered quickly and discreetly to your door.
Exclusive Offers:
Join our community and stay updated on the latest deals and discounts available only at info@frozenhashish.com
Shop Dry Sift Hash 100g Online – Buy Premium Hash For Sale
Discover our premium
Dry Sift Hash,
expertly crafted using the traditional dry sift method at Golden Boys Farm. This high-resin hash is loved for its purity, rich aroma, and potent relaxing effects.
Whether you’re a regular user or looking to stock up, our Dry Sift Hash offers consistent quality and excellent value. Made from carefully selected trichomes, it delivers a smooth, flavorful experience every time.
Frequently Asked Questions (FAQ): Dry Sift Hash 100g
What is Dry Sift Hash?
Dry Sift Hash is a premium concentrate made by sieving mature cannabis trichomes through fine mesh screens. It is one of the cleanest and most natural forms of hash.
Is your Dry Sift Hash high quality?
Yes. Our Dry Sift Hash is produced from premium cannabis at Golden Boys Farm using traditional methods, resulting in high resin content and excellent purity.
How potent is Dry Sift Hash?
It offers medium to high potency. Effects are relaxing with a balanced body high. Start low if you are new to hash.
What does Dry Sift Hash smell and taste like?
It has a rich earthy, spicy, and herbal aroma with subtle sweet notes. The flavor is smooth, woody, and clean.
How do I consume Dry Sift Hash?
You can smoke it in joints, pipes, or bongs, vaporize it, or infuse it into edibles. Warm it slightly for easier handling.
What is the difference between Dry Sift Hash and other hashes?
Dry Sift Hash
is made purely from trichomes without solvents or ice water, making it one of the purest and most natural hash types.
How should I store Dry Sift Hash?
Keep it in a cool, dark, airtight container. Proper storage preserves its aroma, flavor, and potency.
Do you ship Dry Sift Hash across Europe?
Yes. We offer discreet shipping to most European countries with secure and stealth packaging.
Is Dry Sift Hash suitable for beginners?
Yes, but we recommend starting with a very small amount (rice-grain size) to test your tolerance.
Is your Dry Sift Hash natural?
Yes. It is 100% natural with no additives, chemicals, or fillers.","Lab-Tested Quality
: Every batch undergoes rigorous third-party testing for potency, purity, safety, discreet shipping.",100,100,EUR,True,Dry Sift Hash,,,
frozenhashish:8589,https://frozenhashish.com/product/golden-boys-farm-hash/,golden-boys-farm-hash,Golden Boys Farm Hash,"Golden Boys Farm Hash | Premium Quality Farm-Fresh Hash For Sale
Shop
Golden Boys Farm Hash
,
a premium quality, farm-fresh hash that stands out for its exceptional craftsmanship and consistent potency. Produced on Golden Boys Farm using top-tier genetics and traditional hash-making techniques, this hash delivers a clean, flavorful, and deeply relaxing experience.
Key Features Of
Golden Boys Farm Hash
Farm Direct Origin
: Freshly produced on Golden Boys Farm using premium cannabis genetics and traditional methods.
Premium Quality
:
High resin concentration
and carefully selected trichomes for superior potency and purity.
Rich Aroma
: Bold earthy, spicy, and sweet hash notes with a pleasant herbal undertone.
Smooth Flavor
: Clean, robust taste with minimal harshness, known for its smooth draw and excellent aftertaste.
Pliable Texture
: Soft and easy to handle, ideal for rolling, dabbing, or vaporizing.
Balanced Effects
: Potent yet relaxing body high with mild euphoria. Great for stress relief, relaxation, and evening use.
Freshness Guaranteed
: Farm-fresh curing process preserves maximum aroma, flavor, and cannabinoid content.
Pure & Natural
: Made without additives, chemicals, or artificial fillers, 100% natural hash.
Consistent Quality
: Every batch is hand-selected to maintain Golden Boys Farm’s high standards.
Versatile Use
: Suitable for both beginners and experienced users who appreciate high-quality farm hash.
How To Consume Golden Boys Farm Hash
Joint/Spliff
: Warm a small piece, mix with herb or tobacco, and roll.
Pipe/Bong
: Place warmed hash on top of flower and light gently.
Vaporizer
: Use at 180–200°C on a concentrate pad for best flavor.
Edibles
: Decarboxylate then infuse into butter or oil.
Why Buy
Golden Boys Farm Hash From Our Website
When you shop with Frozen Hashish, you’re choosing quality, convenience, and customer satisfaction:
Top-Notch Products:
Our Golden Boys Farm Hash is made using
precision techniques
, ensuring the highest quality possible in every batch.
Lab-Tested for
Purity
:
We prioritize your safety by lab-testing all our products for potency and purity.
Fast & Discreet Shipping:
Get your
Dry sift hash
delivered quickly and discreetly to your door.
Exclusive Offers:
Join our community and stay updated on the latest deals and discounts available only at info@frozenhashish.com
Shop Golden Boys Farm Hash Online – Buy Premium Hash Online Europe
Discover
Golden Boys Farm Hash
, a premium quality hash produced on Golden Boys Farm using top cannabis genetics and traditional methods. Fresh from the farm, this hash is favored for its rich resin content, smooth flavor, and reliable effects.
Whether you’re looking for daily relaxation or a potent treat, Golden Boys Farm Hash delivers consistent quality every time.
Frequently Asked Questions (FAQ) for Golden Boys Farm Hash
What is Golden Boys Farm Hash?
Golden Boys Farm Hash is a premium farm-fresh hash produced on Golden Boys Farm using high-quality cannabis and traditional hash-making techniques. It is known for its rich aroma, potency, and smooth effects.
Where does Golden Boys Farm Hash come from?
It is sourced directly from Golden Boys Farm. The hash is made from carefully cultivated plants using natural methods.
How strong is Golden Boys Farm Hash?
It offers medium to high potency with a balanced relaxing body high. Effects vary by individual tolerance.
How should I consume Golden Boys Farm Hash?
You can smoke it in a joint, pipe, or bong, vaporize it, or infuse it into edibles. Start with a small amount (rice-grain size).
What does Golden Boys Farm Hash smell and taste like?
It has a rich earthy and spicy aroma with sweet undertones. The flavor is smooth, woody, and pleasant.
Is Golden Boys Farm Hash natural?
Yes. It is made naturally without additives, chemicals, or synthetic fillers.
How long does shipping take to Europe
We offer fast and discreet shipping across Europe. Delivery times usually range between 2–5 business days depending on your location.
Do you ship discreetly?
Yes. All orders are packaged in plain, stealth packaging with no indication of the contents.
How should I store Golden Boys Farm Hash?
Store it in a cool, dark, airtight container. Proper storage helps maintain its freshness, aroma, and potency.
Is Golden Boys Farm Hash suitable for beginners?
Yes, but we recommend starting with a very small dose to gauge your tolerance.","Lab-Tested Quality
: Every batch undergoes rigorous third-party testing for potency, purity, safety, discreet shipping.",140,140,EUR,True,Dry Sift Hash,,,
frozenhashish:8582,https://frozenhashish.com/product/ketama-hash/,ketama-hash,Ketama Hash,"Premium Ketama Hash For Sale – Authentic Moroccan Hash from the Rif Mountains
Experience one of the most legendary hashes in the world. Our Ketama Hash is sourced from the renowned Ketama region in the Rif Mountains of Morocco, where hashish production has been perfected for generations.
Key Features Of Ketama Hash
Origin
: Traditionally produced in the Ketama region of the Rif Mountains, Morocco, one of the most famous hash-producing areas in the world.
Type
: High-quality Moroccan Pollen Hash (pressed kief).
Appearance
: Rich dark olive-green to deep brown color with a smooth, matte finish.
Texture
: Soft and pliable when warmed, with excellent consistency and easy to break down.
Aroma
: Strong earthy, spicy, and herbal profile with subtle notes of pine and sweet hay.
Flavor
: Smooth, woody, and robust with classic old-school Moroccan hash taste.
Potency
: Medium to high THC content, delivering a potent yet balanced effect.
Effects
: Deep physical relaxation, calming body high, stress relief, and mild cerebral euphoria. Excellent for evening or nighttime use.
Purity
: Made from naturally grown cannabis using traditional hand-rubbed or sieved methods, no additives or chemicals.
Freshness
: Carefully cured and stored to preserve maximum aroma, flavor, and potency.
How To Consume Ketama Hash
Common ways to consume
Ketama Hash
:
Smoking on its own
— enjoyed alone in a pipe or hash-specific piece to experience the full flavor profile without dilution from flower.
Mixed into a joint
— crumbled into ground flower, adding potency and the earthy/spicy flavor notes described in listings.
Topping a bowl
— placed on top of flower in a pipe or bong for a stronger hit.
Vaporizing
— using a vaporizer designed for concentrates; static sift hash is generally described as melting smoothly, making it suitable for this method.
Dabbing
— using a rig designed for concentrates; listings describe this hash as delivering a “smooth melt,” consistent with high-purity Dry sift.
Why Buy Ketama Hash From Our Website
When you shop with Frozen Hashish, you’re choosing quality, convenience, and customer satisfaction:
Top-Notch Products:
Our Ketama Hash is made using
precision techniques
, ensuring the highest quality possible in every batch.
Lab-Tested for
Purity
:
We prioritize your safety by lab-testing all our products for potency and purity.
Fast & Discreet Shipping:
Get your
Dry sift hash
delivered quickly and discreetly to your door.
Exclusive Offers:
Join our community and stay updated on the latest deals and discounts available only at info@frozenhashish.com
Shop Ketama Hash For Sale Online – Dry Sift Hash For Sale Europe
Discover authentic
Ketama Hash For Sale
at our online shop — premium Moroccan Dry Sift Hash now available across Europe with fast, discreet delivery.
Our
Ketama Hash
is carefully produced in the legendary Rif Mountains of Morocco using traditional dry sift methods. This classic pollen hash is prized by connoisseurs for its rich resin content, exceptional purity, and balanced effects.","Lab-Tested Quality
: Every batch undergoes rigorous third-party testing for potency, purity, safety, discreet shipping.",200,200,EUR,True,Dry Sift Hash,,,
frozenhashish:8573,https://frozenhashish.com/product/kilogrammes-farm-hash/,kilogrammes-farm-hash,Kilogrammes Farm Hash,"Premium Kilogrammes Farm Hash For Sale: Expertly Crafted Bulk Quality with Rich Terpenes & Superior Potency
Premium
Kilogrammes Farm Hash For Sale
, is a high-quality, bulk-oriented hash produced with expert craftsmanship for customers who demand both exceptional quality and value. Sourced from premium cannabis flowers and carefully processed in larger batches, this hash maintains outstanding terpene richness and potency without compromise.
Key Features Of Kilogrammes Farm Hash
Expert Craftsmanship
— Meticulously made using skilled techniques to ensure consistent quality across every kilogram.
Rich Terpenes
— Bold, complex aroma and flavor profiles that deliver depth and character in every session.
Superior Potency
— High cannabinoid content for strong, reliable, and long-lasting effects.
Bulk Quality
— Produced specifically for larger quantities while keeping premium standards intact.
Smooth Texture
— Pliable and resinous consistency that’s easy to portion and use.
Excellent Value
— Premium hash at scale, ideal for serious enthusiasts, resellers, or heavy users.
How To Consume Kilogrammes Farm Hash
Common ways to consume Kilogrammes Farm Hash:
Smoking on its own
— enjoyed alone in a pipe or hash-specific piece to experience the full flavor profile without dilution from flower.
Mixed into a joint
— crumbled into ground flower, adding potency and the earthy/spicy flavor notes described in listings.
Topping a bowl
— placed on top of flower in a pipe or bong for a stronger hit.
Vaporizing
— using a vaporizer designed for concentrates; static sift hash is generally described as melting smoothly, making it suitable for this method.
Dabbing
— using a rig designed for concentrates; listings describe this hash as delivering a “smooth melt,” consistent with high-purity Dry sift
Why Buy Kilogrammes Hash From Our Website
When you shop with Frozen Hashish, you’re choosing quality, convenience, and customer satisfaction:
Top-Notch Products:
Our Golden Head Warriors Hash is made using
precision techniques
, ensuring the highest quality possible in every batch.
Lab-Tested for
Purity
:
We prioritize your safety by lab-testing all our products for potency and purity.
Fast & Discreet Shipping:
Get your
Kilogrammes Farm Hash
delivered quickly and discreetly to your door.
Exclusive Offers:
Join our community and stay updated on the latest deals and discounts available only at info@frozenhashish.com","Lab-Tested Quality
: Every batch undergoes rigorous third-party testing for potency, purity, safety, discreet shipping.",150,150,EUR,True,Dry Sift Hash,,,
frozenhashish:8564,https://frozenhashish.com/product/mars-ice-cream-hash-for-sale/,mars-ice-cream-hash-for-sale,MARS ICE CREAM HASH,"Premium Mars Ice Cream Hash For Sale: Expertly Crafted with Sweet Creamy Terpenes & Superior Potency
Premium Mars Ice Cream Hash For Sale, is a deliciously indulgent premium hash that combines expert craftsmanship with a standout sweet and creamy flavor profile. Carefully produced from high-quality cannabis flowers, this hash delivers a unique dessert-like experience while maintaining strong potency.
Key Features Of Mars Ice Cream Hash
Sweet Creamy Terpenes
— Distinctive vanilla ice cream, sweet cream, and fruity notes for a dessert-like aroma and flavor.
Expert Craftsmanship
— Meticulously produced by skilled hash makers using premium cannabis material.
Superior Potency
— High cannabinoid content delivering strong, long-lasting effects.
Smooth Texture
— Pliable, resinous consistency that’s easy to handle and burns cleanly.
Balanced Effects
— Deep physical relaxation combined with gentle euphoria and mental comfort.
Rich Resin Quality
— Excellent trichome preservation for maximum flavor and potency.
Premium Purity
— Carefully processed for clean smoke with minimal impurities.
Unique Dessert Experience
— A standout sweet hash perfect for those who love creamy, indulgent terpene profiles.
How To Consume Mars Ice Cream Hash
Common ways to consume Golden Head Warriors Hash:
Smoking on its own
— enjoyed alone in a pipe or hash-specific piece to experience the full flavor profile without dilution from flower.
Mixed into a joint
— crumbled into ground flower, adding potency and the earthy/spicy flavor notes described in listings.
Topping a bowl
— placed on top of flower in a pipe or bong for a stronger hit.
Vaporizing
— using a vaporizer designed for concentrates; static sift hash is generally described as melting smoothly, making it suitable for this method.
Dabbing
— using a rig designed for concentrates; listings describe this hash as delivering a “smooth melt,” consistent with high-purity static sift.
Why Buy Mars Ice Cream Hash Online From Our Website
When you shop with Frozen Hashish, you’re choosing quality, convenience, and customer satisfaction:
Top-Notch Products:
Our Mars Ice Cream Hash is made using
precision techniques
, ensuring the highest quality possible in every batch.
Lab-Tested for
Purity
:
We prioritize your safety by lab-testing all our products for potency and purity.
Fast & Discreet Shipping:
Get your
Dry sift hash
delivered quickly and discreetly to your door.
Exclusive Offers:
Join our community and stay updated on the latest deals and discounts available only at info@frozenhashish.com
Shop Mars Ice Cream Hash For Sale – Buy Premium THCA Hash Online Europe
Shop Mars Ice Cream Hash For Sal
e
— Premium THCA Hash available online with fast delivery across Europe.
Mars Ice Cream Hash
is a premium THCA-rich hash celebrated for its sweet creamy terpenes, expert craftsmanship, and superior potency. Crafted from high-quality cannabis, this delicious hash offers a dessert-like flavor profile combined with strong, long-lasting effects.
Frequently Asked Questions(FAQ): Mars Ice Cream Hash
How is it made?
Described only as using “modern methods of extraction” no further detail (dry sift, ice water, rosin, etc.) is specified in the listing.
Is it related to “Mars Caramel Centres”?
Possibly,  that’s a separate but similarly-named dessert-themed listing from the same retailer family, but I can’t confirm they’re the same product, so I’m not folding those details in here.
Is it tested or lab-verified?
Yes. Every batch is independently lab-tested for purity and potency, with results available on request.
Is it legal?
Depends entirely on your location, cannabis laws vary by country and region.","Lab-Tested Quality
: Every batch undergoes rigorous third-party testing for potency, purity, safety, discreet shipping.",80,80,EUR,True,Dry Sift Hash,,,
frozenhashish:8547,https://frozenhashish.com/product/royal-farmz-hash/,royal-farmz-hash,Royal Farmz Hash,"Royal Farmz Premium Hash – Expert Craftsmanship & Exceptional Quality
Royal Farmz Premium Hash
is a top-tier
cannabis hash
produced with expert craftsmanship and uncompromising attention to quality. Sourced from premium cannabis flowers and meticulously processed, this hash stands out for its rich resin content, complex terpene profile, and consistent excellence.
Key Features Of
Royal Farmz Premium
Expert Craftsmanship
— Meticulously produced by experienced hash makers using premium cannabis flowers and advanced processing techniques.
Rich Terpene Profile
— Bold, complex aromas with sweet, earthy, fruity, and spicy notes that shine during the session.
Superior Resin Quality
— High resin content for a smooth, clean burn and excellent potency.
Pliable Texture
— Perfectly balanced consistency that is easy to handle, break up, and use in joints, bowls, or vaporizers.
Balanced & Potent Effects
— Delivers deep relaxation combined with mental clarity and long-lasting comfort.
Premium Purity
— Carefully processed to preserve maximum cannabinoids and terpenes while maintaining high cleanliness standards.
Consistent Quality
— Every batch meets Royal Farmz’s strict quality standards for reliability and excellence.
Excellent Value
— Outstanding price-to-quality ratio trusted by hash enthusiasts across Europe.
How To Consume
Royal Farmz Premium Hash
Common methods:
Smoking with flower
— crumbled into a joint or blunt with ground cannabis flower. Since semi dry sift tends to be a bit coarser and less powdery than fully cured dry sift, it may need to be broken up more before mixing evenly.
Pipe or bong bowl
— sprinkled on top of a bowl of ground flower.
Hot knifing
— heated between two hot blades, with the vapor inhaled through a funnel or tube — an old-school method, less common now.
Vaporizing
— using a dry herb vape with a concentrate pad/attachment, or a dab rig/e-nail at lower temperatures.
Dabbing
— works best with cleaner, more refined
dry sift
that has good “melt quality.” Because semi dry sift retains more plant contamination, it typically melts less cleanly
Why Buy
Royal Farmz Premium Hash From Our Website
When you shop with Frozen Hashish, you’re choosing quality, convenience, and customer satisfaction:
Top-Notch Products:
Our Royal Farmz Hash is made using
precision techniques
, ensuring the highest quality possible in every batch.
Lab-Tested for
Purity
:
We prioritize your safety by lab-testing all our products for potency and purity.
Fast & Discreet Shipping:
Get your
Dry sift hash
delivered quickly and discreetly to your door.
Exclusive Offers:
Join our community and stay updated on the latest deals and discounts available only at info@frozenhashish.com","Lab-Tested Quality
: Every batch undergoes rigorous third-party testing for potency, purity, safety, discreet shipping.",280,280,EUR,True,Dry Sift Hash,,,
frozenhashish:8539,https://frozenhashish.com/product/semi-dry-sift-hash/,semi-dry-sift-hash,Semi Dry Sift Hash,"Semi Dry Sift Hash – Premium Quality with Expert Craftsmanship
Semi Dry Sift Hash is a premium-quality hash offering the perfect balance between dry sift and full sticky resin. Expertly crafted using high-grade cannabis material, this semi-dry sift is carefully processed to deliver an ideal texture that is easy to handle while still maintaining excellent resin richness and terpene expression.
Key Features Of Semi Dry Sift Hash
Partial cure before sifting
— unlike traditional
dry sift
, which uses cannabis cured for weeks before processing, semi dry sift skips or shortens that curing period.
Terpene retention potential
— because the material is processed earlier, it can sometimes preserve more volatile terpenes than fully dried and cured flower, since curing time is when a lot of terpenes degrade or evaporate.
Higher contamination risk
— using less-cured material tends to increase plant contamination in the final product, since the trichomes don’t separate as cleanly from the plant matter as they do with fully dried flower.
Harder clean separation
— the semi-dry state makes it more difficult to achieve the clean mechanical separation of trichome heads from stalks and plant material that you get with fully cured, drier flower.
Quality trade-off vs. traditional dry sift
— traditional dry sift (made from fully cured material through fine mesh screens) generally produces a cleaner, more refined product with better “melt quality” semi dry sift tends to fall short on that purity measure.
How To Consume Semi Dry Sift Hash
Common methods:
Smoking with flower
— crumbled into a joint or blunt with ground cannabis flower. Since semi dry sift tends to be a bit coarser and less powdery than fully cured dry sift, it may need to be broken up more before mixing evenly.
Pipe or bong bowl
— sprinkled on top of a bowl of ground flower.
Hot knifing
— heated between two hot blades, with the vapor inhaled through a funnel or tube — an old-school method, less common now.
Vaporizing
— using a dry herb vape with a concentrate pad/attachment, or a dab rig/e-nail at lower temperatures.
Dabbing
— works best with cleaner, more refined dry sift that has good “melt quality.” Because semi dry sift retains more plant contamination, it typically melts less cleanly on a dab rig than fully cured dry sift or bubble hash, so results may be inconsistent.
Pressing into rosin first
— some people press dry sift (including semi dry sift) into rosin using heat and pressure, which can improve consistency and make it more dab-friendly, though contamination in the starting material will still carry over somewhat.
Edibles/infusions
— decarboxylated and infused into butter or oil.
Why Buy Semi Dry Sift Hash From Us Frozen Hashish
When you shop with Frozen Hashish, you’re choosing quality, convenience, and customer satisfaction:
Top-Notch Products:
Our Semi Dry Sift Hash is made using
precision techniques
, ensuring the highest quality possible in every batch.
Lab-Tested for
Purity
:
We prioritize your safety by lab-testing all our products for potency and purity.
Fast & Discreet Shipping:
Get your
Dry sift hash
delivered quickly and discreetly to your door.
Exclusive Offers:
Join our community and stay updated on the latest deals and discounts available only at info@frozenhashish.com
Shop Semi Dry Sift Hash Online – Premium Quality Hash Delivered Across Europe
Our
Semi Dry Sift Hash
is expertly crafted to offer the ideal middle ground between dry sift and traditional sticky resin. Made from high-grade cannabis flowers using precise dry sifting and controlled pressing techniques, it delivers excellent terpene retention, balanced potency, and easy-to-handle texture.
Frequently Asked Questions(FAQ): Semi Dry Sift Hash
What is semi dry sift hash?
It’s hash made from cannabis material that hasn’t been fully cured before being sifted, a middle category between fresh, undried flower and the fully cured material used in traditional dry sift.
How is it different from regular dry sift?
Traditional
dry sift
uses flower cured for weeks before processing through fine mesh screens. Semi dry sift skips or shortens that curing period, which changes both the process and the end result.
Is semi dry sift better or worse quality?
Generally considered lower quality than fully cured dry sift. Using less-cured material makes clean trichome separation harder and tends to increase plant contamination in the final product.
Does it preserve more terpenes?
Sometimes; since curing time is when a lot of volatile terpenes degrade or evaporate, processing earlier can retain more of them. That said, this potential benefit is often offset by the contamination trade-off.
How can I tell it apart from fully cured dry sift?
Color and texture are the easiest tells. Fully cured dry sift is typically light blonde or pale golden and powdery. Semi dry sift and lower grades trend darker (tan to brown) and coarser, with more visible plant matter.
What’s “melt quality” and does semi dry sift have it?
Melt quality refers to how cleanly hash melts or vaporizes when heated, a sign of purity. High-quality full dry sift can melt almost completely. Semi dry sift generally melts less cleanly due to its higher contamination level.
How should I consume it?
It’s better suited to smoking (mixed into a joint or bowl) or vaping than dabbing, since its coarser texture and lower melt quality make it less ideal for a dab rig. Some people press it into rosin to improve consistency.
How is it made?
Same basic mechanical process as any dry sift, plant material is moved across screens of varying micron sizes, which lets trichomes fall through while filtering out larger plant matter. The difference is simply that the starting material isn’t fully cured.
Is it legal?
Depends entirely on where you are, cannabis laws vary widely by country and region, so check local regulations before use.","Lab-Tested Quality
: Every batch undergoes rigorous third-party testing for potency, purity, safety, discreet shipping.",250,250,EUR,True,Dry Sift Hash,,,
frozenhashish:8529,https://frozenhashish.com/product/sticky-fingers-hash/,sticky-fingers-hash,Sticky Fingers Hash,"Sticky Fingers Hash – Premium Sticky Sift with Expert Craftsmanship
Sticky Fingers Hash is a premium sticky sift hash celebrated for its exceptional resin quality, strong stickiness, and rich terpene expression. Expertly crafted by skilled hash makers, this product uses high-grade cannabis material processed through careful dry sift and pressing techniques to create a concentrated, aromatic, and highly potent hash.
Key Features Of Sticky Fingers Hash
Solventless extraction
— marketed as being made using traditional dry-sift or ice-water extraction methods, without solvents.
Resinous, sticky texture
— the name itself comes from the hash’s sticky, resin-rich consistency, which is generally a sign of high trichome content.
Full-spectrum profile
— because it’s not solvent-refined, it’s positioned as preserving a broader range of cannabinoids and terpenes from the original plant.
Flavor profile
— described as sweet, earthy, and skunky notes with an aromatic smoke.
Slow-burning consistency
— the sticky texture is said to make it burn slower than drier hash, which sellers frame as a smoother, more drawn-out experience.
Premium/trichome-rich source material
— marketed as made from resin-heavy strains rather than lower-grade trim.
Product variants
— some sellers offer it as traditional dry-sift hash, while at least one brand also sells a “Sticky Fingers Hash Rosin” vape pen — a different product (rosin, which is heat/pressure extracted, not the same as dry sift or ice-water hash).
How To Consume Sticky Fingers Hash
Smoking with flower
— crumbled or flattened into a joint/blunt alongside ground cannabis flower. Because
sticky hash
is soft and pliable, it’s easy to press into a thin layer and lay across the flower before rolling.
Pipe or bong bowl
— small pieces placed on top of ground flower in the bowl.
Hot knifing
— an old-school method where the hash is heated between two hot blades and the resulting vapor is inhaled through a funnel or tube.
Vaporizing
— a dry herb vape with a concentrate-friendly attachment, or a dab rig/e-nail at a lower temperature.
Dabbing
— sticky, resin-rich hash (especially if it’s closer to a rosin-style rather than dry sift) can work reasonably well on a dab rig since it tends to melt more than crumbly dry sift does.
Edibles/infusions
— decarboxylated (heated to activate THC) and infused into butter or oil for cooking.
Why Buy Sticky Fingers Hash From Our Website
When you shop with Frozen Hashish, you’re choosing quality, convenience, and customer satisfaction:
Top-Notch Products:
Our Sticky Fingers Hash is made using
precision techniques
, ensuring the highest quality possible in every batch.
Lab-Tested for
Purity
:
We prioritize your safety by lab-testing all our products for potency and purity.
Fast & Discreet Shipping:
Get your
Dry sift hash
delivered quickly and discreetly to your door.
Exclusive Offers:
Join our community and stay updated on the latest deals and discounts available only at info@frozenhashish.com
Shop Sticky Fingers Hash Online – Buy Premium Hash Europe
Shop Sticky Fingers Hash Online,
your reliable destination for premium sticky sift hash across Europe.
Sticky Fingers Hash is expertly crafted premium hash known for its signature sticky texture, rich terpene profile, and high potency. Made from carefully selected cannabis flowers using skilled dry sift and pressing methods, each batch delivers the authentic stickiness and bold flavor that hash lovers crave.
Frequently Asked Questions(FAQ): Golden Head Warriors Hash
What is Sticky Fingers Hash?
It’s a solventless cannabis concentrate, typically made through traditional dry-sift or ice-water extraction, known for its sticky, resinous texture.
Why is it called “sticky fingers”?
The name refers to the hash’s naturally tacky, resin-rich consistency, a texture that indicates high trichome content.
How is it made?
Retailers describe it as handcrafted using dry-sift or ice-water extraction, which separates trichomes from the plant material without solvents.
Is it full-spectrum?
It’s marketed that way, meaning it’s meant to preserve more of the plant’s original cannabinoid and terpene profile compared to solvent-refined extracts.
What does it taste/smell like?
Described as having sweet, earthy, and skunky notes with an aromatic smoke.
Does it burn differently than regular flower?
Sellers describe it as slow-burning due to its sticky consistency, giving a more drawn-out smoking experience.
Is “Sticky Fingers Hash Rosin” the same product?
Not exactly, one retailer sells a separate “Sticky Fingers Hash Rosin” vape pen line, which is a different extraction method (rosin uses heat/pressure) than traditional dry-sift or ice-water hash. Worth checking which specific product a listing refers to.
Is it tested or lab-verified?
Yes. Every batch is independently lab-tested for purity and potency, with results available on request.
Is it legal?
Depends entirely on your location, cannabis laws vary widely by country and region, so check local regulations before purchasing or using.","Lab-Tested Quality
: Every batch undergoes rigorous third-party testing for potency, purity, safety, discreet shipping.",200,200,EUR,True,Dry Sift Hash,,,
frozenhashish:8510,https://frozenhashish.com/product/swiss-farms-hash/,swiss-farms-hash,Swiss Farms Hash,"Swiss Farms Hash – Premium Solventless Hash by Trusted Swiss Cultivators
Swiss Farms Hash
is a premium solventless hash produced by trusted Swiss cultivators known for their precision, cleanliness, and high standards. Combining traditional craft methods with modern refinement techniques, this hash delivers exceptional purity, rich terpene expression, and smooth performance.
Key Features Of
Swiss Farms Hash
Solventless Excellence
— Made using advanced static sift and ice water extraction methods, completely free from solvents and chemicals.
Premium Quality
— Ultra-clean trichome heads with outstanding full-melt properties and minimal residue.
Terpene Profile
— Vibrant and complex aromas, often featuring floral, herbal, earthy, sweet, or gassy notes that reflect premium Swiss-grown genetics.
Texture
— Ranges from fine sandy sift to soft, pliable, and greasy consistency depending on the batch.
Potency
— High THCA content for potent yet balanced full-spectrum effects.
How To Consume
Swiss Farms Hash
Common ways to consume Swiss Farms Hash:
Smoking on its own
— enjoyed alone in a pipe or hash-specific piece to experience the full flavor profile without dilution from flower.
Mixed into a joint
— crumbled into ground flower, adding potency and the earthy/spicy flavor notes described in listings.
Topping a bowl
— placed on top of flower in a pipe or bong for a stronger hit.
Vaporizing
— using a vaporizer designed for concentrates; static sift hash is generally described as melting smoothly, making it suitable for this method.
Dabbing
— using a rig designed for concentrates; listings describe this hash as delivering a “smooth melt,” consistent with high-purity dry sift.
Why
Swiss Farms Hash From Us
When you shop with Frozen Hashish, you’re choosing quality, convenience, and customer satisfaction:
Top-Notch Products:
Our Swiss Farms Hash is made using
precision techniques
, ensuring the highest quality possible in every batch.
Lab-Tested for
Purity
:
We prioritize your safety by lab-testing all our products for potency and purity.
Fast & Discreet Shipping:
Get your Dry
sift hash
delivered quickly and discreetly to your door.
Exclusive Offers:
Join our community and stay updated on the latest deals and discounts available only at info@frozenhashish.com
Shop Swiss Farms Hash Online – Buy THCA Hash Online Europe
Discover
Swiss Farms Hash,
premium solventless hash crafted by trusted Swiss cultivators. Known for its exceptional purity, rich terpene profiles, and smooth full-melt quality, Swiss Farms Hash is a top-tier choice for connoisseurs across Europe.","Lab-Tested Quality
: Every batch undergoes rigorous third-party testing for potency, purity, safety, discreet shipping.",150,150,EUR,True,Dry Sift Hash,,,
frozenhashish:8501,https://frozenhashish.com/product/terpy-farms-hash/,terpy-farms-hash,Terpy Farms Hash,"Terpy Farms Hash – Premium Solventless Hash by Trusted Cultivators
Terpy Farms Hash
is a premium solventless hash crafted with care by trusted cultivators who prioritize terpene preservation and quality. Known for its exceptional cleanliness, rich aroma, and smooth effects, Terpy Farms Hash represents the best of craft hashmaking.
Key Features of Terpy Farms Hash
Terpene-rich profile:
Marketed as bursting with bold, natural flavors, the brand’s name centers on terpene preservation as its core selling point.
Production method:
Described as handcrafted using traditional, solventless methods, made from trichome-rich strains selected for high terpene output.
Flavor/aroma:
Complex notes of earth, citrus, and spice noted across multiple listings.
Effects:
Positioned as a “full-spectrum” experience delivering a balanced high, described as promoting euphoria alongside deep relaxation.
Versatility:
Marketed as suitable for smoking, vaping, or topping onto flower.
Target audience:
Positioned for both cannabis connoisseurs and medical users seeking flavor, relief, or a smooth high.
Sourcing claims:
The brand describes itself as committed to clean, sustainable cultivation practices, though this isn’t independently verified in what I found.
Pricing/availability:
Sold in variable quantities (roughly €80–€800 range per listings), primarily through European-facing online hash shops.
How To Consume Terpy Farms Hash
Dabbing:
Small pieces vaporized on a heated nail or banger using a dab rig or e-nail, the go-to method for appreciating a hash’s terpene profile and purity, especially for higher-quality/meltable grades.
Vaporizing:
Some dry herb/concentrate vaporizers can handle hash directly, releasing cannabinoids and terpenes without combustion.
Topping flower:
Crumbled or pressed onto a bowl or joint of dried flower to boost potency and add flavor to a regular smoking session, listed as one of the brand’s suggested “versatile” uses.
Rolling into joints/blunts:
Softened hash rolled into or alongside flower.
Smoking directly:
Some softer hash varieties can be crumbled and smoked on their own in a pipe, though this is less common than the methods above.
Why Buy Terpy Farms Hash Online From Our Store
When you shop with Frozen
Hashish
, you’re choosing quality, convenience, and customer satisfaction:
Top-Notch Products:
Our Terpy Farms Hash is made using
precision techniques
, ensuring the highest quality possible in every batch.
Lab-Tested for
Purity
:
We prioritize your safety by lab-testing all our products for potency and purity.
Fast & Discreet Shipping:
Get your
Static sift hash
delivered quickly and discreetly to your door.
Exclusive Offers:
Join our community and stay updated on the latest deals and discounts available only at info@frozenhashish.com
Shop Terpy Farms Hash Online – Buy Static Sift Online Europe
Discover Terpy Farms Hash, premium solventless static sift hash crafted by trusted cultivators. Renowned for its ultra-clean trichome heads, rich terpene profiles, and excellent full-melt quality, Terpy Farms Hash is a top choice for connoisseurs across Europe.
Frequently Asked Questions(FAQ): Terpy Farms Hash
What is Terpy Farms Hash?
It’s a cannabis concentrate marketed as a handcrafted, solventless hash made from trichome-rich strains, with the brand emphasizing terpene preservation as its main selling point.
How is it made?
Listings describe it as made using “traditional, solventless methods,” though specific extraction details (e.g., dry sift vs. ice water).
What does it taste and smell like?
Described as having complex notes of earth, citrus, and spice, with an emphasis on a bold, natural terpene-forward flavor.
What effects can I expect?
Marketed as a “full-spectrum” balanced high, described as promoting euphoria alongside deep relaxation.
How potent is it?
Potency figures weren’t clearly listed in the sources I found, unlike some other branded hash products, there’s no consistent THC percentage claim across listings.
How do I consume it?
Commonly dabbed, vaporized, topped onto flower, or rolled into joints, see my previous answer for detail on each method.
Who makes it, and is it a verified/regulated producer?
Terpy Farms describes itself as committed to clean, sustainable cultivation, but I could not verify this through any regulated, lab-tested, or official source. The listings I found were on informal online hash shops rather than licensed retailers.
Is it lab-tested?
Yes. Every batch is independently lab-tested for purity and potency, with results available on request.
Where is it sold?
Primarily through online hash shops https://frozenhashish.com/, with a European focus, at prices roughly ranging €80–€800 depending on quantity.
How does it compare to Ice Water Hash or Static Room Hash?
Those two are defined by clear extraction methods (ice water agitation and static-sift separation, respectively) with more documented production processes. Terpy Farms Hash, by contrast, is a specific brand with less transparent sourcing and no verified lab data in what I found, so it’s harder to independently confirm the claims made about it.","Lab-Tested Quality
: Every batch undergoes rigorous third-party testing for potency, purity, safety, discreet shipping.",150,150,EUR,True,Dry Sift Hash / Static Sift Hash,,,
frozenhashish:8492,https://frozenhashish.com/product/ice-water-hash-2/,ice-water-hash-2,Ice Water Hash,"Ice Water Hash – Premium Solventless Bubble Hash by Trusted Cultivators
Ice Water Hash
is a premium solventless
bubble hash
meticulously crafted using the traditional ice water extraction method. Produced by trusted cultivators, this concentrate is renowned for its exceptional purity, rich terpene preservation, and superior melt quality.
Key Features Of
Ice Water Hash
Production method:
Made by agitating cannabis flower (fresh-frozen or dried) in ice-cold water, causing trichome heads to become brittle and break off. The mixture is then filtered through a series of progressively finer micron mesh bags to separate and collect the trichomes.
Process steps:
Freezing/chilling the plant material, agitation in ice water, sequential straining through multiple micron-rated bags, collection of the wet trichome mass, then drying (often via freeze-drying) and curing.
Solvent-free:
Uses only ice and water, no butane, CO₂, or other chemical solvents, making it a mechanical/solventless extraction method.
Texture/appearance:
Ranges from a sandy, granular texture (lower grades) to a smooth, meltable, almost buttery consistency in top-tier “full melt” grades; color varies from blonde to darker amber depending on purity.
Grading system:
Commonly graded by micron size of the mesh used (e.g., 73u, 90u, 120u, 160u) and by quality tiers such as “full melt,” “half melt,” and “bubble hash,” with full melt being the highest-purity, most sought-after grade.
Flavor/aroma:
Terpene profile is largely preserved since no heat or chemicals are used, so aroma and flavor tend to closely reflect the source strain — often described as fresh, terpy, and strain-true.
Potency:
Highly variable depending on starting material and grade, but quality ice water hash commonly ranges from roughly 40–70%+ THC.
Purity/quality indicator:
The “full melt” designation (leaving no residue when heated/dabbed) is widely used as a purity benchmark within the concentrate community.
Consumption methods:
Typically dabbed, but also used in rosin pressing (heat + pressure applied to ice water hash to produce “hash rosin,” a further-refined solventless concentrate) or topped onto flower.
Longevity/storage:
Best preserved through cold storage (freezer) and airtight, low-humidity containers, since heat and moisture degrade quality and terpene content over time.
How To Consume Ice Water Hash
common ways to consume Ice Water Hash
Dabbing:
The most common method for higher-grade (especially full-melt) ice water hash. Small amounts are vaporized on a heated nail or banger using a dab rig, e-nail, or portable dab device at controlled temperatures, full melt hash is prized here because it vaporizes cleanly with little to no residue.
Vaporizing:
Some dry herb/concentrate vaporizers can handle hash directly, heating it enough to release cannabinoids and terpenes without combustion.
Pressing into rosin:
Ice water hash is a popular starting material for making hash rosin, applying heat and pressure (via a rosin press) to squeeze out a more refined, sap-like concentrate that can then be dabbed or vaped.
Topping flower (moon rocks/hash joints):
Crumbled or pressed onto a bowl or joint of dried flower to boost potency and add flavor to a regular smoking session.
Rolling into joints/blunts:
Softer or lower-grade hash can be rolled into or alongside flower.
Hot knifing (older/less common method):
Pressing the hash between two heated surfaces to vaporize it, less precise than dabbing and less commonly recommended today.
Why Buy
Ice Water Hash Online From Oue Website
When you shop with Frozen Hashish, you’re choosing quality, convenience, and customer satisfaction:
Top-Notch Products:
Our Ice Water Hash is made using
precision techniques
, ensuring the highest quality possible in every batch.
Lab-Tested for
Purity
:
We prioritize your safety by lab-testing all our products for potency and purity.
Fast & Discreet Shipping:
Get your
Ice Water Dry Sift Hash
delivered quickly and discreetly to your door.
Exclusive Offers:
Join our community and stay updated on the latest deals and discounts available only at info@frozenhashish.com
Shop
Ice Water Dry Sift Hash Online – Buy Dry Sift Hash Online
Discover a premium selection of solventless hash, offering both ice water-extracted and dry sift varieties for connoisseurs seeking clean, potent concentrates without chemical solvents. Our ice water hash is crafted by agitating cannabis flower in ice-cold water and filtering through progressively finer micron screens, producing everything from sandy bubble hash to smooth, meltable full-melt grades. Our dry sift hash is produced through mechanical sifting of dried flower over fine mesh screens, preserving trichome heads in their purest form.
Frequently Asked Questions(FAQ): Ice Water Hash (Bubble Hash)
What is Ice Water Hash?
Ice Water Hash (also called bubble hash) is a solventless cannabis concentrate made by agitating cannabis flower in ice-cold water, causing trichome heads to break off, then filtering the mixture through progressively finer micron mesh bags to collect them.
Is it the same as dry sift hash?
No, dry sift uses mechanical sifting of dried flower over mesh screens without water, while ice water hash uses cold water and agitation to separate trichomes. Both are solventless but use different mechanisms and often produce different textures.
Is it solvent-free?
Yes, only ice and water are used, with no butane, CO₂, or other chemical solvents, making it a mechanical extraction method.
What does “full melt” mean?
Full melt refers to the highest purity grade of ice water hash, meaning it vaporizes completely when heated (typically dabbed) with little to no residue left behind, widely used as a quality benchmark in the concentrate community.
What are the micron grades?
Hash is filtered through mesh bags of different micron sizes (e.g., 73u, 90u, 120u, 160u), with finer microns generally yielding purer, more refined trichome heads and better melt quality.
How potent is it?
THC content varies widely by starting material and grade but commonly falls in the roughly 40–70%+ range for quality product, actual potency should be confirmed via third-party lab testing (COA) rather than listing claims.
Does it retain flavor and aroma?
Yes, since no heat or chemicals are used in extraction, terpenes are largely preserved, so flavor and aroma tend to closely reflect the source strain.
How do I consume it?
Most commonly dabbed, but also used for pressing into hash rosin, vaporizing, topping flower, or rolling into joints, see my earlier answer for more detail on each method.
How should I store it?
Best kept in a freezer or cold, dark location in an airtight, low-humidity container, since heat and moisture degrade quality and terpene content over time.
What’s the difference between ice water hash and hash rosin?
Hash rosin is a further-refined product, ice water hash is pressed with heat and pressure to extract a more concentrated, sap-like substance, typically considered a step up in purity and potency.
Is it legal?
Legality depends on your local jurisdiction’s cannabis regulations, which vary significantly by country and state/province, worth confirming locally before purchasing or consuming.","Lab-Tested Quality
: Every batch undergoes rigorous third-party testing for potency, purity, safety, discreet shipping.",150,150,EUR,True,Dry Sift Hash,,,
frozenhashish:8067,https://frozenhashish.com/product/vvs-tanger-dry-sift-hash/,vvs-tanger-dry-sift-hash,VVS TANGER  Dry Sift Hash,"VVS Tanger Dry Sift Hash | Buy Premium Dry Sift Hash Europe
VVS Tanger Dry Sift Hash
is part of our premium dry sift collection, carefully selected for its quality, consistency, and refined craftsmanship. If you’re looking to
buy premium dry sift hash in Europe
, explore our collection featuring detailed product information, secure checkout, and responsive customer support. Shop with confidence and discover a reliable destination for premium dry sift hash products.
Key Features Of
VVS Tanger Dry Sift Hash
Production method
: Made from flash-frozen flower that’s gently sifted through specialized screens (frozen/dry sift), separating trichomes while preserving freshness and potency.
Micron grade
: Sold at a 160/90 micron frozen-sift grade on at least one storefront, with pricing tiers suggesting multiple grade options.
Name meaning
: “VVS” reportedly borrows from diamond-grading terminology (“Very Very Slightly” included), used here to signal high purity and quality.
Flavor/aroma
: Distinct citrus/tangerine-forward terpene profile, described as bold and intense.
Texture/melt
: Marketed as having a clean, smooth melt typical of high-purity solventless hash.
Effects (per listings)
: Described as uplifting, with a broader mix of euphoria, relaxation, and therapeutic effects depending on the source.
How To Consume
VVS Tanger Dry Sift Hash
Common ways to consume VVS Tanger Dry Sift Hash:
Smoking with flower
— crumbled into a joint or topped on a bowl of ground flower; blends easily and lets the citrus/tangerine notes come through.
Pipe or bong
— placed on a screen or directly on top of flower.
Vaporizer for concentrates
— a lower-temperature option that preserves terpenes better than combustion, well-suited to a high-purity sift like this.
Dabbing
— using a rig designed for concentrates; high-purity frozen/dry sift is generally described as melting cleanly, making it suitable for this method.
Pressed into rosin
— some people press dry/frozen sift into rosin using a heat press for an even smoother, solventless dab.
Why Buy
VVS Tanger Dry Sift Hash From Us Frozen Hashish
When you shop with Frozen Hashish, you’re choosing quality, convenience, and customer satisfaction:
Top-Notch Products:
Our Broker Farm Hash is made using
precision techniques
, ensuring the highest quality possible in every batch.
Lab-Tested for
Purity
:
We prioritize your safety by lab-testing all our products for potency and purity.
Fast & Discreet Shipping:
Get your
Dry sift hash
delivered quickly and discreetly to your door.
Exclusive Offers:
Join our community and stay updated on the latest deals and discounts available only at info@frozenhashish.com
Shop VVS Tanger Dry Sift Hash Online | CBD Hash For Sale Online Europe
Discover our premium selection of
VVS Tanger Dry Sift Hash
, carefully chosen for its quality, consistency, and refined craftsmanship. If you’re looking for
CBD hash for sale online in Europe
, explore our collection with confidence. We provide detailed product information, secure checkout, and responsive customer support to help you make informed purchasing decisions and enjoy a reliable online shopping experience.
Frequently Asked Questions(FAQ): VVS Tanger Dry Sift Hash
What is VVS Tanger Dry Sift Hash?
A solventless cannabis concentrate made from flash-frozen flower, sifted through specialized screens to separate trichomes while preserving freshness and terpene content.
What does “VVS” mean?
The name reportedly borrows from diamond-grading terminology (“Very Very Slightly” included), used here to signal a high level of purity and quality, though it’s a branding term, not an official cannabis industry standard.
What does “Tanger” refer to?
It points to the product’s citrus/tangerine-forward flavor profile, reportedly drawn from Tangerine-related cannabis strains.
How is it made?
Flowers are harvested and flash-frozen shortly after to preserve trichome integrity, then gently sifted through screens (frozen/dry sift). Listings describe pressing the collected trichomes into a cohesive block afterward.
What micron grade is it sold at?
At least one storefront lists it as a 160/90 micron frozen-sift grade, with different price tiers suggesting multiple grade/quantity options are available.
What does it taste and smell like?
Described as having a bold, intense tangerine/citrus terpene profile.
What effects does it produce?
Listings describe a mix of uplifting, relaxing, and therapeutic effects, though specifics vary somewhat between different seller descriptions.
Is the extraction method consistent across sellers?
Not entirely, some listings describe frozen/dry sifting, while others mention ice water extraction as part of the process. This inconsistency suggests the name is used across multiple unaffiliated sellers rather than referring to one single controlled production method.
How should it be stored?
Cool, dark, and airtight, protecting it from heat and light helps preserve its terpene profile and potency.
Is it lab-tested or organic?
Yes. Every batch is independently lab-tested for purity and potency, with results available on request.
Is it legal to buy or use?
Depends entirely on your jurisdiction, cannabis concentrate legality varies by country and, in the US, by state. Check local law before purchasing or using.","Lab-Tested Quality
: Every batch undergoes rigorous third-party testing for potency, purity, safety, discreet shipping.",190,190,EUR,True,Dry Sift Hash,,,
frozenhashish:7833,https://frozenhashish.com/product/omerta-farm-hash/,omerta-farm-hash,Omerta Farm Hash,"Omerta Farm Hash for Sale – Expert-Sourced, Lab-Tested Premium Hash
Omerta Farm Hash For Sale, a closely guarded, small-batch solventless
concentrate
crafted for the serious European collector. Produced from select, heavily resinous phenotypes using meticulous ice-water extraction and slow-cured into dense, glossy temple-style forms, this hash delivers a dark, sophisticated terpene profile of espresso, aged leather, black cocoa, and cracked black pepper. Independently lab-tested for cannabinoid potency, microbial purity, and full-spectrum terpene retention, Omerta Farm Hash offers a heavy, deeply sedating indica experience wrapped in old-world tradition. Shipped across the EU in vacuum-sealed, medical-grade smell-proof packaging with full discretion protocols.
Key Features Of Omerta Farm Hash
Small-Batch, Select-Phenotype Sourcing
– Crafted from closely held genetics chosen specifically for resin density, trichome structure, and complex aromatic depth rather than commercial yield.
True Solventless Ice-Water Extraction
– Made using only purified ice water and gentle agitation, with no hydrocarbons, CO₂, or chemical solvents introduced at any stage.
Dark, Sophisticated Terpene Profile
– Rich notes of dark-roast espresso, aged leather, bitter black cocoa, and cracked black pepper dominate the nose, with a smooth, earthy exhale and faint woody incense on the finish.
Dense, Glossy Temple-Ball Texture
– Slow-cured and hand-pressed into dark, resinous temple-style forms that are supple when warmed, slice cleanly, and melt into a heavy, flavorful oil with minimal residue.
Independent Third-Party Lab Testing
– Every batch verified for THCA/cannabinoid potency, complete terpene analysis, microbial contaminants, and residual solvent screening.
Heavy Indica-Leaning Effect Signature
– Delivers a profound, full-body relaxation and mental quietude. Best reserved for evening use, deep unwinding, or connoisseur sessions where sedation and sensory depth are the goal.
EU-Conscious Packaging & Logistics
– Vacuum-sealed in medical-grade, multi-layer smell-proof barrier film and dispatched in rigid, unmarked outer packaging. Regional EU fulfillment options minimize transit time and customs exposure.
Cold-Cured Freshness & Stability
– Stored in dark, climate-controlled conditions at optimal humidity until dispatch. The slow-cured temple structure preserves terpene integrity and prevents oxidation during shipping.
Connoisseur-Grade Consistency
– Selected for color density, structural integrity, and aromatic potency. Never dry, crumbly, or stale, only dark, glossy, and mechanically refined.
How to Consume Omerta Farm Hash
Smoking (Flower Enhancement)
Slice a thin shaving—0.05–0.1 g—from the glossy temple ball using a warm blade. The dark, dense resin is supple when heated slightly and crumbles into rich, oily fragments. Blend evenly into ground flower and roll or pack a bowl. The heavy indica structure melts slowly into the flower, extending the burn while releasing an intense bouquet of dark-roast espresso, aged leather, and bitter black cocoa laced with cracked black pepper.
Vaporization (Preserve the Dark Cocoa & Leather Terpenes)
Load a concentrate-compatible vaporizer fitted with a stainless-steel or ceramic mesh pad. Set the temperature between 185–210°C. Slice a paper-thin ribbon from the temple ball and place it on the pad, or sandwich it between two thin layers of flower to prevent the dense resin from pooling. This range best captures the volatile espresso and pepper top notes while allowing the deeper black cocoa and woody incense base to unfold without scorching.
Hot Knives or Dabbing
Place a rice-grain-sized piece, sliced cleanly from the glossy exterior, onto a pre-heated quartz, ceramic, or titanium surface. Inhale gently through a glass funnel or bottle attachment. Omerta Farm Hash is profoundly potent and fast-acting, with a heavy, sedating indica onset. Even seasoned consumers should treat the first dose as a calibration hit; the physical weight builds quickly and lingers.
Traditional Pipe or Chillum
Line the bowl with a thin bed of ash or flower to prevent the dense, oily temple resin from clogging the draw. Add a small crumbled slice and apply indirect flame to the rim rather than torching the center. This maintains an even, slow-burning cherry that draws out the aged leather and black cocoa undertones without carbonizing the delicate pepper-spice finish.
Edible Infusion (Advanced)
Finely slice or crumble the temple ball and spread thinly on parchment. Decarboxylate at 110–120°C for 35–45 minutes until the aroma deepens into toasted espresso and dark chocolate. Infuse into butter, coconut oil, or heavy cream over low heat for 45–60 minutes. Given its extreme indica potency and high cannabinoid density, start with a very small test dose and wait at least 90–120 minutes before considering any increase.
Frequently Asked Questions (FAQ): Omerta Farm Hash
What does Omerta Farm Hash taste and smell like?
The profile is dark, heavy, and sophisticated. The nose opens with dark-roast espresso and aged leather, followed by bitter black cocoa and a sharp crack of black pepper. When warmed or sliced, the aroma deepens into woody incense and damp earth. The smoke is dense and flavorful, finishing with a smooth, earthy exhale that lingers on the palate like a well-aged spirit.
What makes Omerta Farm Hash different from standard market hash?
It is sourced from closely held, select phenotypes chosen for resin density and aromatic complexity rather than commercial yield. The ice-water extraction is slow and meticulous, and the resin is cured into dense, glossy temple balls rather than loose or overly dry bricks. The result is a heavier, darker, more sedating product with a terpene profile you rarely encounter outside boutique solventless circles.
How potent is it compared to flower?
As a concentrated solventless extract from select, heavily resinous genetics, its cannabinoid density is significantly higher than even premium cured flower. The onset is rapid and physically heavy, delivering a profound, full-body sedation that builds quickly. If you typically consume flower, begin with one-third to one-half your usual quantity and adjust carefully.
Is it full-melt or half-melt?
Omerta Farm Hash is a high-grade, near-full-melt ice-water temple ball. Under gentle heat it softens into a glossy, dark oil and bubbles with minimal carbonaceous residue. It is clean enough for low-temperature vaporization and refined pipe use, though its dense, heavy structure also makes it exceptional when blended with flower.
How do you protect the temple ball texture during shipping?
We store inventory in dark, climate-controlled conditions at stable humidity and ship each temple ball vacuum-sealed in medical-grade, multi-layer smell-proof barrier film inside rigid, unmarked outer packaging. The dense, slow-cured structure is naturally resilient, but we avoid temperature shocks and compression to preserve its glossy, sliceable consistency upon arrival.
Is Omerta Farm Hash lab tested?
Every batch is screened by an independent third-party laboratory for cannabinoid potency including THCA, complete terpene profiling, microbial contaminants, and residual solvent screening. Because it is produced through ice-water extraction alone, no chemical solvents are introduced—but we verify absolute purity and publish the full lab sheets.
How should I store it at home?
Keep the temple ball in an airtight glass or food-grade silicone container in a cool, dark place away from direct heat and sunlight. The dense, slow-cured structure benefits from stable conditions; refrigeration is unnecessary and can cause condensation that degrades the glossy exterior. A well-cured temple ball will remain supple and aromatic for months if stored correctly.
Can I legally order this to my EU country?
Cannabis and hemp-derived concentrate regulations vary across EU member states. We ship discreetly in unmarked packaging, but you are responsible for understanding your local laws regarding THCA or hemp-derived products. Our listings include decarboxylation notes and regulatory context to help you assess compliance in your jurisdiction.
Can I cook with Omerta Farm Hash?
Yes. Finely slice or crumble the temple ball and spread thinly on parchment. Decarboxylate at 110–120°C for 35–45 minutes until the aroma deepens into toasted espresso and dark chocolate. Then infuse into butter, coconut oil, or heavy cream over low heat. Given its extreme indica potency and high cannabinoid density, start with a very small test dose and wait at least 90–120 minutes before considering any increase.
What is the best way to consume it for flavor?
Vaporization between 185–210°C on a concentrate-compatible mesh pad offers the cleanest translation of its espresso, leather, and black cocoa terpenes. For a more traditional, heavier experience, slice a thin ribbon and blend it with flower in a pipe, using indirect flame to preserve the pepper-spice finish. Direct torching will carbonize the delicate volatile top notes.
Is Omerta Farm Hash indica or sativa dominant?
It is heavily indica-leaning. Expect a profound physical sedation, deep muscle relaxation, and mental quietude rather than cerebral stimulation or creative energy. It is best reserved for evening use, deep unwinding, or connoisseur sessions where the goal is total sensory immersion and rest.
Why does your website stock this specific hash?
We curate for structural uniqueness, genetic integrity, and aromatic depth, not just THC percentages. Omerta Farm Hash earned its place because its dark, sophisticated espresso-leather-cocoa profile and heavy temple-ball sedation offer something genuinely rare for the European collector who has moved beyond fruity, generic, or mass-produced hashes.","Omerta Farm Hash is a small-batch, solventless ice-water temple ball crafted from select, heavily resinous phenotypes. Dense, glossy, and dark with a sophisticated terpene profile of espresso, aged leather, black cocoa, and cracked pepper, it delivers a profound, sedating indica experience. Lab-tested for purity and shipped in medical-grade, EU-discreet packaging for the discerning collector.",100,100,EUR,True,Dry Sift Hash,,,
frozenhashish:7782,https://frozenhashish.com/product/top-dry-120%c2%b5-hash/,top-dry-120%c2%b5-hash,Top dry 120µ hash,"Top Dry 120µ Hash | Buy Premium Dry Sift Hash Europe
Top Dry 120µ Hash
is part of our premium dry sift collection, selected for its refined texture, distinctive aroma, and consistent craftsmanship. If you’re looking to
buy premium dry sift hash in Europe
, explore our carefully curated selection backed by detailed product information, secure ordering, and responsive customer support. Our goal is to provide a reliable shopping experience with a focus on quality, transparency, and customer satisfaction.
Key Features Of Top Dry 12
µ Hash
Ultra-fine screen size
: Dry sift hash is graded by the mesh size (in microns) used to sift it. Typical full-range dry sift usually runs somewhere between 70–120 microns for the “main” grade. A 73-micron screen effectively balances potency and flavor, retaining trichome heads while minimizing plant material.
12 microns would be exceptionally fine
— finer than standard trichome-head-only screens, which typically catch material in the 45–90+ micron range. This level is unusually small for dry sift and would suggest either a highly refined “top” or “6-star” grade, or possibly a different measurement convention than the norm (worth double-checking with the seller what exactly “12µ” refers to on their labeling).
“Top” typically signals the finest, purest pass
in dry sift grading, the material collected using the smallest/final screen in a multi-screen stack, generally considered highest-grade because it has the least plant contamination.
General dry sift purity range
: standard dry sift hash usually runs about 70–85% purity, while a more refined static sift process can reach 85–95% purity thanks to electrostatic cleaning.
How To Consume
Top Dry 120µ Hash
Common ways to consume 120µ dry sift hash:
Smoking with flower
— crumbled and mixed into a joint or topped on a bowl; because 120µ sift tends to be a bit coarser/less refined than finer micron grades, it blends easily into flower and burns well this way.
Pipe or bong
— placed on a screen or directly on top of ground flower.
Vaporizer for concentrates
— a cleaner, lower-temperature option than combustion; melt quality can vary at this grade, since coarser dry sift doesn’t always melt as cleanly as more refined or “full-melt” grades.
Pressing into hash first
— some people compress loose 120µ sift into a hash puck or slab using a pollen press or by hand, making it easier to portion and handle before smoking or vaping.
Hot knifing
— an older method where a small piece is heated between two hot surfaces and the vapor inhaled through a funnel; less common today due to burn/safety risk from hot metal.
Why
Buy
Top Dry 120µ Hash
From Us
When you shop with Frozen Hashish, you’re choosing quality, convenience, and customer satisfaction:
Top-Notch Products:
Our Broker Farm Hash is made using
precision techniques
, ensuring the highest quality possible in every batch.
Lab-Tested for
Purity
:
We prioritize your safety by lab-testing all our products for potency and purity.
Fast & Discreet Shipping:
Get your
dry sift hash
delivered quickly and discreetly to your door.
Exclusive Offers:
Join our community and stay updated on the latest deals and discounts available only at info@frozenhashish.com
Shop
Top Dry 120µ Hash – Buy CBD Hash Online
Discover our premium selection of
Top Dry 120µ Hash
, carefully chosen for its quality, consistency, and refined craftsmanship. Whether you’re looking to
buy CBD hash online
or explore our premium dry sift collection, you’ll find detailed product information, secure checkout, and responsive customer support to help you shop with confidence. Browse our collection and enjoy a reliable online shopping experience focused on quality, transparency, and customer satisfaction.
Frequently Asked Questions (FAQ): Top Dry 120µ Hash
What does “120µ” mean?
It refers to the micron size of the screen used during the dry sifting process. Dry sift hash is graded by mesh size, a 120-micron screen offers a different experience, capturing larger trichome heads and more plant material, compared to finer screens.
How does 120µ compare to other micron grades?
Finer screens (e.g., 73 microns) balance potency and flavor while minimizing plant material, retaining a majority of desirable trichomes. A 120-micron screen sits on the coarser end, meaning the sift will generally include a bit more plant matter alongside the trichome heads.
Is “Top” a specific grade designation?
In dry sift grading, “top” commonly refers to the first or coarsest pass through a multi-screen stack (largest mesh/highest micron), as opposed to progressively finer passes underneath. Naming conventions vary by producer, so it’s worth confirming with a specific seller what “Top” means on their labeling.
How is dry sift hash made?
Dried cannabis flower is placed on a mesh screen and gently agitated (shaken or rubbed), which mechanically separates trichomes from the plant material. The trichomes fall through the mesh while the plant material stays behind. No heat, water, or solvents are involved.
Does micron size affect purity?
Yes. Dry sift hash overall runs at roughly 70–85% purity, with the remainder being non-trichome plant material. Coarser grades like 120µ generally sit toward the lower end of that range compared to finer, more refined sifts.
Does it melt fully like premium concentrates?
Not necessarily. Melt quality depends on purity, cleaner, more refined dry sift can melt fully with little residue, while coarser grades like 120µ (with more plant material mixed in) tend to melt partially rather than completely.
How should it be stored?
Cool, dark, and airtight, like any cannabis concentrate, heat, light, and air exposure degrade its terpenes and potency over time.
Is it legal to buy or use?
Depends entirely on your jurisdiction, cannabis concentrate legality varies by country and, within the US, by state. Check local law before purchasing or using.","Lab-Tested Quality
: Every batch undergoes rigorous third-party testing for potency, purity, safety, discreet shipping.",250,250,EUR,True,Dry Sift Hash,,,
frozenhashish:7742,https://frozenhashish.com/product/broker-farm-hash/,broker-farm-hash,Broker Farm Hash,"Broker Farm Hash Dry Sift – Premium Quality Hash
Broker Farm Hash
features a carefully selected collection known for its quality, consistency, and refined craftsmanship. Our collection is presented with detailed product information to help you make informed purchasing decisions and shop with confidence. If you’re looking to
buy Broker Farm Hash Europe
, explore our premium selection backed by transparent product descriptions, secure ordering, and responsive customer support for a reliable online shopping experience.
Key Features Of Broker Farm Hash Dry Sift
Production method
: Made using a traditional dry-sifting process combined with gentle hand-pressing.
Material selection
: Reportedly uses only high-grade buds and sugar leaves from cannabinoid-rich strains.
Flavor/effect (from customer-review snippets)
: Described as rich and earthy in taste, with effects called balanced — relaxing yet uplifting; smooth combustion when smoked.
Farming claims
: One listing associates the brand with sustainable and organic cultivation practices, though this isn’t independently verified.
Category
: Listed under “static sift” hash on at least one storefront, suggesting it may use a similar mechanical sifting method to other products discussed in this conversation.
How To Consume Broker Farms Hash Dry Sift
Common ways to consume Broker Farm Hash Dry Sift:
Smoking
— crumbled into a joint or topped on a bowl of flower; a traditional dry-sift/hand-pressed hash like this tends to blend and burn smoothly this way.
Pipe or bong
— placed directly on a screen or on top of ground flower.
Vaporizer for concentrates
— a lower-temperature option that avoids combustion, generally giving a smoother hit and better preserving lighter terpenes.
Hand-pressed hash specifically
— because it’s pressed rather than crumbly, it’s usually easy to break into small pieces by hand or with a tool before adding to a bowl or joint.
Why
Buy Broker Farm Hash online
from Frozen Hashish?
When you shop with Frozen Hashish, you’re choosing quality, convenience, and customer satisfaction:
Top-Notch Products:
Our Broker Farm Hash is made using
precision techniques
, ensuring the highest quality possible in every batch.
Lab-Tested for
Purity
:
We prioritize your safety by lab-testing all our products for potency and purity.
Fast & Discreet Shipping:
Get your
dry sift hash
delivered quickly and discreetly to your door.
Exclusive Offers:
Join our community and stay updated on the latest deals and discounts available only at info@frozenhashish.com
Shop Broker Farm Hash Online – Buy CBD Hash Europe
Explore our premium selection of
Broker Farm Hash Dry Sift
, carefully chosen for its quality, consistency, and craftsmanship. Whether you’re looking to expand your collection or
buy Broker Farm Hash Europe
, our store provides detailed product information, secure checkout, and responsive customer support to help you shop with confidence. Discover a reliable online destination for premium hash products and enjoy a seamless shopping experience from start to finish.
Frequently Asked Questions (FAQ): Broker Farm Hash Dry Sift
What is Broker Farm Hash?
It’s a handcrafted cannabis concentrate produced using a traditional dry-sifting method combined with gentle hand-pressing.
How is it made?
Selected high-grade buds and sugar leaves from cannabinoid-rich strains are dry-sifted to separate trichomes (resin glands), then gently hand-pressed into hash.
What does it taste like?
Available descriptions and customer-review snippets describe it as rich and earthy in flavor, with a smooth burn when smoked.
What effects does it produce?
Described in reviewer comments as balanced, relaxing while also lifting mood, though detailed, verified effect data wasn’t available in the sources I could find.
Is it lab-tested?
Yes. Every batch is independently lab-tested for purity and potency, with results available on request.
How should it be stored?
Cool, dark, and airtight conditions, standard for preserving cannabis concentrates, since heat, light, and air exposure degrade terpenes and potency over time.
How does it compare to other hash-making methods?
Dry sift differs from bubble hash (which uses ice water) and rosin (which uses heat and pressure), it’s a purely mechanical, solventless separation using screens.
Is it legal to buy or use?
Depends entirely on your jurisdiction, cannabis concentrate legality varies by country and, in the US, by state. Check local law before purchasing or using.","Lab-Tested Quality
: Every batch undergoes rigorous third-party testing for potency, purity, safety, discreet shipping.",140,140,EUR,False,Dry Sift Hash,,,
frozenhashish:9486,https://frozenhashish.com/product/gaz-selection-frozen-sift-hash-for-sale/,gaz-selection-frozen-sift-hash-for-sale,GAZ SÉLECTION HASH,"Expert-Reviewed: Gaz Sélection Frozen Sift Hash For Sale — Lab-Tested Premium Solventless Grade
Gaz Sélection Frozen Sift Hash
is built for people who chase gas. The starting material is fresh-frozen at harvest, locking the living resin in place before any terpene loss begins, then sifted cold so the trichome heads snap off intact rather than smearing. The name is earned on the exhale: heavy fuel-forward gas up front, a sweet chemical sharpness through the middle, and a rich creamy funk that settles in and stays. Every run is small-batch and single-source, expert-reviewed for melt and aroma, and third-party lab-tested for potency, pesticides, and microbials with full COA access. Texture stays soft and workable at room temperature, crumbling cleanly without a warming blade. Held at 58–62% RH, cold-chain handled to your door, and shipped across the EU in plain, unbranded packaging.
Key Features Of Gaz Sélection Frozen Sift Hash
Frozen Sift Method
— Material fresh-frozen at harvest, then sifted cold so trichome heads snap off intact and the living terpene profile survives
Loud Gas Profile
— Heavy fuel-forward top notes, sweet chemical sharpness mid-palate, rich creamy funk on the finish
Fully Solventless
— No butane, ethanol, or CO₂ at any stage; mechanical separation only
Expert-Reviewed Before Release
— Assessed and graded by experienced hash reviewers for melt, aroma, texture, and burn
Lab-Tested Premium Grade
— Third-party verified for potency, pesticides, and microbials; full COA on request
Small-Batch, Single-Source
— Limited runs from one selection of material; never blended across harvests
Soft, Pliable Texture
— Crumbles cleanly at room temperature; no warming blade needed to portion it
Clean Melt
— Vaporises with minimal residue whether rolled, topped, or cold-start dabbed
58–62% RH Storage
— Optimal humidity held through storage and transit to protect texture and aroma
Cold-Chain Handled
— Temperature-controlled from sift to doorstep so the gas doesn’t fade in transit
Discreet EU Delivery
— Plain, unbranded outer packaging with zero odour transfer and no identifying labels
How To Consume Gaz Sélection Frozen Sift Hash
Crumble & Roll
— Soft and workable straight from the jar. Pinch off a small piece, roll it into a thin snake between your fingers, and lay it along the length of a joint or blunt. No warming blade needed, it breaks apart cleanly on its own. Gas-forward hash pairs especially well with a neutral flower that won’t compete with the fuel notes.
Bowl Topper
— Place a small pinch on top of a packed bowl. Use the lowest flame you can and draw gently so the resin melts down into the bed. Torching it destroys the fuel top notes first, the exact reason you bought this batch.
Vaporise
— Load a small piece into a dry-herb or concentrate vaporiser at 180–200 °C. Start at the bottom of that range: the gas and sweet chemical sharpness come through hardest at lower temperatures, with the creamy funk arriving as you step the heat up.
Dab (Cold Start)
— The fullest expression of the profile, and the best way to appreciate what frozen sift preserves. Drop a small piece into a cool quartz banger, cap it, and apply gentle heat until it melts and vaporises. Cold-start keeps the volatile fuel terpenes intact instead of burning them off in the first second.
Hot Knife
— Traditional and efficient. Warm two blades, press a small piece between them, and inhale the vapour through a funnel or tube.
Pipe or Bong
— Crumble a small piece over a shallow flower bed in the bowl, or use a screen to prevent pull-through.
Storage
— Keep sealed in a cool, dark place at 58–62% RH. This resin is moisture-sensitive: too dry and it stiffens and loses its gas, too humid and it turns claggy. Cold-chain handling protects it in transit, keep it sealed between sessions and the profile holds for months.
Start small.
Frozen sift at this grade is potent, and the gas builds fast. One modest pinch is usually more than enough.
Why Buy Gaz Sélection Frozen Sift Hash Online From Our Website
True Frozen Sift Method
— Material is fresh-frozen at harvest and sifted cold, so trichome heads snap off intact instead of smearing. That’s why the living terpene profile survives all the way to the jar.
Genuinely Loud Gas
— Heavy fuel-forward top notes, sweet chemical sharpness through the mid-palate, and a rich creamy funk that settles in and stays. Gaz Sélection earns the name on the exhale.
Fully Solventless
— No butane, no ethanol, no CO₂, no chemical shortcuts at any stage. Mechanical separation only, exactly as premium hash should be made.
Small-Batch, Single-Source
— Limited runs from one selection of material. Never blended across harvests, never bulked out to hit a volume target.
Expert-Reviewed Before Release
— Every batch is assessed and graded by experienced hash reviewers for melt, aroma, texture, and burn. Anything that misses the standard doesn’t reach the shelf.
Lab-Tested & Transparent
— Third-party tested for potency, pesticides, and microbials, with the full COA available on request. What’s on the label is what’s in the jar.
Soft, Pliable, Ready To Use
— Crumbles cleanly at room temperature. No warming blade, no fighting a pressed slab, just pinch, roll, and go.
Cold-Chain Handled
— Temperature-controlled from sift to doorstep. Fuel terpenes are the first thing lost to warmth, and we make sure they survive the journey.
Fair Craft Pricing
— Real frozen sift without the boutique mark-up. No middlemen, no inflated claim, the gas speaks for itself.
Frequently Asked Questions: Gaz Sélection Frozen Sift Hash
What exactly is frozen sift hash?
Frozen sift is made by freezing fresh material immediately after harvest and then sifting it cold through screens. The low temperature makes trichome heads brittle, so they snap off cleanly rather than smearing or oxidising. The result is a resin that keeps far more of its living aroma than sift taken from dried, cured material.
How is this different from dry sift?
Both are mechanically separated with screens, but dry sift starts from cured plant material at room temperature and is usually pressed into a firm slab. Frozen sift starts from fresh-frozen material and stays soft and crumbly. Frozen sift generally carries a louder, fresher terpene profile; traditional dry sift leans more classic, earthy, and hashy.
Why is it called “Gaz Sélection”?
The name refers to the terpene profile. This selection is fuel-forward, heavy diesel and solvent-like top notes, a sweet chemical sharpness in the middle, and a creamy funk underneath. In hash terms, “gas” is exactly that loud petrol character, and this batch delivers it without needing to be talked up.
Is it solventless?
Yes, completely. Nothing but cold, screens, and gravity. No butane, no ethanol, no CO₂, and no chemical processing at any stage.
What does it look and feel like?
Expect a soft, pliable resin that crumbles readily between the fingers at room temperature. Colour typically runs from pale sandy blond through to deeper gold depending on the run. It should never feel hard, brittle, or glassy, if it stiffens up, it has simply gone cold.
Does it full melt?
It melts well and is graded for melt before release. Frozen sift of this quality bubbles and melts cleanly on a low-temperature dab, leaving minimal residue. As with all mechanically separated hash, a very small amount of light ash is normal and not a fault.
What temperature should I dab it at?
Go low. A cold start at roughly 180–200°C preserves the fuel terpenes that make this batch worth buying. Higher temperatures will give you bigger vapour but burn off precisely the character you paid for. Start at the bottom of that range and work upwards.
Can I smoke it in a joint or pipe instead?
Yes. It crumbles easily, so it sprinkles neatly into a joint or over a bowl without needing to be warmed or broken up with heat. A glass or quartz bowl over a screen also works well if you prefer to keep things simple.
How should I store it?
Cool, dark, and airtight, at around 58–62% relative humidity. Glass is ideal. Keep it away from windows, radiators, and pockets, warmth and light strip terpenes faster than anything else. Kept properly, it holds its aroma for months.
Do I need a humidity pack?
Only if your storage environment is very dry. Frozen sift benefits from stable moderate humidity, unlike pressed dry sift which prefers genuinely dry conditions. Never let it sit wet, damp resin loses melt quality and can develop off aromas.
Is it lab-tested, and can I see the results?
Yes. Every batch is third-party tested for potency, pesticides, and microbial contamination. The certificate of analysis is available on request, just ask before or after ordering.
How much should I use?
Start small. Solventless resin of this grade is considerably stronger than flower, and frozen sift in particular hits fast because the terpene load is so high. A grain-sized amount is a sensible first dose. Wait, assess, then decide whether you want more.
How is it packaged and shipped?
Plain, unbranded outer packaging with no identifying marks and no odour transfer. Orders are handled with cold-chain care and shipped tracked across the EU. Nothing on the outside indicates what is inside.","Fresh-frozen at harvest and sifted cold, Gaz Sélection Frozen Sift Hash keeps the loud fuel-forward terpenes that ordinary sift loses. Expect heavy diesel on the nose, a sweet chemical sharpness through the middle, and a creamy funk on the exhale. Soft, pliable, and crumbling cleanly at room temperature, ready to dab low, sprinkle into a joint, or top a bowl. Fully solventless, small-batch, expert-reviewed for melt and aroma, and third-party lab-tested with COA on request. Cold-chain handled and delivered across the EU in plain, unbranded packaging.",110,110,EUR,True,Frozen Sift Hash,,,
frozenhashish:9475,https://frozenhashish.com/product/braderie-farmz-hash-for-sale/,braderie-farmz-hash-for-sale,Braderie Farmz Hash,"Braderie Farmz Hash For Sale — Reviewed by Hash Experts, Small-Batch and Lab-Certified for EU Delivery
Searching for Braderie Farmz Hash for sale?
This is small-batch solventless resin from a farm that has built its name on careful selection rather than volume. Each run is single-source, ice-water extracted and cold-cured, giving a soft, pliable hash that crumbles cleanly at room temperature. The nose is layered, sweet fruit and citrus brightness sitting over a deep creamy funk, opening further as it warms in the hand. On a low-temperature dab it bubbles and melts with almost no residue, delivering a full, rounded flavour that lingers well past the exhale. Every batch is assessed and graded by experienced hash reviewers, then third-party tested for potency, pesticides and microbials, with the COA available on request. Shipped cold-chain across the EU in plain, unbranded packaging with zero odour transfer. Start small, this melts stronger than it looks.
Key Features Of Braderie Farmz Hash
Producer
— Braderie Farmz, a small-batch operation known for selection over scale
Extraction
— Fully solventless ice-water separation; no butane, ethanol or CO₂
Texture
— Soft and pliable, crumbling cleanly between the fingers at room temperature
Colour
— Pale sandy blond through to warm gold depending on the run
Aroma
— Sweet fruit and citrus lift over a rich, creamy funk that deepens with warmth
Melt**
— Bubbles and melts cleanly on a low-temperature dab with minimal residue
Testing
— Third-party lab-tested for potency, pesticides and microbials; COA on request
Batch**
— Single-source, small-run, never blended across harvests or bulked out
Verification
— Graded by experienced hash reviewers before it reaches the shelf
Storage
— Cool, dark and airtight at 58–62% RH; glass is ideal
Delivery
— Cold-chain handled, tracked EU shipping in plain unbranded packaging
How To Consume Braderie Farmz Hash
Because this arrives soft and pliable, there’s no need for a warmed blade or any heat to handle it, a gentle pinch is enough to break off what you need. Work with cool, dry hands where you can; body heat softens ice-water resin quickly and it will start sticking to your fingers rather than crumbling cleanly.
Dabbing (best flavour)
— Cold start at roughly 180–200°C. Solventless resin of this grade rewards restraint: the sweet fruit and citrus top notes are the first things lost to excess heat, and pushing past 210°C trades all of that character for a bigger cloud. Use a quartz or titanium insert with a screen to catch any small residue, and begin at the lower end of the range before working upwards. A pea-sized dab is more than most people expect.
In a joint or spliff
— Crumble a small piece directly along the length of your flower. It breaks apart readily at room temperature, so no warming, no toasting, and no foil are needed. If it feels too soft to crumble evenly, five minutes in the fridge firms it up nicely.
On top of a bowl
— Place a small piece on a mesh or glass screen in a pipe or bong bowl. Apply the flame to the edge rather than straight down, and let it bubble and smoulder instead of scorching. Screens matter here — soft resin will drip through an unprotected bowl.
Vaporiser
— A concentrate pad or insert in a ball-vape or dry-herb vaporiser works well. Keep the temperature at the lower end of whatever your device offers and take slow, steady draws.
What to expect
— Good ice-water hash bubbles, domes and melts, leaving very little behind. A faint residue is normal; heavy black char is not.
Between sessions, keep the remainder in glass somewhere cool, dark and airtight at around 58–62% relative humidity. Avoid pockets, windowsills and anywhere near a radiator, warmth strips terpenes faster than anything else, and this batch is worth protecting.
Start with a grain- to pea-sized amount regardless of method, wait a full ten to fifteen minutes, then decide whether you want more. Solventless resin at this strength catches people out precisely because it goes down so smoothly.
Frequently Asked Questions: Braderie Farmz Hash
What is Braderie Farmz Hash?
It’s small-batch solventless resin produced by Braderie Farmz, a grower that works on selection rather than scale. Each run comes from a single source of material, is separated using ice water and screens, then cold-cured to hold its aroma. What reaches you is a soft, pliable hash graded by reviewers before release.
Is it solventless?
Yes, completely. Ice, water, screens and time, nothing else. No butane, no ethanol, no CO₂, and no chemical processing at any point.
What does it smell and taste like?
Sweet fruit and citrus brightness sits over a deep creamy funk, and the nose opens up noticeably as the resin warms in your hand. On the palate it’s full and rounded rather than sharp, with the flavour holding well past the exhale. It leans dessert-like rather than fuel-forward.
What texture should I expect?
Soft and pliable, crumbling cleanly between the fingers at room temperature. Colour runs from pale sandy blond through to warm gold depending on the run. It should never feel hard, glassy or brittle, if it stiffens, it has simply gone cold and will loosen again in a few minutes.
Does it full melt?
It bubbles, domes and melts cleanly on a low-temperature dab, leaving very little residue. Melt is one of the criteria every batch is graded against before listing. A faint film left behind is entirely normal; heavy black char is not, and usually means the temperature was too high.
What temperature should I dab it at?
Around 180–200°C, cold start. Solventless resin of this grade rewards a light touch, the fruit and citrus notes burn off first, so pushing past 210°C trades the character you paid for against a bigger cloud. Start at the bottom of that range and adjust upwards.
Can I smoke it in a joint instead of dabbing?
Yes. It crumbles readily at room temperature, so it sprinkles straight into a joint without warming, toasting or foil. If it’s too soft to crumble evenly on a warm day, five minutes in the fridge firms it up.
Do I need a screen for bowls?
Yes, always. Soft ice-water resin will drip straight through an unprotected bowl. A mesh or glass screen keeps it in place and lets it bubble properly instead of running off.
How should I store it?
Cool, dark, airtight, at roughly 58–62% relative humidity. Glass is ideal. Keep it away from radiators, sunlight, pockets and windowsills, warmth and light strip terpenes faster than anything else. Stored properly it holds its aroma for months.
Should I keep it in the fridge or freezer?
The fridge is fine for longer-term keeping, and brief chilling helps if you want a firmer texture for crumbling. Let it come back to room temperature before you use it, and keep the container sealed while it warms so condensation doesn’t form on the resin.
Do I need a humidity pack?
Only if your storage environment is unusually dry. Ice-water hash benefits from stable moderate humidity, unlike pressed dry sift, which prefers genuinely dry conditions. Never let it sit damp, wet resin loses melt quality and can develop off aromas.
Is it lab-tested, and can I see the certificate?
Yes. Every batch is third-party tested for potency, pesticides and microbial contamination. The certificate of analysis is available on request, before or after ordering, just ask.
Is it blended with other batches?
No. Every run is single-source and small-batch. Nothing is blended across harvests and nothing is bulked out to hit a volume target, which is why availability varies between drops.
How much should I use?
Start small, a grain- to pea-sized amount. Solventless resin at this strength catches people out precisely because it goes down so smoothly. Wait a full ten to fifteen minutes, assess how you feel, then decide whether you want more.
How is it packaged and shipped?
Plain, unbranded outer packaging with no identifying marks and no odour transfer. Orders are handled cold-chain and shipped tracked across the EU, so the resin arrives soft and aromatic rather than stiff and faded. Nothing on the outside indicates what’s inside.","Small-batch solventless resin from Braderie Farmz, ice-water extracted from a single source and cold-cured to protect the nose. Sweet fruit and citrus brightness sit over a deep creamy funk, opening further as it warms in the hand. Soft, pliable and crumbling cleanly at room temperature, dab it low, crumble it into a joint, or top a screened bowl. Expert-reviewed for melt and third-party lab-tested with COA on request. Cold-chain handled and delivered across the EU in plain, unbranded packaging. Start small, it melts stronger than it looks.",130,130,EUR,True,Frozen Sift Hash,,,
frozenhashish:9469,https://frozenhashish.com/product/barca-boys-farm-hash/,barca-boys-farm-hash,BARCA BOYS FARM HASH,,,105,105,EUR,True,Frozen Sift Hash,,,
frozenhashish:9407,https://frozenhashish.com/product/frozen-golden-boys-farm/,frozen-golden-boys-farm,FROZEN GOLDEN BOYS FARM,,,160,160,EUR,True,Frozen Sift Hash,,,
frozenhashish:9370,https://frozenhashish.com/product/nectar-boyz-hash-2/,nectar-boyz-hash-2,NECTAR BOYZ HASH,,,220,220,EUR,True,Frozen Sift Hash,,,
frozenhashish:9363,https://frozenhashish.com/product/the-hash-valley-farmz-for-sale/,the-hash-valley-farmz-for-sale,The Hash Valley Farmz,,,150,150,EUR,True,Frozen Sift Hash,,,
frozenhashish:9326,https://frozenhashish.com/product/ice-mountain-farm/,ice-mountain-farm,ICE MOUNTAIN FARM,,,150,150,EUR,True,Frozen Sift Hash,,,
frozenhashish:9294,https://frozenhashish.com/product/illuminati-farmz/,illuminati-farmz,ILLUMINATI FARMZ,,,110,110,EUR,True,Frozen Sift Hash,,,
frozenhashish:9269,https://frozenhashish.com/product/%f0%9d%90%93%f0%9d%90%87%f0%9d%90%84-%f0%9d%90%81%f0%9d%90%94%f0%9d%90%85%f0%9d%90%80%f0%9d%90%8b%f0%9d%90%8e-%f0%9d%90%8f%f0%9d%90%8b%f0%9d%90%84%f0%9d%90%88%f0%9d%90%8d/,%f0%9d%90%93%f0%9d%90%87%f0%9d%90%84-%f0%9d%90%81%f0%9d%90%94%f0%9d%90%85%f0%9d%90%80%f0%9d%90%8b%f0%9d%90%8e-%f0%9d%90%8f%f0%9d%90%8b%f0%9d%90%84%f0%9d%90%88%f0%9d%90%8d,𝐓𝐇𝐄 𝐁𝐔𝐅𝐀𝐋𝐎 𝐏𝐋𝐄𝐈𝐍,,,120,120,EUR,True,Frozen Sift Hash,,,
frozenhashish:9237,https://frozenhashish.com/product/califrozen-farmz-frozen-sift-hash/,califrozen-farmz-frozen-sift-hash,🍯CALIFROZEN.FARMZ🍯 ❄️⛽️FRUTTA-TECH⛽️❄️ ❄️FROZEN SIFT,,,150,150,EUR,True,Frozen Sift Hash,,,
frozenhashish:9227,https://frozenhashish.com/product/blue-magic-frozen-sift-hash-190-73u/,blue-magic-frozen-sift-hash-190-73u,BLUE MAGIC FROZEN SIFT,,,120,120,EUR,True,Frozen Sift Hash,,,
frozenhashish:9214,https://frozenhashish.com/product/icelabz-hash-90-110u/,icelabz-hash-90-110u,ICELABZ Hash 90/110u (PERMANENT X OGKUSH),,,150,150,EUR,True,Frozen Sift Hash,,,
frozenhashish:9185,https://frozenhashish.com/product/starburst-hash-rosin/,starburst-hash-rosin,Starburst Hash Rosin,,,190,190,EUR,True,Frozen Sift Hash,,,
frozenhashish:9138,https://frozenhashish.com/product/bufalo-plein-hash-120u-2025/,bufalo-plein-hash-120u-2025,Bufalo Plein Hash 120u 2025,,,200,200,EUR,True,Frozen Sift Hash,,,
frozenhashish:9130,https://frozenhashish.com/product/bufalo-plein-frozen-sift-180-90-2026/,bufalo-plein-frozen-sift-180-90-2026,Bufalo Plein Frozen sift 180/90u 2026,,,120,120,EUR,True,Frozen Sift Hash,,,
frozenhashish:9085,https://frozenhashish.com/product/la-source-frozen-sift-hash/,la-source-frozen-sift-hash,LA SOURCE FROZEN SIFT HASH,,,180,180,EUR,True,Frozen Sift Hash,,,
frozenhashish:9077,https://frozenhashish.com/product/ice-wpff-full-melt/,ice-wpff-full-melt,ICE WPFF FULL MELT,,Forbidden Fruit Melonade Icc runtz,150,150,EUR,True,Frozen Sift Hash,,,
frozenhashish:9011,https://frozenhashish.com/product/buy-hash-online/,buy-hash-online,Winter Is Coming Frozen Sift Hash,"Expert-Reviewed: Buy Hash Online Frozen Sift — Winter Is Coming Full-Melt Lab-Tested
Winter Is Coming Frozen Sift Hash is a seasonal masterpiece, a limited-batch ice-water hash crafted from fresh-frozen harvest at peak frost. The name is no accident: these trichomes were frozen the moment they were cut, preserving the plant’s living resin in a state of suspended perfection. Extracted through pure ice-water separation and screened at premium micron grades, Winter Is Coming delivers a clean, full-melt experience with a terpene profile as crisp and layered as the frost it was born from. Expect sharp pine, cool menthol notes, and a deep earthy finish that unfolds slowly on the exhale. Solventless, lab-tested, and cold-chain fresh from press to doorstep. Stored at 58–62% RH, shipped in discreet EU packaging. When the frost hits, the best hash follows.
Key Features Of Winter Is Coming Frozen Sift Hash",,170,170,EUR,True,Frozen Sift Hash,,,
frozenhashish:8971,https://frozenhashish.com/product/fresh-press-hash-rosin-for-sale/,fresh-press-hash-rosin-for-sale,Hash rosin,"Fresh Press Hash Rosin For Sale — Peak Solventless Terpenes, EU Shipping
Fresh Press Hash Rosin represents the unfiltered apex of solventless refinement, raw trichome resin extracted from meticulously washed hash and pressed immediately while still fresh, capturing the plant’s volatile aromatics at their absolute peak. Unlike cured or whipped preparations, fresh press preserves a translucent, sappy consistency that slowly nucleates into a creamy, terpene-rich batter over time. Each batch bursts with bright, unoxidised flavours, citrus zest, tropical fruit, and diesel-funk, underpinned by a potent, full-spectrum effect. The process demands immaculate starting material and precise temperature control, yielding a connoisseur-grade concentrate with zero chemical exposure. Every jar is lab-tested for potency, purity, and terpene content, then sealed and shipped cold-chain at 58–62% RH within discreet, plain-label EU packaging to lock in that just-pressed freshness from our facility to your dab rig.
Key Features Of Fresh Press Hash Rosin
100% Solventless
– Pure ice-water hash pressed without chemical solvents
Fresh Pressed, Not Cured
– Captures peak volatile aromatics immediately after extraction
Translucent, Sappy Texture
– Raw consistency that naturally nucleates into creamy, terpene-rich batter over time
Bright, Unoxidised Terpene Profile
– Citrus zest, tropical fruit, and diesel-funk on the nose and palate
Full-Spectrum Effect
– Potent, whole-plant experience with intact cannabinoids and terpenes
Lab-Tested
– Verified for potency, purity, terpene content, and safety
Cold-Chain Freshness
– Sealed and shipped at 58–62% RH to preserve just-pressed integrity
Discreet EU Shipping
– Plain-label packaging with reliable, privacy-focused delivery
Connoisseur Grade
– Crafted for experienced enthusiasts seeking the apex of solventless quality
How To Consume Fresh Press Hash Rosin
Fresh Press Hash Rosin is a delicate, volatile concentrate prized for capturing the plant’s aromatic peak at the moment of extraction. Its translucent, sappy consistency demands swift, cool handling, always use a chilled dab tool and minimise exposure to warm air or bright light, which accelerates nucleation and drives off volatile terpenes.
Cold-Start Dabbing
This is the connoisseur’s preferred method for fresh press. Place a rice-grain portion directly into a room-temperature quartz banger. Apply gentle heat from below until the rosin just begins to bubble and liquefy (approximately 150–165°C / 300–325°F), then cap immediately and inhale slowly. By bringing the temperature up with the concentrate, you preserve the bright citrus zest, tropical fruit, and diesel-funk top notes that define fresh press, avoiding any scorched or bitter edge.
Low-Temperature Dabbing
If using a pre-heated nail, aim for 150–170°C (300–340°F)—lower than most cured extracts. The sappy texture melts instantly into a golden, aromatic puddle. Inhale with a slow, steady draw; the vapour should be smooth and intensely flavourful, coating the palate with unoxidised terpenes. Exceeding 180°C will incinerate those delicate volatiles and leave a harsh, burnt residue.
Topping Flower
For a layered combustion experience, place a thin dot or small snake of fresh press atop a bowl of premium flower, or run a hair-thin ribbon along the inside of a rolling paper before adding ground bud—known as twaxing. Because the consistency is sticky and temperature-sensitive, work quickly in a cool room so it adheres cleanly without melting against your fingertips. The flower carries the bulk of the burn while the rosin contributes a potent, solventless terpene amplification.
Concentrate Vaporiser
Premium vaporisers equipped with concentrate pads or buckets can accommodate fresh press. Set the device to its lowest concentrate range, typically 160–180°C, and load only a small amount. The enclosed, lower-temperature environment preserves the nuanced fresh-pressed character better than exposed coils. Ensure your device is designed for sappy consistencies to prevent leaking or pooling in the chamber.
Hot Knives
A minimalist, pure approach. Warm the tips of two stainless-steel knives until hot but not glowing, press a minute dab of fresh press between them, and inhale the rising vapour through a straw or small funnel. Exercise restraint with heat; fresh press requires a gentler touch than traditional hash to avoid flash-burning its volatile aromatic compounds.
Storage & Handling Notes
Unlike cured or whipped hashes, Fresh Press Hash Rosin benefits from cool, stable storage to maintain its translucent, sappy state and delay nucleation. Keep it in an airtight, UV-protected jar in a refrigerator or cool, dark place, never a freezer, which introduces condensation that can contaminate the resin. Allow the sealed jar to reach room temperature for five minutes before opening to prevent moisture from entering. Always handle with a cold, clean dab tool; never touch with warm fingers, as body heat will cause the rosin to smear and prematurely budder. For peak aromatic fidelity, consume within a few weeks of breaking the seal.
Why Buy Fresh Press Hash Rosin Online From Our Website
Peak Aromatic Capture
– Acquire rosin pressed immediately after extraction, preserving volatile terpenes at their absolute freshest before oxidation dulls the profile.
100% Solventless Purity
– Made from meticulously washed ice-water hash with zero chemical solvents, delivering a clean, full-spectrum resin.
Translucent, Sappy Texture
– Enjoy the raw, just-pressed consistency that slowly nucleates into creamy, terpene-rich batter under your care.
Bright, Unoxidised Flavour
– Experience vivid citrus zest, tropical fruit, and diesel-funk notes that cured or whipped preparations simply cannot match.
Verified Lab Testing
– Every jar is tested for cannabinoid potency, terpene content, and contaminants, with reports accessible per batch.
Climate-Controlled Storage
– Held at 58–62% RH and kept cool from production to dispatch to protect its delicate, volatile character.
Cold-Chain Discreet Shipping
– Shipped across the EU in plain-label, temperature-managed packaging that preserves freshness and safeguards your privacy.
Direct, Trusted Sourcing
– Bypass unreliable intermediaries and buy from a vendor that treats fresh press as a perishable, peak-state artisanal product.
Connoisseur Curation
– Hand-selected for experienced enthusiasts who demand the apex of solventless quality and just-pressed authenticity.
Buy Fresh Press Hash Rosin Online — Buy Hash Online
For connoisseurs chasing the apex of solventless terpene expression, our EU platform offers meticulously curated Fresh Press Hash Rosin, pressed immediately after ice-water extraction to capture the plant’s volatile aromatic peak. Each jar delivers a translucent, sappy consistency bursting with bright citrus zest, tropical fruit, and diesel-funk, backed by full-spectrum potency and zero chemical solvents. We store every batch in cool, climate-controlled conditions at 58–62% RH and ship via cold-chain, discreet EU packaging to preserve that just-pressed freshness from our door to your dab rig. With independent lab testing, verified terpene content, and a freshness guarantee, you can buy Fresh Press hash rosin online here with complete confidence, no intermediaries, no compromise, only peak solventless quality delivered securely and privately.",,0,0,EUR,False,Frozen Sift Hash,,,
frozenhashish:8957,https://frozenhashish.com/product/piatella-hash-for-sale/,piatella-hash-for-sale,Piatella Hash For Sale,"Piatella Hash For Sale — Premium Solventless Craft Hash, EU Shipping
Piatella Hash For Sale,
represents the apex of contemporary solventless craftsmanship, born from Barcelona’s revered hashish culture and refined for the discerning modern connoisseur. Each batch begins with meticulously selected, resin-heavy flowers subjected to ice-water extraction at sub-zero temperatures, isolating intact trichome heads while preserving the plant’s full aromatic spectrum. The resulting resin is gently whipped and cured into a pale, airy, pliable mousse that crumbles effortlessly and melts cleanly. Expect a complex terpene profile, bright citrus, earthy pine, and subtle spice, underpinned by a smooth, long-lasting effect that satisfies both palate and mind. Every batch is lab-tested for purity and potency, then stored and shipped at 58–62% RH within cold-chain, discreet EU packaging, ensuring uncompromising freshness, solventless integrity, and true connoisseur quality from our door to yours.
Key Features Of Piatella Hash For Sale
100% Solventless
– Pure ice-water extraction; zero chemical solvents
Barcelona Craft Heritage
– Contemporary mousse style inspired by Catalan hash culture
Pliable, Airy Texture
– Pale, whipped mousse that crumbles gently; no mesh pad needed
Complex Terpene Profile
– Bright citrus, earthy pine, and subtle spice on the nose and palate
Lab-Tested*
* – Verified for purity, potency, and safety
Cold-Chain Freshness
– Stored and shipped at 58–62% RH to preserve volatile terpenes
Discreet EU Shipping
– Plain-label packaging with reliable, privacy-focused delivery
Connoisseur Grade
– Crafted for collectors and experienced enthusiasts seeking uncompromised quality
How To Consume Piatella Hash
Piatella Hash is a delicate, whipped mousse-style concentrate, and its airy, pliable consistency rewards a gentle hand and mindful preparation. Because it is moisture-sensitive and retains its optimal texture at 58–62% relative humidity, always handle it at room temperature with clean, dry tools to preserve its crumbly structure and volatile terpenes.
Crumbling Into Flower
The most accessible method for newcomers and seasoned enthusiasts alike. Take a small pinch of Piatella and lightly crumble it between your fingers over a bowl of premium flower, do not compress or knead it. The airy granules distribute evenly throughout the bud, enhancing combustion with amplified flavour and potency. This method works beautifully in a pipe, bong, or rolled into a spliff.
Hash-Only Pipe or Bong Bowl
For a pure expression of Piatella’s Barcelona craft heritage, smoke it solo. Use a screen or a very fine mesh to prevent the crumbly mousse from pulling through. Apply a soft flame at a distance, allowing the hash to smoulder slowly rather than scorching it. The low-and-slow approach preserves the bright citrus and pine terpenes while producing a smooth, flavour-rich draw.
Dabbing
Piatella’s solventless purity and clean melt make it suitable for low-temperature dabbing. Preheat your nail or banger to 170–190°C (340–375°F), which is lower than typical concentrate temperatures. The hash will bubble and melt into a golden puddle without burning, delivering the full aromatic spectrum. Because of its mousse texture, use a dab tool to scoop gently, do not press hard or you will compress the airy structure.
Hot Knives
A classic connoisseur method that remains one of the purest ways to experience traditional hash. Heat the tips of two stainless-steel knives until they are hot but not glowing red. Press a tiny crumb of Piatella between them and inhale the rising vapour through a straw or funnel. This technique avoids combustion entirely, offering a clean, terpene-forward inhalation that showcases the strain’s complexity.
Twisted Into a Spliff
For a slower, social experience, distribute crumbled Piatella along the length of your ground flower before rolling. The mousse texture integrates seamlessly when gently crumbled, creating an even burn and a layered flavour profile that evolves from citrus brightness to earthy pine as the spliff progresses.
Storage & Handling Notes
Always store Piatella Hash in a cool, dark place inside an airtight container with a two-way humidity pack set to 58–62% RH. Never refrigerate or freeze it, as sudden temperature shifts can degrade the whipped texture and cause condensation. Before consumption, allow the container to rest at room temperature for ten minutes, then open and handle gently with clean tools to maintain its signature airy, pliable character.
Why Buy Piatella Hash Online From Our Website
Authentic Barcelona Craft Heritage
– Acquire a curated piece of modern Catalan solventless culture, not a mass-market commodity.
True Solventless Purity
– Produced exclusively via ice-water extraction with zero chemical solvents, preserving the full trichome spectrum.
Signature Mousse Texture
– Whipped into a pale, airy, pliable consistency that crumbles gently and melts cleanly.
Complex Terpene Preservation
– Bright citrus, earthy pine, and subtle spice notes protected through precision curing.
Verified Lab Testing
– Every batch is tested for potency, purity, and safety before it reaches our inventory.
Climate-Controlled Storage
– Held at 58–62% RH to maintain optimal moisture, texture, and aromatic integrity.
Cold-Chain Discreet Shipping
– Shipped across the EU in plain-label, temperature-managed packaging that protects both privacy and freshness.
No Grey-Market Intermediaries
– Source directly from a vendor that treats hashish as a heritage discipline, ensuring authenticity and quality.
Connoisseur-Grade Curation
– Hand-selected for experienced collectors seeking an uncompromised, contemporary European hash experience.
Buy Piatella Hash Online – Where To Buy Piatella Hash
For collectors seeking authentic, Barcelona-craft Piatella Hash without compromise, our EU platform is the definitive destination. We source and curate small-batch, solventless mousse hash produced exclusively through ice-water extraction, then store it under precision humidity control (58–62% RH) until the moment it ships. Every order is dispatched in plain, unmarked packaging via our cold-chain network, ensuring your Piatella arrives with its signature airy, pale texture and vibrant citrus-pine terpenes fully intact. Lab-tested, discreetly delivered, and backed by a freshness guarantee, our store removes the uncertainty of grey-market intermediaries. Buy Piatella hash online here and receive a true connoisseur-grade concentrate shipped directly, securely, and privately to your door anywhere in the EU.
Frequently Asked Questions (FAQ) — Piatella Hash
What is Piatella Hash?
Piatella Hash is a premium, solventless craft hash inspired by Barcelona’s contemporary hashish culture. It is produced through ice-water extraction at sub-zero temperatures, then gently whipped and cured into a pale, airy, pliable mousse. This modern technique isolates intact trichome heads while preserving the plant’s full aromatic spectrum, resulting in a complex, flavour-forward concentrate free of chemical solvents.
How should I consume Piatella Hash?
Its crumbly, airy texture makes Piatella versatile. You may lightly crumble it over flower in a pipe, bong, or spliff; smoke it solo in a mesh-screened bowl; dab it at low temperatures (170–190°C); or enjoy it via hot knives for a pure, combustion-free experience. Always handle gently with clean, dry tools to preserve its delicate structure.
Why is the texture so airy and pliable?
Piatella is intentionally whipped during the curing phase, incorporating minute air pockets that create its signature pale, mousse-like consistency. This texture is a hallmark of contemporary Barcelona craft hash and allows it to crumble effortlessly without the need for a mesh pad, while melting cleanly upon heating.
How do I store Piatella Hash correctly?
Store it in an airtight container in a cool, dark place with a two-way humidity pack set to 58–62% RH. Avoid refrigeration or freezing, as sudden temperature shifts can degrade the whipped texture and cause condensation. Allow the container to reach room temperature before opening to prevent moisture from compromising the crumbly structure.
Is Piatella Hash lab-tested?
Yes. Every batch is independently lab-tested for cannabinoid potency, terpene profile, and contaminants such as pesticides, heavy metals, and residual solvents. You can access the lab report for your specific batch via the product listing, ensuring full transparency and confidence in what you are consuming.
Do you ship discreetly within the EU?
Absolutely. We ship all orders in plain, unmarked packaging with no external branding or product identifiers. Piatella is dispatched through our cold-chain network to maintain freshness and terpene integrity, with reliable, tracked delivery across EU member states.
Is Piatella Hash legal to buy?
Our Piatella Hash is sold in strict compliance with applicable EU regulations for hemp-derived or cannabis products in jurisdictions where such commerce is permitted. It is your responsibility to verify the legal status of cannabis concentrates in your specific country or region before purchasing. We do not ship to addresses where delivery would violate local law.
How does Piatella differ from traditional dry-sift or pressed hash?
Unlike dry-sift hashes (such as Cali Plates or Pollen) which are pressed into dense, rigid slabs, Piatella is a whipped, moisture-cured mousse with a much lighter, aerated structure. It requires no heat or pressure to soften, crumbles naturally at room temperature, and delivers a fresher, more volatile terpene experience reflective of its ice-water origin and contemporary Catalan craft methods.","Piatella Hash is a premium, solventless Barcelona craft mousse born from sub-zero ice-water extraction. Pale, airy, and pliable, it delivers bright citrus, pine, and spice terpenes with a clean melt. Lab-tested and shipped cold-chain at 58–62% RH across the EU in discreet, plain-label packaging.",200,200,EUR,True,Frozen Sift Hash,,,
frozenhashish:8954,https://frozenhashish.com/product/gmo-frozen-hash/,gmo-frozen-hash,GMO Hash,"Premium GMO Hash For Sale: Solventless Sub-Zero Craft, Lab-Verified Potency, Discreetly Shipped Across the EU
GMO Hash
is a premium, solventless concentrate crafted from the legendary Garlic Mushroom Onion cultivar using sub-zero mechanical separation. The frozen process isolates mature trichome heads without water or chemicals, preserving the strain’s signature savory funk,  pungent garlic, earthy mushroom, and spicy onion, alongside a heavy, sedative cannabinoid profile. The result is a pale, sandy-to-pliable resin that crumbles cleanly and melts smoothly on a heated surface. Lab-tested for potency, terpenes, and purity, each batch ships with a batch-specific COA. Discreetly delivered across the EU in cold-chain-protected, odor-proof packaging for maximum freshness.
Key Features Of
GMO Hash
Solventless Frozen Separation:
Produced using only sub-zero mechanical agitation, zero butane, propane, ethanol, CO₂, or water introduced.
Signature GMO Terpene Profile:
Pungent garlic, earthy mushroom, spicy onion, and deep savory funk concentrated in the trichome-head fraction.
Heavy, Sedative Cannabinoid Expression:
Optimized for deep physical relaxation and long-lasting, grounding effects.
Clean Melt Performance:
Pale, sandy-to-pliable resin that liquefies into a bubbling oil with minimal carbonaceous residue.
Independent Lab Verification:
Batch-specific Certificate of Analysis covering potency, full terpene breakdown, microbial screening, and residual solvents.
Water-Free Production:
Dry frozen separation eliminates moisture contamination, mold risk, and freeze-thaw terpene degradation.
Granular, Ready-to-Use Texture:
Crumbles cleanly between the fingers for precise dosing without blades or mesh pads.
Discreet EU Fulfillment:
Shipped from regional EU nodes in medical-grade, multi-layer odor-barrier film inside rigid, unmarked packaging.
Cold-Chain Protected:
Temperature-controlled protocols during transit to preserve volatile savory terpenes and resin stability.
Climate-Stabilized Storage:
Cured and warehoused at 58–62% relative humidity to maintain texture, aroma, and potency integrity.
How To Consume
GMO Hash
Preparation
Let the sealed jar sit at room temperature for five minutes. GMO Frozen Hash is a pale, sandy-to-pliable resin that crumbles cleanly between your fingers or a dab tool. No blade needed, simply pinch off a small crumble. Avoid compressing it into a hard ball, as the airy granular structure melts best when loosely loaded.
Low-Temp Dabbing (Recommended)
Place a matchstick-head-sized crumble onto a clean quartz or ceramic nail. Heat to roughly 475–500°F (245–260°C), allow a brief cool-down, then apply and cap. The resin should bubble into a savory, pungent oil with minimal residue. Lower temperatures preserve the signature garlic, mushroom, and onion terpenes; higher heat scorches the delicate savory profile into a harsh, carbonized finish.
Topping Flower
Sprinkle a light layer over a bowl of premium flower or roll it into a joint. The granular texture distributes evenly and melts smoothly into the ember, amplifying potency without adding harshness. Place it near the surface rather than burying it deep for gradual, controlled vaporization.
Vaporizer with Mesh Pad
Load a thin metal or ceramic mesh pad into a concentrate vaporizer set to 365–400°F (185–205°C). Spread the crumbles loosely across the pad for even airflow and full flavor extraction.
Dosing
Start with a matchstick-head-sized portion (about 0.03–0.05 g). GMO is potent and sedative, so wait five to seven minutes before adding more. The onset is rapid and physically heavy.
Storage
Seal the jar immediately after use and store in a cool, dark place with the included 58–62% humidity pack. Minimize air exposure to protect the pungent savory terpenes and granular texture.",,210,210,EUR,True,Frozen Sift Hash,,,
frozenhashish:8706,https://frozenhashish.com/product/haram-boyz-farm-hash/,haram-boyz-farm-hash,Haram Boyz Farm Hash,"Haram Boyz Farm Hash for Sale – Expert-Sourced, Lab-Tested Premium Hash
Discover
Haram Boyz Farm Hash
, a premium cannabis concentrate created for customers who value quality, authenticity, and a refined resin experience. Known for its rich texture, bold aroma, and strong concentrate profile, this hash is positioned as a high-grade option for experienced cannabis consumers looking for dependable quality and full-bodied flavor.
Key Features Of
Haram Boyz Farm Hash
Expert-sourced resin quality
— Haram Boyz Farm Hash is positioned as a premium cannabis concentrate made from carefully selected resin-rich material.
Lab-tested transparency
— Reputable batches may include testing for potency, purity, and overall product consistency, helping buyers make more informed choices.
Rich terpene profile
— The flavor and aroma may include earthy, spicy, herbal, woody, gassy, or resin-forward notes depending on the strain and batch.
Premium texture and consistency
— High-quality hash is often valued for a smooth, pliable, crumbly, or dense resin texture that reflects careful handling and storage.
Strong concentrate potency
— As a hash product, it is typically more potent than standard cannabis flower and better suited for experienced consumers.
Farm-style authenticity
— The branding suggests a craft-focused, farm-sourced identity with attention to resin selection, production quality, and consistency.
Carefully handled batches
— Proper curing, packaging, and storage help preserve aroma, texture, cannabinoids, and terpene quality.
Smooth flavor experience
— Premium hash is often chosen for its bold yet balanced flavor, resin character, and clean finish.
How To Consume
Haram Boyz Farm Hash
Sprinkled on bowls or joints
— added to flower for extra flavor and potency.
Hash pipe
— heated and used on its own without mixing with flower.
Vaporizer for concentrates
— heated at lower temperatures for a smoother experience.
Dabbing
— used with a concentrate rig or electronic dab device.
Infused into edibles
— added to food after proper preparation.
Why Buy Haram Boyz Farm Hash From Our Website
When you shop with Frozen Hashish, you’re choosing quality, convenience, and customer satisfaction:
Top-Notch Products:
Our Haram Boyz Farm Hash is made using precision techniques, ensuring the highest quality possible in every batch.
Lab-Tested for
Purity
:
We prioritize your safety by lab-testing all our products for potency and purity.
Fast & Discreet Shipping:
Get your
Frozen sift hash
delivered quickly and discreetly to your door.
Exclusive Offers:
Join our community and stay updated on the latest deals and discounts available only at info@frozenhashish.com
Frequently Asked Questions (FAQ): About Haram Boyz Farm Hash
1. What is Haram Boyz Farm Hash?
Haram Boyz Farm Hash is a cannabis concentrate-style product often described as premium hash made from resin-rich cannabis material. It is typically marketed toward experienced consumers looking for stronger potency, rich flavor, and a more concentrated cannabis experience.
2. Is Haram Boyz Farm Hash lab-tested?
Reputable sellers may provide
lab testing
for potency, purity, and contaminants. Buyers should look for batch numbers, verified labels, packaging details, and lab reports before purchasing.
3. What makes Haram Boyz Farm Hash different from regular hash?
Haram Boyz Farm Hash is positioned as a premium, farm-style hash with emphasis on expert sourcing, resin quality, terpene profile, and consistency. Regular hash can vary widely in texture, strength, purity, and production method.
4. How strong is Haram Boyz Farm Hash?
Hash is usually more potent than cannabis flower because it is made from concentrated resin. Exact strength depends on the strain, cannabinoid content, extraction method, and batch testing.
5. What does Haram Boyz Farm Hash taste like?
The flavor may vary by batch, but premium hash often has earthy, spicy, herbal, woody, gassy, piney, or resin-forward notes. Terpenes play a major role in aroma and taste.
6. What texture should Haram Boyz Farm Hash have?
Depending on the batch, it may be soft, pliable, crumbly, sticky, pressed, or dense. Proper storage helps preserve texture, aroma, and potency.
7. How is Haram Boyz Farm Hash commonly consumed?
Common methods include sprinkling it on bowls or joints, using a hash pipe, vaporizing, dabbing, pressing into rosin, or infusing it into edibles where legally permitted.
8. Can Haram Boyz Farm Hash be used in edibles?
Yes, hash is sometimes used in edibles, but it usually requires
proper preparation
before infusion. Edibles can take longer to work and may last longer than inhaled cannabis.
9. Is Haram Boyz Farm Hash suitable for beginners?
Because hash can be highly concentrated,
beginners should be cautious
. It may produce stronger effects than expected, especially for people with low tolerance.
10. How should Haram Boyz Farm Hash be stored?
Store hash in an
airtight container
in a cool, dark place. Avoid heat, light, and air exposure to help preserve its flavor, texture, and potency.
11. How can buyers verify authentic Haram Boyz Farm Hash?
Look for original packaging, batch information, lab results, tamper-evident seals, seller reputation, and clear product details. Avoid products with vague claims or no verification.
12. What are the possible effects of Haram Boyz Farm Hashish?
Possible effects may include relaxation, euphoria, increased appetite, body heaviness, altered perception, dry mouth, red eyes, anxiety, or sleepiness. Effects vary by potency, amount used, and individual tolerance.
14. Is Haram Boyz Farm Hash legal?
Legality depends on the country, region, and local cannabis regulations. Buyers should confirm whether cannabis hash products are legal in their area before buying or using them.
15. Why choose Haram Boyz Farm Hash?
Customers may choose Haram Boyz Farm Hash for its
premium
positioning, expert-sourced resin quality, lab-tested claims, rich flavor profile, and strong concentrate-style effects.","Lab-Tested Quality
: Every batch undergoes rigorous third-party testing for potency, purity, safety, discreet shipping.",200,200,EUR,True,Frozen Sift Hash,,,
frozenhashish:8519,https://frozenhashish.com/product/streetz-farmz-hash/,streetz-farmz-hash,Streetz Farmz Hash,"Premium Streetz Farmz Hash | Expertly Crafted Moroccan Frozen Sift
Premium Streetz Farmz Hash is a top-tier Moroccan-style
frozen sift hash
renowned for its exceptional quality, rich terpene profile, and clean melt. Produced by Streetz Farmz, this hash is carefully crafted from premium cannabis flowers that are flash-frozen immediately after harvest to preserve maximum resin potency and vibrant flavors.
Key Features Of Streetz Farmz Hash
Cold-sift/frozen-sift process
— cannabis flowers are harvested at optimal maturity and immediately frozen to lock in resin quality, then processed using cold sifting techniques that separate pure trichomes.
Solvent-free extraction
— the frozen sift method avoids solvents and harsh handling, which is meant to preserve the plant’s natural strength and terpene character.
Small-batch, artisan production
— batches are kept small to maintain consistency, with each batch checked against quality standards before packaging.
Traditional Moroccan hash line
— alongside frozen sift, they also offer Moroccan hash made using traditional methods for a smoother, more classic experience.
Testing and transparency
— products reportedly undergo testing to meet quality standards, with details provided about origin and composition.
Texture and appearance
— frozen sift batches are described as having a light, clean, sandy texture, which is generally taken as a sign of high-grade sift.
How To Consume Streetz Farmz Hash
Common methods:
Smoking with flower
— crumbled into a joint or blunt mixed with cannabis flower, which is one of the most traditional ways to consume hash.
Pipe or bong
— small pieces placed on top of ground flower in a bowl, or used alone in a pipe.
Hot knifing
— a traditional method where hash is heated between two hot knives/blades and the vapor is inhaled through a funnel or tube. It’s old-school and a bit crude by modern standards.
Vaporizing
— using a dry herb vaporizer with a hash-compatible attachment, or a dab rig/e-nail set at a lower temperature suited to hash rather than pure concentrates.
Dabbing
— for drier sift-style hash, some use a dab rig, though this method is more commonly associated with rosin or other concentrates; sift hash can crumble or melt less cleanly than rosin, so results vary.
Edibles/infusions
— hash can be decarboxylated (heated to activate THC) and infused into butter or oil for cooking, similar to using flower.
Why Buy Streetz Farmz Hash Online From Our Website
When you shop with Frozen Hashish, you’re choosing quality, convenience, and customer satisfaction:
Top-Notch Products:
Our Streetz Farmz Hash is made using
precision techniques
, ensuring the highest quality possible in every batch.
Lab-Tested for
Purity
:
We prioritize your safety by lab-testing all our products for potency and purity.
Fast & Discreet Shipping:
Get your
Dry sift hash
delivered quickly and discreetly to your door.
Exclusive Offers:
Join our community and stay updated on the latest deals and discounts available only at info@frozenhashish.com
Shop Streetz Farmz Hash Online – Premium Hash Europe
Discover and shop
Streetz Farmz Hash
online, your trusted source for premium Moroccan-style hash across Europe.
At Streetz Farmz, we specialize in high-quality frozen sift hash made from carefully selected cannabis flowers. Each batch is expertly crafted using traditional Moroccan methods combined with modern flash-freezing techniques to lock in potent resin, rich terpenes, and superior flavor.
Frequently Asked Questions (FAQ): Streetz Farmz Hash
What is Streetz Farmz Hash?
It’s a cannabis hash brand based in Germany, selling to the European market, with a Moroccan-style traditional hash line and frozen/dry sift hash products.
How is it made?
Their frozen sift process starts with flowers harvested at peak maturity, which are then frozen immediately to preserve resin, followed by cold-sifting to separate pure trichomes without solvents.
Is it tested for quality?
The brand states its products undergo testing to meet quality standards, with information provided about origin and composition, though I couldn’t verify this with independent lab reports, so treat it as a brand claim rather than confirmed fact.
What’s the texture/appearance like?
Frozen sift is described as having a light, clean look with a soft, sandy texture, typical of high-grade dry sift.
Does it contain solvents?
No, the frozen sift method is a mechanical/cold separation process, not a solvent-based extraction.
How much does it cost?
Pricing varies a lot by product line and quantity, related retailer listings show ranges anywhere from around €80 up to several thousand euros depending on grade and amount.
Is it legal?
This depends entirely on where you are. Cannabis laws vary widely across Europe (and elsewhere) — some countries allow personal use or medical cannabis, others don’t. Worth checking your local regulations before buying or possessing.","Lab-Tested Quality
: Every batch undergoes rigorous third-party testing for potency, purity, safety, discreet shipping.",140,140,EUR,True,Frozen Sift Hash,,,
frozenhashish:7829,https://frozenhashish.com/product/mount-olympus-farm/,mount-olympus-farm,Mount Olympus Farm,"Mount Olympus Farm Hash for Sale – Expert-Sourced, Lab-Tested Premium Hash
Mount Olympus Farm Hash is a premium, small-batch solventless concentrate worthy of its namesake—crafted from elite, mountainous genetics using meticulous ice-water extraction and slow-cured into firm, fragrant slabs. The result is a powerful, full-spectrum resin radiating with crisp alpine pine, wild mountain herbs, lemon zest, and a deep, earthy mineral backbone. Independently lab-tested for cannabinoid potency, terpene integrity, and contaminant screening, this hash delivers a balanced, elevating high that clears the mind and grounds the body. Shipped across the EU in vacuum-sealed, medical-grade, smell-proof packaging with full discretion.
Key Features Of Mount Olympus Farm Hash
Elite Mountain Genetics
– Sourced from select, high-altitude adapted phenotypes chosen for trichome density, structural resilience, and complex aromatic expression.
True Solventless Ice-Water Extraction
– Produced using only purified ice water and gentle agitation. No hydrocarbons, CO₂, or chemical solvents touch the resin at any stage.
Crisp Alpine Terpene Profile
– Dominated by bright alpine pine, wild mountain herbs, fresh lemon zest, and a distinctive earthy-mineral backbone with subtle floral undertones on the finish.
Firm, Slow-Cured Slab Texture
– Cured into dense, sliceable slabs that are fragrant yet structurally stable. Crumbles cleanly when cool, softens to a pliable, oily resin under gentle heat.
Independent Third-Party Lab Testing
– Every batch verified for
THCA
/cannabinoid potency, complete terpene analysis, microbial contaminants, and residual solvent screening.
Balanced, Elevating Effect Signature
– Delivers a clear-headed cerebral lift paired with smooth physical grounding. Versatile enough for creative afternoons or relaxed social evenings without heavy sedation.
EU-Conscious Packaging & Logistics
– Vacuum-sealed in medical-grade, multi-layer smell-proof barrier film and shipped in rigid, unmarked outer packaging. Regional EU routing minimizes transit time and customs exposure.
Cold-Cured Freshness Protocol
– Stored in dark, climate-controlled conditions at optimal humidity until dispatch, preserving the crisp pine-herb aromatics and firm slab integrity.
Connoisseur-Grade Consistency
– Selected for color stability, structural density, and aromatic potency. Never dry, crumbly, or stale, only firm, fragrant, and mechanically refined.
How to Consume Mount Olympus Farm Hash
Smoking (Flower Enhancement)
Slice or crumble 0.05–0.1 g from the firm slab. Mount Olympus Farm Hash breaks into clean, fragrant fragments when cool and softens into an oily resin at room temperature. Blend evenly into ground flower and roll or pack a bowl. The slow-cured slab melts steadily into the flower, extending the burn while releasing crisp alpine pine, wild mountain herbs, and bright lemon zest against a deep earthy-mineral backbone.
Vaporization (Best for Alpine Terpenes)
Load a concentrate-compatible vaporizer fitted with a stainless-steel or ceramic mesh pad. Set the temperature between 180–205°C. Crumble a small piece of the slab onto the pad, or sandwich it between thin layers of flower to prevent the softened resin from seeping into the device. This range preserves the volatile lemon and mountain-herb top notes while allowing the pine and mineral depth to unfold without scorching.
Hot Knives or Dabbing
Place a rice-grain-sized piece, sliced cleanly from the slab, onto a pre-heated quartz, ceramic, or titanium surface. Inhale gently through a glass funnel or bottle attachment. The firm, slow-cured resin bubbles actively and melts into a smooth, flavorful oil. Mount Olympus is potent and balanced; the onset is a clear-headed cerebral lift that settles into smooth physical grounding. Even experienced consumers should treat the first dose as a calibration hit.
Traditional Pipe or Chillum
Line the bowl with a thin bed of ash or flower to prevent the softened resin from clogging the draw. Add a small crumbled piece and apply indirect flame to the rim rather than torching the center. This maintains an even, slow-burning cherry that draws out the wild herb and earthy-mineral undertones while keeping the bright lemon and pine notes present.
Edible Infusion (Advanced)
Finely crumble or grate the slab and spread thinly on parchment. Decarboxylate at 110–120°C for 30–40 minutes until fragrant and lightly toasted. Infuse into butter, coconut oil, or olive oil over low heat for 45–60 minutes. Given its balanced potency and high cannabinoid density, start with a small test dose and wait at least 90 minutes before considering any increase.","Mount Olympus Farm Hash is a small-batch, solventless ice-water extract slow-cured into firm, fragrant slabs. Bursting with crisp alpine pine, wild mountain herbs, lemon zest, and a deep earthy-mineral backbone, it delivers a balanced, elevating high that clears the mind and grounds the body. Lab-tested for purity and shipped in medical-grade, EU-discreet packaging for the connoisseur who demands peak performance.",250,250,EUR,True,Frozen Sift Hash,,,
frozenhashish:7824,https://frozenhashish.com/product/kinks-farms-hash-for-sale/,kinks-farms-hash-for-sale,Kinks Farms,"Kinks Farms Hash for Sale – Expert-Sourced, Lab-Tested Premium Hash
Kinks Farms Hash
For Sale, an expert-sourced, solventless ice-water extract crafted for the discerning European collector. Selected for structural integrity, loud terpene expression, and uncompromising purity, each batch is independently lab-tested for cannabinoid potency, contaminants, and residual solvents. The result is a premium-grade resin that burns clean, melts close to full-melt, and delivers a complex, long-lasting experience—shipped discreetly across the EU in medical-grade, humidity-controlled packaging.
Key Features Of Kinks Farms Hash For Sale
Expert-Sourced, Small-Batch Origin
– Hand-selected from boutique solventless operations that prioritize genetic integrity and ice-water craftsmanship over mass production.
Independent Lab Testing
– Every batch carries verified third-party analysis covering cannabinoid profile, terpene content, microbial screening, and residual contaminant checks.
True Solventless Extraction
– Produced using only ice, water, and gentle agitation. No butane, propane, or CO₂ touches the resin, preserving the plant’s full-spectrum character.
Near Full-Melt Texture
Greasy, pliable, and bubble-rich under flame. Suitable for flower enhancement, vaporization, or low-temperature dabbing with minimal residue.
Complex Terpene Profile
Expect layered aromatics ranging from earthy spice and pine to subtle floral and fuel notes, varying by seasonal harvest and specific phenotype.
EU-Optimized Storage & Shipping
Maintained at 58–62% RH in cold, dark conditions before dispatch. Vacuum-sealed in smell-proof medical-grade film and shipped in rigid, unmarked packaging to protect freshness and privacy.
Connoisseur-Grade Consistency
Curated for structural stability, color integrity, and aromatic potency, never a dried, oxidized, or mechanically damaged product.
Regulatory Transparency
Product listings include decarboxylation guidance and THCA compliance notes to support informed purchasing decisions within EU frameworks.
How To Consume Kinks Farms Hash
Smoking (Flower Enhancement)
Crumble 0.05–0.1 g of Kinks Farms Hash between your fingertips and blend evenly into ground flower. Roll into a joint or pack a bowl. The resin’s greasy, pliable texture melts into the flower, slowing the burn and amplifying potency while releasing layered earthy spice and subtle pine-fuel aromatics.
Vaporization (Preserve the Terpene Spectrum)
Load a concentrate-compatible vaporizer or use a flower vape with a stainless-steel mesh pad. Set the temperature between 180–210°C. Sandwich a thin layer of hash between flower or place it directly on the pad. This method best captures the nuanced floral top notes and forest-floor depth without scorching the delicate volatile compounds.
Hot Knives or Dabbing
Place a rice-grain-sized piece on a pre-heated quartz or ceramic surface, or press it between two hot knives. Inhale gently through a funnel or bottle top. Kinks Farms Hash is potent and fast-acting; even experienced consumers should start modestly and gauge the effects before increasing the dose.
Traditional Pipe or Chillum
Line the bowl with a thin bed of ash or flower to prevent the oily resin from clogging the airway. Add crumbled hash and top with another light layer. Apply flame to the edge rather than directly into the bowl, maintaining an even cherry that preserves the hash’s smooth, complex finish.
Edible Infusion (Advanced)
Decarboxylate at 110–120°C for 30–40 minutes until lightly toasted and aromatic. Infuse into butter, coconut oil, or heavy cream over low heat for 45–60 minutes. Given its high cannabinoid density, start with a very small quantity when cooking. Wait at least 90 minutes before considering an additional dose.
Why Buy Kinks Farms Hash Online From Our Website
Expert Sourcing, Not Bulk Buying
Kinks Farms Hash reaches our inventory through direct relationships with boutique solventless producers—not via anonymous wholesale aggregators. We evaluate every batch for structural integrity, terpene loudness, and color consistency before it ever touches our shelves.
Verified Lab Documentation
Each unit ships with a complete third-party analysis: cannabinoid potency, full terpene panel, microbial screening, and residual contaminant checks. You are not relying on marketing language; you are reading the actual lab sheet.
True Solventless Integrity
This hash is produced using ice-water extraction and low-heat curing only. No hydrocarbons, no CO₂, no chemical shortcuts. The result is a resin that retains the plant’s native complexity, earthy spice, pine backbone, and subtle floral nuances intact.
EU-Optimized Fulfillment
Shipments are vacuum-sealed in medical-grade, smell-proof barrier film and packed in rigid, unmarked outer boxes. We route through regional EU nodes where possible to minimize transit time, reduce customs friction, and preserve the hash’s humidity-stable, pliable texture.
Cold-Chain Freshness Standards
Inventory is stored at 58–62% relative humidity in temperature-controlled, dark conditions. Rapid stock rotation means you receive Kinks Farms Hash at its structural and aromatic peak—not a dried, oxidized remnant from a past season.
Connoisseur-Curated Selection
Our buyers select for complexity and craftsmanship, not just THC figures. Kinks Farms earned its place because it offers a layered, evolving flavor profile and a near full-melt texture that satisfies experienced collectors who have moved beyond ordinary market hash.
Specialized Support, Not Scripted Replies
Questions about vaporizer mesh pads, optimal decarboxylation for edibles, or EU regulatory nuances? Our team understands solventless extraction and compliance frameworks. You are buying from specialists who actually use the products we stock.
Frequently Asked Questions (FAQ): Kinks Farms Hash
What does Kinks Farms Hash taste and smell like?
The profile is layered and complex. Opening the jar releases an earthy, forest-floor base with dried pine needle and subtle woody spice. On the heat, those notes deepen into a smooth, almost incense-like richness with faint floral edges and a distant fuel undertone. The finish is clean and expansive rather than harsh or one-dimensional.
How strong is Kinks Farms Hash compared to dry flower?
As a concentrated solventless extract, its cannabinoid density is significantly higher than cured flower. Effects arrive quickly and tend to linger longer. If your usual routine is built around premium flower, begin with roughly half your normal quantity and adjust from there.
Is this full-melt or half-melt hash?
Kinks Farms Hash is a high-grade, near-full-melt ice-water extract. Under gentle flame it softens into a bubbling, oily resin and leaves behind very little carbonaceous residue. It is clean enough for vaporization and low-temperature dabbing, yet robust enough to mix with flower.
How do you keep it fresh during shipping?
Every order is vacuum-sealed in medical-grade, smell-proof barrier film and shipped in rigid, unmarked packaging. Before dispatch, inventory is held at 58–62% relative humidity in cold, dark conditions. Stored correctly after arrival, the hash retains its pliable, greasy texture and loud aromatic character for months.
Is Kinks Farms Hash lab tested?
Yes. Each batch is screened by an independent third-party laboratory for cannabinoid potency, terpene content, microbial contaminants, and residual solvents. Because it is produced through ice-water extraction, no chemical solvents are introduced, but we verify purity regardless.
What is the best way to store it at home?
Keep the hash in an airtight glass or silicone container, stored in a cool, dark place away from direct sunlight. Avoid refrigeration unless the container remains sealed until it reaches room temperature; sudden temperature shifts can cause condensation that degrades texture and invites mold.
Can I legally order Kinks Farms Hash to my EU country?
Cannabis and hemp-derived concentrate regulations differ across EU member states. We ship in discreet, unmarked packaging, but you are responsible for understanding your local laws regarding THCA or hemp-derived products. Our listings include decarboxylation and regulatory context to help you assess compliance.
Can I cook with Kinks Farms Hash?
Yes, but decarboxylation is essential. Finely crumble the hash and heat at 110–120°C for 30–40 minutes, then infuse into butter, coconut oil, or cream over low heat. Given its high potency, start with a very small test portion and wait a full 90 minutes before deciding whether to increase the dose.
What consumption method best preserves the flavor?
Vaporization between 180–210°C offers the cleanest translation of its earthy-pine and subtle floral terpenes. Use a concentrate-compatible device or sandwich the hash between thin flower layers in a flower vape. Direct flame methods deliver more intensity but sacrifice some of the delicate top notes.
Is Kinks Farms Hash indica or sativa dominant?
Kinks Farms typically leans toward a balanced or slightly indica-leaning hybrid profile. Expect a grounded, physically relaxing effect paired with a calm, clear mental state rather than a racey cerebral surge. It is versatile enough for relaxed afternoon use but shines in low-pressure evening settings.","Lab Tested
Discreet Shipping
Secure Checkout
Satisfaction Guaranteed",200,200,EUR,True,Frozen Sift Hash,,,
frozenhashish:7791,https://frozenhashish.com/product/buffalo-plein-frozen-sift-hash/,buffalo-plein-frozen-sift-hash,Buffalo Plein Frozen Sift Hash,"Buffalo Plein Frozen Sift Hash | Premium Frozen Hash For Sale Europe
Buffalo Plein Frozen Sift Hash
is part of our premium frozen hash collection, selected for its quality, consistency, and refined craftsmanship. If you’re looking for
premium frozen hash for sale in Europe
, explore our carefully curated selection featuring detailed product information, secure ordering, and responsive customer support. Shop with confidence and discover a reliable destination for premium frozen hash products.
Key Features Of
Buffalo Plein Frozen Sift Hash
Production method
: Made using a frozen/cold sifting process, cannabis is frozen and then sifted through fine mesh screens to separate trichomes, a solventless extraction technique.
Micron/grade variants
: Sold across multiple grades (e.g., frozen sift 180/90µ, filtered 73µ/120µ “Premium++”), with purity and texture varying significantly by grade.
Strain options (per listings)
: Offered under several named genetics, including Tropicana Cherry, Dirty Banana, Orange Diesel, Runtz, and Sunset Bubble, among others.
Texture/format
: Presented as slabs or flattened blocks (“panetta”) or cakes when filtered; texture ranges from dry and crumbly in lower-tier lines to finer and smoother in premium grades.
Flavor/effect (from listing descriptions)
: Described as sweet, fruity, and tropical/dessert-like, with effects called balanced, an uplifting, clear-headed start easing into body relaxation.
How To Consume
Buffalo Plein Frozen Sift Hash
Common ways to consume Buffalo Plein Frozen Sift Hash:
Vaporizer for concentrates
— recommended in listings as the best way to preserve aroma and terpenes, especially for premium/finer grades; lower heat settings work best.
Dabbing
— using a rig designed for concentrates, particularly suited to the finer filtered/frozen sift grades, which are noted as more potent and flavorful.
Smoking with flower
— crumbled and mixed into a joint or topped on a bowl of ground flower; coarser or “mid” grades tend to suit this method well.
Pipe or bong
— placed on a screen or directly on top of flower.
Why Buy
Buffalo Plein Frozen Sift Hash Online Europe From Us
When you shop with Frozen Hashish, you’re choosing quality, convenience, and customer satisfaction:
Top-Notch Products:
Our Broker Farm Hash is made using
precision techniques
, ensuring the highest quality possible in every batch.
Lab-Tested for
Purity
:
We prioritize your safety by lab-testing all our products for potency and purity.
Fast & Discreet Shipping:
Get your
Frozen sift hash
delivered quickly and discreetly to your door.
Exclusive Offers:
Join our community and stay updated on the latest deals and discounts available only at info@frozenhashish.com
Shop Buffalo Plein Frozen Sift Hash Online | Buy CBD Hash Online Europe Discreet shipping
Explore our selection of
Buffalo Plein Frozen Sift Hash
, carefully chosen for its quality, consistency, and craftsmanship. If you’re looking to
buy CBD hash online in Europe
, browse our collection with confidence. We provide detailed product information, secure checkout, and responsive customer support to help you enjoy a straightforward and reliable shopping experience from start to finish.
Frequently Asked Questions (FAQ): Buffalo Plein Frozen Sift Hash
What is Buffalo Plein Frozen Sift Hash?
It’s a solventless cannabis concentrate made through a frozen/cold sifting process, where cannabis is frozen and then sifted through fine mesh screens to separate trichomes from plant material.
What does “frozen sift” mean?
It refers to the extraction method, freezing the cannabis material before sifting, which helps preserve terpenes and cannabinoids more effectively than sifting at room temperature.
What micron grades is it available in?
Listings mention several variants, including frozen sift at 180/90 microns and filtered versions at 73 and 120 microns (“Premium++”), along with a lower “dry ice/mid” tier, purity and texture vary by grade.
What strains is it made from?
Sold under multiple named genetics across different listings, including Tropicana Cherry, Dirty Banana, Orange Diesel, Runtz, and Sunset Bubble, among others.
What does it taste and smell like?
Produces a sweet, fruity, and tropical/dessert-like overall, with specific notes (citrus, diesel, bubblegum, berry, cream) varying by strain.
What effects does it produce?
Described as a balanced experience, an uplifting, clear-headed start that eases into body relaxation, according to seller descriptions.
What’s the texture like?
Varies by grade: lower “mid” tiers tend to be dry and crumbly, while premium filtered/frozen sift grades are described as finer, smoother, and sometimes pressed into slab or “panetta” form.
How should it be consumed?
Vaporizing or dabbing at lower heat is recommended to preserve aroma and terpenes, especially for premium grades; it can also be crumbled into flower for a joint or bowl.
How should it be stored?
Cool, dark, and airtight, protecting it from heat, light, and moisture preserves potency and flavor over time.
Is it lab-tested or organic?
Yes. Every batch is independently lab-tested for purity and potency, with results available on request.
Is it legal to buy or use?
Depends entirely on your jurisdiction, cannabis concentrate legality varies by country and, in the US, by state. Check local law before purchasing or using.","Lab-Tested Quality
: Every batch undergoes rigorous third-party testing for potency, purity, safety, discreet shipping.",110,110,EUR,True,Frozen Sift Hash,,,
frozenhashish:9512,https://frozenhashish.com/product/sunrise-mountain-farms-hash-for-sale/,sunrise-mountain-farms-hash-for-sale,Sunrise Mountain Farm Hash,"Sunrise Mountain Farms Hash For Sale — Reviewed by Hash Experts, Small-Batch and Lab-Certified for EU Delivery
Sunrise Mountain Farms
Hash For Sale
brings mountain-grown craft resin to the EU market, reviewed and rated by hash experts before it ever reaches a shelf. Grown at altitude where cool nights and clean air push trichome production to its peak, the harvest is processed in genuinely small batches, never blended, never bulked. The result is a solventless hash with remarkable clarity: bright resinous top notes, ripe stone fruit in the middle, and a warm earthy finish that lingers. Every run is third-party lab-certified for potency, pesticides, and microbials, with full COA access on request. Stored at 58–62% RH and cold-chain handled from press to doorstep, it arrives exactly as intended, fresh, pliable, and terpene-rich, in plain unbranded EU packaging.
Key Features Of Sunrise Mountain Farms Hash
Mountain-Grown Terroir
— Altitude cultivation with cool nights and clean air, driving dense trichome development and sharper terpene expression
Genuinely Small Batch
— Limited runs from single-source material; fully traceable, never blended across harvests
Solventless Extraction
— No butane, ethanol, or CO₂ at any stage, mechanical separation only
Expert-Reviewed
— Assessed and graded by experienced hash reviewers before release
Lab-Certified
— Third-party tested for potency, pesticides, and microbials; full COA available on request
Layered Terpene Profile
— Bright resinous top notes, ripe stone fruit mid-palate, warm earthy finish
Pliable, Fresh Texture
— Arrives soft and workable, not dried out or claggy
58–62% RH Storage
— Optimal humidity maintained through storage and transit to protect texture and aroma
Cold-Chain Handled
— Temperature-controlled from press to doorstep so terpenes don’t fade in transit
Discreet EU Delivery
— Plain, unbranded outer packaging with zero odour transfer and no identifying labels
How To Consume Sunrise Mountain Farms Hash
Crumble & Roll
— At room temperature the resin is soft and workable. Pinch off a small piece, roll it into a thin snake between your fingers, and lay it along the length of a joint or blunt. No warming needed, it breaks apart cleanly on its own.
Bowl Topper
— Place a small pinch on top of a packed bowl of flower. Use a low-flame lighter and draw gently, letting the resin melt down into the bed rather than torching it. High heat scorches the terpenes that make this batch worth buying.
Vaporise
— Load a small piece into a dry-herb or concentrate vaporiser at 180–200 °C. The solventless purity vaporises cleanly with minimal residue, and the lower temperature range brings out the stone fruit and bright resinous top notes before the earthier base arrives.
Dab (Cold Start)
— For the fullest terpene expression, drop a small piece into a cool quartz banger, cap it, and apply gentle heat until it melts and vaporises. Cold-start protects the volatile top notes that a hot dab would burn straight off.
Hot Knife
— The traditional method and still one of the most efficient. Warm two blades, press a small piece between them, and inhale the vapour through a funnel or tube.
Pipe or Bong
— Crumble over a small flower bed in the bowl, or use a screen to prevent pull-through.
Storage
— Keep sealed in a cool, dark place at 58–62% RH. This hash is moisture-sensitive: too dry and it stiffens and loses aroma, too humid and it turns claggy. The cold-chain handling protects it in transit, but once it’s yours, keep it cool and sealed between sessions.
Start small.
Mountain-grown resin at this grade is potent, one modest pinch goes further than you’d expect.
Why Buy Sunrise Mountain Farms Hash Online From Our Website
Mountain-Grown Terroir
— Cultivated at altitude where cool nights and clean air drive dense trichome development. You taste the elevation: sharper, brighter, more defined than lowland resin.
Genuinely Small Batch
— Limited runs from single-source material. Never blended across harvests, never bulked out — every batch is traceable back to its own grow.
Solventless Purity
— No butane, no ethanol, no CO₂, no chemical shortcuts at any stage. Mechanical separation only, exactly as premium hash should be made.
Expert-Reviewed Before Release
— Every run is assessed and graded by experienced hash reviewers. If it doesn’t meet the standard, it doesn’t reach the shelf.
Lab-Certified & Transparent
— Third-party tested for potency, pesticides, and microbials, with full COA available on request. What’s on the label is what’s in the jar.
Layered Terpene Profile
— Bright resinous top notes, ripe stone fruit through the mid-palate, and a warm earthy finish that lingers well past the exhale.
58–62% RH Storage
— Optimal humidity maintained through storage and transit, so it arrives soft, pliable, and workable — never dried out, never claggy.
Cold-Chain Handled
— Temperature-controlled from press to doorstep. Terpenes stay locked in rather than fading somewhere in a warehouse.
Discreet EU Delivery
— Plain, unbranded outer packaging with zero odour transfer and no identifying labels. Private, secure, and no explaining to anyone.
Fair Craft Pricing
— Small-batch mountain hash without the boutique mark-up. No middlemen, no inflated claims — the resin speaks for itself.
Shop Sunrise Mountain Farms Hash Europe — Buying Hash Online
Mountain-grown craft resin, now available across Europe. Sunrise Mountain Farms cultivate at altitude, where cool nights and clean air push trichome development to its peak, and the difference shows in the glass. Every run is processed in genuinely small batches, solventless and single-source, then expert-reviewed before release. Expect bright resinous top notes, ripe stone fruit through the mid-palate, and a warm earthy finish that lingers past the exhale. Third-party lab-certified for potency, pesticides, and microbials with full COA access. Buying hash online should be simple and private: we hold every batch at 58–62% RH, cold-chain handle it from press to doorstep, and ship across the EU in plain, unbranded packaging with zero odour transfer.
Short SKU copy
Sunrise Mountain Farms Hash For Sale, solventless, small-batch resin grown at altitude. Soft and pliable at room temperature; bright resin, ripe stone fruit, warm earthy finish. Expert-reviewed, lab-certified, held at 58–62% RH and cold-chain fresh. Discreet EU delivery. Crumble into a joint, top a bowl, or cold-start dab.
Buying hash online — at a glance
– Mountain-grown terroir: altitude cultivation, denser trichomes, sharper terpenes
– Genuinely small batch, single-source, never blended across harvests
– Fully solventless — mechanical separation only, no butane, ethanol, or CO₂
– Expert-reviewed and third-party lab-certified, COA on request
– Soft, pliable texture — no warming blade needed, crumbles cleanly
– Held at 58–62% RH and cold-chain handled from press to doorstep
– Plain, unbranded EU shipping with zero odour transfer
– Fast, tracked delivery across Europe
Frequently Asked Questions: Sunrise Mountain Farms Hash
What is Sunrise Mountain Farms Hash?
It’s a solventless craft hash made from mountain-grown cannabis cultivated at altitude, where cool nights and clean air drive denser trichome development. Every run is processed in genuinely small batches from single-source material and expert-reviewed before release.
Is it solventless?
Yes, completely. No butane, ethanol, or CO₂ at any stage, mechanical separation only. Nothing is added and nothing is stripped out.
Is it lab-tested?
Every batch is third-party tested for potency, pesticides, and microbials, with the full COA available on request. What’s printed on the label is what’s in the jar.
What does it taste like?
Bright resinous top notes lead, ripe stone fruit fills the mid-palate, and a warm earthy finish lingers well past the exhale. Altitude cultivation gives it noticeably sharper terpene definition than lowland resin.
How strong is it?
Potent. Mountain-grown resin at this grade delivers more than most people expect from a modest pinch — start small and build up. Onset is smooth rather than sudden, with a clear cerebral lift settling into a relaxed, grounded body feel.
How do I use it?
Crumble a small piece into a joint, top a packed bowl with a low flame, vaporise at 180–200 °C, or cold-start dab for the fullest terpene expression. It’s soft and workable at room temperature, so no warming blade is needed.
Do I need to warm it before handling?
No. Unlike pressed dry-sift slabs, this resin stays pliable at room temperature and breaks apart cleanly between your fingers.
How should I store it?
Sealed, cool, and dark at 58–62% RH. It’s moisture-sensitive: too dry and it stiffens and loses aroma, too humid and it turns claggy. Keep it sealed between sessions and it holds its character.
Does it need a mesh pad or screen?
In a pipe or bong, yes, crumble it over a small flower bed or use a screen to prevent pull-through. In a concentrate vaporiser, use the insert supplied.
Why is it small batch?
Because blending harvests flattens terroir. Keeping runs small and single-source is what preserves the altitude character that makes this hash distinct, it does mean limited availability.
How is it shipped?
Cold-chain handled from press to doorstep to protect the terpene profile, then sent across the EU in plain, unbranded outer packaging with zero odour transfer and no identifying labels.","Sunrise Mountain Farms Hash is solventless craft resin grown at altitude, where cool nights and clean air drive denser trichome development and sharper terpene definition. Processed in genuinely small, single-source batches and expert-reviewed before release, it stays soft and pliable at room temperature, bright resinous top notes, ripe stone fruit through the mid-palate, and a warm earthy finish that lingers. Third-party lab-certified, held at 58–62% RH, and shipped cold-chain fresh across the EU in discreet, unbranded packaging.",110,110,EUR,True,Hashish Eggs Hash,,,
frozenhashish:9420,https://frozenhashish.com/product/gorilla-cookies-hash/,gorilla-cookies-hash,GORILLA COOKIES HASH,,,170,170,EUR,True,Hashish Eggs Hash,,,
frozenhashish:7843,https://frozenhashish.com/product/mountain-giants-hash-egg-concentrate/,mountain-giants-hash-egg-concentrate,Mountain Giants Hash Egg,"Mountain Giants Hash Egg – Premium Craft Hash Concentrate
Mountain Giants Hash Egg
is a
premium cannabis
concentrate designed for enthusiasts who appreciate top-tier solventless extracts, rich terpene profiles, and handcrafted quality. Known for its smooth texture, potent effects, and artisanal presentation, Mountain Giants Hash Egg has become a standout choice among hash connoisseurs seeking a refined concentrate experience.
Crafted using carefully selected cannabis material and advanced solventless extraction methods, Mountain Giants Hash Egg preserves the plant’s natural cannabinoids and aromatic terpenes. Its signature “hash egg” format reflects traditional craftsmanship while delivering modern concentrate purity and consistency.
Why Choose Mountain Giants Hash Egg?
Mountain Giants focuses on quality-driven production, ensuring every batch delivers exceptional flavor, aroma, and potency. The concentrate is produced in small batches to maintain freshness and preserve the full-spectrum essence of the original cannabis strain.
Key highlights include:
Premium solventless hash concentrate
Rich terpene retention and bold aroma
Smooth consistency and handcrafted presentation
Potent and long-lasting effects
Crafted from high-quality cannabis genetics
Flavor Profile & Effects
Mountain Giants Hash Egg is recognized for its complex flavor profile and clean smoking experience. Depending on the strain used, users may experience earthy, piney, citrus, sweet, or gassy notes layered throughout each session.
The effects are often described as relaxing, euphoric, and deeply satisfying, making this concentrate popular for evening sessions, creative moments, or simply unwinding after a long day. Its clean extraction process helps preserve the authentic character of the flower for a more natural cannabis experience.
Best Consumption Methods
Mountain Giants Hash Egg can be enjoyed in multiple ways:
Dabbing for intense flavor and potency
Vaporizing for a cleaner terpene-rich session
Mixing with flower in joints or bowls
Low-temp consumption to maximize flavor preservation
A Trusted Name in Premium Hash
As demand for high-end solventless concentrates continues to rise, Mountain Giants Hash Egg stands out for its dedication to craftsmanship and quality. Its balance of flavor, purity, and potency makes it a favorite among experienced concentrate users and collectors alike.
Why Buy Mountain Giants Hash Egg Online From Our Website.
1. Heritage Format, Solventless Purity
Hand-pressed egg shape protects resin from oxidation and light. Made with ice-water extraction only, zero solvents, zero additives, preserving the full alpine terpene profile of pine, earth, and cool mountain mineral.
2. Locked-In Freshness, Sliced to Order
The dense egg core traps volatile terpenes inside until you warm it and slice. You release the aroma at the moment of consumption, not during transit or storage. Properly cured and sealed at 58–62% RH for peak flavor retention.
3. Lab-Certified, Batch-Specific
Every egg ships with its own independent Certificate of Analysis: cannabinoid potency, full terpene breakdown, microbial screening, and residual solvent testing. No generic sheets,  just verified data for your exact batch.
4. Fast, Discreet EU Shipping
Regional EU fulfillment means short transit times and minimal customs exposure. Each egg is sealed in medical-grade smell-proof film inside unmarked, rigid packaging. We process orders quickly and ship direct, so your hash arrives fresh, intact, and private, without long waits or unnecessary scrutiny.
5. Ritual Quality, Zero Waste
Warm, shave, crumble, the egg format lets you portion precisely with no dust loss. It ages gracefully in a jar and travels better than fragile mousses or loose sift. Built for collectors who value tradition, density, and control.","Lab Tested
Discreet Shipping
Secure Checkout
Satisfaction Guaranteed",110,110,EUR,True,Hashish Eggs Hash,,,
frozenhashish:7839,https://frozenhashish.com/product/hashski-static-eggs-hash/,hashski-static-eggs-hash,Hashski Static Eggs Hash,"Hashski Static Eggs Hash for Sale – Expert-Sourced, Lab-Tested Premium Hash
Hashski Static Eggs Hash
is a meticulously crafted solventless concentrate shaped into traditional egg forms using advanced static separation technology. Each egg is composed of selectively isolated, trichome-rich resin heads that have been cured to a supple, slightly tacky consistency with a glass-like sheen under light. The result is an ultra-clean, high-purity hash that preserves the raw genetic voice of its source cultivar—offering bold spice, earthy musk, and subtle floral gasoline in every micro-planed slice. Independently lab-tested, cold-cured, and shipped in medical-grade, smell-proof packaging for the discerning EU collector who values old-world tradition married to modern static-sift precision.
Key Features Of Hashski Static Eggs Hash
–
Static Separation Technology
– Produced using electrostatic dry-sift methods that isolate the most resinous trichome heads while eliminating virtually all plant debris. The result is a near-contaminant-free hash with exceptional purity and melt performance.
Traditional Egg Form
– Hand-shaped and slow-cured into classic egg-shaped charas forms, allowing for even oxidation, optimal terpene preservation, and a timeless presentation that signals artisan-grade craftsmanship.
Ultra-Clean, Solventless Purity
– No water, no ice, no hydrocarbons, and no CO₂. Static Eggs rely solely on mechanical separation and gentle curing, delivering a resin that is structurally dense yet sliceable.
Complex Spice-Musks & Floral Fuel Profile
– Expect a layered aromatic journey: initial black pepper and damp forest floor give way to aged wood, sandalwood musk, and faint floral gasoline top notes that intensify when micro-planed or warmed.
Independent Third-Party Lab Testing
– Every batch is screened for cannabinoid potency, full terpene content, microbial contaminants, heavy metals, and residual solvents—verifying both safety and the absence of foreign particulate.
Near Full-Melt, Sliceable Texture
– The cured egg exterior yields to a warm knife or micro-plane, producing fine ribbons that bubble aggressively under low flame and melt into a clean, flavorful oil with minimal ash or residue.
EU-Conscious Shipping & Discretion
– Vacuum-sealed in medical-grade, multi-layer smell-proof film and dispatched in rigid, unmarked packaging. Regional EU routing options reduce customs exposure and preserve the eggs’ cured integrity in transit.
Cold-Cured Freshness Protocol
– Stored in dark, climate-controlled conditions at stable humidity until dispatch. The slow-cure process continues subtly during shipping, meaning the hash often improves in depth and smoothness shortly after arrival if stored correctly.
Connoisseur-Grade Consistency
– Selected for structural density, color stability, and aromatic potency. Hashski Static Eggs are never dry, crumbly, or oxidized—only supple, aromatic, and mechanically refined.
How to Consume Hashski Static Eggs Hash
Smoking (Flower Enhancement)
Use a sharp blade or micro-plane to shave thin ribbons from the egg, 0.05 g is plenty. The static-sifted resin is exceptionally pure, so a little goes significantly further than standard hash. Crumble the shavings evenly into ground flower and roll or pack a bowl. The near-contaminant-free resin melts cleanly into the flower, extending the burn while releasing bold black pepper, damp earth, and faint floral gasoline notes.
Vaporization (Preserve the Static-Sift Purity)
Load a concentrate-compatible vaporizer fitted with a stainless-steel or ceramic mesh pad. Set the temperature between 175–195°C. Micro-plane a small amount of Hashski Static Eggs directly onto the pad or sandwich it between thin layers of flower. Because static separation eliminates virtually all plant debris, the vapor is remarkably smooth and terpene-dense—ideal for tasting the sandalwood musk and spice layers without particulate harshness.
Hot Knives or Dabbing
Slice a tiny sliver—no larger than a matchstick head—from the egg and place it on a pre-heated quartz, ceramic, or titanium surface. Inhale gently through a glass funnel or bottle attachment. Static Eggs hash bubbles aggressively and melts into a clean, light-colored oil with minimal residue. Given its high trichome-head purity, the onset is rapid and potent. Treat your first dose as a calibration hit, even if you are experienced with solventless concentrates.
Traditional Pipe or Chillum
Line the bowl with a thin bed of ash or flower to prevent the fine static-sift shavings from pulling through. Add micro-planed ribbons and top with another light layer. Apply indirect flame to the rim rather than torching the center. This method draws out the aged-wood and floral fuel undertones while maintaining an even, slow-burning cherry.
Edible Infusion (Advanced)
Because static-sift hash contains virtually no water or plant matter, decarboxylation is highly efficient. Finely grate or crumble 0.5–1 g and spread thinly on parchment. Heat at 110–120°C for 25–35 minutes until fragrant and slightly darkened. Infuse into butter, ghee, or coconut oil over low heat for 40–60 minutes. Given the extreme purity and density of isolated trichome heads, start with a very small test portion and wait at least 90 minutes before considering any increase.
Why Buy Hashski Static Eggs Hash Online From Our Website
Static Technology, Sourced Directly
Hashski Static Eggs reach our inventory through direct relationships with artisan dry-sift producers who specialize in electrostatic separation, not via bulk wholesalers or anonymous brokers. We inspect every batch for egg density, surface sheen, and sliceability before it is approved for listing.
Verified Purity Documentation
Each unit ships with a complete independent lab analysis: cannabinoid potency, full terpene mapping, microbial screening, heavy metals, and residual particulate checks. Because static separation eliminates virtually all plant debris, the lab sheets consistently show exceptionally clean profiles—and we publish them in full.
True Mechanical Solventless Integrity
No water, no ice, no butane, no CO₂. Hashski Static Eggs are produced using electrostatic dry-sift and slow curing alone. The result is a resin that retains the raw genetic voice of the plant, bold spice, earthy musk, and floral gasoline, without dilution or chemical alteration.
Old-World Craft, Modern Precision
The hand-shaped egg form is not merely aesthetic. It allows for controlled, even oxidation and curing that improves depth and smoothness over time. We stock this hash because it bridges traditional charas craftsmanship with cutting-edge static technology, something genuinely rare in the current market.
EU-Optimized Discretion & Logistics
Orders are vacuum-sealed in medical-grade, multi-layer smell-proof barrier film and packed in rigid, unmarked outer boxes. We route through regional EU fulfillment nodes where possible to minimize transit duration, reduce customs friction, and protect the cured egg structure from temperature shock.
Cold-Cured Freshness, Rotated Rapidly
Stored in dark, climate-controlled conditions at stable humidity, Hashski Static Eggs are moved quickly through inventory. You receive them at peak sliceability and aromatic intensity, not desiccated, oxidized, or mechanically damaged from months in storage.
Curated for the Experienced Collector
Our buyers select for structural uniqueness and terpene complexity, not just potency numbers. Hashski Static Eggs earned their place because the near full-melt purity and evolving spice-musk profile satisfy connoisseurs who have moved beyond ordinary sift or bubble hash.
Specialized, Knowledgeable Support
Questions about micro-planing technique, optimal decarboxylation for dry-sift edibles, or EU regulatory context for THCA products? Our team understands static separation, curing science, and regional compliance. You are purchasing from specialists who evaluate concentrates at the same level you do.
Frequently Asked Questions(FAQ): Hashski Static Eggs Hash
What does Hashski Static Eggs Hash taste and smell like?
The profile is bold and layered. Opening a jar releases damp forest floor, aged black pepper, and a deep sandalwood musk. When sliced or warmed, those base notes give way to subtle floral gasoline and dry wood spice. The smoke is remarkably smooth for its potency, thanks to the absence of plant debris—and finishes with a lingering, incense-like earthiness.
What is “static separation,” and why does it matter?
Static separation uses electrostatic dry-sift technology to isolate the most resinous trichome heads while mechanically rejecting nearly all plant debris and contaminants. The result is a hash of exceptional purity with a higher melt ratio and cleaner burn than traditional hand-sift or water-extracted products. It is solventless in the truest sense: no water, ice, hydrocarbons, or CO₂ touch the resin.
Why is it shaped into eggs?
The egg form is a deliberate curing technique. Hand-shaping and slow-curing in a compact, rounded mass allows for even oxidation and gentle terpene preservation. It also signals artisan-grade craftsmanship: the exterior develops a light sheen while the interior remains supple and sliceable. Properly cured eggs actually improve in depth and smoothness over weeks if stored correctly.
How potent is it compared to flower?
Because static separation concentrates isolated trichome heads, the cannabinoid density is significantly higher than premium cured flower. Effects are rapid, pronounced, and long-lasting. Even experienced consumers should start with a small amount—roughly one-third to one-half of their usual flower quantity—and calibrate from there.
Is it full-melt?
Hashski Static Eggs Hash is a high-grade, near-full-melt dry-sift product. Under gentle flame or low-temperature dabbing, it bubbles aggressively and melts into a clean, light-colored oil with minimal carbonaceous residue. The extreme purity of the static separation means very little particulate matter remains to ash out.
How do you protect the egg structure and texture during shipping?
We store inventory in dark, climate-controlled conditions and ship each egg vacuum-sealed in medical-grade, multi-layer smell-proof barrier film inside rigid, unmarked outer packaging. The cured egg structure is naturally resilient, but we avoid temperature shocks and compression to preserve its supple, sliceable consistency upon arrival.
Is Hashski Static Eggs Hash lab tested?
Yes. Every batch is screened by an independent third-party laboratory for cannabinoid potency, full terpene content, microbial contaminants, heavy metals, and residual solvents. The static separation process already eliminates most foreign matter, but we verify absolute purity and publish the lab sheets in full.
How should I store it at home?
Keep the egg in an airtight glass or food-grade silicone container in a cool, dark place away from direct heat and sunlight. Avoid refrigeration unless the container remains sealed while returning to room temperature; sudden condensation can degrade the cured surface and alter the supple interior texture. A well-cured egg will continue to develop depth if stored patiently.
Can I legally order this to my EU country?
Cannabis and hemp-derived concentrate regulations vary across EU member states. We ship in discreet, unmarked packaging, but you are responsible for understanding your local laws regarding THCA or hemp-derived products. Our listings include decarboxylation notes and regulatory context to help you assess compliance in your jurisdiction.
Can I cook with Hashski Static Eggs Hash?
Yes. The ultra-clean, low-debris nature of static-sift resin makes it exceptionally efficient for decarboxylation. Finely grate or crumble a small amount and heat at 110–120°C for 25–35 minutes until fragrant. Then infuse into butter, ghee, or coconut oil over low heat. Because of its high trichome-head purity, start with a very small test dose and wait at least 90 minutes before considering more.
What is the best way to consume it for flavor?
Micro-planing thin ribbons and vaporizing them at 175–195°C on a mesh pad offers the cleanest translation of its spice-musk and floral gasoline terpenes. For a more traditional experience, slice a thin shaving and mix it with flower in a pipe, using indirect flame to preserve the aged-wood undertones. Direct torching will scorch the delicate top notes.
Is Hashski Static Eggs Hash indica or sativa dominant?
The effect profile tends toward a balanced or slightly indica-leaning hybrid experience: a grounded, physically soothing calm paired with a clear, contemplative mental state rather than a racy cerebral surge. It is versatile enough for relaxed afternoon use but excels in low-pressure evening or contemplative sessions.
Why does your website stock this specific hash?
We curate for structural uniqueness, mechanical purity, and artisan tradition. Hashski Static Eggs represent a rare convergence of old-world charas craftsmanship and modern electrostatic precision. Its near full-melt purity, evolving spice-musk profile, and distinctive egg form offer something genuinely different from the standard bubble or sift hashes dominating the market.","Hashski Static Eggs Hash is an artisan electrostatic dry-sift concentrate hand-shaped into slow-cured eggs, delivering ultra-clean resin with bold spice, sandalwood musk, and floral gasoline terpenes. Lab-tested for purity and shipped in medical-grade EU-discreet packaging, old-world craftsmanship meets modern static precision for the discerning collector.",60,60,EUR,True,Hashish Eggs Hash / Static Sift Hash,,,
frozenhashish:9502,https://frozenhashish.com/product/los-angeles-lakers-farm-hash-for-sale/,los-angeles-lakers-farm-hash-for-sale,LAKERS FARM HASH,"Los Angeles Lakers Farm Hash For Sale — Reviewed by Hash Experts, Small-Batch and Lab-Certified for EU Delivery
Los Angeles Lakers Farm Hash brings
West Coast craft resin to Europe
, expert-reviewed before a single gram reaches the shelf. Built on California-style cultivation and modern solventless technique, each run is washed and screened in small, single-source batches, never blended, never bulked out. The character is unmistakably Cali: loud citrus-forward top notes, sweet candied fruit through the mid-palate, and a creamy gassy finish that coats the exhale. Texture stays soft and pliable at room temperature, crumbling cleanly without a warming blade. Every batch is third-party lab-certified for potency, pesticides, and microbials, with full COA access on request. Held at 58–62% RH and cold-chain handled from press to doorstep, it lands fresh and terpene-rich in plain, unbranded EU packaging.
Key Features Of Los Angeles Lakers Farm Hash
West Coast Craft Pedigree
— California-style cultivation paired with modern solventless technique; loud, expressive resin built for connoisseurs
Small-Batch, Single-Source
— Washed and screened in limited runs from one selection of material. Never blended across harvests, never bulked out
Fully Solventless
— No butane, ethanol, or CO₂ at any stage. Ice-water separation and mechanical screening only
Loud Cali Terpene Profile
— Citrus-forward top notes, sweet candied fruit through the mid-palate, and a creamy gassy finish that coats the exhale
Soft, Pliable Texture
— Crumbles cleanly at room temperature; no warming blade needed to portion it
Expert-Reviewed
— Assessed and graded by experienced hash reviewers before release
Lab-Certified
— Third-party tested for potency, pesticides, and microbials, with full COA available on request
58–62% RH Storage
— Optimal humidity maintained through storage and transit to protect texture, aroma, and potency
Cold-Chain Handled
— Temperature-controlled from press to doorstep so the terpenes arrive as they left the wash
Clean Full-Melt Burn
— Vaporises with minimal residue, whether topped on a bowl, rolled in a joint, or cold-start dabbed
Discreet EU Delivery
— Plain, unbranded outer packaging with zero odour transfer and no identifying labels
How Los Angeles Lakers Farm Hash Is Produced
1. Cultivation
— Grown California-style: single-cultivar plots, controlled feeding, and a slow finish that lets trichomes ripen fully rather than being rushed to harvest. Loud terpene expression starts in the grow, not the wash — you can’t extract flavour that was never there.
2. Harvest & Fresh-Freeze
— Plants are cut at peak trichome maturity and fresh-frozen within hours. Freezing locks the living resin in place before oxidation or terpene loss can begin, which is why the citrus and candied fruit notes survive all the way to the jar.
3. Ice-Water Wash
— Frozen material is agitated gently in ice water. The cold makes the trichome heads brittle so they snap off cleanly at the stalk, while the water carries them away from plant matter. Agitation is kept soft and short — aggressive washing tears plant material and muddies the flavour.
4. Micron Screening
— The slurry passes through a graded stack of micron bags, separating trichome heads by size. Each fraction is collected separately, and only the cleanest, fully mature heads are kept for the final product. The rest is graded down or set aside.
5. Cold Drying
— The wet resin is freeze-dried or cold-dried under low temperature and low humidity. This removes water without heat, so terpenes stay intact and the resin never degrades or darkens.
6. Curing & Texture Setting
— The dried resin is cured to bring moisture into the 58–62% RH window. This is what gives the finished hash its soft, pliable, cleanly crumbling texture instead of a dusty or claggy consistency.
7. Expert Review & Lab Testing
— Every batch is assessed by experienced hash reviewers for melt, aroma, texture, and burn, then sent for third-party lab testing covering potency, pesticides, and microbials. Batches that don’t meet the standard don’t get released.
8. Cold-Chain Packing & Shipping
— Finished hash is sealed and held under cold-chain conditions from the moment it’s packed, then shipped across the EU in plain, unbranded packaging with zero odour transfer.
Why the process matters:
Every stage is mechanical or thermal — nothing chemical touches the resin at any point. Fresh-freezing preserves the terpenes, cold washing protects the trichome heads, cold drying keeps them intact, and correct curing makes the result a pleasure to handle. Skip any one step and you get hash that’s darker, harsher, and flatter on the palate.
How To Consume Los Angeles Lakers Farm Hash
Crumble & Roll
— The resin is soft and workable at room temperature. Pinch off a small piece, roll it into a thin snake, and lay it along the length of a joint or blunt. No warming blade needed — it breaks apart cleanly between your fingers.
Bowl Topper
— Drop a small pinch onto a packed bowl of flower. Use a low-flame lighter and draw gently, letting the resin melt down into the bed. Torching it burns off the loud citrus top notes that make this batch what it is.
Vaporise
— Load a small piece into a dry-herb or concentrate vaporiser at 180–200 °C. The lower end of that range pulls the candied fruit and citrus forward before the creamy gassy base arrives. Clean vaporisation, minimal residue.
Dab (Cold Start)
— The best way to experience the full profile. Place a small piece in a cool quartz banger, cap it, and apply gentle heat until it melts and vaporises. Cold-start preserves the volatile top notes a hot dab would scorch straight off.
Hot Knife
— Fast and efficient. Warm two blades, press a small piece between them, and inhale the vapour through a funnel or tube.
Pipe or Bong
— Crumble a small piece over a shallow flower bed in the bowl, or use a screen to stop pull-through.
Storage
— Keep sealed in a cool, dark place at 58–62% RH. This resin is moisture-sensitive: too dry and it stiffens and loses aroma, too humid and it turns claggy. Cold-chain handling protects it in transit — keep it sealed between sessions and it holds its character.
Start small.
Cali-grade solventless resin is potent. One modest pinch goes further than you’d expect.
Frequently Asked Questions (FAQ): Los Angeles Lakers Farm Hash
What is Los Angeles Lakers Farm Hash?
It’s a solventless craft hash built on California-style cultivation and modern ice-water technique. Each run is washed and screened in small, single-source batches and expert-reviewed before release, giving it the loud, expressive character West Coast resin is known for.
Is it solventless?
Completely. No butane, no ethanol, no CO₂, no chemical processing at any stage, ice-water separation and mechanical screening only.
Is it lab-tested?
Yes. Every batch is third-party tested for potency, pesticides, and microbials, with the full COA available on request. What’s on the label is what’s in the jar.
What does it taste like?
Unmistakably Cali. Citrus-forward top notes lead, sweet candied fruit fills the mid-palate, and a creamy gassy finish coats the exhale. Keep your temperatures low and the fruit stays front and centre.
How strong is it?
Potent. This is craft-grade solventless resin, so a modest pinch goes further than most people expect. Onset is smooth rather than sudden, with a bright, talkative lift settling into a relaxed body calm. Start small and build up.
How do I use it?
Crumble it into a joint, top a packed bowl with a low flame, vaporise at 180–200 °C, or cold-start dab for the fullest terpene expression. It’s soft and workable straight from the jar.
Do I need to warm it first?
No. Unlike pressed dry-sift slabs, this resin stays pliable at room temperature and crumbles cleanly between your fingers, no warming blade required.
How should I store it?
Sealed, cool, and dark at 58–62% RH. It’s moisture-sensitive: too dry and it stiffens and loses aroma, too humid and it turns claggy. Keep it sealed between sessions and it holds its character.
Does it need a mesh pad or screen?
In a pipe or bong, yes, crumble it over a shallow flower bed or use a screen to prevent pull-through. In a concentrate vaporiser, use the insert supplied.
Why is availability limited?
Because the batches are genuinely small and single-source. Blending harvests would flatten the terpene profile, so runs stay small, which does mean stock comes and goes.
How is it shipped?
Cold-chain handled from wash to doorstep to protect the terpene profile, then sent across the EU in plain, unbranded outer packaging with zero odour transfer and no identifying labels.","Los Angeles Lakers Farm Hash is small-batch solventless resin built on California-style cultivation and modern ice-water technique. Washed and screened from single-source material and expert-reviewed before release, it stays soft and pliable at room temperature, loud citrus-forward top notes, sweet candied fruit through the mid-palate, and a creamy gassy finish that coats the exhale. Third-party lab-certified, held at 58–62% RH, and shipped cold-chain fresh across the EU in discreet, unbranded packaging.",150,150,EUR,True,LA MOUSSE HASH / Static Sift Hash,,,
frozenhashish:9432,https://frozenhashish.com/product/super-mario-hash/,super-mario-hash,SUPER MARIO HASH,,,160,160,EUR,True,LA MOUSSE HASH,,,
frozenhashish:9251,https://frozenhashish.com/product/la-mousse-hash-for-sale/,la-mousse-hash-for-sale,🇲🇦 MOUSSE 🇲🇦 HASH,,,150,150,EUR,True,LA MOUSSE HASH,,,
frozenhashish:9124,https://frozenhashish.com/product/dry-sift-candy-mousse-120u-hash/,dry-sift-candy-mousse-120u-hash,Dry Sift Candy Mousse 120u Hash,,,120,120,EUR,True,LA MOUSSE HASH,,,
frozenhashish:9066,https://frozenhashish.com/product/west-coast-mousse/,west-coast-mousse,West Coast Mousse,,,150,150,EUR,True,LA MOUSSE HASH,,,
frozenhashish:7992,https://frozenhashish.com/product/mousse-barcelona-hash-for-sale/,mousse-barcelona-hash-for-sale,Mousse Barcelona hash,"Mousse Barcelona Hash For Sale – Premium European Style Cannabis Concentrate
Discover the rich flavor and smooth texture of
Mousse Barcelona Hash
, a premium cannabis concentrate inspired by the refined hash culture of Barcelona. Known for its creamy mousse consistency, terpene-rich aroma, and potent relaxing effects, Mousse Barcelona Hash delivers a luxury concentrate experience for cannabis enthusiasts seeking quality and smooth performance.
What Is Mousse Barcelona Hash?
Mousse Barcelona Hash is a high-quality cannabis concentrate crafted using advanced sifting and extraction techniques that preserve cannabinoids and terpenes for maximum flavor and potency. Its soft mousse-like texture and premium finish make it a standout product among modern hash concentrates.
Made from carefully selected resin-rich cannabis strains, this premium hash provides a clean, flavorful, and long-lasting experience.
Why Choose Mousse Barcelona Hash?
Smooth Mousse Texture
Mousse Barcelona Hash features a creamy and easy-to-handle consistency that makes it ideal for various smoking and vaping methods.
Rich Flavor & Aroma
Enjoy a flavorful combination of earthy, sweet, creamy, and herbal terpene notes that create a smooth and satisfying cannabis experience.
Potent & Relaxing Effects
This premium concentrate is popular for delivering calming body effects, uplifting sensations, and long-lasting relaxation.
Clean & Even Burn
Mousse Barcelona Hash burns smoothly and evenly, making it perfect for joints, pipes, bowls, and vaporizers.
Effects of
Mousse Barcelona Hash
Users commonly report effects such as:
Deep relaxation
Euphoria
Calm mood
Stress relief
Full-body comfort
Effects may vary depending on tolerance and dosage.
How to Use Mousse Barcelona Hash
Mousse Barcelona Hash can be enjoyed in several ways:
Mixed into joints or blunts
Added to bowls or pipes
Vaporized with compatible devices
Pressed into rosin concentrates
Due to its potency, beginners should start with smaller amounts.
Buy Mousse Barcelona Hash For Sale Online
If you’re searching for a premium cannabis concentrate with smooth texture, rich flavor, and strong relaxing effects, Mousse Barcelona Hash is an excellent choice. Its luxurious consistency and terpene-rich profile make it a favorite among hash lovers looking for a premium concentrate experience.
Explore Mousse Barcelona Hash today and discover why premium cannabis enthusiasts continue to enjoy this flavorful and potent hash concentrate.","Whipped ice-water mousse hash with bright, coastal terpenes. Solventless, full-spectrum, and lab-tested. Soft and pliable, it crumbles gently and melts clean. Shipped discreetly across the EU, cold-chain fresh.",0,0,EUR,False,LA MOUSSE HASH,,,
frozenhashish:7986,https://frozenhashish.com/product/mountain-farm-mousse-hash/,mountain-farm-mousse-hash,Mountain Farm Mousse Hash,"Mountain Farm Mousse Hash – Premium Smooth Cannabis Concentrate
Experience the rich flavor and smooth texture of
Mountain Farm Mousse Hash
, a premium cannabis concentrate crafted for hash enthusiasts seeking quality, potency, and a refined smoking experience. Known for its creamy mousse consistency, terpene-rich aroma, and long-lasting effects, Mountain Farm Mousse Hash delivers premium concentrate satisfaction with every session.
What Is Mountain Farm Mousse Hash?
Mountain Farm Mousse Hash is a high-quality cannabis concentrate produced using carefully selected resin-rich cannabis strains and refined extraction methods. Its soft mousse-like texture and flavorful terpene profile make it a standout option among premium hash products.
Designed for smooth consumption and powerful effects, this concentrate offers cannabis users a balanced combination of flavor, purity, and potency.
Why Choose Mountain Farm Mousse Hash?
Soft Mousse Texture
Mountain Farm Mousse Hash features a creamy and easy-to-handle consistency that makes it convenient for different smoking and vaping methods.
Rich Flavor & Aroma
Enjoy a smooth blend of earthy, sweet, herbal, and slightly spicy notes that create a flavorful and satisfying cannabis experience.
Potent & Relaxing Effects
This
premium hash concentrate
is known for delivering calming body effects and uplifting sensations that many users enjoy for relaxation and stress relief.
Smooth & Clean Burn
Mountain Farm Mousse Hash burns evenly and smoothly, making it ideal for joints, bowls, pipes, and vaporizers.
Effects of Mountain Farm Mousse Hash
Users commonly report effects such as:
Relaxation
Euphoria
Calm mood
Stress relief
Full-body comfort
Effects may vary depending on dosage and individual tolerance.
How to Use Mountain Farm Mousse Hash
Mountain Farm Mousse Hash can be enjoyed in several ways:
Mixed into joints or blunts
Added to bowls or pipes
Vaporized with compatible devices
Used for pressing rosin concentrates
Beginners should start with smaller amounts due to the product’s potency.
Buy Mountain Farm Mousse Hash Online
If you’re searching for a premium cannabis concentrate with smooth texture, rich flavor, and strong relaxing effects, Mountain Farm Mousse Hash is an excellent choice. Its high-quality craftsmanship and flavorful profile make it popular among cannabis concentrate enthusiasts seeking premium hash products.
Explore Mountain Farm Mousse Hash today and enjoy a refined concentrate experience designed for smooth sessions and long-lasting satisfaction.","Lab Tested
Discreet Shipping
Secure Checkout
Satisfaction Guaranteed",80,80,EUR,True,LA MOUSSE HASH,,,
frozenhashish:7981,https://frozenhashish.com/product/bentley-mousse-hash-for-sale/,bentley-mousse-hash-for-sale,Bentley Mousse Hash,"Bentley Mousse Hash For Sale – Luxury Premium Cannabis Concentrate
Discover the smooth texture and premium quality of
Bentley Mousse Hash
, a luxury cannabis concentrate crafted for enthusiasts who value potency, flavor, and refined extraction methods. Known for its soft mousse consistency, rich terpene profile, and long-lasting effects, Bentley Mousse Hash delivers a high-end concentrate experience with every session.
What Is Bentley Mousse Hash?
Bentley Mousse Hash is a
premium cannabis concentrate
made using carefully selected resin-rich cannabis strains and advanced sifting techniques. Its mousse-like texture and rich aroma make it a standout option among modern hash concentrates.
Designed for smooth smoking and powerful effects, Bentley Mousse Hash combines purity, flavor, and consistency into one premium product.
Why Choose Bentley Mousse Hash?
Premium Mousse Texture
Bentley Mousse Hash features a soft, creamy consistency that is easy to handle and ideal for different consumption methods.
Rich Flavor & Aroma
Enjoy a terpene-rich blend of earthy, sweet, creamy, and slightly spicy notes that provide a smooth and flavorful smoking experience.
Potent & Relaxing Effects
This premium hash concentrate is known for delivering calming body effects and uplifting mental relaxation, making it popular for stress relief and evening use.
Smooth Burn Quality
Bentley Mousse Hash burns evenly and cleanly, offering a smooth inhale whether used in joints, pipes, or vaporizers.
Effects of Bentley Mousse Hash
Users commonly report effects such as:
Deep relaxation
Euphoria
Calm mood
Stress relief
Full-body comfort
Effects may vary depending on individual tolerance and dosage.
How to Use Bentley Mousse Hash
Bentley Mousse Hash can be enjoyed in several ways:
Mixed into joints or blunts
Added to bowls or pipes
Vaporized with compatible devices
Pressed into rosin concentrates
Because of its potency, beginners should start with smaller amounts.
Buy Bentley Mousse Hash For Sale Online
If you’re looking for a premium cannabis concentrate with luxurious texture, rich flavor, and strong effects, Bentley Mousse Hash is an excellent choice. Its high-quality craftsmanship and smooth smoking experience make it a favorite among hash enthusiasts seeking premium concentrates.
Explore Bentley Mousse Hash today and enjoy a refined cannabis concentrate experience designed for flavor, potency, and satisfaction.
Why Buy Bentley Mousse Hash Online From Our Website
1. True Solventless Ice-Water Craft
Bentley Mousse Hash is produced using only ice water, gentle agitation, and precision micron separation, zero chemical solvents, zero additives. The collected full-melt resin is slowly freeze-dried and meticulously whipped into a dense, creamy mousse that preserves the plant’s complete cannabinoid and terpene matrix in its natural ratios.
2. Refined Terpene Complexity in a Creamy Format
Bentley carries a sophisticated, layered aromatic profile, deep earthy musk, subtle spice, and a smooth, lingering finish. Because our mousse process avoids heat and aggressive pressing, those delicate volatile compounds survive intact. The whipped texture locks in freshness by minimizing surface exposure, delivering a rich, full-bodied experience with every dab or draw.
3. Lab-Certified, Batch by Batch
Every jar ships with a complete independent Certificate of Analysis: total cannabinoid potency, full terpene breakdown, microbial screening, heavy metals, and residual solvent verification. You receive the exact data for your specific batch, never a generic specification sheet.
4. Fast, Discreet EU Shipping
We fulfill from regional EU nodes to keep transit times short and customs exposure minimal. Your order is sealed in medical-grade, multi-layer smell-proof barrier film inside rigid, unmarked outer packaging. Quick processing, cold-chain protection where needed, and zero external branding, fresh hash delivered privately to your door.
5. Dense, Creamy Mousse — Easy to Handle
Unlike brittle dry sift plates or sticky raw resin, Bentley Mousse is whipped into a dense yet pliable consistency that crumbles smoothly between your fingertips. It heats evenly, melts cleanly, and requires no mesh pad or blade work. Dosing is intuitive, handling is clean, and waste is minimal.
6. Climate-Controlled Curing at 58–62% RH
Mousse hash demands precise humidity, and we deliver. Our curing and storage environments are strictly maintained at optimal moisture and cool, stable temperatures to prevent hardening, oxidation, or terpene loss. When you buy from us, you receive hash that has been pampered from freeze dryer to jar, not aged warehouse stock.
7. Expert Support from Hash Specialists
Our team understands the nuances of ice-water mousse: optimal storage, low-temp consumption technique, and humidity management. If you need guidance, you get informed, human support, not automated scripts.
8. Collector-Grade, Limited Release
Bentley Mousse Hash is a small-batch, lineage-specific solventless release crafted for connoisseurs. When you purchase from our platform, you secure verified, traceable, premium-grade hash that belongs in a serious collection, not a diluted commodity from anonymous bulk sources.
Frequently Asked Questions — Bentley Mousse Hash
1. What is Bentley Mousse Hash?
It is a premium, solventless ice-water hash produced by washing fresh or flash-frozen cultivar material in ice-cold water, gently agitating to separate intact trichome heads, and collecting the resin through a graded series of micron bags. The full-melt resin is then slowly dried in a freeze dryer and meticulously whipped into a dense, creamy mousse texture. The result is a rich, pliable concentrate that captures the plant’s complete cannabinoid and terpene spectrum in a smooth, refined format.
2. Is this product solventless?
Yes. No butane, propane, CO₂, ethanol, or chemical solvents are used at any stage. The extraction relies solely on ice water, mechanical agitation, and precision filtration. The collected resin is naturally dried and whipped without heat or pressure, preserving its raw chemical profile. Independent lab testing confirms zero residual hydrocarbons.
3. What does the texture feel like?
Bentley Mousse Hash is dense, creamy, and softly whipped, distinctly different from brittle dry sift plates or loose sandy resin. It has a smooth, satin-like pliability at room temperature that yields cleanly when pinched, crumbling into manageable pieces without force, blade work, or mesh screens. The interior is moist and resin-rich, melting cleanly and evenly when heated rather than burning into harsh ash. The whipped structure protects volatile terpenes by minimizing surface exposure.
4. What is the best way to consume it?
Because mousse hash is naturally cohesive and pliable, it does not require a mesh pad like dry sift. Simply pinch a small piece and gently crumble it to your preferred consistency:
Low-temperature dabbing
(420–460°F / 216–238°C) on a clean quartz banger. The creamy texture melts quickly and evenly.
Vaporization
in a concentrate device with a ceramic or quartz chamber; no mesh basket needed.
Flower topper
crumbled over a bowl of ground flower; use indirect flame or a hemp wick to avoid scorching.
Hash pipe
with a standard screen and gentle, hovering heat.
Start small. Bentley carries a refined, layered profile that rewards low temperatures and slow draws.
5. How should I store it?
Mousse hash is sensitive to humidity and temperature fluctuations. Store it in an airtight, UV-protected container in a cool, dark place. We strongly recommend maintaining **58–62% relative humidity** and temperatures below 20°C. Too dry, and the mousse will harden and lose its creamy whipped texture; too humid, and it risks mold or terpene degradation. Avoid refrigeration unless your container is perfectly sealed with a humidity pack, as fluctuating cold temperatures can cause condensation. Properly stored, it retains peak freshness for 6–12 months and remains stable for up to 18 months.
6. Does it ship with lab results?
Yes. Every jar includes a complete, independent Certificate of Analysis covering total cannabinoid potency, full terpene profile, microbial screening, heavy metals, and residual solvent testing. You receive the specific batch data for your jar, not a generic specification sheet.
7. Is Bentley Mousse Hash legal in the EU?
Our product is marketed and sold as a hemp-derived or THCA-rich concentrate with Δ9-THC levels at or below the 0.3% threshold in compliance with EU hemp regulations at the time of production. Laws vary by member state and are subject to change. We strongly recommend reviewing your local jurisdiction’s regulations before ordering. This product is intended for adult collectors and connoisseurs of legal age.
8. How is it packaged for shipping?
Orders are sealed in medical-grade, multi-layer smell-proof barrier film and placed inside rigid, unmarked outer packaging. We use regional EU fulfillment nodes to minimize transit time and reduce customs exposure. Because mousse hash is moisture-sensitive, we employ cold-chain protection where necessary to prevent temperature fluctuations that could compromise the whipped texture or aromatic integrity. No external branding, no odor leakage, no unnecessary attention.
9. How does Bentley Mousse Hash compare to dry sift or traditional pressed hash?
Dry sift is mechanically separated from dried plant material without water, yielding a sandy, particulate resin that is often pressed into dense, brittle plates. Traditional hash is typically hand-rubbed or heat-pressed, which oxidizes and darkens the resin while muting delicate terpenes. Bentley Mousse Hash uses ice water to wash resin from fresh or frozen plant material, then dries and whips it into a creamy, dense consistency rather than pressing it hard. This preserves a lighter color, a softer texture, and a more volatile, “fresh” aromatic profile than both dry sift and traditional formats. The whipped consistency is easier to handle than loose kief and less brittle than hard-pressed plates.
10. Who is this product best suited for?
It is ideal for connoisseurs who value solventless purity, a creamy and workable texture, and the full aromatic complexity of ice-water extraction. If you appreciate the ritual of dabbing or topping flower without the need for mesh pads, blades, or excessive force, and you want a dense, melt-friendly concentrate that preserves the plant’s refined chemistry, Bentley Mousse Hash belongs in your collection.
11. What is the cannabinoid potency?
Potency varies by batch. The current lot typically tests between 50% and 65% total cannabinoids, with THCA as the dominant cannabinoid. Exact percentages are printed on your included Certificate of Analysis. As a full-spectrum, ice-water-separated resin, the entourage effect is pronounced, contributing to its depth and longevity.
12. Can I use it for edibles?
While technically possible, we do not recommend using Bentley Mousse Hash for edibles. Its primary value lies in its delicate, strain-specific terpene complexity and creamy aromatic profile, both of which are destroyed during the decarboxylation temperatures required for cooking. It is best enjoyed as a concentrate via vaporization or low-temperature dabbing to fully appreciate the nuanced flavor and solventless craftsmanship.","Premium whipped ice-water mousse hash with a dense, creamy texture and complex terpene profile. Solventless, full-spectrum, and lab-tested. Crumbles smooth, melts clean, and ships discreetly across the EU.",100,100,EUR,True,LA MOUSSE HASH,,,
frozenhashish:7976,https://frozenhashish.com/product/bubble-gum-mousse-hash/,bubble-gum-mousse-hash,Bubble Gum Mousse Hash,"Bubble Gum Mousse Hash – Premium Sweet & Potent Cannabis Concentrate
Experience the smooth texture and flavorful aroma of
Bubble Gum Mousse Hash
, a premium cannabis concentrate crafted for hash lovers seeking quality, potency, and rich terpene profiles. Known for its soft consistency, sweet candy-like flavor, and relaxing effects, Bubble Gum Mousse Hash delivers a luxurious concentrate experience for both casual and experienced cannabis enthusiasts.
What Is Bubble Gum Mousse Hash?
Bubble Gum Mousse Hash is a high-quality cannabis concentrate created using refined extraction and sifting techniques that preserve the plant’s natural cannabinoids and terpenes. Its mousse-like texture and sweet bubble gum aroma make it a standout option among premium hash concentrates.
Carefully produced from resin-rich cannabis strains, this hash offers a smooth, flavorful, and potent smoking experience.
Why Choose Bubble Gum Mousse Hash?
Sweet Bubble Gum Flavor
Bubble Gum Mousse Hash is loved for its candy-like aroma blended with earthy and creamy undertones, creating a smooth and enjoyable flavor profile.
Soft & Premium Texture
Its mousse-style consistency makes it easy to handle, break apart, and enjoy using different consumption methods.
Potent & Relaxing Effects
This premium hash concentrate is known for delivering calming, euphoric, and long-lasting effects that many users enjoy for relaxation and stress relief.
Smooth Smoking Experience
Bubble Gum Mousse Hash burns evenly and provides a clean inhale, making it ideal for joints, pipes, vaporizers, and other traditional hash methods.
Effects of
Bubble Gum Mousse
Hash
Users commonly report effects such as:
Deep relaxation
Euphoria
Happiness
Calm mood
Stress relief
Effects may vary depending on tolerance and dosage.
How to Use Bubble Gum Mousse Hash
Bubble Gum Mousse Hash can be enjoyed in multiple ways:
Sprinkle into joints or blunts
Add to bowls or pipes
Vaporize using compatible devices
Press into rosin concentrates
Beginners should start with smaller amounts due to the product’s potency.
Buy Bubble Gum Mousse Hash Online
If you’re searching for a flavorful and high-quality cannabis concentrate, Bubble Gum Mousse Hash is a premium choice. Its sweet terpene profile, smooth texture, and strong effects make it a favorite among cannabis concentrate enthusiasts.
Explore Bubble Gum Mousse Hash today and discover why premium hash lovers continue to choose this flavorful concentrate for enjoyable and relaxing sessions.
Why Buy Bubble Gum Mousse Hash Online From Our Website
1. True Solventless Ice-Water Craft
Bubble Gum Mousse Hash is produced using only ice water, gentle agitation, and precision micron separation, zero chemical solvents, zero additives, zero residual hydrocarbons. The full-melt resin is slowly freeze-dried and meticulously whipped into a pale, airy mousse that preserves the plant’s complete cannabinoid and terpene matrix in its natural, unadulterated ratios.
2. Nostalgic Candy Terpenes in a Cloud-Like Mousse
This cultivar delivers an unmistakable sweet bubblegum profile, bright pink candy, ripe strawberry, and sugary tropical notes layered over a soft floral finish. Because our mousse process never introduces heat, pressure, or aggressive oxidation, those delicate volatile esters survive intact. The whipped texture further protects the resin by reducing surface exposure, so every dab or draw carries that classic, candy-sweet aroma and creamy smoothness without harshness.
3. Lab-Certified, Batch by Batch
Every jar ships with a complete, independent Certificate of Analysis: total cannabinoid potency, full terpene breakdown, microbial screening, heavy metals, and residual solvent verification. You receive the exact data for your specific batch, never a generic specification sheet, so you can collect and consume with full documented confidence.
4. Fast, Discreet EU Shipping
We fulfill from regional EU nodes to keep transit times short and customs exposure minimal. Your jar is sealed in medical-grade, multi-layer smell-proof barrier film and packed inside rigid, unmarked outer packaging. Quick processing, cold-chain protection where needed, and zero external branding, just fresh, private delivery to your door.
5. Pliable Mousse Texture, No Mesh Required
Unlike dense dry sift plates that demand blades and mesh pads, Bubble Gum Mousse is light, creamy, and naturally pliable. It crumbles gently between your fingertips, heats evenly, and melts cleanly without pull-through. Dosing is intuitive, handling is clean, and waste is minimal, whether you are topping flower, vaporizing, or dabbing low-temp.
6. Climate-Controlled Curing at 58–62% RH
Mousse hash is moisture-sensitive, and we treat it accordingly. Our curing and storage environments are strictly maintained at optimal humidity and cool, stable temperatures to prevent the airy texture from drying out, hardening, or oxidizing. When you buy from our website, you receive hash that has been pampered from freeze dryer to jar, not desiccated warehouse stock.
7. Expert Support from People Who Know Mousse
Our team understands the nuances of ice-water mousse: how humidity affects whipped texture, why low-temperature dabbing preserves candy-forward terpenes, and how to store your jar for maximum longevity. If you need guidance, you get informed, human support, not automated scripts.
8. Collector-Grade, Small-Batch Release
Bubble Gum Mousse Hash is a limited, lineage-specific solventless release crafted for connoisseurs who value purity, nostalgia, and the distinctive airy texture of a true ice-water mousse. When you purchase from our platform, you secure a verified, traceable, premium-grade product that belongs in a serious collection, not a diluted commodity from anonymous bulk sources.
Frequently Asked Questions — Bubble Gum Mousse Hash
Q1: What exactly is Bubble Gum Mousse Hash?
Bubble Gum Mousse Hash is a solventless ice-water hash that has been crafted into a light, whipped mousse consistency. We use only ice-cold water and gentle agitation to separate mature trichome heads from the Bubble Gum cultivar, then freeze-dry the resin and meticulously whip it into a pale, airy texture. No solvents, heat-presses, or chemical washes are ever introduced, just pure, full-melt resin in its most delicate, terpene-protective form.
Q2: How does mousse texture differ from traditional hashish or dry sift plates?
Traditional dry sift and pressed plates tend to be dense, rigid, and often require a blade or mesh pad to portion cleanly. Bubble Gum Mousse is the opposite: it is soft, pliable, and almost creamy. It crumbles gently between your fingertips, heats evenly without hot spots, and melts uniformly in a nail or vaporizer. The whipped structure reduces surface oxidation and helps preserve volatile terpenes, making it a connoisseur-grade format for flavor preservation.
Q3: What does it smell and taste like?
True to its name, the aroma is unmistakably sweet and nostalgic, bright pink bubblegum candy, ripe strawberry, and sugary tropical fruit layered over a soft floral undertone. On the palate, the flavor is creamy and smooth rather than sharp or gassy, with that classic candy sweetness lingering through the exhale. Because our mousse process avoids heat and pressure, those delicate esters survive intact from jar to dab.
Q4: What is the best way to consume mousse hash?
The most connoisseur-recommended method is low-temperature dabbing (roughly 475–500°F / 245–260°C) on a clean quartz or ceramic surface. This fully vaporizes the resin without scorching the terpenes. You can also layer a small crumble over flower in a pipe or vaporizer, or use a dedicated hash vaporizer set to moderate temperatures. Because the texture is already light and broken, no mesh pad or pre-heating with a flame is necessary.
Q5: How do I dose it properly?
Start with a crumb roughly the size of a matchstick head, especially if you are unfamiliar with this cultivar’s potency. Mousse hash is concentrated resin, so a little goes significantly further than flower. Wait several minutes after your first draw or dab to assess the effect before adding more. Dosing is intuitive thanks to the soft, crumbly texture: pinch off exactly what you need without fighting a dense brick.
Q6: Why is humidity control so important for mousse hash?
The airy, whipped structure of mousse hash is moisture-sensitive. If stored too dry, it can lose its soft pliability and turn brittle; if exposed to excessive humidity, it risks microbial instability. We cure and ship at a strictly controlled 58–62% relative humidity to maintain that perfect creamy crumble. Keeping your jar sealed with the included humidity pack in a cool, dark place preserves both texture and terpene integrity.
Q7: Is Bubble Gum Mousse Hash “full melt”?
Yes — when produced and consumed correctly, this ice-water mousse qualifies as full melt. It liquefies almost completely on a heated surface, leaving minimal carbonaceous residue. The purity of the trichome-head separation, combined with gentle freeze-drying and whipping, yields a resin that is exceptionally clean-burning and suitable for low-temp dabbing.
Q8: Is it lab-tested?
Absolutely. Every batch is submitted for comprehensive independent analysis. You receive a Certificate of Analysis covering total cannabinoid potency, full terpene profile, microbial screening, heavy-metal analysis, and residual solvent verification, all specific to the jar in your hand, not a generic sheet. Full transparency is non-negotiable for a premium solventless product.
Q9: How is it packaged and shipped?
Your jar is heat-sealed inside medical-grade, multi-layer smell-proof barrier film and placed in rigid, unmarked outer packaging. We fulfill from regional EU nodes to minimize transit time and customs exposure. There is no external branding, no odor leakage, and no indication of contents. Cold-chain protocols are applied where necessary to protect terpene stability during warmer months.
Q10: Can I collect this, or is it only for immediate use?
Bubble Gum Mousse Hash is very much a collector-grade product. Each release is small-batch and lineage-specific, making it a desirable addition to any serious solventless collection. Stored properly in its original jar with humidity control, it will maintain its aroma, texture, and potency for months, though connoisseurs typically agree that the freshest terpene expression is best enjoyed within the first eight to twelve weeks after production.
Q11: How does Bubble Gum Mousse compare to Cali Plates or dry sift?
Cali Plates and traditional dry sift are typically denser, more granular, and mechanically pressed, excellent for certain uses but requiring more preparation (blade, mesh, or higher heat). Bubble Gum Mousse is lighter, more delicate, and optimized for flavor preservation. The whipped format protects volatile esters better than compressed alternatives, making it the superior choice if your priority is aroma fidelity and smooth, low-temp consumption.
Q12: Will it arrive exactly as pictured, or does the texture vary?
While the pale, whipped, airy mousse structure is consistent, minor batch-to-batch variations are normal in true solventless craft. Humidity, trichome ripeness at harvest, and seasonal growing conditions can subtly influence color (from pale blonde to light golden) and exact crumble texture. These are signs of a living, unadulterated agricultural product, not inconsistencies. Every jar, however, meets the same strict standards for purity, melt, and terpene retention.","A boutique solventless hash that reimagines classic bubblegum nostalgia through modern ice-water craft. Pale, airy, and whipped to a delicate mousse texture, it releases a sweet, nostalgic bouquet of sugary pink bubblegum, creamy vanilla, and soft floral undertones. Extracted without solvents and lab-verified for purity, this small-batch resin delivers a smooth, balanced hybrid lift with a playful, confectionary soul and contemporary precision. Ships in discreet, cold-chain EU packaging with full Certificate of Analysis.",80,80,EUR,True,LA MOUSSE HASH,,,
frozenhashish:7895,https://frozenhashish.com/product/west-coast-mousse-hashish/,west-coast-mousse-hashish,West Coast Mousse Hash,"West Coast Mousse Hashish – Premium Soft Hash Concentrate
West Coast Mousse hashish
is a premium cannabis concentrat
e crafted for enthusiasts who appreciate smooth texture, rich terpene flavor, and powerful full-spectrum effects. Inspired by the legendary cannabis culture of the West Coast, this mousse-style hashish delivers a refined experience that blends artisanal craftsmanship with modern concentrate quality.
Known for its soft, creamy consistency and aromatic profile, West Coast Mousse hashish is produced using carefully selected cannabis strains and quality-focused extraction methods. The result is a flavorful and potent concentrate designed for users seeking a premium smoking experience with authentic terpene richness.
Why Choose West Coast Mousse Hashish?
West Coast Mousse hashish stands out for its balance of potency, smoothness, and flavor preservation. Produced in small batches with attention to quality and consistency, it offers a clean and enjoyable cannabis experience from start to finish.
Key highlights include:
Premium mousse-style soft hash texture
Rich terpene aroma and bold flavor
Potent and long-lasting full-spectrum effects
Smooth and clean smoking experience
Crafted from high-quality cannabis genetics
Flavor Profile & Aroma
One of the defining features of West Coast Mousse hashish is its complex terpene profile. Depending on the strain and batch, users may experience earthy, piney, citrus, sweet, spicy, or gassy notes layered throughout the session.
Its strong natural aroma reflects the purity of the extraction process and enhances the overall concentrate experience for terpene-focused users.
Effects & Experience
West Coast Mousse hashish is often praised for delivering relaxing, euphoric, and mood-elevating effects. Many users enjoy its balanced experience for social settings, evening relaxation, or simply unwinding after a long day.
Its smooth texture and flavorful finish make it suitable for both experienced hash enthusiasts and newcomers exploring premium cannabis concentrates.
Best Ways to Enjoy
West Coast Mousse hashish can be enjoyed in several ways:
Mixed into joints or blunts
Added to bowls for enhanced potency
Vaporized for cleaner terpene-rich flavor
Dabbed depending on consistency and preference
Premium Hashish Inspired by West Coast Cannabis Culture
As premium cannabis concentrates continue to grow in popularity, West Coast Mousse hashish stands out for its artisanal quality, rich flavor profile, and satisfying full-spectrum effects. Combining smooth consistency with bold terpene preservation, it remains a favorite choice among modern hash lovers.
Why Buy West Coast Mousse Hash Online From Our Website
1. True Solventless Ice-Water Craft
West Coast Mousse Hash is made using only ice water, gentle agitation, and precision micron separation — no chemical solvents, no heat, and no aggressive oxidation. The collected full-melt resin is slowly dried and meticulously whipped into a pale, airy mousse that preserves the plant’s complete cannabinoid and terpene matrix exactly as nature intended.
2. Coastal Terpene Profile, Locked in a Mousse
This cultivar carries a classic West Coast signature: coastal pine, bright citrus zest, subtle diesel fuel, and an earthy, lingering finish. Because our mousse process avoids the heat and pressure of traditional pressing, those delicate volatile terpenes survive intact. The whipped texture further protects the resin by minimizing surface exposure, so every dab or draw delivers that fresh, coastal complexity.
3. Batch-Specific Lab Verification
Every jar ships with a complete, independent Certificate of Analysis: total cannabinoid potency, full terpene breakdown, microbial screening, heavy metals, and residual solvent testing. You receive the exact report for your specific batch, never a generic specification sheet, so you can consume or collect with full documented confidence.
4. Fast, Discreet EU Shipping
We fulfill from regional EU nodes to keep transit times short and customs exposure minimal. Your jar is sealed in medical-grade, multi-layer smell-proof barrier film and packed inside rigid, unmarked outer packaging. Quick processing, cold-chain protection where needed, and zero external branding — just fresh hash delivered privately to your door.
5. Pliable Mousse Texture, Effortless to Use
Unlike dense dry sift plates that require mesh pads and force to break, West Coast Mousse is light, creamy, and naturally pliable. It crumbles gently between your fingertips, heats evenly, and melts cleanly without pulling through screens. Dosing is intuitive, handling is clean, and waste is minimal, whether you are topping flower, vaporizing, or dabbing low-temp.
6. Climate-Controlled Curing at 58–62% RH
Mousse hash is moisture-sensitive, and we treat it accordingly. Our curing and storage environments are strictly maintained at optimal humidity and cool, stable temperatures to prevent drying, hardening, or oxidation. When you buy from our website, you receive hash that has been pampered from freeze dryer to jar, not aged warehouse stock.
7. Expert Support from People Who Know Hash
Our team understands the nuances of ice-water mousse: how to store it, how to handle its airy consistency, and why low temperatures preserve its coastal terpene brilliance. If you need guidance on humidity control, dabbing technique for whipped textures, or anything else, you get informed, human support, not automated scripts.
8. A Collector-Grade Limited Release
West Coast Mousse Hash is a small-batch, lineage-specific solventless release crafted for connoisseurs who value purity, terpene fidelity, and the distinctive whipped texture of a true ice-water mousse. When you purchase from our platform, you are securing a verified, traceable, premium-grade product that belongs in a serious collection — not a diluted commodity from anonymous bulk sources.","Lab Tested
Discreet Shipping
Secure Checkout
Satisfaction Guaranteed",150,150,EUR,True,LA MOUSSE HASH,,,
frozenhashish:7890,https://frozenhashish.com/product/tengo-hambre-mousse-hash/,tengo-hambre-mousse-hash,Tengo Hambre Mousse,"Tengo Hambre Mousse Hashish – Premium Soft Hash Concentrate
Tengo Hambre Mousse
hashish
is a premium cannabis concentrate known for its soft mousse-like texture, rich terpene profile, and smooth full-spectrum effects. Crafted for cannabis enthusiasts who appreciate flavorful and potent hash products, this premium mousse hashish delivers a refined experience that combines artisanal quality with modern extraction standards.
Produced using carefully selected cannabis strains and quality-focused processing methods, Tengo Hambre Mousse hashish preserves the plant’s natural cannabinoids and aromatic terpenes. Its creamy consistency and rich aroma make it a favorite among hash lovers seeking a clean, flavorful, and easy-to-enjoy concentrate.
Why Choose Tengo Hambre Mousse Hashish?
Tengo Hambre Mousse hashish is crafted with a focus on consistency, purity, and terpene preservation. Small-batch production helps maintain freshness while delivering reliable potency and premium flavor in every session.
Key highlights include:
Soft mousse-style hashish texture
Rich terpene flavor and bold aroma
Potent and balanced full-spectrum effects
Smooth and clean smoking experience
Crafted from premium cannabis genetics
Flavor Profile & Aroma
One of the defining features of Tengo Hambre Mousse hashish is its layered flavor profile. Depending on the strain and batch, users may notice earthy, spicy, citrus, sweet, herbal, or gassy notes that create a flavorful and satisfying cannabis experience.
Its strong natural aroma reflects the quality of the extraction process and enhances the overall concentrate session.
Effects & Experience
Tengo Hambre Mousse hashish is often praised for delivering calming, euphoric, and relaxing effects. Many users enjoy its balanced profile for evening relaxation, social settings, or enhancing creative moments while maintaining a smooth and enjoyable experience.
Its combination of potency and smoothness makes it appealing to both experienced cannabis users and those exploring premium hash products.
Best Ways to Enjoy Tengo Hambre Mousse Hash
Tengo Hambre Mousse hashish can be consumed in several ways:
Mixed into joints or blunts
Added to bowls for increased potency
Vaporized for cleaner terpene flavor
Dabbed depending on consistency and preference
Premium Craft Hashish for Modern Enthusiasts
As demand for premium cannabis concentrates continues to rise, Tengo Hambre Mousse hashish stands out for its smooth texture, flavorful terpene profile, and artisanal craftsmanship. It offers a refined soft hash experience for users who value quality, flavor, and reliable effects.
Why Buy Illuminaty Farmz Hash Online From Our Website
1. Solventless Mechanical Purity
Made entirely through ice-water extraction and precision micron separation, zero butane, CO₂, or chemical solvents. You get intact, full-spectrum trichome resin with zero residual hydrocarbons.
2. Farm-Direct Terpene Fidelity
Sourced from curated Illuminaty Farmz cultivars and processed to preserve the living plant’s full aromatic profile. Every batch captures the authentic flavor and complexity of the lineage, not a stripped-down or oxidized shadow of it.
3. Lab-Certified, Batch by Batch
Each unit ships with an independent Certificate of Analysis: cannabinoid potency, full terpene breakdown, microbial screening, and residual solvent testing. Exact data for your specific batch, no generic sheets.
4. Fast, Discreet EU Shipping
Regional EU fulfillment nodes mean short transit times and minimal customs exposure. Sealed in medical-grade smell-proof film inside rigid, unmarked packaging. Quick processing, cold-chain protected, delivered fresh and entirely private.
5. Premium Texture, Easy to Work With
Whether pressed or whipped, the format is chosen to match the resin’s natural behavior — stable, doseable, and clean-handling. No wasted dust, no brittle crumble, no sticky mess. Just precision hash ready for your preferred ritual.
6. Collector-Grade, Limited Availability
Small-batch, lineage-specific releases produced for connoisseurs, not mass-market bulk. When you buy from our platform, you secure verified, traceable, farm-direct hash that belongs in a serious collection.
Frequently Asked Questions — Tengo Hambre Mousse Hash
1. What is Tengo Hambre Mousse Hash?
It is a premium, solventless ice-water hash produced by washing freshly harvested or flash-frozen cultivar material in ice-cold water, gently agitating to separate intact trichome heads, and collecting the resin through a graded series of micron bags. The full-melt resin is then slowly dried in a freeze dryer and meticulously whipped into a pale, airy mousse texture. The result is a light, pliable concentrate that captures the complete cannabinoid and terpene spectrum of the source genetics in a soft, creamy format.
2. Is this product solventless?
Yes. No butane, propane, CO₂, ethanol, or chemical solvents are used at any stage. The extraction relies solely on ice water, mechanical agitation, and precision filtration. The collected resin is naturally dried and whipped without heat or pressure, preserving its raw chemical profile. Independent lab testing confirms zero residual hydrocarbons.
3. What does the texture feel like?
Tengo Hambre Mousse Hash is pale, airy, and softly whipped, distinctly different from dense, pressed slabs. It has a creamy, almost dough-like pliability at room temperature that crumbles gently between your fingertips without force or blade work. The interior is moist and resin-rich, melting cleanly when heated rather than burning into harsh, brittle ash. This whipped structure helps protect volatile terpenes by reducing surface exposure.
4. What is the best way to consume it?
Because mousse hash is naturally cohesive and pliable, it does not require a mesh pad like dry sift. You can simply pinch a small piece and gently crumble it to your desired consistency:
Low-temperature dabbing
(420–460°F / 216–238°C) on a clean quartz banger. The airy texture melts quickly and evenly.
Vaporization
in a concentrate device with a small ceramic or quartz chamber; no mesh basket needed.
Flower topper
crumbled over a bowl of ground flower; use indirect flame or a hemp wick to avoid scorching.
Hash pipe
with a standard screen and gentle heat.
Start with a small amount. Tengo Hambre carries a rich, complex profile that rewards low temperatures and slow draws.
5. How should I store it?
Mousse hash is sensitive to humidity and temperature fluctuations. Store it in an airtight, UV-protected container in a cool, dark place. We strongly recommend maintaining **58–62% relative humidity** and temperatures below 20°C. Too dry, and the mousse will harden and lose its whipped texture; too humid, and it risks mold or terpene degradation. Avoid refrigeration unless your container is perfectly sealed with a humidity pack, as fluctuating cold temperatures can cause condensation. Properly stored, it retains peak freshness for 6–12 months and remains stable for up to 18 months.
6. Does it ship with lab results?
Yes. Every jar includes a complete, independent Certificate of Analysis covering total cannabinoid potency, full terpene profile, microbial screening, heavy metals, and residual solvent testing. You receive the specific batch data for your jar, not a generic specification sheet.
7. Is Tengo Hambre Mousse Hash legal in the EU?
Our product is marketed and sold as a hemp-derived or THCA-rich concentrate with Δ9-THC levels at or below the 0.3% threshold in compliance with EU hemp regulations at the time of production. Laws vary by member state and are subject to change. We strongly recommend reviewing your local jurisdiction’s regulations before ordering. This product is intended for adult collectors and connoisseurs of legal age.
8. How is it packaged for shipping?
Orders are sealed in medical-grade, multi-layer smell-proof barrier film and placed inside rigid, unmarked outer packaging. We use regional EU fulfillment nodes to minimize transit time and reduce customs exposure. Because mousse hash is moisture-sensitive, we employ cold-chain protection where necessary to prevent temperature fluctuations that could compromise the whipped texture or aromatic integrity. No external branding, no odor leakage, no unnecessary attention.
9. How does mousse hash compare to dry sift or traditional pressed hash?
Dry sift is mechanically separated from dried plant material without water, yielding a sandy, particulate resin that is often pressed into dense plates. Traditional hash is typically hand-rubbed or heat-pressed, darkening the resin and oxidizing delicate terpenes. Tengo Hambre Mousse Hash uses ice water to wash resin from fresh or frozen plant material, then dries and whips it rather than pressing it hard. This preserves a lighter color, a softer texture, and a more volatile, “fresh” aromatic profile than both dry sift and traditional pressed formats. The whipped consistency is easier to handle than loose kief and less brittle than hard-pressed plates.
10. Who is this product best suited for?
It is ideal for connoisseurs who value solventless purity, a soft and workable texture, and the full aromatic complexity of ice-water extraction. If you appreciate the ritual of dabbing or topping flower without the need for mesh pads, blades, or excessive force, and you want a creamy, melt-friendly concentrate that preserves the plant’s living chemistry, Tengo Hambre Mousse Hash belongs in your collection.
11. What is the cannabinoid potency?
Potency varies by batch. The current lot typically tests between 50% and 65% total cannabinoids, with THCA as the dominant cannabinoid. Exact percentages are printed on your included Certificate of Analysis. As a full-spectrum, ice-water-separated resin, the entourage effect is pronounced, contributing to its depth and longevity.
12. Can I use it for edibles?
While technically possible, we do not recommend using Tengo Hambre Mousse Hash for edibles. Its primary value lies in its delicate, strain-specific terpene complexity and creamy aromatic profile, both of which are destroyed during the decarboxylation temperatures required for cooking. It is best enjoyed as a concentrate via vaporization or low-temperature dabbing to fully appreciate the nuanced flavor and solventless craftsmanship.","Lab Tested
Discreet Shipping
Secure Checkout
Satisfaction Guaranteed",120,120,EUR,True,LA MOUSSE HASH,,,
frozenhashish:7884,https://frozenhashish.com/product/morocco-mousse-hash-for-sale/,morocco-mousse-hash-for-sale,Morocco Mousse Hash,"Morocco Mousse Hash for Sale – Expert-Sourced, Lab-Tested Premium Hash
Morocco Mousse Hash
For Sale, a refined, solventless ice-water concentrate that reimagines classic Moroccan craftsmanship through modern boutique extraction. Whipped into a light, airy mousse and slow-cured to a pale, golden-tan consistency, this hash captures the soul of traditional terroir, warm Atlas cedar, wild mountain thyme, dark earth, and bittersweet cocoa, with a smoothness that only solventless purity can deliver. Independently lab-tested for cannabinoid potency, terpene integrity, and microbial screening, it offers a grounded, velvety indica-hybrid experience ideal for relaxed contemplation. Shipped across the EU in vacuum-sealed, medical-grade, smell-proof packaging with full discretion.
Key Features Of Morocco Mousse Hash
Reimagined Moroccan Terroir
– Sourced from select genetics and cured to express the classic profile of Atlas cedar, warm mountain spice, rich dark earth, and subtle bittersweet cocoa or dried fig undertones.
Air-Whipped Mousse Texture
– Slow-cured into a light, golden-tan mousse that scoops cleanly, crumbles without clinging, and melts evenly into flower or a vaporizer with minimal residue.
True Solventless Ice-Water Extraction
– Produced using only purified ice water and gentle agitation. No hydrocarbons, CO₂, or chemical shortcuts, preserving the full-spectrum integrity and smooth finish of the resin.
Independent Third-Party Lab Testing
– Every batch verified for THCA/cannabinoid potency, complete terpene analysis, microbial contaminants, heavy metals, and residual solvent screening.
Near Full-Melt, Melt-Ready Performance
– Bubbles actively under low flame and softens into a clean, flavorful oil suitable for flower enhancement, low-temperature vaporization, and refined pipe use.
Grounded Indica-Hybrid Effect Signature
– Delivers a smooth, physically weighted calm paired with a quiet, contemplative mental state. Ideal for relaxed evenings, creative unwinding, or traditional tasting sessions.
EU-Conscious Packaging & Logistics
– Vacuum-sealed in medical-grade, multi-layer smell-proof barrier film and shipped in rigid, unmarked outer packaging. Regional EU fulfillment options reduce transit time and customs exposure.
Cold-Cured Freshness Protocol
– Stored in dark, climate-controlled conditions at 58–62% relative humidity until dispatch, preserving the airy mousse structure and the delicate cedar-spice top notes.
Connoisseur-Grade Consistency
– Selected for pale color stability, structural integrity, and aromatic potency. Never dry, oxidized, or stale, only fragrant, supple, and mechanically refined.
How to Consume Morocco Mousse Hash
Smoking (Flower Enhancement)
Scoop a pea-sized amount, roughly 0.05 g, using the edge of a dab tool or small spoon. The pale, airy mousse crumbles into soft, golden-tan fragments that blend effortlessly into ground flower. Roll into a joint or pack a bowl. The light, whipped texture melts evenly into the flower, slowing the burn while releasing warm Atlas cedar, wild mountain thyme, and rich dark earth layered with subtle bittersweet cocoa.
Vaporization (Best for Cedar-Thyme Terpenes)
Load a concentrate-compatible vaporizer fitted with a stainless-steel or ceramic mesh pad. Set the temperature between 175–200°C. Place a small scoop of the mousse directly onto the pad, or sandwich it between thin layers of flower to prevent the airy resin from dispersing. This range preserves the volatile cedar and wild thyme top notes while allowing the deeper dark earth and cocoa base to unfold smoothly without scorching.
Hot Knives or Dabbing
Place a tiny crumb, no larger than a matchstick head, onto a pre-heated quartz, ceramic, or titanium surface. Inhale gently through a glass funnel or bottle attachment. Morocco Mousse Hash softens quickly into a clean, flavorful oil. The onset is smooth and grounded, delivering a physically weighted calm with quiet mental clarity. Even experienced consumers should start modestly; the indica-hybrid depth builds gently but lingers.
Traditional Pipe or Chillum
Use a spoon-style pipe or chillum with a slightly wider bowl. Line the base with a thin bed of ash or flower to prevent the soft crumbles from pulling through. Top with more flower and apply indirect flame to the rim rather than the center. This method draws out the earthy mountain spice and bittersweet cocoa undertones while maintaining an even, slow-burning cherry.
Edible Infusion (Advanced)
The airy, uniform mousse texture allows for consistent decarboxylation. Spread thinly on parchment and heat at 110–120°C for 30–40 minutes until fragrant and lightly toasted. Infuse into butter, ghee, or olive oil over low heat for 45–60 minutes, stirring occasionally. Given its grounded indica-hybrid potency and high cannabinoid density, start with a very small test dose and wait at least 90 minutes before considering any increase.
Why Buy Morocco Mousse Hash Online From Our Website
Verified Lab Sheets with Every Order
Each unit of Morocco Mousse Hash ships with complete independent lab documentation: cannabinoid potency, full terpene mapping, microbial screening, heavy metals, and residual solvent analysis. You see the actual data behind the Atlas cedar and wild thyme profile before you buy—not marketing language.
True Solventless, Boutique Provenance
We source exclusively from small-batch ice-water operations that specialize in reimagining classic Moroccan terroir through modern solventless craft. No hydrocarbons, no CO₂, no chemical shortcuts. The pale, airy mousse texture and warm cedar-cocoa depth are possible only because the resin is handled gently from trichome to jar.
A Profile You Will Not Find on the Mass Market
Morocco Mousse Hash is not a generic import or compressed brick. Its light, golden-tan whipped consistency and distinctive terroir-driven aromatics—Atlas cedar, mountain thyme, bittersweet cocoa—are the product of selective genetics and meticulous curing. We stock it because it offers something genuinely rooted: a classic Moroccan soul expressed through modern boutique purity.
EU-Optimized Fulfillment
Orders are vacuum-sealed in medical-grade, multi-layer smell-proof barrier film and dispatched in rigid, unmarked packaging. We leverage regional EU fulfillment nodes to shorten transit times, reduce customs friction, and ensure the delicate mousse structure and volatile cedar-spice top notes arrive intact.
Cold-Chain Freshness Standards
Stored at 58–62% relative humidity in dark, temperature-controlled conditions, Morocco Mousse Hash is rotated rapidly through inventory. You receive it at peak aromatic intensity, structural integrity, and supple crumble, not dried, oxidized, or compressed from months in storage.
Curated for Connoisseurs, Not Algorithms
Our buyers select strains based on flavor complexity, structural uniqueness, and genetic heritage. Morocco Mousse Hash earned its place because its grounded, terroir-driven profile and quiet indica-hybrid depth satisfy collectors who value old-world tradition married to modern solventless precision.
Specialized Post-Purchase Support
Need guidance on vaporizer mesh pads for mousse-textured hash, low-temp dabbing for terroir-forward resins, or EU regulatory context for THCA products? Our team understands solventless extraction, curing science, and regional compliance. You are buying from specialists who evaluate concentrates at the same level you do.
Frequently Asked Questions (FAQ): Morocco Mousse Hash
1. What exactly is Morocco Mousse Hash?
Morocco Mousse Hash is a boutique, solventless concentrate that reinterprets classic Moroccan hash-making traditions through modern ice-water extraction. Unlike traditional pressed or heated Moroccan bricks, it is produced by gently separating trichome heads from carefully selected cultivars, then curing the resin into a light, airy, whipped “mousse” texture. The result preserves the full terpene spectrum—Atlas cedar, wild mountain thyme, and bittersweet cocoa, while delivering a clean, contaminant-free product.
2. Is this hash solventless?
Yes. Morocco Mousse Hash is made entirely without butane, propane, CO₂, ethanol, or any chemical solvents. The extraction relies solely on ice water, gentle agitation, and precise micron separation. This preserves volatile terpenes and ensures no residual hydrocarbons remain in the final product.
3. What does the texture feel like?
It is pale golden-tan, soft, and crumbly with a distinctly airy, whipped consistency—hence “mousse.” It is not hard, black, or overly sticky. At room temperature it should break apart easily between your fingers; when gently warmed, it becomes pliable enough to roll or shape without losing structural integrity.
4. What is the best way to consume it?
Morocco Mousse Hash is versatile. Connoisseurs typically prefer:
Low-temperature dabbing
(460–500°F / 237–260°C) to preserve cedar-thyme top notes.
Vaporizing
in a dedicated concentrate device with a mesh pad or steel-wool basket to accommodate its crumbly texture.
Traditional pipe or chalice
with a thin layer of organic hemp fiber to prevent direct flame contact and preserve flavor purity.
Avoid high-temperature combustion, which scorches delicate terpenes.
5. How should I store it?
Store in an airtight, UV-protected glass or silicone container at 58–62% relative humidity. Keep it in a cool, dark place away from direct sunlight and heat sources. Properly stored, the mousse texture remains stable for up to 12 months, though we recommend consuming within 3–6 months to enjoy peak aromatic freshness.
6. Does it ship with lab results?
Yes. Every unit includes a complete independent Certificate of Analysis covering cannabinoid potency, terpene profile, microbial screening, heavy metals, and residual solvent testing. You receive the actual batch data, not a generic specification sheet.
7. Is Morocco Mousse Hash legal in the EU?
Our Morocco Mousse Hash is marketed and sold as a hemp-derived or THCA-rich concentrate with Δ9-THC levels at or below the 0.3% threshold in compliance with EU hemp regulations at the time of production. Laws vary by member state and change frequently. We strongly recommend reviewing your local jurisdiction’s regulations before ordering. This product is intended for adult collectors and connoisseurs of legal age.
8. How is it packaged for shipping?
All orders are sealed in medical-grade, multi-layer smell-proof barrier film and placed inside rigid, unmarked outer packaging. We use regional
EU
fulfillment nodes to minimize transit time, reduce customs exposure, and protect the delicate mousse texture from temperature fluctuations and physical compression.
9. How does it compare to traditional Moroccan hash?
Traditional Moroccan hash is typically dried, sieved, and pressed into dark, firm blocks, often involving heat and oxidation that mute delicate terpenes. Morocco Mousse Hash honors the same terroir and cultivar heritage but uses cold-water extraction and minimal processing. The result is a lighter color, a far richer aromatic profile, and a cleaner, more nuanced consumption experience.
10. Who is this product best suited for?
It is ideal for experienced consumers and collectors who appreciate terroir-driven concentrates, solventless purity, and old-world flavor profiles expressed through modern craft. If you value lab-verified cleanliness, boutique provenance, and a smooth, grounded indica-hybrid depth with woody, herbal complexity, Morocco Mousse Hash belongs in your collection.
11. What is the cannabinoid potency?
Potency varies by batch. The current lot typically tests between 45% and 60% total cannabinoids, with THCA as the dominant cannabinoid. Exact percentages are printed on your included Certificate of Analysis. Because it is full-spectrum solventless, the entourage effect contributes to its pronounced depth and longevity.
12. Can I use it for edibles?
While possible, we do not recommend using Morocco Mousse Hash for edibles. Its value lies in its delicate terpene complexity and artisan texture, both of which are destroyed by the decarboxylation temperatures required for cooking. It is best enjoyed as a concentrate via vaporization or low-temperature dabbing.","A boutique solventless hash that reimagines classic Moroccan terroir through modern ice-water craft. Pale, airy, and whipped to a delicate mousse texture, it releases an unmistakable bouquet of Atlas cedar, wild mountain thyme, and bittersweet cocoa. Extracted without solvents and lab-verified for purity, this small-batch resin delivers a smooth, grounded indica-hybrid depth with old-world soul and contemporary precision. Ships in discreet, cold-chain EU packaging with full Certificate of Analysis.",30,30,EUR,True,LA MOUSSE HASH,,,
frozenhashish:7878,https://frozenhashish.com/product/golden-tiger-mousse-hash/,golden-tiger-mousse-hash,Golden Tiger Mousse,"Golden Tiger Mousse Hash for Sale – Expert-Sourced, Lab-Tested Premium Hash
Golden Tiger Mousse Hash is a solventless, small-batch ice-water extract distinguished by its uniquely creamy, mousse-like texture and ferociously complex terpene profile. Crafted from selectively screened trichome heads and cured to a velvety, whipped consistency, this
hash delivers
an exotic blast of ripe tropical fruit, sandalwood incense, and sharp citrus zest underpinned by a classic Malawi-style cerebral intensity. Independently lab-tested for cannabinoid potency, terpene retention, and contaminant screening, it arrives at your door in vacuum-sealed, medical-grade packaging with full EU-discretion protocols.
Key Features  Of Golden Tiger Mousse Hash
Mousse-Style Texture
– Whipped and cured to a light, creamy, clay-like consistency that is effortless to scoop, crumbles cleanly, and melts into flower or a vaporizer with minimal residue.
Exotic Tropical-Incense Terpene Profile
– Loud notes of overripe mango, papaya, and candied citrus collide with sandalwood, black pepper, and faint diesel fumes for a fragrance that is unmistakably rare and intensely Sativa-leaning.
True Solventless Ice-Water Extraction
– Produced using only purified water, ice, and gentle agitation. Zero hydrocarbons, zero CO₂, preserving the full-spectrum integrity of the original Golden Tiger genetics.
Independent Third-Party Lab Testing
– Every batch carries verified analysis for THCA/cannabinoid potency, complete terpene mapping, microbial contaminants, and heavy metals.
Near Full-Melt Performance
– Bubbles vigorously under low flame and softens into a smooth, flavorful oil suitable for flower enhancement, low-temp vaporization, or refined pipe use.
EU-Conscious Packaging & Logistics
– Vacuum-sealed in medical-grade, smell-proof barrier film and shipped in rigid, unmarked outer packaging. Regional EU fulfillment nodes minimize transit time and customs exposure.
–
Cerebral, High-Energy Effect Signature
– True to its heritage, Golden Tiger Mousse Hash offers a potent, mentally stimulating lift with sustained clarity, best suited for creative sessions, active afternoons, or connoisseur tasting.
Cold-Chain Freshness Guarantee
– Stored at 58–62% RH in dark, climate-controlled conditions until dispatch, ensuring the mousse texture remains supple and the volatile top notes stay aromatically loud upon arrival.
How to Consume Golden Tiger Mousse Hash
Smoking (Flower Enhancement)
Scoop a pea-sized amount, roughly 0.05 g, using the edge of a dab tool or pin. The mousse texture crumbles cleanly between your fingertips. Blend evenly into ground flower and roll or pack into a bowl. The whipped, airy structure melts rapidly into the flower, extending the burn while releasing bursts of tropical fruit, sandalwood, and citrus zest. Expect a smooth, expansive smoke with a distinct peppery bite on the exhale.
Vaporization (Best for Tropical Top Notes)
Load a concentrate-compatible vaporizer with a stainless-steel or ceramic mesh pad. Set the temperature between 175–200°C. Golden Tiger Mousse Hash’s light, creamy consistency vaporizes evenly without the dense pooling typical of harder resins. This range best preserves the volatile mango-papaya sweetness and sharp citrus terpenes before the deeper sandalwood and diesel layers emerge.
Hot Knives or Dabbing
Place a small crumb, about the size of a matchstick head, onto a pre-heated quartz, ceramic, or titanium surface. Inhale gently through a glass funnel or bottle attachment. The mousse-like body softens instantly into a flavorful oil. Golden Tiger is cerebrally potent and fast-acting; even experienced consumers should treat the first dose as a calibration hit.
Traditional Pipe or Chillum
Because of its airy, whipped texture, use a spoon-style pipe or a chillum with a slightly wider bowl. Line the base with a thin bed of flower or ash to prevent the crumbles from drawing through. Top with more flower and apply indirect flame to the rim, not the center. This method accentuates the black-pepper and incense undertones while keeping the tropical sweetness present.
Edible Infusion (Advanced)
The mousse consistency is ideal for even decarboxylation. Spread thinly on parchment and heat at 110–120°C for 30–40 minutes until lightly golden and aromatic. Infuse into coconut oil, butter, or cream over very low heat for 45–60 minutes, stirring occasionally. Given its high THCA density and Sativa-forward intensity, start with a minimal test dose and wait a full 90–120 minutes before any redose.
Why Buy Golden Tiger Mousse Hash Online From Our Website
Verified Lab Sheets with Every Order
Each unit of Golden Tiger Mousse Hash ships with complete third-party documentation: cannabinoid potency, full terpene mapping, microbial screening, and heavy-metal analysis. You see the actual data behind the exotic tropical-incense profile before you commit, not marketing fluff.
True Solventless, Boutique Provenance
We source exclusively from small-batch ice-water operations that specialize in rare, landrace-influenced genetics. No hydrocarbons, no CO₂, no mechanical shortcuts. The whipped, mousse-like texture and ferocious terpene loudness are possible only because the resin is handled gently from trichome to jar.
A Texture and Profile You Will Not Find on the Mass Market
Golden Tiger Mousse Hash is not a standard brick or sticky ball. Its airy, clay-like consistency and explosive mango-sandalwood-citrus bouquet are the product of meticulous curing and selective genetic sourcing. We stock it because it offers something genuinely rare: a Sativa-leaning hash that tastes like tropical fruit and incense and performs like a near full-melt concentrate.
EU-Optimized Fulfillment
Orders are vacuum-sealed in medical-grade, smell-proof barrier film and dispatched in rigid, unmarked packaging. We leverage regional EU fulfillment nodes to shorten transit times, reduce customs friction, and ensure the delicate mousse structure and volatile top notes arrive intact.
Cold-Chain Freshness Standards
Stored at 58–62% relative humidity in dark, temperature-controlled conditions, Golden Tiger Mousse Hash retains its velvety scoopability and aromatic punch through rapid inventory rotation. You receive it at peak condition—not dried, oxidized, or compressed from months in a warehouse.
Curated for Connoisseurs, Not Algorithms
Our buyers select strains based on flavor complexity, structural uniqueness, and genetic integrity. Golden Tiger earned its place because its cerebral, high-energy effect signature and exotic terpene depth satisfy collectors who have moved beyond generic hashes.
Specialized Post-Purchase Support
Need guidance on vaporizer mesh pads for mousse-textured hash, low-temp dabbing for Sativa resins, or EU regulatory context for THCA products? Our team understands solventless extraction and regional compliance. You are buying from people who actually evaluate and use the concentrates we stock.
Frequently Asked Questions (FAQ): Golden Tiger Mousse Hash
What does Golden Tiger Mousse Hash taste and smell like?
It is unmistakably exotic. The opening bouquet is overripe tropical fruit, think mango and papaya—layered with sharp citrus zest and faint diesel fumes. When heated, those top notes deepen into sandalwood incense, black pepper, and a woody spice that lingers on the palate. The finish is clean, expansive, and complex rather than sweet or fruity in a simplistic way.
What makes the “mousse” texture different from regular hash?
Traditional hash is often dense, sticky, or rock-hard. Golden Tiger Mousse Hash is whipped and cured into a light, airy, clay-like consistency. It scoops effortlessly, crumbles cleanly without clinging to your fingers, and melts evenly into flower or a vaporizer. That whipped structure also allows for more uniform decarboxylation if you choose to cook with it.
How potent is it compared to flower?
As a solventless ice-water concentrate, its cannabinoid density is substantially higher than even top-shelf cured flower. The onset is rapid and cerebrally intense, with a sustained, clear-headed energy that can last for hours. If you typically consume flower, start with roughly one-third to one-half your usual quantity and calibrate from there.
Is it full-melt?
Golden Tiger Mousse Hash is a high-grade, near-full-melt extract. Under gentle heat it bubbles actively and softens into a smooth, flavorful oil with very little residual plant matter or carbonaceous waste. It is suitable for low-temperature vaporization and refined pipe use, though it also blends beautifully with flower.
How do you protect the mousse texture during shipping?
We store inventory at 58–62% relative humidity in cold, dark conditions and ship in vacuum-sealed, medical-grade smell-proof barrier film inside rigid, unmarked outer packaging. The mousse consistency is naturally resilient, but avoiding heat and pressure in transit is critical. Upon arrival, store it in an airtight container in a cool, dark place to maintain that velvety scoopability.
Is Golden Tiger Mousse Hash lab tested?
Every batch is analyzed by an independent third-party laboratory. Reports cover cannabinoid potency including THCA, complete terpene profiling, microbial contamination, and heavy-metal screening. Because it is produced through ice-water extraction alone, no chemical solvents are used, but we verify absolute purity regardless.
How should I store it at home?
Use an airtight glass or food-grade silicone container. Keep it in a cool, dark cupboard away from direct sunlight and heat sources. Do not refrigerate unless the container remains sealed while warming to room temperature; condensation from temperature shock can degrade the airy mousse structure and invite mold.
Can I legally order this to my EU country?
Regulations for hemp-derived concentrates and THCA products vary across EU member states. We ship discreetly in unmarked packaging, but you are responsible for understanding your local laws. Our product pages include decarboxylation notes and regulatory context to help you assess compliance in your jurisdiction.
Can I cook with Golden Tiger Mousse Hash?
Yes, and the mousse texture actually makes decarboxylation easier. Spread it thinly on parchment paper and heat at 110–120°C for 30–40 minutes until lightly golden and fragrant. Then infuse into butter, coconut oil, or cream over low heat. Due to its high potency and cerebral Sativa intensity, start with a very small test dose and wait at least 90–120 minutes before considering more.
What is the best way to consume it for flavor?
Vaporization between 175–200°C preserves the volatile tropical fruit and citrus top notes best. Use a concentrate-compatible vaporizer with a mesh pad, or sandwich thin layers between flower. Direct flame methods deliver more intensity and peppery depth but sacrifice some of the delicate mango-sandalwood nuance.
Is Golden Tiger Mousse Hash indica or sativa dominant?
It is strongly Sativa-leaning, reflecting its landrace-influenced heritage. Expect a potent cerebral lift, heightened sensory awareness, and sustained mental clarity rather than heavy body sedation. It is ideal for creative projects, active afternoons, or connoisseur tasting sessions, not for winding down before sleep.
Why does your website stock this specific hash?
We curate for rarity, structural uniqueness, and genetic integrity, not just THC percentages. Golden Tiger Mousse Hash offers a whipped texture and an exotic tropical-incense terpene profile that is virtually absent from the mass market. It is the kind of product experienced collectors seek when standard hashes no longer surprise them.","Lab Tested
Discreet Shipping
Secure Checkout
Satisfaction Guaranteed",100,100,EUR,True,LA MOUSSE HASH,,,
frozenhashish:7853,https://frozenhashish.com/product/gold-mousse-hash-for-sale/,gold-mousse-hash-for-sale,Gold Mousse Hash,"Gold Mousse Hash for Sale – Expert-Sourced, Lab-Tested Premium Hash
Gold Mousse Hash For Sale, a luxurious, solventless ice-water concentrate whipped into a luminous, golden-hued mousse texture that is as visually striking as it is potent. Crafted from selectively harvested trichome heads and cured to an airy, velvety consistency, this hash delivers a rich, opulent terpene profile of wildflower honey, candied citrus peel, vanilla bean, and subtle sandalwood smoke. Independently lab-tested for cannabinoid potency, full-spectrum terpene retention, and contaminant screening, Gold Mousse Hash offers a smooth, deeply satisfying hybrid experience that soothes the body while brightening the mind. Shipped across the EU in vacuum-sealed, medical-grade, smell-proof packaging with complete discretion.
Key Features Of Gold Mousse Hash
Luminous Golden Mousse Texture
– Whipped and slow-cured into a light, airy, sunlit-gold consistency that scoops effortlessly, crumbles without clinging, and melts evenly into flower or a vaporizer with minimal residue.
Rich, Opulent Terpene Profile
– Dominated by wildflower honey, candied citrus peel, creamy vanilla bean, and distant sandalwood smoke, with a smooth, dessert-like finish that lingers on the palate.
True Solventless Ice-Water Extraction
– Produced using only purified ice water and gentle agitation. No hydrocarbons, CO₂, or chemical solvents are introduced, preserving the full genetic integrity of the source plant.
Independent Third-Party Lab Testing
– Every batch verified for THCA/cannabinoid potency, complete terpene analysis, microbial contaminants, heavy metals, and residual solvent screening.
Near Full-Melt, Melt-Ready Performance
– Bubbles vigorously under gentle flame and softens into a clean, golden oil suitable for flower enhancement, low-temperature vaporization, and refined pipe use.
Balanced Hybrid Effect Signature
– Delivers a smooth, euphoric cerebral lift paired with a warm, comforting body ease. Versatile enough for creative afternoons or relaxed social evenings without heavy sedation.
EU-Conscious Packaging & Logistics
– Vacuum-sealed in medical-grade, multi-layer smell-proof barrier film and shipped in rigid, unmarked outer packaging. Regional EU fulfillment options minimize transit time and customs exposure.
Cold-Cured Freshness Protocol
– Stored in dark, climate-controlled conditions at 58–62% relative humidity until dispatch, preserving the airy mousse structure and volatile honey-citrus top notes.
Connoisseur-Grade Consistency
– Selected for golden color stability, structural integrity, and aromatic potency. Never dry, oxidized, or stale, only luminous, fragrant, and mechanically refined.
How to Consume Gold Mousse Hash
Smoking (Flower Enhancement)
Scoop a pea-sized amount, roughly 0.05 g, using the edge of a dab tool. The airy, golden mousse crumbles cleanly between your fingertips without clinging. Blend evenly into ground flower and roll or pack a bowl. The whipped, velvety texture melts rapidly into the flower, extending the burn while releasing waves of wildflower honey, candied citrus peel, and creamy vanilla bean layered over distant sandalwood smoke.
Vaporization (Best for Honey-Citrus Top Notes)
Load a concentrate-compatible vaporizer fitted with a stainless-steel or ceramic mesh pad. Set the temperature between 175–200°C. Scoop a small amount of the luminous mousse directly onto the pad, or sandwich it between thin layers of flower to prevent the airy resin from dispersing into the device. This range preserves the volatile wildflower honey and candied citrus terpenes while allowing the deeper vanilla and sandalwood base notes to unfold without scorching.
Hot Knives or Dabbing
Place a tiny crumb, no larger than a matchstick head, onto a pre-heated quartz, ceramic, or titanium surface. Inhale gently through a glass funnel or bottle attachment. The golden mousse softens instantly into a clean, light-colored oil. Gold Mousse Hash is potent and smooth; the onset is a warm, euphoric cerebral lift that settles into comfortable body ease. Even experienced consumers should treat the first dose as a calibration hit.
Traditional Pipe or Chillum
Because of its whipped, airy consistency, use a spoon-style pipe or a chillum with a slightly wider bowl. Line the base with a thin bed of flower or ash to prevent the crumbles from drawing through. Top with more flower and apply indirect flame to the rim, not the center. This method draws out the creamy vanilla and sandalwood undertones while maintaining an even, slow-burning cherry that keeps the bright honey-citrus sweetness present.
Edible Infusion (Advanced)
The airy, uniform mousse texture is ideal for even decarboxylation. Spread thinly on parchment and heat at 110–120°C for 30–40 minutes until fragrant and lightly golden. Infuse into butter, coconut oil, or heavy cream over very low heat for 45–60 minutes, stirring occasionally. Given its high cannabinoid density and smooth hybrid potency, start with a very small test dose and wait a full 90 minutes before considering any increase.
Why Buy Gold Mousse Hash Online From Our Website
Verified Lab Sheets with Every Order
Each unit of
Gold Mousse Hash
ships with complete independent lab documentation: cannabinoid potency, full terpene mapping, microbial screening, heavy metals, and residual solvent analysis. You see the actual data behind the wildflower honey and candied citrus profile before you buy—not marketing language.
True Solventless, Boutique Provenance
We source exclusively from small-batch ice-water operations that specialize in whipped, mousse-style curing. No hydrocarbons, no CO₂, no chemical shortcuts. The luminous golden color and airy, velvety texture are possible only because the resin is handled gently from trichome to jar.
A Texture and Aesthetic You Will Not Find on the Mass Market
Gold Mousse Hash is not a standard brick or sticky ball. Its sunlit-gold, whipped consistency and rich dessert-like aromatics, honey, vanilla bean, sandalwood smoke—are the product of meticulous curing and selective genetic sourcing. We stock it because it offers something genuinely luxurious: a hash that looks as opulent as it tastes.
EU-Optimized Fulfillment
Orders are vacuum-sealed in medical-grade, multi-layer smell-proof barrier film and dispatched in rigid, unmarked packaging. We leverage regional EU fulfillment nodes to shorten transit times, reduce customs friction, and ensure the delicate mousse structure and volatile top notes arrive intact.
Cold-Chain Freshness Standards
Stored at 58–62% relative humidity in dark, temperature-controlled conditions, Gold Mousse Hash is rotated rapidly through inventory. You receive it at peak luminosity, structural integrity, and aromatic intensity—not dried, oxidized, or compressed from months in storage.
Curated for Connoisseurs, Not Algorithms
Our buyers select strains based on flavor complexity, structural uniqueness, and visual appeal. Gold Mousse Hash earned its place because its smooth hybrid effects and opulent honey-citrus-vanilla profile satisfy collectors who have moved beyond generic, one-dimensional hashes.
Specialized Post-Purchase Support
Need guidance on vaporizer mesh pads for mousse-textured hash, low-temp dabbing for hybrid resins, or EU regulatory context for THCA products? Our team understands solventless extraction and regional compliance. You are buying from specialists who evaluate concentrates at the same level you do.
Frequently Asked Questions (FAQ): Gold Mousse Hash
What does Gold Mousse Hash taste and smell like?
The profile is rich, opulent, and dessert-forward. Opening the jar releases wildflower honey and candied citrus peel, followed by creamy vanilla bean and a whisper of sandalwood smoke. On the heat, those notes deepen into a smooth, almost confectionary sweetness with a clean, woody finish. The exhale is soft and lingering—more fine pastry than raw fuel.
What makes the “mousse” texture different from regular hash?
Traditional hash is often dense, sticky, or brittle. Gold Mousse Hash is whipped and slow-cured into a light, airy, golden consistency that scoops effortlessly and crumbles without clinging to your fingers. This uniform, velvety structure melts evenly into flower or a vaporizer and allows for consistent decarboxylation if you choose to cook with it.
How potent is it compared to flower?
As a concentrated solventless extract, its cannabinoid density is substantially higher than premium cured flower. The onset is smooth but pronounced, a warm cerebral lift followed by comfortable body ease. If you typically consume flower, start with roughly half your usual quantity and calibrate from there.
Is it full-melt?
Gold Mousse Hash is a high-grade, near-full-melt ice-water extract. Under gentle heat it bubbles actively and softens into a clean, light golden oil with very little residual plant matter or carbonaceous waste. It is suitable for low-temperature vaporization, refined pipe use, and flower enhancement.
How do you protect the mousse texture during shipping?
We store inventory at 58–62% relative humidity in cold, dark conditions and ship in vacuum-sealed, medical-grade smell-proof barrier film inside rigid, unmarked outer packaging. The whipped mousse structure is naturally resilient, but avoiding heat and pressure in transit is critical. Upon arrival, store it in an airtight container in a cool, dark place to maintain that airy, golden consistency.
Is Gold Mousse Hash lab tested?
Every batch is analyzed by an independent third-party laboratory. Reports cover cannabinoid potency including THCA, complete terpene profiling, microbial contamination, heavy metals, and residual solvent screening. Because it is produced through ice-water extraction alone, no chemical solvents are used—but we verify absolute purity regardless.
How should I store it at home?
Use an airtight glass or food-grade silicone container. Keep it in a cool, dark cupboard away from direct sunlight and heat sources. Do not refrigerate unless the container remains sealed while warming to room temperature; condensation from temperature shock can degrade the airy mousse structure and invite mold.
Can I legally order this to my EU country?
Regulations for hemp-derived concentrates and THCA products vary across EU member states. We ship discreetly in unmarked packaging, but you are responsible for understanding your local laws. Our product pages include decarboxylation notes and regulatory context to help you assess compliance in your jurisdiction.
Can I cook with Gold Mousse Hash?
Yes, and the mousse texture makes decarboxylation particularly even. Spread it thinly on parchment paper and heat at 110–120°C for 30–40 minutes until fragrant and lightly golden. Then infuse into butter, coconut oil, or heavy cream over low heat. Due to its high potency and smooth hybrid effects, start with a very small test dose and wait at least 90 minutes before considering more.
What is the best way to consume it for flavor?
Vaporization between 175–200°C preserves the volatile wildflower honey and candied citrus top notes best. Use a concentrate-compatible vaporizer with a mesh pad, or sandwich thin layers between flower. Direct flame methods deliver more intensity and sandalwood depth but sacrifice some of the delicate vanilla sweetness.
Is Gold Mousse Hash indica or sativa dominant?
It is a balanced hybrid. Expect a smooth, euphoric cerebral lift paired with warm, comforting body ease rather than heavy sedation or racy mental stimulation. It is versatile enough for creative afternoons, relaxed social settings, or quiet evening contemplation.
Why does your website stock this specific hash?
We curate for structural uniqueness, visual appeal, and aromatic depth, not just THC percentages. Gold Mousse Hash offers a luminous golden aesthetic, a whipped texture, and an opulent honey-vanilla-citrus profile that is virtually absent from the mass market. It is the kind of product experienced collectors seek when standard hashes no longer surprise them.","Gold Mousse Hash is a luxurious, solventless ice-water concentrate whipped into a luminous golden mousse. Rich with wildflower honey, candied citrus peel, vanilla bean, and sandalwood smoke, it delivers a smooth, balanced hybrid experience that brightens the mind and eases the body. Lab-tested for purity and shipped in medical-grade, EU-discreet packaging for the connoisseur seeking opulent quality.",220,220,EUR,True,LA MOUSSE HASH,,,
frozenhashish:7848,https://frozenhashish.com/product/bad-berred-mousse-hash/,bad-berred-mousse-hash,Bad Berred Mousse Hash,"Bad Berred Mousse Hash Concentrate – Premium Soft Hash Extract
Bad Berred Mousse Hash concentrate
is a
premium cannabis extract
known for its smooth mousse-like texture, rich terpene profile, and powerful full-spectrum effects. Crafted for cannabis enthusiasts who appreciate flavorful and potent concentrates, this high-quality hash delivers an elevated experience through expert production and carefully selected cannabis genetics.
With its soft consistency and aromatic character, Bad Berred Mousse Hash concentrate has become increasingly popular among users seeking premium hash products that combine traditional craftsmanship with modern extraction standards. Its easy-to-handle texture and clean finish make it ideal for both experienced concentrate users and newcomers exploring high-end hash.
Why Choose Bad Berred Mousse Hash Concentrate?
Bad Berred Mousse Hash concentrate is produced using quality-focused extraction techniques designed to preserve the plant’s natural cannabinoids and terpenes. Small-batch production helps maintain freshness, flavor integrity, and consistency across every batch.
Key highlights include:
Premium soft mousse-style hash texture
Rich terpene retention for bold flavor and aroma
Potent, full-bodied cannabis effects
Smooth and clean smoking experience
Crafted using carefully selected cannabis strains
Flavor Profile & Aroma Of Bad Berred Mousse Hash
One of the standout features of Bad Berred Mousse Hash concentrate is its flavorful terpene profile. Depending on the strain and batch, users may notice earthy, spicy, fruity, sweet, or gassy notes that create a layered and enjoyable cannabis experience.
The aroma is equally impressive, offering a strong natural scent that reflects the purity and quality of the concentrate.
Effects & Experience
Bad Berred Mousse Hash concentrate is often praised for delivering relaxing yet uplifting effects. Many users describe the experience as calming, euphoric, and long-lasting, making it suitable for unwinding, social sessions, or enhancing creative moments.
Its balanced profile allows users to enjoy both flavor and potency without sacrificing smoothness.
Best Ways to Enjoy
Bad Berred Mousse Hash concentrate can be consumed in several ways:
Mixed into joints or blunts
Added to bowls for extra potency
Vaporized for a cleaner terpene-rich experience
Dabbed depending on consistency and preference
Premium Craft Hash for Modern Enthusiasts
As demand for premium cannabis concentrates continues to grow, Bad Berred Mousse Hash concentrate stands out for its quality, texture, and flavorful experience. Combining artisanal production with strong terpene preservation, it remains a favorite among hash lovers searching for a premium soft hash product.
If you’re looking for a flavorful and potent concentrate with handcrafted quality, Bad Berred Mousse Hash concentrate is a standout option worth exploring.
Why Buy Bad Berred Mousse Hash Online From Our Website
1. True Solventless Ice-Water Craft
Bad Berred Mousse Hash is produced entirely without chemical solvents. We use pure ice water, gentle agitation, and a graded series of micron bags to isolate intact trichome heads. The collected resin is then slowly dried and meticulously whipped into its signature pale, airy mousse texture. No butane, no CO₂, no ethanol,  just water, ice, and mechanical separation. The result is a full-spectrum resin that retains the plant’s complete cannabinoid and terpene matrix in its natural ratios.
2. The Berry Profile, Preserved in a Mousse
Bad Berred carries a bright, juicy berry-forward terpene profile, ripe blackberry, tart raspberry, and sweet blueberry notes layered over subtle floral undertones. Because our mousse process avoids heat, pressure, and aggressive oxidation, those delicate fruity esters and volatile monoterpenes survive the journey from plant to final product. The whipped texture further protects the resin by minimizing surface exposure and locking in aromatic freshness. You taste the berry lineage exactly as it was meant to be experienced: vibrant, sweet, and unmistakably fresh.
3. Batch-Specific Independent Lab Verification
Every jar ships with a complete third-party Certificate of Analysis covering total cannabinoid potency, full terpene breakdown, microbial contamination screening, heavy metal analysis, and residual solvent verification. We do not send generic specification sheets. Your included report corresponds to the exact batch in your jar, so you can verify purity, potency, and safety with documented transparency.
4. EU-Optimized Discreet Cold-Chain Fulfillment
We store and ship from regional EU nodes to minimize transit duration and customs exposure. Your order is sealed in medical-grade, multi-layer smell-proof barrier film and packed inside rigid, unmarked outer packaging. Where temperature sensitivity demands it, we employ cold-chain protection to preserve the mousse’s delicate moisture balance and prevent terpene degradation. It arrives fresh, intact, and entirely private — no external logos, no odor leakage, no unnecessary attention.
5. Whipped Mousse Texture — Light, Pliable, and Easy to Work With
Unlike dense dry sift plates or hard-pressed traditional hash, Bad Berred Mousse is pale, airy, and gently pliable. It crumbles softly between your fingertips without force, making dosing intuitive and precise. The whipped consistency heats evenly and melts cleanly, whether you are vaporizing, dabbing, or topping flower. No mesh pad required, the mousse naturally holds together while delivering smooth, consistent vapor.
6. Climate-Controlled Curing at 58–62% RH
Mousse hash is moisture-sensitive, and we treat it accordingly. Our curing and storage environments are strictly maintained at 58–62% relative humidity and cool, stable temperatures to prevent the resin from drying out, oxidizing, or hardening. When you purchase from our website, you receive hash that has been pampered from the moment it left the freeze dryer to the moment it is sealed for shipment, not oxidized warehouse stock sitting on a shelf for months.
7. Expert Support from People Who Understand Texture
Our team knows the difference between a dry sift plate and a whipped ice-water mousse, and we know how each behaves in a vaporizer, on a dab tool, or inside a storage jar. If you have questions about optimal humidity for mousse preservation, low-temperature dabbing technique for airy textures, or whether to refrigerate your jar, you will receive knowledgeable, human guidance, not automated deflection.
8. A Collector-Grade Limited Release
Bad Berred Mousse Hash is not a mass-produced commodity. It is a small-batch, lineage-specific solventless release produced from curated cultivars and processed with precision. When you buy from our platform, you are securing verified, traceable, connoisseur-grade ice-water hash, the kind of product that belongs in a serious collection, not diluted through anonymous bulk blending or passed through layers of untraceable intermediaries.","Lab Tested
Discreet Shipping
Secure Checkout
Satisfaction Guaranteed",40,40,EUR,True,LA MOUSSE HASH,,,
frozenhashish:7551,https://frozenhashish.com/product/la-mousse-sherbert-hash-for-sale/,la-mousse-sherbert-hash-for-sale,La Mousse Hash – Sherbert,"La Mousse Sherbert Hash For Sale
Premium Texture, Sweet Citrus Flavor & Smooth Experience
La Mousse Sherbert Hash For Sale,
it delivers a
premium hash
experience with a soft mousse-like texture, rich aroma, and Sherbert-inspired flavor profile. Crafted for enthusiasts who appreciate refined concentrates, this hash combines smooth consistency with a flavorful and satisfying finish.
Known for its creamy texture and sweet citrus character, La Mousse Sherbert Hash offers a balanced and enjoyable experience designed for those seeking premium quality and rich flavor in every session.
Why Choose La Mousse Sherbert Hash?
La Mousse products are recognized for their premium craftsmanship, smooth texture, and flavorful profiles. The Sherbert variation stands out with its sweet aroma and refreshing flavor notes.
Key Features Of La Mousse Sherbert Hash For Sale
Soft mousse-style texture
Sherbert-inspired flavor profile
Premium-quality hash experience
Smooth and consistent performance
Rich aroma and clean finish
Flavor Profile
La Mousse Sherbert Hash features a flavorful combination of:
Sweet fruity notes
Citrus undertones
Creamy accents
Smooth and balanced finish
Its rich flavor profile creates a refined experience that appeals to enthusiasts seeking premium-quality hash with a distinctive taste.
Smooth & Enjoyable Experience
Users appreciate La Mousse Sherbert Hash for its:
Creamy mousse-like consistency
Rich aroma and balanced flavor
Smooth and satisfying sessions
Premium-quality craftsmanship
The soft texture enhances handling while contributing to a clean and enjoyable concentrate experience.
Product Highlights
La Mousse premium hash
Sherbert-inspired flavor profile
Smooth mousse-style consistency
Rich aroma and balanced finish
Crafted for premium quality and reliability
Final Thoughts
La Mousse Sherbert Hash
combines sweet citrus flavor, smooth texture, and premium craftsmanship into one exceptional concentrate experience. With its Sherbert-inspired profile and refined consistency, it offers a flavorful and satisfying option for hash enthusiasts seeking quality and performance.","Lab Tested
Discreet Shipping
Satisfaction Guaranteed
SHOP NOW",140,140,EUR,True,LA MOUSSE HASH,,,
frozenhashish:7546,https://frozenhashish.com/product/la-mousse-runtz-hash/,la-mousse-runtz-hash,La Mousse Hash – Runtz,"La Mousse Runtz Hash
Premium Texture, Sweet Flavor & Smooth Quality
La Mousse Runtz Hash
delivers a premium hash experience with a soft mousse-like texture, rich aroma, and Runtz-inspired flavor profile. Crafted for enthusiasts who appreciate high-quality concentrates, this hash combines smooth consistency with a flavorful and satisfying finish.
Known for its balanced sweetness and premium craftsmanship,
La Mousse Runtz Hash
offers a refined experience designed for those seeking quality, consistency, and rich flavor in every session.
Why Choose La Mousse Runtz Hash?
La Mousse products are recognized for their premium texture, smooth performance, and flavorful profiles. The Runtz variation stands out with its sweet aroma and enjoyable flavor experience.
Key Features:
Soft mousse-style texture
Runtz-inspired flavor profile
Premium-quality hash experience
Smooth and consistent performance
Rich aroma and balanced finish
Flavor Profile
La Mousse
Runtz Hash
features a delicious blend of:
Sweet candy-like notes
Fruity undertones
Earthy accents
Smooth and flavorful finish
Its rich flavor profile creates an enjoyable experience that appeals to hash enthusiasts looking for premium quality and distinctive taste.
Smooth & Enjoyable Experience
Users appreciate La Mousse Runtz Hash for its:
Creamy mousse-like consistency
Rich aroma and balanced flavor
Smooth and satisfying sessions
Premium-quality craftsmanship
The soft texture enhances handling while contributing to a clean and refined concentrate experience.
Product Highlights
La Mousse premium hash
Runtz-inspired flavor profile
Smooth mousse-style consistency
Rich aroma and sweet finish
Crafted for premium quality and reliability
Final Thoughts
La Mousse Runtz Hash
combines sweet flavor, smooth texture, and premium craftsmanship into one exceptional concentrate experience. With its Runtz-inspired profile and refined consistency, it offers a flavorful and satisfying option for hash enthusiasts seeking quality and performance.","Lab Tested
Discreet Shipping
Satisfaction Guaranteed
SHOP NOW",140,140,EUR,True,LA MOUSSE HASH,,,
frozenhashish:7541,https://frozenhashish.com/product/la-mousse-mendo-purps-hash/,la-mousse-mendo-purps-hash,La Mousse Hash – Mendo Purps,"La Mousse Mendo Purps Hash
Premium Texture, Rich Flavor & Smooth Experience
La Mousse Mendo Purps Hash
delivers a
premium hash
experience with a soft mousse-like texture, rich aroma, and Mendo Purps-inspired flavor profile. Crafted for enthusiasts who appreciate high-quality concentrates, this hash combines smooth consistency with bold flavor and refined craftsmanship.
Known for its balanced character and flavorful profile, La Mousse Mendo Purps Hash offers a satisfying and enjoyable experience designed for those seeking premium quality and reliable performance.
Why Choose
La Mousse Mendo Purps Hash?
La Mousse products are known for their premium craftsmanship, smooth te
xture, and flavorful profiles. The Mendo Purps variation stands out with its rich aroma and distinctive flavor notes.
Key Features Of La Mousse Mendo Purps Hash
Soft mousse-style texture
Mendo Purps-inspired flavor profile
Premium-quality hash experience
Smooth and consistent performance
Rich aroma and clean finish
Flavor Profile Of La Mousse Mendo Purps Hash
La Mousse Mendo Purps Hash features a flavorful blend of:
Sweet fruity notes
Earthy undertones
Subtle grape-like accents
Smooth and balanced finish
Its rich flavor profile creates a refined experience that appeals to enthusiasts seeking premium-quality hash with a unique character.
Smooth & Enjoyable Experience
Users appreciate La Mousse Mendo Purps Hash for its:
Creamy mousse-like consistency
Rich aroma and balanced flavor
Smooth and satisfying sessions
Premium-quality craftsmanship
The soft texture enhances handling while contributing to a clean and enjoyable concentrate experience.
Product Highlights
La Mousse premium hash
Mendo Purps-inspired flavor profile
Smooth mousse-style consistency
Rich aroma and balanced finish
Crafted for premium quality and reliability
Final Thoughts
La Mousse Mendo Purps Hash
combines rich flavor, smooth texture, and premium craftsmanship into one exceptional concentrate experience. With its Mendo Purps-inspired profile and refined consistency, it delivers a flavorful and satisfying option for hash enthusiasts seeking quality and performance.","Lab Tested
Discreet Shipping
Satisfaction Guaranteed
SHOP NOW",140,140,EUR,True,LA MOUSSE HASH,,,
frozenhashish:7536,https://frozenhashish.com/product/mousse-jealousy-hash-strain/,mousse-jealousy-hash-strain,La Mousse Jealousy Hash,"La Mousse Jealousy Hash Strain | Premium Hash Collection
La Mousse Jealousy Hash Strain
is part of our premium hash collection, selected for its refined texture, distinctive aroma, and consistent quality. Carefully sourced and presented with attention to craftsmanship, this hash offers a premium option for enthusiasts seeking a well-crafted product. Explore the La Mousse Jealousy Hash Strain collection and discover quality you can shop with confidence.
Key Features Of
La Mousse Jealousy Hash Strain
Genetics
: Jealousy is a hybrid combining Sherb Bx1 and Gelato 41 genetics.
Production method
: Made through dry sift extraction, a mechanical process that separates trichomes from plant material without solvents, preserving the strain’s natural terpene and cannabinoid profile.
Texture
: Known for a soft, mousse-like, light and airy consistency — a signature trait of the La Mousse line, distinct from denser, traditionally pressed hash.
Flavor/aroma
: Earthy notes reminiscent of pine and herbs, balanced by sweetness with hints of fruit and citrus, with an aroma that’s earthy and slightly gassy with sweet floral undertones.
Effects
: Described as a smooth combination of euphoria and calm, offering balanced, uplifting yet relaxing effects suited to evening use.
Potency note
: One retailer describes it as a fairly potent mousse, worth enjoying cautiously — especially for those new to cannabis, since a small amount can be enough.
How To Comsume
La Mousse Jealousy Hash Strain
Common ways to consume La Mousse Jealousy Hash:
Mixed into a joint
— crumbled or sprinkled into ground flower for added potency and flavor. Because of its soft, mousse-like texture, it tends to blend in easily compared to firmer pressed hash.
Topping a bowl
— placed on top of flower in a pipe or bong for a stronger hit.
Hash pipe / chillum
— smoked on its own for what’s often described as the “purest” flavor experience, letting the terpene profile come through clearly.
Vaporizer for concentrates
— a lower-temperature, non-combustion option; some drier sifts vaporize better than others, and the airy mousse texture can behave differently from a dense pressed plate.
Shop La Mousse Jealousy Hash Strain Online
From small personal jars to bulk quantities for serious enthusiasts and retailers. Discreet, professional shipping available worldwide.
Shop La Mousse Jealousy Hash Strain Online
today and experience one of the most sought-after premium hashes on the market. Fresh batches, competitive pricing, and guaranteed quality from trusted Cali Plates / La Mousse suppliers.
Frequently Asked Questions: La Mousse Jealousy Hash
What is Jealousy hash?
It’s a dry sift hash made from the Jealousy strain, a hybrid whose genetics trace to Sherb Bx1 and Gelato 41. It refers to the strain used to produce the hash, not a hash-making method itself.
What does “La Mousse” mean?
La Mousse isn’t a single strain — it’s a hash style. The name (French for “foam/mousse”) describes a soft, light, airy texture, distinct from denser, firmer pressed hash. Many different strains, including Jealousy, get made into this style.
How is it made?
Through dry sifting — a solventless, mechanical process that separates trichomes (resin glands) from cannabis flower using screens, without ice water, heat, or chemical solvents.
What does it taste and smell like?
Commonly described as earthy with pine and herbal notes, balanced by sweetness, fruit, and citrus, with a slightly gassy edge — reflecting the underlying Jealousy strain’s terpene profile.
What effects does it typically produce?
Described as a balanced hybrid effect — mentally uplifting but physically relaxing — often associated with evening or wind-down use rather than high-energy activity.
How potent is it compared to flower?
Hash concentrates trichomes, so it’s generally more potent by volume than raw flower. Reports describe this style as fairly strong, meaning a small amount tends to be noticeable.
How should it be stored?
Cool, dark, and airtight. The mousse-style texture is more delicate than firmer pressed hash — heat, light, air exposure, and over-drying can degrade its texture and aroma faster.
Is “La Mousse” an official grade or certification?
No — it’s a style/branding term, not a regulated standard. Quality and authenticity vary a lot between producers and sellers, regardless of how a product is labeled.
How can I verify potency or purity claims?
Ask for a current, batch-matched Certificate of Analysis (COA) from an accredited third-party lab — covering potency and contaminant screening (pesticides, solvents, heavy metals, microbials) — rather than relying on a seller’s description.
Is it legal?
Depends entirely on your local jurisdiction. Legality for cannabis concentrates varies by country and, in the US, by state — check local law before buying or using.","Lab-Tested Quality
: Every batch undergoes rigorous third-party testing for potency, purity, safety with discreet shipping.",140,140,EUR,True,LA MOUSSE HASH,,,
frozenhashish:7525,https://frozenhashish.com/product/la-mousse-i-c-c-hash/,la-mousse-i-c-c-hash,La Mousse Hash – I.C.C,"La Mousse I.C.C Hash –
Premium Texture, Rich Flavor & Smooth Experience
La Mousse I.C.C Hash
delivers a
premium hash
experience with a soft mousse-like texture, rich aroma, and I.C.C-inspired flavor profile. Crafted for enthusiasts who appreciate high-quality concentrates, this hash combines smooth consistency with bold flavor and refined quality.
Known for its creamy texture and aromatic character, La Mousse I.C.C Hash offers a balanced and satisfying experience designed for those seeking premium craftsmanship and reliable performance.
Why Choose La Mousse I.C.C Hash?
La Mousse products are known for their premium quality, smooth texture, and flavorful profiles. The I.C.C variation stands out with its rich aroma and creamy flavor notes.
Key Features Of La Mousse I.C.C Hash
Soft mousse-style texture
I.C.C-inspired flavor profile
Premium-quality hash experience
Smooth and consistent performance
Rich aroma and balanced finish
Flavor Profile
La Mousse I.C.C Hash features a delicious blend of:
Sweet creamy notes
Earthy undertones
Subtle vanilla-like accents
Smooth and flavorful finish
Its rich flavor profile creates a refined and enjoyable experience that appeals to enthusiasts seeking premium-quality hash.
Smooth & Enjoyable Experience
Users appreciate La Mousse I.C.C Hash for its:
Creamy mousse-like consistency
Rich aroma and balanced flavor
Smooth and satisfying sessions
Premium-quality craftsmanship
The soft texture enhances handling while delivering a clean and enjoyable concentrate experience.
Product Highlights
La Mousse premium hash
I.C.C-inspired flavor profile
Smooth mousse-style consistency
Rich aroma and creamy finish
Crafted for premium quality and reliability
Final Thoughts
La Mousse I.C.C Hash
combines rich flavor, smooth texture, and premium craftsmanship into one exceptional concentrate experience. With its I.C.C-inspired profile and refined consistency, it offers a flavorful and satisfying option for hash enthusiasts seeking quality and performance.","Lab Tested
Discreet Shipping
Satisfaction Guaranteed
SHOP NOW",140,140,EUR,True,LA MOUSSE HASH,,,
frozenhashish:7520,https://frozenhashish.com/product/la-mousse-hash-zoap/,la-mousse-hash-zoap,La Mousse Hash – Zoap,"La Mousse Zoap Hash –
Premium Texture, Unique Flavor & Smooth Quality
La Mousse Zoap Hash
delivers a
premium hash
experience with a soft mousse-like texture, rich aroma, and Zoap-inspired flavor profile. Crafted for enthusiasts who appreciate refined concentrates, this hash combines smooth consistency with a bold and satisfying flavor experience.
Known for its premium-quality texture and distinctive aromatic character, La Mousse Zoap Hash offers a balanced and enjoyable experience designed for those seeking quality, consistency, and flavor in every session.
Why Choose La Mousse Zoap Hash?
La Mousse products are recognized for their premium craftsmanship, smooth texture, and flavorful profiles. The Zoap variation stands out with its unique flavor notes and refined aroma.
Key Features Of La Mousse Zoap Hash
Soft mousse-style texture
Zoap-inspired flavor profile
Premium-quality hash experience
Smooth and consistent performance
Rich aroma and clean finish
Flavor Profile
La Mousse Zoap Hash features a flavorful combination of:
Sweet fruity notes
Earthy undertones
Subtle floral accents
Smooth and balanced finish
Its distinctive flavor profile creates a rich and enjoyable experience that appeals to enthusiasts seeking premium-quality hash.
Smooth & Enjoyable Experience
Users appreciate La Mousse Zoap Hash for its:
Creamy mousse-like consistency
Rich aroma and balanced flavor
Smooth and satisfying sessions
Premium-quality craftsmanship
The soft texture enhances handling while contributing to a clean and refined concentrate experience.
Product Highlights
La Mousse premium hash
Zoap-inspired flavor profile
Smooth mousse-style consistency
Rich aroma and balanced finish
Crafted for premium quality and reliability
Final Thoughts
La Mousse Zoap Hash
combines unique flavor, smooth texture, and premium craftsmanship into one exceptional concentrate experience. With its Zoap-inspired profile and refined consistency, it delivers a flavorful and satisfying option for hash enthusiasts seeking quality and performance.","Lab Tested
Discreet Shipping
Satisfaction Guaranteed
SHOP NOW",140,140,EUR,True,LA MOUSSE HASH,,,
frozenhashish:7515,https://frozenhashish.com/product/la-mousse-white-runtz-hash/,la-mousse-white-runtz-hash,La Mousse Hash – White Runtz,"La Mousse White Runtz Hash –
Premium Texture, Sweet Flavor & Smooth Experience
La Mousse White Runtz Hash
delivers a
premium hash
experience with a soft mousse-like texture, rich aroma, and White Runtz-inspired flavor profile. Crafted for enthusiasts who appreciate high-quality concentrates, this hash combines smooth consistency with a flavorful and satisfying finish.
Known for its creamy texture and sweet aromatic character, La Mousse White Runtz Hash offers a refined experience designed for those seeking premium quality and rich flavor in every session.
Why Choose La Mousse White Runtz Hash?
La Mousse products are recognized for their premium craftsmanship, smooth texture, and flavorful profiles. The White Runtz variation stands out with its balanced sweetness and rich aroma.
Key Features Of La Mousse White Runtz Hash
Soft mousse-style texture
White Runtz-inspired flavor profile
Premium-quality hash experience
Smooth and consistent performance
Rich aroma and clean finish
Flavor Profile
La Mousse White Runtz Hash features a delicious combination of:
Sweet candy-like notes
Creamy undertones
Earthy accents
Smooth and flavorful finish
Its unique flavor profile creates an enjoyable and refined experience that appeals to hash enthusiasts looking for premium quality and rich taste.
Smooth & Enjoyable Experience
Users appreciate La Mousse White Runtz Hash for its:
Creamy mousse-like consistency
Rich aroma and balanced flavor
Smooth and satisfying sessions
Premium-quality craftsmanship
The soft texture enhances handling while delivering a clean and enjoyable concentrate experience.
Product Highlights
La Mousse premium hash
White Runtz-inspired flavor profile
Smooth mousse-style consistency
Rich aroma and sweet finish
Crafted for premium quality and reliability
Final Thoughts
La Mousse White Runtz Hash
combines sweet flavor, smooth texture, and premium craftsmanship into one exceptional concentrate experience. With its White Runtz-inspired profile and refined consistency, it offers a flavorful and satisfying option for hash enthusiasts seeking quality and performance.","Lab Tested
Discreet Shipping
Satisfaction Guaranteed
SHOP NOW",140,140,EUR,True,LA MOUSSE HASH,,,
frozenhashish:7510,https://frozenhashish.com/product/la-mousse-sundae-driver-hash/,la-mousse-sundae-driver-hash,La Mousse Hash – Sundae Driver,"La Mousse Sundae Driver Hash
Creamy Flavor, Smooth Texture & Premium Quality
La Mousse Sundae Driver Hash
delivers a
premium hash
experience with a soft mousse-like texture, rich aroma, and Sundae Driver-inspired flavor profile. Crafted for enthusiasts who appreciate refined concentrates, this hash combines smooth consistency with a flavorful and satisfying finish.
Known for its creamy character and balanced taste, La Mousse Sundae Driver Hash offers a premium experience designed for users seeking quality, consistency, and rich flavor in every session.
Why Choose La Mousse Sundae Driver Hash?
La Mousse products are known for their premium craftsmanship, smooth texture, and flavorful profiles. The Sundae Driver variation stands out with its creamy notes and enjoyable aroma.
Key Features Of Mousse Sundae Driver Hash
Soft mousse-style texture
Sundae Driver-inspired flavor profile
Premium-quality hash experience
Smooth and consistent performance
Rich aroma and creamy finish
Flavor Profile
La Mousse Sundae Driver Hash features a delicious blend of:
Sweet creamy notes
Earthy undertones
Subtle fruity accents
Smooth and balanced finish
Its flavorful profile creates a refined experience that appeals to enthusiasts looking for a rich and satisfying hash option.
Smooth & Enjoyable Experience
Users appreciate La Mousse Sundae Driver Hash for its:
Creamy mousse-like consistency
Rich aroma and balanced flavor
Smooth and enjoyable sessions
Premium-quality craftsmanship
The soft texture enhances handling while contributing to a clean and refined concentrate experience.
Product Highlights
La Mousse premium hash
Sundae Driver-inspired flavor profile
Smooth mousse-style consistency
Rich aroma and creamy finish
Crafted for premium quality and reliability
Final Thoughts
La Mousse
Sundae Driver Hash
combines creamy flavor, smooth texture, and premium craftsmanship into one exceptional concentrate experience. With its Sundae Driver-inspired profile and refined consistency, it delivers a flavorful and satisfying option for hash enthusiasts seeking quality and performance.","Lab Tested
Discreet Shipping
Satisfaction Guaranteed
SHOP NOW",140,140,EUR,True,LA MOUSSE HASH,,,
frozenhashish:7505,https://frozenhashish.com/product/la-mousse-sour-diesel-hash/,la-mousse-sour-diesel-hash,La Mousse Hash – Sour Diesel,"La Mousse Sour Diesel Hash
Bold Aroma, Smooth Texture & Premium Quality
La Mousse Sour Diesel Hash
delivers a
premium hash
experience with a soft mousse-like texture, rich aroma, and Sour Diesel-inspired flavor profile. Crafted for enthusiasts who appreciate high-quality concentrates, this hash combines smooth consistency with bold character for a satisfying and flavorful experience.
Known for its distinctive aroma and refined texture, La Mousse Sour Diesel Hash offers consistent quality and smooth handling, making it a popular choice among those seeking premium hash products.
Why Choose La Mousse Sour Diesel Hash?
La Mousse products are recognized for their premium craftsmanship, flavorful profiles, and smooth texture. The Sour Diesel variation stands out with its rich aroma and balanced flavor experience.
Key Features Of La Mousse Sour Diesel Hash
Soft mousse-style texture
Sour Diesel-inspired flavor profile
Premium-quality hash experience
Smooth and consistent performance
Rich aroma and clean finish
Flavor Profile Of La Mousse Sour Diesel Hash
La Mousse Sour Diesel Hash features a bold combination of:
Earthy undertones
Herbal notes
Slight citrus accents
Smooth and flavorful finish
Its distinctive flavor profile creates a unique and enjoyable experience that appeals to hash enthusiasts looking for premium quality and rich taste.
Smooth & Enjoyable Experience
Users appreciate La Mousse Sour Diesel Hash for its:
Creamy mousse-like consistency
Rich aroma and balanced flavor
Smooth and enjoyable sessions
Premium-quality craftsmanship
The soft texture enhances handling while delivering a refined and satisfying concentrate experience.
Product Highlights
La Mousse premium hash
Sour Diesel-inspired flavor profile
Smooth mousse-style consistency
Rich aroma and clean finish
Crafted for premium quality and reliability
Final Thoughts
La Mousse Sour Diesel Hash
combines bold flavor, smooth texture, and premium craftsmanship into one exceptional concentrate experience. With its Sour Diesel-inspired profile and refined consistency, it offers a flavorful and satisfying option for enthusiasts seeking quality and performance.","Lab Tested
Discreet Shipping
Satisfaction Guaranteed
SHOP NOW",140,140,EUR,True,LA MOUSSE HASH,,,
frozenhashish:7500,https://frozenhashish.com/product/la-mousse-gelato-41-hash/,la-mousse-gelato-41-hash,La Mousse Hash – Gelato 41,"La Mousse Gelato 41 Hash –
Premium Texture, Creamy Flavor & Smooth Experience
La Mousse Gelato 41 Hash
offers a
premium hash
experience with a smooth mousse-like texture, rich aroma, and flavorful Gelato 41-inspired profile. Crafted for enthusiasts who appreciate refined concentrates, this premium hash delivers consistent quality, smooth handling, and a clean, satisfying finish.
Known for its creamy texture and balanced flavor notes, La Mousse Gelato 41 Hash provides an enjoyable and flavorful experience designed for both casual and experienced users.
Why Choose La Mousse Gelato 41 Hash?
La Mousse products are known for premium craftsmanship, soft consistency, and rich flavor profiles. The Gelato 41 variation stands out with its smooth texture and bold aromatic character.
Key Features Of La Mousse Gelato 41 Hash
Soft mousse-style texture
Gelato 41-inspired flavor profile
Premium-quality hash experience
Smooth and consistent performance
Rich aroma with creamy undertones
Flavor Profile Of La Mousse Gelato 41 Hash
La Mousse Gelato 41 Hash features a balanced combination of:
Sweet creamy notes
Earthy undertones
Slight herbal and dessert-like flavors
Smooth and flavorful finish
Its rich flavor profile makes it a standout choice for those seeking a refined and enjoyable hash experience.
Smooth & Consistent Quality
Users enjoy La Mousse Gelato 41 Hash for its:
Creamy mousse-like consistency
Bold aroma and smooth flavor
Relaxing and enjoyable sessions
Premium texture and reliable quality
The smooth texture enhances handling while delivering a clean and satisfying overall experience.
Product Highlights
La Mousse premium hash
Gelato 41-inspired flavor profile
Smooth mousse-style consistency
Rich aroma and creamy finish
Crafted for premium performance and quality
Final Thoughts
La Mousse Gelato 41 Hash
combines premium texture, creamy flavor, and refined quality into one standout concentrate experience. With its smooth Gelato 41-inspired profile and consistent craftsmanship, it delivers a flavorful and satisfying option for hash enthusiasts seeking premium quality.
Frequently Asked Questions (FAQ): La Mousse Gelato 41 Hash
What is La Mousse Gelato 41 Hash?
La Mousse Gelato 41 Hash is a premium hash product inspired by the popular Gelato 41 profile, known for its creamy, sweet flavor and smooth texture.
What does La Mousse Gelato 41 Hash taste like?
It typically offers creamy gelato-style notes with sweet, dessert-like flavors and subtle earthy undertones.
Is La Mousse Gelato 41 Hash strong?
Yes, La Mousse Gelato 41 Hash is generally considered a potent product, making it better suited for experienced users or those familiar with hash.
What makes La Mousse Gelato 41 Hash popular?
Its popularity comes from its rich gelato-inspired flavor, smooth consistency, aromatic profile, and premium-quality feel.
How should La Mousse Gelato 41 Hash be stored?
Store it in an airtight container in a cool, dark place to help preserve freshness, aroma, texture, and potency.
Who is La Mousse Gelato 41 Hash best for?
It is best for buyers looking for a flavorful, dessert-style hash with a creamy profile and smooth overall experience.
Can beginners use La Mousse Gelato 41 Hash?
Beginners should start with a very small amount due to its potency and wait to understand the effects before using more.
Why buy La Mousse Gelato 41 Hash?
La Mousse Gelato 41 Hash is a strong choice for customers seeking premium quality, creamy gelato flavor, smooth texture, and a trusted hash experience.","Lab Tested
Discreet Shipping
Satisfaction Guaranteed
SHOP NOW",140,140,EUR,True,LA MOUSSE HASH,,,
frozenhashish:7489,https://frozenhashish.com/product/la-mousse-gelato-33-hash/,la-mousse-gelato-33-hash,La Mousse Hash – Gelato 33,"La Mousse Gelato 33 Hash For Sale
Smooth Texture, Rich Flavor & Premium Quality
La Mousse Gelato 33 Hash
delivers a
premium hash
experience with a smooth mousse-like texture, bold aroma, and rich flavor profile inspired by the popular Gelato 33 variety. Crafted for enthusiasts who appreciate refined concentrates, this hash combines quality consistency with a clean and satisfying finish.
Known for its creamy texture and flavorful character, La Mousse Gelato 33 Hash offers a balanced and enjoyable experience designed for smooth sessions and premium enjoyment.
Why Choose La Mousse Gelato 33 Hash?
La Mousse products are recognized for their soft texture, quality craftsmanship, and flavorful profiles. The Gelato 33 variation stands out for its rich aroma and smooth performance.
Key Features Of La Mousse Gelato 33 Hash
Soft mousse-style texture
Gelato 33-inspired flavor profile
Premium-quality hash experience
Smooth and consistent performance
Rich aroma with balanced flavor
Flavor Profile Of La Mousse Gelato 33 Hash
La Mousse Gelato 33 Hash features a flavorful blend of:
Sweet creamy notes
Earthy undertones
Slight herbal and dessert-like flavors
Smooth and clean finish
Its rich and balanced profile makes it a favorite for users seeking a flavorful and refined hash option.
Smooth & Enjoyable Experience
Users appreciate La Mousse Gelato 33 Hash for its:
Creamy mousse-like consistency
Bold aroma and smooth flavor
Relaxing and enjoyable sessions
Premium-quality texture and finish
The smooth consistency enhances the overall experience while maintaining easy handling and reliable quality.
Product Highlights
La Mousse premium hash
Gelato 33-inspired flavor profile
Smooth mousse-style consistency
Rich aroma and creamy finish
Crafted for premium quality and smooth performance
Final Thoughts
La Mousse Gelato 33 Hash
combines premium texture, rich flavor, and smooth quality into one standout concentrate experience. With its creamy Gelato 33-inspired profile and refined consistency, it offers a flavorful and satisfying option for hash enthusiasts seeking premium craftsmanship.","Lab Tested
Discreet Shipping
Satisfaction Guaranteed
SHOP NOW",140,140,EUR,True,LA MOUSSE HASH,,,
frozenhashish:7484,https://frozenhashish.com/product/la-mousse-gary-payton-hash/,la-mousse-gary-payton-hash,La Mousse Hash – Gary Payton,"La Mousse
Gary Payton Hash
Premium Texture, Bold Flavor & Smooth Quality
La Mousse Gary Payton Hash
delivers a
premium hash
experience known for its smooth mousse-like texture, rich aroma, and bold flavor profile. Inspired by the popular Gary Payton profile, this hash is crafted for enthusiasts who appreciate quality concentrates with consistent texture and satisfying performance.
With its soft consistency and flavorful character, La Mousse Gary Payton Hash provides a smooth and enjoyable experience designed for both casual and experienced users.
Why Choose La Mousse Gary Payton Hash?
La Mousse products are recognized for premium craftsmanship and refined texture. The Gary Payton variation stands out with its balanced flavor and clean, smooth finish.
Key Features:
Soft mousse-style texture
Rich Gary Payton-inspired flavor profile
Premium-quality hash experience
Smooth and consistent performance
Aromatic and flavorful finish
Flavor Profile
La Mousse Gary Payton Hash features a unique combination of:
Earthy undertones
Herbal and slightly spicy notes
Subtle sweetness
Smooth and balanced finish
The flavorful profile makes it a favorite for users seeking a bold yet refined hash experience.
Smooth & Consistent Experience
Users enjoy La Mousse Gary Payton Hash for its:
Clean and smooth texture
Rich aroma and flavor
Relaxing and enjoyable sessions
Premium-quality consistency
The mousse-like texture enhances handling and contributes to a smooth overall experience.
Product Highlights
La Mousse premium hash
Gary Payton-inspired flavor profile
Smooth mousse-style consistency
Rich aroma and clean finish
Crafted for premium quality and performance
Final Thoughts
La Mousse Gary Payton Hash
combines bold flavor, smooth texture, and premium craftsmanship into one refined concentrate experience. Its rich aroma and balanced profile make it a standout option for hash enthusiasts seeking quality and consistency.","Lab Tested
Discreet Shipping
Satisfaction Guaranteed
SHOP NOW",140,140,EUR,True,LA MOUSSE HASH,,,
frozenhashish:7479,https://frozenhashish.com/product/la-mousse-chile-verde-hash/,la-mousse-chile-verde-hash,La Mousse Hash – Chile Verde,"Premium Flavor, Smooth Texture & Quality Experience
La Mousse
Chile Verde Hash
is gaining attention among hash enthusiasts for its rich flavor profile, smooth consistency, and premium-quality experience. Known for its soft mousse-like texture and bold aroma, this hash delivers a refined and satisfying session for users who appreciate high-quality concentrates.
Crafted for consistency and smooth performance, La Mousse Chile Verde Hash stands out with its unique blend of earthy, herbal, and slightly spicy flavor notes inspired by the Chile Verde profile. The smooth texture makes it easy to handle while providing a clean and enjoyable experience from start to finish.
Why Choose La Mousse Chile Verde Hash?
La Mousse products are known for quality, flavor, and premium craftsmanship. The Chile Verde variation offers a balanced profile designed for users seeking a flavorful and relaxing experience.
Key Features Of La Mousse Chile Verde Hash
Smooth mousse-style texture
Rich Chile Verde-inspired flavor
Premium-quality hash experience
Aromatic and flavorful profile
Crafted for consistency and smoothness
Flavor Profile Of La Mousse Chile Verde Hash
La Mousse Chile Verde Hash features a bold blend of:
Earthy undertones
Herbal notes
Slight spice and savory flavor
Smooth and clean finish
Its unique flavor combination makes it a standout option for those looking for something different from traditional hash varieties.
Smooth & Enjoyable Experience
Users appreciate La Mousse Chile Verde Hash for its:
Smooth consistency
Rich aroma
Relaxing and enjoyable sessions
Clean texture and quality feel
The mousse-like texture adds to the premium experience while maintaining easy handling and consistent performance.
Product Highlights
La Mousse premium hash
Chile Verde flavor profile
Soft mousse-style texture
Rich aroma and smooth finish
Premium-quality concentrate experience
Final Thoughts
La Mousse Chile Verde Hash
combines premium texture, bold flavor, and smooth quality into one standout product. With its unique Chile Verde-inspired profile and refined consistency, it offers a flavorful and satisfying experience for enthusiasts seeking premium hash products.","Lab Tested
Discreet Shipping
Satisfaction Guaranteed
SHOP NOW",140,140,EUR,True,LA MOUSSE HASH,,,
frozenhashish:7474,https://frozenhashish.com/product/la-mousse-cherry-pie-hash/,la-mousse-cherry-pie-hash,La Mousse Hash – Cherry Pie,"La Mousse Cherry Pie Hash
: Premium Flavor, Quality, and Expert Review
A premium, full-melt hash crafted from the beloved Cherry Pie strain, delivering a rich, dessert-like experience in every session. With its signature velvety, mousse-like texture and deep amber color, this solventless extract captures the strain’s full terpene profile for an authentic, flavorful experience.
Key Features Of La Mousse Cherry Pie Hash
•
Strain Profile
– Derived from Cherry Pie (Granddaddy Purple x Durban Poison), known for its sweet,       tart cherry aroma with earthy undertones
•
Texture
– Soft, creamy, and easy to work with; breaks apart smoothly without crumbling
•
Solventless Extraction
– Traditionally processed to preserve maximum cannabinoids and terpenes
•
Aroma & Flavor
– Bursting with sweet cherry, baked pie crust, and subtle spicy notes
•
Effects
– Balanced euphoria and deep physical relaxation; ideal for unwinding without heavy sedation
•
Versatile
– Perfect for crumbling into a bowl, topping a joint, or low-temp dabbing
How To Consume La Mousse Cherry Pie Hash
Here are the best ways to enjoy
La Mousse Cherry Pie Hash
, whether you prefer traditional smoking or modern vaporization:
1. Crumbled in a Bowl or Bong
The simplest, most classic method.
How
: Pinch off a small amount and crumble it over a bed of ground flower in your pipe or bong. Do not pack the bowl too tight, hash needs airflow to burn evenly.
Pro Tip
: Use a hemp wick or lighter at a slight distance to avoid scorching the hash and losing flavor.
2. Topped on a Joint or Spliff
Enhances potency and slows the burn.
How
: Sprinkle crumbled hash evenly along the length of your ground flower before rolling. Alternatively, roll a thin “snake” of hash and lay it in the center.
Best For:
Sharing or extending your session with layered cherry-pie flavor.
3. Dabbed (Low-Temperature)
Unlocks the full terpene profile.
How
: Use a dab rig or e-nail set to **315–400°F (157–204°C)**. Place a tiny crumb (start with a “grain of rice” size) on the banger and inhale slowly.
Why:
Low temps preserve the sweet cherry and earthy notes while delivering a smooth vapor.
4. Vaporized in a Dry Herb Vape
A cleaner, smoke-free option.
How:
Mix a small amount of crumbled hash with ground flower or sandwich it between two layers of flower in your device’s chamber. Set to a higher temperature than usual (around **380–410°F**).
Note:
Some vaporizers handle concentrates better than others—check if yours includes a concentrate pad.
5. Infused into Edibles
Long-lasting effects, no inhalation required.
How:
First
decarboxylate
your hash (bake at **240°F/115°C** for 30–40 minutes), then infuse into butter or coconut oil over low heat. Use the infusion in your favorite recipe.
Important:
Start low and go slow, edibles made with hash are very potent.
Quick Dosage Guide
| Experience Level | Recommended Starting Amount |
|——————|—————————-|
| Beginner | A crumb the size of a matchstick head |
| Intermediate | A pea-sized piece |
| Experienced | Adjust to preference, but increase gradually |
Final Tips
Storage:
Keep in a cool, dark place in an airtight container to preserve its soft, mousse-like texture and aroma.
Hydration:
Have water nearby, hash can be more cough-inducing than flower.
Pace Yourself:
This is a concentrated product. Effects may take 10–15 minutes to fully peak when smoked, and 1–2 hours if consumed as an edible.
Enjoy responsibly!
Why Buy La Mousse Cherry Pie Hash Online From Our Website
Verified Lab Sheets with Every Order
Each unit ships with a complete independent Certificate of Analysis: cannabinoid potency, full terpene mapping, microbial screening, heavy metals, and residual solvent testing. You review the actual data behind the cherry-cocoa profile before you commit, not marketing copy, but verified batch documentation.
True Solventless, Small-Batch Craft
We source exclusively from boutique ice-water operations that specialize in preserving delicate dessert-lineage terpenes through mechanical separation only. No hydrocarbons, no CO₂, no chemical shortcuts. The light, whipped mousse texture and rich cherry-pastry depth are possible only because the trichomes are handled gently from harvest to jar.
A Dessert Profile You Cannot Find in Mass Production
La Mousse Cherry Pie Hash is not a generic import or mechanically pressed brick. Its pale, airy whipped consistency and distinctive aromatic architecture, sweet baked cherry, warm pastry dough, vanilla bean, and toasted almond—are the product of selective genetics and meticulous curing. We stock it because it offers something genuinely indulgent: a dessert-strain soul expressed through modern solventless precision.
EU-Optimized Fulfillment
Orders are vacuum-sealed in medical-grade, multi-layer smell-proof barrier film and dispatched in rigid, unmarked packaging. We leverage regional EU fulfillment nodes to shorten transit times, reduce customs friction, and ensure the delicate mousse structure and volatile cherry-vanilla top notes arrive intact.
Cold-Chain Freshness Standards
Stored at 58–62% relative humidity in dark, temperature-controlled conditions, La Mousse Cherry Pie Hash is rotated rapidly through inventory. You receive it at peak aromatic intensity, structural integrity, and supple crumble, not dried, oxidized, or compressed from months in storage.
Curated for Connoisseurs, Not Algorithms
Our buyers select strains based on flavor complexity, structural uniqueness, and genetic heritage. La Mousse Cherry Pie Hash earned its place because its dessert-driven complexity and smooth, indica-leaning depth satisfy collectors who value boutique craft and old-world curing tradition married to modern solventless purity.
Specialized Post-Purchase Support
Need guidance on low-temp dabbing for pastry-forward resins, vaporizer mesh pads for mousse-textured hash, or EU regulatory context for THCA products? Our team understands solventless extraction, dessert-lineage terpene behavior, and regional compliance. You are buying from specialists who evaluate concentrates at the same level you do.
Frequently Asked Questions (FAQ): La Mousse Cherry Pie Hash
1. What exactly is La Mousse Cherry Pie Hash?
It is a boutique, solventless ice-water hash crafted from select Cherry Pie genetics. The trichome heads are gently separated via mechanical separation, then cured into a light, airy, whipped “mousse” consistency. Unlike traditional pressed hash, this process preserves the full dessert-lineage terpene spectrum—baked cherry, pastry dough, vanilla, and toasted almond—while delivering a clean, contaminant-free concentrate.
2. Is this hash solventless?
Yes. There are no hydrocarbons, CO₂, ethanol, or chemical solvents used at any stage. The extraction relies solely on ice water, gentle agitation, and precise micron separation. This preserves volatile terpenes and ensures zero residual solvents in the final product.
3. What does the texture feel like?
Pale golden-tan, soft, and crumbly with an airy, whipped structure—hence “mousse.” It is not hard, black, or overly sticky. At room temperature it breaks apart easily between your fingers; when gently warmed, it becomes pliable enough to shape without losing its delicate structure.
4. What is the best way to consume it?
For the full pastry-forward experience, we recommend:
Low-temperature dabbing
(450–480°F / 232–249°C) to preserve cherry-vanilla top notes.
Vaporizing
in a concentrate device with a mesh pad or steel-wool basket to accommodate the fine, crumbly texture.
Topping a bowl
of premium flower with a thin layer, using indirect flame to avoid scorching.
Traditional pipe or hash chalice
with a fine mesh screen and gentle, indirect heat.
Avoid high-temperature combustion, which destroys the delicate dessert terpenes.
5. How should I store it?
Keep it in an airtight, UV-protected glass or silicone container at 58–62% relative humidity. Store in a cool, dark place away from heat and sunlight. Properly stored, the mousse texture and aromatic complexity remain stable for up to 12 months, though we recommend consumption within 3–6 months for peak flavor.
6. Does it ship with lab results?
Yes. Every unit includes a complete independent Certificate of Analysis covering cannabinoid potency, full terpene profile, microbial screening, heavy metals, and residual solvent testing. You receive the specific batch data—not a generic specification sheet.
7. Is La Mousse Cherry Pie Hash legal in the EU?
Our product is marketed and sold as a hemp-derived or THCA-rich concentrate with Δ9-THC levels at or below the 0.3% threshold in compliance with EU hemp regulations at the time of production. Laws vary by member state and are subject to change. We strongly recommend reviewing your local jurisdiction’s regulations before ordering. Intended for adult collectors and connoisseurs of legal age.
8. How is it packaged for shipping?
Orders are sealed in medical-grade, multi-layer smell-proof barrier film and placed inside rigid, unmarked outer packaging. We use regional EU fulfillment nodes to minimize transit time and protect the delicate mousse texture from temperature fluctuations and physical compression.
9. How does it compare to traditional pressed hash?
Traditional hash is typically dried, sieved, and pressed into dark, firm blocks using heat and pressure, which oxidizes and mutes delicate terpenes. La Mousse Cherry Pie Hash uses cold-water extraction and minimal processing, resulting in a lighter color, a far richer aromatic profile, and a cleaner, more nuanced consumption experience that highlights its dessert lineage.
10. Who is this product best suited for?
It is ideal for experienced consumers and collectors who appreciate dessert-forward, terroir-driven concentrates, solventless purity, and boutique craft. If you value lab-verified cleanliness, artisan texture, and a smooth, indica-leaning depth with baked cherry and pastry complexity, this belongs in your collection.
11. What is the cannabinoid potency?
Potency varies by batch. The current lot typically tests between 45% and 60% total cannabinoids, with THCA as the dominant cannabinoid. Exact percentages are printed on your included Certificate of Analysis. As a full-spectrum solventless product, the entourage effect contributes to its pronounced depth and longevity.
12. Can I use it for edibles?
While technically possible, we do not recommend it. The value of La Mousse Cherry Pie Hash lies in its delicate terpene complexity and artisan texture, both of which are destroyed by the decarboxylation temperatures required for cooking. It is best enjoyed as a concentrate via vaporization or low-temperature dabbing.","Lab Tested
Discreet Shipping
Satisfaction Guaranteed
SHOP NOW",140,140,EUR,True,LA MOUSSE HASH,,,
frozenhashish:7469,https://frozenhashish.com/product/la-mousse-cheese-cake-hash/,la-mousse-cheese-cake-hash,La Mousse Hash – Cheese Cake,"Premium La Mousse Cheese Cake Hash – Buy Quslity Hash Online
La Mousse Cheese Cake Hash
is a premium-quality hash product known for its smooth texture, rich aroma, and flavorful character inspired by the popular Cheese Cake profile. Carefully crafted for enthusiasts who appreciate authenticity and consistency, this premium selection delivers a refined and balanced experience with every use.
Recognized for its soft texture and distinctive aromatic profile, La Mousse Cheese Cake Hash combines creamy, earthy, and subtly sweet notes that create a smooth and enjoyable experience. Its carefully selected quality and dependable consistency make it a preferred choice among enthusiasts seeking premium hash products with authentic character and reliable performance.
At Premium La Mousse Hash, we are committed to providing high-quality products that meet elevated standards for freshness, aroma, texture, and overall customer satisfaction. Every product in our collection is chosen with attention to detail to ensure a premium experience customers can trust.
Key Features of La Mousse Cheese Cake Hash
Cheesecake-inspired flavor:
Smooth, creamy notes with a sweet dessert-like profile.
Premium hash texture:
Soft, rich, and easy to handle, ideal for users looking for a refined hash experience.
Aromatic profile:
Offers a strong, dessert-style aroma with creamy, sweet, and slightly earthy undertones.
Potent experience:
Designed for customers seeking a strong and satisfying hash product.
Trusted La Mousse quality:
Crafted for consistency, flavor, and a premium feel.
Commercial appeal:
A standout choice for buyers looking for a flavorful, dessert-themed hash with high-quality presentation.
Why Choose La Mousse Cheese Cake Hash?
Premium-quality hash selection
Smooth and soft texture
Rich aroma with creamy flavor notes
Carefully sourced for consistency
Reliable quality and refined experience
Secure ordering and discreet delivery
Whether you are experienced with premium hash products or exploring new selections, La Mousse Cheese Cake Hash offers a smooth and balanced option crafted for enthusiasts who value quality craftsmanship and authentic premium products.
Explore our premium collection today and discover why La Mousse Cheese Cake
Hash
continues to stand out for its quality, consistency, and rich aromatic character.
Frequently Asked Questions (FAQ):
La Mousse Cheese Cake Hash
What is La Mousse Cheese Cake Hash?
La Mousse Cheese Cake Hash is a premium dessert-inspired hash known for its creamy cheesecake-style flavor, smooth texture, and rich aromatic profile.
What does La Mousse Cheese Cake Hash taste like?
It typically offers sweet, creamy, and dessert-like notes, with subtle earthy undertones that balance the flavor.
Is La Mousse Cheese Cake Hash strong?
Yes, it is generally considered a potent hash product, making it better suited for experienced users or those familiar with stronger cannabis concentrates.
What makes La Mousse Cheese Cake Hash popular?
Its popularity comes from its unique cheesecake-inspired flavor, smooth consistency, premium presentation, and strong overall experience.
How should La Mousse Cheese Cake Hash be stored?
Store it in an airtight container in a cool, dark place to help preserve freshness, aroma, texture, and potency.
Who is La Mousse Cheese Cake Hash best for?
It is best for buyers looking for a flavorful, dessert-themed hash with a creamy profile and premium-quality feel.
Can beginners use La Mousse Cheese Cake Hash?
Beginners should start with a very small amount due to its potency and wait to understand the effects before using more.
Why buy La Mousse Cheese Cake Hash?
La Mousse Cheese Cake Hash is a strong choice for customers seeking premium quality, rich dessert flavor, smooth texture, and a trusted hash experience.","Lab Tested
Discreet Shipping
Satisfaction Guaranteed
SHOP NOW",140,140,EUR,True,LA MOUSSE HASH,,,
frozenhashish:7464,https://frozenhashish.com/product/la-mousse-hash-apple-fritter/,la-mousse-hash-apple-fritter,La Mousse Hash – Apple Fritter,"La Mousse Apple Fritter Hash
Premium Quality La Mousse Apple Fritter Hash
La Mousse Apple Fritter Hash is known for its smooth texture, rich aroma, and premium-quality character. Inspired by the popular Apple Fritter profile, this hash delivers a flavorful and balanced experience appreciated by enthusiasts seeking consistency and authenticity.
Crafted for quality and satisfaction, La Mousse Apple Fritter Hash stands out for its soft texture, aromatic profile, and carefully selected quality. Its distinctive characteristics make it a popular choice among those who value premium hash products with dependable consistency and refined flavor notes.
Why Choose La Mousse Apple Fritter Hash?
Premium-quality hash selection
Smooth and soft texture
Rich aroma with flavorful notes
Carefully sourced for consistency
Trusted quality and reliable experience
Whether you are experienced or exploring premium hash products for the first time, La Mousse Apple Fritter Hash offers a refined experience designed for enthusiasts who appreciate quality craftsmanship and authentic character.
Premium Experience & Quality
At Premium La Mousse Hash
, we focus on providing carefully selected products that meet high standards for quality and customer satisfaction. Every product is chosen with attention to consistency, aroma, texture, and overall experience.
Browse our premium collection and discover why La Mousse Apple Fritter Hash continues to be a preferred option for enthusiasts seeking quality, reliability, and authentic premium selections.","Lab Tested
Discreet Shipping
Satisfaction Guaranteed
SHOP NOW",140,140,EUR,True,LA MOUSSE HASH,,,
frozenhashish:9491,https://frozenhashish.com/product/el-poulpo-farm-static-hash-for-sale/,el-poulpo-farm-static-hash-for-sale,EL POULPO FARM STATIC HASH,"El Poulpo Farm Static Hash For Sale — Reviewed by Hash Experts, Small-Batch and Lab-Certified for EU Delivery
El Poulpo Farm Static Hash
is one of the purest expressions of solventless extraction available. Static tech uses an electrostatic charge to lift trichome heads away from dried plant material, no water, no solvents, no screens tearing through the resin. What’s left is a pale, sandy, almost luminous sift of near-isolated glandular heads, often testing among the cleanest hash on the market. The profile is startlingly clear: bright floral top notes, sweet citrus resin through the middle, and a soft creamy finish with none of the vegetal weight of coarser methods. Every run is small-batch, single-source, expert-reviewed, and third-party lab-certified with full COA access. Cold-chain handled from harvest to doorstep and shipped across the EU in plain, unbranded packaging.
Key Features Of El Poulpo Farm Static Hash
Static Tech Extraction
— Electrostatic separation lifts trichome heads from dried material; no water, no solvents, no screen abrasion
Exceptional Purity
— Near-isolated glandular heads, among the cleanest solventless grades produced anywhere
Pale Sandy Appearance
— Light, almost luminous sift, a visual marker of minimal plant contamination
Crystal-Clear Flavour
— Bright floral top notes, sweet citrus resin mid-palate, soft creamy finish with zero vegetal weight
Small-Batch, Single-Source
— Limited runs from one selection of material; never blended, never bulked out
Expert-Reviewed
— Assessed and graded by experienced hash reviewers before release
Lab-Certified
— Third-party tested for potency, pesticides, and microbials; full COA available on request
Full-Melt Clean
— Vaporises with virtually no residue, the hallmark of true premium hash
Loose Sift Texture
— Handles as a fine dry powder; keep it dry and cool, no humidity pack required
Cold-Chain Handled
— Temperature-controlled from harvest to doorstep so the delicate terpenes survive transit
Discreet EU Delivery
— Plain, unbranded outer packaging with zero odour transfer and no identifying labels
How To Consume El Poulpo Farm Static Hash
Static hash arrives as a loose, pale, fine sift rather than a pressed lump, so it handles differently from mousse or slab hash. Keep your hands dry and work over a clean surface or dab mat; this stuff is light enough to lose to a draught.
Sprinkle & Roll
— Lay your flower out, sprinkle a light dusting of sift along the length, then roll. Don’t over-pack: static hash is potent enough that a modest sprinkle transforms a joint. A rolling tray with a lip helps you recover anything that scatters.
Bowl Topper
— Dust a small amount over a packed bowl of flower. Use the lowest flame you can and draw very gently, loose sift is fine enough to pull straight through if you inhale hard. A screen underneath is worth using.
Vaporise
— Load into a concentrate vaporiser or a dry-herb unit with a concentrate insert or mesh pad at 175–195 °C. Static hash is delicate: it expresses fully at lower temperatures than pressed grades, and the floral top notes are the first thing you lose to excess heat.
Dab (Cold Start)
— The purest way to taste it. Drop a small amount into a cool quartz banger, cap it, and apply gentle heat until it melts and vaporises. Given the near-isolated trichome content, expect a full clear melt with virtually no residue.
Press It First (Optional)
— If the loose texture is awkward to handle, press a small amount between parchment with light hand pressure. It becomes a compact, workable puck that’s easier to portion and roll, the flavour stays intact, though the melt is very slightly slower.
Storage
— Cool, dark, and dry. Unlike ice-water mousse, static hash does not want a 58–62% RH humidity pack, moisture clumps loose sift and dulls the delicate floral notes. Keep it sealed in its container, away from heat and light, and handle it as little as possible.
Start very small.
Near-isolated trichome heads are about as concentrated as solventless gets. A light dusting delivers more than a generous pinch of most other hash.
Why Buy El Poulpo Farm Static Hash Online From Our Website
Static Tech Purity
— Electrostatic separation lifts trichome heads straight off dried material with no water, no solvents, and no screens tearing through the resin. It’s the least invasive extraction method in solventless hash.
Near-Isolated Trichome Heads
— Pale, sandy, almost luminous sift with minimal plant contamination. Among the cleanest solventless grades produced anywhere in Europe.
Crystal-Clear Flavour
— Bright floral top notes, sweet citrus resin through the mid-palate, and a soft creamy finish with none of the vegetal weight coarser methods leave behind.
Full-Melt Clean
— Vaporises with virtually no residue. The purity is visible in the pan, not just on the certificate.
Small-Batch, Single-Source
— Limited runs from one selection of material. Never blended across harvests, never bulked out to hit a volume target.
Expert-Reviewed Before Release
— Every batch is assessed and graded by experienced hash reviewers for melt, aroma, texture, and burn. Batches that miss the standard don’t reach the shelf.
Lab-Certified & Transparent
— Third-party tested for potency, pesticides, and microbials, with the full COA available on request. The label matches the jar.
Stored & Shipped Correctly
— Static sift wants cool, dark, dry conditions — not a humidity pack. We store and ship it exactly as it should be kept, so it arrives loose, fragrant, and uncompromised.
Cold-Chain Handled
— Temperature-controlled from harvest to doorstep. These floral top notes are the first thing lost to warmth in transit, and we make sure they survive the journey.
Discreet EU Delivery
— Plain, unbranded outer packaging with zero odour transfer and no identifying labels. Private, secure, tracked.
Fair Craft Pricing
— Genuine static-tech hash without the boutique mark-up. No middlemen, no inflated claims, the sift speaks for itself.
Frequently Asked Questions (FAQ): El Poulpo Farm Static Hash
What is static hash?
Static hash is made using electrostatic technology, a charge is applied to lift trichome heads away from dried plant material. No water, no solvents, no screens abrading the resin. It’s the least invasive extraction method in solventless hash, and it produces a pale, sandy sift of near-isolated glandular heads.
How is it different from dry sift?
Dry sift tumbles flower across mesh screens, which inevitably shears some plant matter through alongside the resin. Static separation lifts the heads off electrostatically instead, so far less contamination makes it into the final product. Static sift is paler, cleaner, and more delicate in flavour than even well-screened dry sift.
How is it different from ice-water hash?
Ice-water uses fresh-frozen material and water separation, giving a moisture-sensitive product with bright, punchy terpenes and a pliable texture. Static hash uses dried material and stays a loose, dry sift, cleaner and more floral, with none of the humidity management ice-water grades demand.
Is it solventless?
Completely. No butane, no ethanol, no CO₂, and not even water. Mechanical and electrostatic separation only.
Is it lab-tested?
Yes. Every batch is third-party tested for potency, pesticides, and microbials, with the full COA available on request.
What does it taste like?
Remarkably clear. Bright floral top notes lead, sweet citrus resin fills the mid-palate, and a soft creamy finish closes it out, with no vegetal weight behind it. Keep your temperatures low, because the florals are the first thing heat destroys.
How strong is it?
Very. Near-isolated trichome heads are about as concentrated as solventless gets, so a light dusting delivers more than a generous pinch of most other hash. Start very small.
How do I use it?
Sprinkle it along a joint, dust it over a packed bowl with a low flame, vaporise at 175–195 °C, or cold-start dab for the purest expression. Work over a tray, the sift is light enough to lose to a draught.
Can I press it?
Yes. Light hand pressure between parchment turns it into a compact, workable puck that’s easier to portion and roll. Flavour stays intact; the melt becomes marginally slower.
Does it need a screen or mesh pad?
Yes, more than most grades. Loose sift is fine enough to pull straight through a bowl or vaporiser chamber, use a screen, insert, or mesh pad whenever you’re not dabbing.
How should I store it?
Cool, dark, and dry. Static hash does not want a 58–62% RH humidity pack: moisture clumps loose sift and dulls the delicate floral notes. Keep it sealed in its container, away from heat and light, and handle it as little as possible.
Why is availability limited?
Static tech is slow, low-yielding work, and every run is single-source and small-batch. Blending would flatten the clarity that makes it worth buying, so stock comes and goes.
How is it shipped?
Cold-chain handled from harvest to doorstep to protect the delicate terpene profile, then sent across the EU in plain, unbranded outer packaging with zero odour transfer and no identifying labels.","El Poulpo Farm Static Hash is one of the purest solventless grades available, extracted using electrostatic technology that lifts trichome heads from dried material with no water, no solvents, and no screen abrasion. The result is a pale, sandy, almost luminous sift of near-isolated glandular heads with startlingly clear flavour: bright floral top notes, sweet citrus resin through the middle, and a soft creamy finish with none of the vegetal weight of coarser methods. Full-melt clean, expert-reviewed, and third-party lab-certified. Small-batch and single-source, cold-chain handled from harvest to doorstep, and shipped across the EU in discreet, unbranded packaging. Store cool, dark, and dry, no humidity pack needed.",100,100,EUR,True,Static Sift Hash,,,
frozenhashish:9438,https://frozenhashish.com/product/sasuke-farms-hash/,sasuke-farms-hash,SASUKE FARMS HASH,,,220,220,EUR,True,Static Sift Hash,,,
frozenhashish:9425,https://frozenhashish.com/product/sheesh-hash-2/,sheesh-hash-2,SHEESH HASH,,,250,250,EUR,True,Static Sift Hash,,,
frozenhashish:9414,https://frozenhashish.com/product/dry-static-sift-hash/,dry-static-sift-hash,Dry Static Sift Hash,,,120,120,EUR,True,Static Sift Hash,,,
frozenhashish:9402,https://frozenhashish.com/product/static-gaz-fruit/,static-gaz-fruit,Static Gaz Fruit,,,250,250,EUR,True,Static Sift Hash,,,
frozenhashish:9343,https://frozenhashish.com/product/real-static-royal-farmz/,real-static-royal-farmz,Real Static Royal farmz,,,120,120,EUR,True,Static Sift Hash,,,
frozenhashish:9313,https://frozenhashish.com/product/chubby-farmz-hash/,chubby-farmz-hash,CHUBBY FARMZ HASH,,,150,150,EUR,True,Static Sift Hash,,,
frozenhashish:9276,https://frozenhashish.com/product/mountain-giants-static-sift-140-73u/,mountain-giants-static-sift-140-73u,Mountain Giants Fresh Frozen Static Sift,,,100,100,EUR,True,Static Sift Hash,,,
frozenhashish:9232,https://frozenhashish.com/product/icelabz-gold-line-static-sift-hash/,icelabz-gold-line-static-sift-hash,ICELABZ-GOLD LINE,,,150,150,EUR,True,Static Sift Hash,,,
frozenhashish:9159,https://frozenhashish.com/product/california-lanasar-hash/,california-lanasar-hash,California LANASAR Hash,,,130,130,EUR,True,Static Sift Hash,,,
frozenhashish:8686,https://frozenhashish.com/product/ice-labz-hash-for-sale/,ice-labz-hash-for-sale,Ice Labz Hash,"Buy
Ice Labz Hash
For Sale – Premium Ice Water Hash | High Purity & Potent Effects
Ice Labz Hash For Sale, a high-quality
ice water hash
(bubble hash) made using advanced ice-water extraction methods. This modern technique produces exceptionally clean, pure, and potent hashish by isolating trichomes without the use of chemicals or solvents.
Key Features Of I
ce Labz water hash
Premium Ice Water Extraction
: Produced using advanced ice-water bubble hash method for maximum purity.
High Trichome Purity
: Multiple washes result in clean, high-quality resin with minimal plant matter.
Exceptional Potency
: Strong cannabinoid content delivering powerful and long-lasting effects.
Full Terpene Profile
: Retains natural flavors and aromas of the source strain for rich taste.
Smooth & Clean Burn
: Easy to crumble and burns evenly with minimal ash.
Versatile Texture
: Soft and pliable, ideal for joints, pipes, bongs, and vaporizers.
Solvent-Free
: 100% natural process, no chemicals or solvents used.
Freshness Guaranteed
: Vacuum-sealed packaging to preserve potency and flavor.
Consistent Quality
: Carefully selected batches for reliable strength and effects.
How To Consume Ice Labz Hash
Mixed with flower in a dry herb vaporizer
— placed with flower and heated in a vaporizer rather than burned.
Hash pipe
— a traditional method for heating hash on its own without mixing it into flower.
Hot knife
— an older method where hash is heated on metal and the vapor is inhaled; it carries burn and smoke-inhalation risks.
Vaporizer for concentrates
— used with devices designed for concentrates; lower temperatures are generally preferred to avoid harsh vapor.
Dabbing
— using a concentrate rig or electronic dab device; this can be very potent compared with flower.
Infused into edibles
— incorporated into food after proper preparation; effects can take much longer to appear and may last longer.
Capsules or tincture-style extracts
— hash or resin-derived extracts may be processed into oral or sublingual products for measured dosing.
Pressed into rosin
— some people use heat and pressure to turn sift-style hash into solventless rosin for vaporizing or dabbing.
Why Buy Ice Labz Hash From Our Website
When you shop with Frozen Hashish, you’re choosing quality, convenience, and customer satisfaction:
Top-Notch Products:
Our Ice Labz Hash is made using
precision techniques
, ensuring the highest quality possible in every batch.
Lab-Tested for
Purity
:
We prioritize your safety by lab-testing all our products for potency and purity.
Fast & Discreet Shipping:
Get your
Static sift hash
delivered quickly and discreetly to your door.
Exclusive Offers:
Join our community and stay updated on the latest deals and discounts available only at info@frozenhashish.com
Shop Ice Labz Hash For Sale – Buy Hash Europe
browse Ice Labz hash products available for purchase in Europe, featuring premium resin concentrates known for strong potency, rich flavor, and smooth texture.
Frequently Asked Questions (FAQ): Ice Labz Hash
What is Ice Labz Hash?
Ice Labz Hash is typically described as a cannabis concentrate or hash-style product associated with resin-rich cannabis material. Exact quality, potency, and composition can vary by batch and seller.
Is Ice Labz Hash the same as regular hash?
Not necessarily. Regular hash can refer to many forms of compressed cannabis resin, while Ice Labz Hash may be marketed as a specific branded or premium-style product. The actual difference depends on the production method, purity, texture, and cannabinoid content.
What does Ice Labz Hash look like?
It may appear as a pressed resin block, crumbly hash, soft pliable hash, or sift-style concentrate, depending on how it was processed and stored.
How strong is Ice Labz Hash?
Hash and resin concentrates are often stronger than cannabis flower. Potency depends on the cannabinoid percentage, strain, extraction method, and batch testing.
Does Ice Labz Hash have a strong smell?
Yes, hash products can have a noticeable cannabis aroma, often earthy, spicy, sweet, gassy, or resinous depending on the strain and terpene profile.
Is Ice Labz Hash suitable for beginners?
Because hash can be
high in potency
, beginners should be cautious. Concentrates may produce stronger effects than expected, especially when inhaled or eaten.
Can Ice Labz Hash be used in edibles?
Some people use hash in edibles, but it usually requires
proper preparation
for cannabinoids to become active. Edibles can take longer to work and may feel stronger or last longer than inhaled methods.
What is the difference between Ice Labz Hash and static sift?
Static sift is a type of resin separation method that uses static charge to help isolate trichome heads. Ice Labz Hash may or may not be static sift, depending on the specific product.
Can Ice Labz Hash be pressed into rosin?
Some sift-style or high-quality hash can be pressed into rosin using heat and pressure, producing a solventless concentrate. Results depend on freshness, resin quality, moisture level, and material purity.
How should Ice Labz Hash be stored?
Hash is generally stored in an airtight container in a cool, dark place. Heat, light, and air exposure can affect texture, aroma, and potency.
Is Ice Labz Hash legal?
Legality depends entirely on your country, region, and local cannabis laws. In many places, hash remains illegal or restricted even where some cannabis products are permitted.
How can someone tell if Ice Labz Hash is authentic?
Authenticity may depend on original packaging, lab testing, seller reputation, batch information, and tamper-evident seals. Be cautious with unverified sellers or products without testing information.
What are the possible effects of Ice Labz Hash?
Effects may include relaxation, euphoria, altered perception, increased appetite, dry mouth, red eyes, anxiety, or sedation. Effects vary by person, potency, and amount consumed.
What are the risks of using Ice Labz Hash?
Possible risks include overconsumption, anxiety, impaired coordination, respiratory irritation from smoking, stronger-than-expected intoxication, and legal consequences depending on location.","Lab-Tested Quality
: Every batch undergoes rigorous third-party testing for potency, purity, safety, discreet shipping.",200,200,EUR,True,Static Sift Hash,,,
frozenhashish:8670,https://frozenhashish.com/product/mt-riff-farm-hash/,mt-riff-farm-hash,Mt. Riff Farm Hash,"Premium Mt. Riff Farm Hash: Expertly Crafted, Lab-Tested, and Loved by Connoisseurs
Experience the excellence of
Mt. Riff Farm Hash
,
a premium, small-batch solventless hash produced from carefully cultivated cannabis at Mt. Riff Farm.
Known for its exceptional quality and consistency, this hash delivers a rich, flavorful experience with a smooth finish that hash enthusiasts consistently praise. Every batch is thoughtfully hand-crafted using traditional solventless methods to preserve the full terpene profile and natural potency.
Key Features Of
Mt. Riff Farm Hash
Premium Small-Batch Production
— Hand-crafted in limited quantities at Mt. Riff Farm for superior quality and freshness.
Solventless Extraction
— Made using traditional ice-water or dry sift methods to preserve natural cannabinoids and terpenes.
Exceptional Purity
— Third-party lab-tested for potency, heavy metals, pesticides, and contaminants.
Rich Flavor Profile
— Deep earthy notes with sweet, spicy, and pine undertones for a complex, satisfying taste.
Balanced Effects
— Provides relaxing body sensations combined with clear-headed euphoria.
High Potency
— Typically 80–90%+ total cannabinoids, delivering strong yet smooth effects.
Connoisseur Approved
— Loved by hash enthusiasts for its consistency, smooth burn, and excellent flavor.
Versatile Use
— Ideal for dabbing, topping flower, vaporizing, or infusing into edibles.
How To Consume
Mt. Riff Farm Hash
Dabbing
— Best method. Use a small rice-grain sized piece on a quartz nail at 450–550°F for optimal flavor and effects.
On Flower
— Sprinkle small pieces on top of cannabis in a bowl, joint, or blunt.
Vaporizing
— Use a concentrate vaporizer or dry herb vape with concentrate pads at 380–450°F.
Edibles
— Decarboxylate first, then infuse into butter or oil (start with a low dose).
Why Buy
Mt. Riff Farm Hash Fron Our Website
When you shop with Frozen Hashish, you’re choosing quality, convenience, and customer satisfaction:
Top-Notch Products:
Our Mt. Riff Farm Hash is made using
precision techniques
, ensuring the highest quality possible in every batch.
Lab-Tested for
Purity
:
We prioritize your safety by lab-testing all our products for potency and purity.
Fast & Discreet Shipping:
Get your
Static sift hash
delivered quickly and discreetly to your door.
Exclusive Offers:
Join our community and stay updated on the latest deals and discounts available only at info@frozenhashish.com
Shop
Mt. Riff Farm Hash Online – Static Sift Hash For Sale
Dabbing
— Best method. Use a small rice-grain sized piece on a quartz nail at 450–550°F for optimal flavor and effects.
On Flower
— Sprinkle small pieces on top of cannabis in a bowl, joint, or blunt.
Vaporizing
— Use a concentrate vaporizer or dry herb vape with concentrate pads at 380–450°F.
Edibles
— Decarboxylate first, then infuse into butter or oil (start with a low dose).
Tip
: Start small — Mt. Riff Farm Hash is potent and smooth. Store in a cool, airtight container.
Enjoy responsibly!
Frequently Asked Questions – Mt. Riff Farm Hash
Q: What is Mt. Riff Farm Hash?
A: Mt. Riff Farm Hash is a premium small-batch solventless hash made from high-quality cannabis cultivated at Mt. Riff Farm. It is known for its purity, rich flavor, and balanced effects.
Q: How potent is Mt. Riff Farm Hash?
A: It typically tests between 80–90%+ total cannabinoids, offering strong but smooth effects.
Q: What does Mt. Riff Farm Hash taste and smell like?
A: It has a deep earthy aroma with sweet, spicy, and pine undertones. The flavor is robust, earthy, and subtly sweet.
Q: What are the effects of Mt. Riff Farm Hash?
A: It delivers a balanced hybrid experience, relaxing body effects combined with clear-headed euphoria and calm.
Q: How do you consume Mt. Riff Farm Hash?
A: Best enjoyed by dabbing, sprinkled on flower, vaporized, or infused into edibles.
Q: Is it lab-tested?
A: Yes. Every batch is third-party lab tested for potency, purity, heavy metals, pesticides, and safety.
Q: How should I store it?
A: Keep it in an airtight container in a cool, dark place away from heat and direct sunlight.
Q: Do you ship across Europe?
A: Yes, we offer discreet, tracked shipping to most European countries.","Lab-Tested Quality
: Every batch undergoes rigorous third-party testing for potency, purity, safety, discreet shipping.",150,150,EUR,True,Static Sift Hash,,,
frozenhashish:8662,https://frozenhashish.com/product/sunset-sherbert-hash/,sunset-sherbert-hash,SUNSET SHERBERT HASH,"Premium Sunset Sherbert Hash For Sale: Expertly Crafted, Lab-Tested, and Loved by Connoisseurs
Indulge in one of the most flavorful and balanced hash experiences available, Sunset Sherbert Hash For Sale. This premium solventless hash is meticulously crafted from top-shelf Sunset Sherbert flower, a celebrated hybrid cross of Girl Scout Cookies and Pink Panties.
Key Features Of Sunset Sherbert Hash
Premium Hybrid Genetics
— Derived from the award-winning Sunset Sherbert strain (Girl Scout Cookies × Pink Panties)
Solventless Hash
— Produced using traditional ice-water or dry sift methods for maximum purity
Rich Flavor Profile
— Sweet berry, creamy citrus sherbet, tangy fruit, and vanilla notes
Potent Effects
— Balanced hybrid experience delivering euphoria, relaxation, and mood elevation
High Cannabinoid Content
— Typically 80–95%+ total cannabinoids with excellent terpene retention
Third-Party Lab Tested
— Tested for potency, purity, heavy metals, pesticides, and contaminants
Small Batch Crafted
— Hand-made in limited quantities for superior quality and freshness
Smooth & Clean Burn
— Minimal ash, smooth draw, and excellent flavor throughout
Versatile Consumption
— Ideal for dabbing, topping flower, or making infusions
Connoisseur Favorite
— Highly regarded for its delicious taste, aroma, and consistent effects
How to consume Sunset Sherbert Hash
Dabbing
: Best method. Use a small amount on a hot quartz nail (450–550°F) for full flavor and potency.
On Flower
: Sprinkle pieces on top of cannabis in a bowl or joint (twaxing).
Vaporizer
: Use with concentrate pads at 380–450°F for cleaner hits.
Edibles
: Decarb then infuse into butter/oil (start low, effects are strong).
Tip
: Start small, this hash is potent. Store airtight in a cool place.
Enjoy responsibly!
Why Buy Sunset Sherbert Hash Online From Our Website
When you shop with Frozen Hashish, you’re choosing quality, convenience, and customer satisfaction:
Top-Notch Products:
Our
Sunset Sherbert Hash
is made using
precision techniques
, ensuring the highest quality possible in every batch.
Lab-Tested for
Purity
:
We prioritize your safety by lab-testing all our products for potency and purity.
Fast & Discreet Shipping:
Get your
Static sift hash
delivered quickly and discreetly to your door.
Exclusive Offers:
Join our community and stay updated on the latest deals and discounts available only at info@frozenhashish.com
Shop Sunset Sherbert Hash Online – Delivery Across Europe
Discover premium
Sunset Sherbert Hash
at the best price with fast, discreet delivery across Europe.
Our small-batch, solventless Sunset Sherbert Hash is expertly crafted from top-quality flower, lab-tested for purity and potency, and loved for its sweet berry-sherbet flavor and balanced effects. Whether you’re a seasoned connoisseur or looking for a reliable premium hash, we make it simple and secure to shop online.
Frequently Asked Questions (FAQ): Sunset Sherbert Hash
Q: What is Sunset Sherbert Hash?
A: Sunset Sherbert Hash is a premium solventless hash made from the popular hybrid strain Sunset Sherbert (Girl Scout Cookies × Pink Panties). It offers a sweet berry, citrus sherbet flavor with balanced euphoric and relaxing effects.
Q: How potent is it?
A: It typically tests between 80–95% total cannabinoids, making it a strong but smooth concentrate suitable for both intermediate and experienced users.
Q: What does it taste like?
A: Rich sweet berries, creamy citrus sherbet, tangy fruit, and subtle vanilla notes. It’s known for its dessert-like flavor profile.
Q: What are the effects?
A: It provides a pleasant mix of uplifting euphoria and deep physical relaxation. Great for stress relief and evening use.
Q: How do you consume it?
A: Best consumed by dabbing, sprinkled on flower, or vaporized. It can also be infused into edibles after decarboxylation.
Q: Is it lab-tested?
A: Yes. Every batch is third-party lab tested for potency, purity, heavy metals, pesticides, and safety.
Q: How should I store it?
A: Keep it in an airtight container in a cool, dark place. Avoid heat and direct sunlight to preserve freshness and potency.
Q: Do you ship across Europe?
A: Yes, we offer fast, discreet, and tracked delivery across most European countries.","Lab-Tested Quality
: Every batch undergoes rigorous third-party testing for potency, purity, safety, discreet shipping.",130,130,EUR,True,Static Sift Hash,,,
frozenhashish:8481,https://frozenhashish.com/product/sheesh-hash/,sheesh-hash,SHEESH HASH,"Sheesh Hash – Premium Solventless Static Sift THCA Hash by Trusted Cultivators
Sheesh Hash
is a premium, solventless static sift hash crafted with precision by trusted cultivators. Known for its exceptional purity and rich terpene expression, this hash is produced using advanced electrostatic refinement techniques that gently isolate the cleanest trichome heads.
Key Features of
Sheesh Hash
Product type:
A line of cannabis-infused sodas rather than a traditional hash product, infused with strain-specific, solventless bubble hash made from flower supplied by Canadian growers.
Base ingredient:
Uses full-spectrum extracts derived from bubble hash (an ice-water extraction method), giving the beverages a genuine cannabis-plant connection rather than isolated distillate.
Origin/brand story:
Founded by Canadian entrepreneurs Matt Cherkas and Jacqueline McAskill, who aimed to create a quality cannabis beverage experience by taking advantage of relaxed cannabis regulations in Ontario.
Flavor lineup:
Includes flavors like Black Cherry Hash Rosin Cola and Tangerine Dream.
Dosing:
Products like the Black Cherry Hash Rosin Cola are formulated at 10mg THC per serving, a standard, regulated microdose common in legal Canadian cannabis beverages.
Market reception:
The Black Cherry Hash Cola launched in Ontario and sold over 700 cases while being listed in more than 350 stores in its first month, later winning “Best Beverage” at a Canadian F&B awards event.
Development:
The company worked with NSF Food Consulting’s R&D Laboratory to develop and bring the beverage to market.
Availability:
Sold through Canadian cannabis retailers such as Canna Cabana and FIKA Cannabis, restricted to legal-age purchasers in Canada.
How To Consume
Sheesh Hash
Drink it chilled, like a regular soda:
No preparation needed, just open and drink, similar to any canned beverage.
Shake or stir before drinking (if recommended on the label):
Some cannabis beverages settle over time, so check the can for instructions to ensure even distribution of the infusion.
Start low and wait:
Since it’s THC-infused, effects from drinks generally take longer to kick in than smoking or dabbing, often 30–90 minutes or more, because it’s absorbed through digestion. Waiting a couple of hours before considering more is common general guidance for edibles/beverages, since effects can be delayed and longer-lasting than expected.
Serving size matters:
Products like the Black Cherry Hash Rosin Cola are dosed at 10mg THC per can, a standard single “microdose” serving in most Canadian legal markets, so drinking a full can is typically one full dose, not a partial one.
Pair with food or not, per preference:
Some people find effects come on differently on an empty vs. full stomach, though this isn’t something I can give precise guidance on since it varies by individual.
Store appropriately:
Keep refrigerated/cool and away from children, as with any cannabis edible product, and check the label for shelf life.
Why Buy
Sheesh Hash From Us
When you shop with
Frozen Hashish
, you’re choosing quality, convenience, and customer satisfaction:
Top-Notch Products:
Our Sheesh Hash is made using
precision techniques
, ensuring the highest quality possible in every batch.
Lab-Tested for
Purity
:
We prioritize your safety by lab-testing all our products for potency and purity.
Fast & Discreet Shipping:
Get your
Static sift hash
delivered quickly and discreetly to your door.
Exclusive Offers:
Join our community and stay updated on the latest deals and discounts available only at info@frozenhashish.com
Shop
Sheesh Hash Online – THCA Hash For Sale
Discover
Sheesh Hash,
a premium solventless static sift THCA hash made by trusted cultivators. Using advanced electrostatic refinement, Sheesh Hash delivers ultra-clean trichome heads with exceptional purity, rich terpenes, and smooth full-melt performance.
Whether you’re looking for top-quality static hash for dabbing, joint topping, or everyday use, Sheesh Hash stands out for its cleanliness, potency, and flavorful profile.
Frequently Asked Questions (FAQ): Sheesh Hash
What is Sheesh Hash?
Sheesh Hash is a line of cannabis-infused sodas, infused with strain-specific, solventless bubble hash made from flower supplied by Canadian growers, not a smokable hash concentrate.
Who makes it?
It’s produced by Sheesh Hash Sodas, co-founded by Canadian entrepreneurs Matt Cherkas and Jacqueline McAskill, with product development support from NSF Food Consulting’s R&D Laboratory.
What’s the difference between this and regular cannabis edibles/drinks?
The infusion is derived from bubble hash, a solventless, ice-water extraction, rather than isolated distillate, so it’s marketed as retaining a fuller cannabinoid and terpene profile (“full-spectrum”) tied more directly to the source flower.
What flavors are available?
Known flavors include Black Cherry Hash Rosin Cola and Tangerine Dream, among others in the lineup.
How much THC is in each can?
Products like the Black Cherry Hash Rosin Cola are dosed at 10mg THC per serving, a standard regulated microdose in the legal Canadian market.
How do I drink it?
Just like a regular soda, chilled, straight from the can, no preparation required (check the label for any “shake before drinking” instructions).
How long does it take to feel effects?
Beverages are absorbed through digestion, so effects typically take longer to appear than smoking/dabbing, commonly 30–90 minutes or more, and can last longer once they hit. Waiting before drinking more is standard general guidance for cannabis edibles/drinks.
Has it won any awards?
Yes, the Black Cherry Hash Cola won “Best Beverage” at a Canadian F&B awards event after selling over 700 cases and being listed in 350+ stores in its first month.
Where can I buy it?
You can buy directly from our website, just send us a message on telegram
How should I store it?
General cannabis beverage guidance is to keep refrigerated/cool, sealed, and out of reach of children — check the specific can’s label for exact storage instructions.","Lab-Tested Quality
: Every batch undergoes rigorous third-party testing for potency, purity, safety, discreet shipping.",250,250,EUR,True,Static Sift Hash,,,
frozenhashish:8470,https://frozenhashish.com/product/static-room-hash-for-sale/,static-room-hash-for-sale,Static Room Hash,"Static Room Hash | Ultra-Pure Premium Static Sift THCA Hash
Static Room Hash For Sale, is an ultra-premium solventless
static sift hash
celebrated for its exceptional purity, rich terpene profile, and outstanding full-melt quality. Produced using advanced electrostatic refinement techniques, this hash represents the pinnacle of dry sift processing, delivering one of the cleanest expressions of trichome heads available on the market.
Key Features Of Static Room Hash For Sale
Production method:
Made via static sift extraction — dried cannabis is sifted over fine mesh screens, then refined using static electricity to separate trichomes without water, heat, or chemical solvents.
Process steps:
Selection of resin-rich cannabis, dry sifting, static separation, and final pressing into a cohesive hash slab.
Texture/appearance:
Golden-brown sheen, soft texture, glassy and consistent slab form; melts smoothly when heated.
Flavor/aroma:
Widely described as earthy and spicy, with some listings noting cedar or herbal undertones and a smooth, clean finish.
Potency:
One product line under this name is listed at 45–65% THC depending on strain.
Effects:
Balanced high with relaxing body effects paired with a lifted, calm mood; positioned as suited to both new users and experienced connoisseurs.
Variants:
Sold across multiple strain-specific versions and micron grades (e.g., “135–90u Full Melt”).
How To Consume Static Room Hash For Sale
Dabbing:
Small amounts are vaporized on a hot surface (like a dab rig or e-nail) at controlled temperatures. Because of its clean melt, this is often highlighted as the preferred method for full-melt or high-micron-grade hash, it vaporizes smoothly with minimal residue.
Vaporizing (dry herb/concentrate vaporizers):
Some portable or desktop vaporizers are designed to handle hash directly, heating it to release cannabinoids and terpenes without combustion.
Topping flower:
A small piece is crumbled or pressed onto a bowl or joint of dried flower, adding potency and flavor to a regular smoking session.
Rolling into joints/blunts:
Softened hash can be rolled inside or alongside flower for a stronger, slower-burning smoke.
Hot knifing (less common today):
An older method where hash is pressed between two heated surfaces (traditionally knives) to vaporize it, less precise and less commonly recommended now compared to dabbing.
Why Buy Static Room Hash Online From Our Website
When you shop with Frozen Hashish, you’re choosing quality, convenience, and customer satisfaction:
Top-Notch Products:
Our Static Room Hash is made using
precision techniques
, ensuring the highest quality possible in every batch.
Lab-Tested for
Purity
:
We prioritize your safety by lab-testing all our products for potency and purity.
Fast & Discreet Shipping:
Get your
Static Room sift hash
delivered quickly and discreetly to your door.
Exclusive Offers:
Join our community and stay updated on the latest deals and discounts available only at info@frozenhashish.com
Shop Static Room Hash Online | Static Hash For Sale
Explore a curated selection of premium Static Room Hash, a solventless concentrate crafted through a specialized static sift extraction process. Sourced from resin-rich cannabis flower and refined in a controlled static environment, this hash is prized for its clean melt, golden-brown sheen, and glassy, cohesive slab form
Frequently Asked Questions(FAQ): Golden Head Warriors Hash
What is Static Room Hash?
Static Room Hash is a solventless cannabis concentrate made through static sift extraction, dried flower is sifted over fine mesh screens, then refined using static electricity to separate trichomes without water, heat, or chemical solvents.
How is it different from traditional dry sift or ice water hash?
Unlike hand-rubbed or ice water hash, static sift uses a static-electricity-based separation step, which producers say results in cleaner trichome collection with less plant debris and contamination.
What does it look and feel like?
A golden-brown sheen with a soft, glassy, cohesive slab texture that melts smoothly when heated.
What does it taste and smell like?
Common descriptors are earthy and spicy, with some batches noting cedar or herbal undertones and a smooth, clean finish, though this varies by strain.
How potent is it?
THC content is commonly listed in the 45–65% range depending on the strain and micron grade, though actual potency should be confirmed via third-party lab testing (COA) rather than listing claims alone.
What effects can I expect?
A balanced high, relaxing body effects paired with a calm, lifted mood. Marketed as suitable for both new users and experienced concentrate users, though effects vary by individual tolerance.
What’s a “micron grade” and why does it matter?
Micron grade refers to the mesh screen size used during sifting (e.g., “135–90u Full Melt”). Finer grades generally indicate purer trichome heads and cleaner melt quality when dabbed.
How do I consume it?
Most commonly dabbed, vaporized, topped onto flower, or rolled into joints. See my earlier answer for more detail on each method.
How should I store it?
Ccool, dark place in an airtight container to preserve terpenes, but I’d recommend checking the specific product’s packaging instructions.
Is it legal?
Legality depends entirely on your local jurisdiction’s cannabis laws, this varies significantly by country and by state/province, so it’s worth verifying locally before purchasing.","Lab-Tested Quality
: Every batch undergoes rigorous third-party testing for potency, purity, safety, discreet shipping.",200,200,EUR,True,Static Sift Hash,,,
frozenhashish:8459,https://frozenhashish.com/product/sultan-static-hash/,sultan-static-hash,Sultan Static Hash,"Sultan Static Hash – Premium Full-Melt Static Sift Hash | Trusted European Supplier
Sultan Static Hash
is a premium, solventless static sift hash renowned for its exceptional purity, rich terpene expression, and superior full-melt quality. Carefully crafted by trusted European suppliers using advanced static sifting techniques, this hash stands as a top-tier choice for discerning connoisseurs.
Key Features Of Sultan Static Hash
Production method
: Marketed as a static sift/electrostatic separation process, trichomes are collected via dry sifting, then refined using static electricity to isolate pure resin heads without solvents.
Origin claims
: Often described with Moroccan-style heritage framing, though sold under many different “farm” sub-brands (Pirates Farm, Anonymuz Farmz, and others).
Texture/appearance
: Commonly described as semi-soft to sandy in texture, with color ranging from golden to dark brown depending on the specific listing.
Flavor/aroma
: Widely described as earthy and spicy, with notes of sweetness, citrus, pine, or musk depending on the seller.
Effects
: Marketed as a balanced high, starting with cerebral clarity/euphoria, easing into deep body relaxation, generally positioned for evening or reflective use.
Strain variants
: Sold under multiple named versions, including Tropic Gusher and GMO Sultan Static, each with strain-specific flavor claims (e.g., GMO citing garlic/diesel/earthy notes, listed at 50–60% THC).
How To Consume Sultan Static Hash
Common ways to consume Sultan Static Hash (per various listings):
Dabbing at low temperature
— one listing specifically recommends 500–550°F for the smoothest, most terpene-rich vapor.
Mixed into a bowl or joint
— crumbled into flower for added potency and flavor.
Hand-pressed into rosin
— some listings suggest pressing it further with a rosin press for an even more refined, solventless extract.
Vaporizer for concentrates
— a lower-temperature alternative to dabbing that still preserves terpenes well.
Why Buy
Sultan Static Hash From Our Website
When you shop with Frozen Hashish, you’re choosing quality, convenience, and customer satisfaction:
Top-Notch Products:
Our Sultan Static Hash is made using
precision techniques
, ensuring the highest quality possible in every batch.
Lab-Tested for
Purity
:
We prioritize your safety by lab-testing all our products for potency and purity.
Fast & Discreet Shipping:
Get your
Static sift hash
delivered quickly and discreetly to your door.
Exclusive Offers:
Join our community and stay updated on the latest deals and discounts available only at info@frozenhashish.com
Shop Sultan Static Hash Online | Buy Static Hash Online
Discover
Sultan Static Hash,
a premium solventless
static sift hash
crafted for purity, potency, and exceptional flavor. Made using advanced electrostatic refinement, this full-melt static hash isolates the cleanest trichome heads, delivering a smooth, terpene-rich experience with minimal plant material and zero solvents.
Whether you’re looking for top-shelf static sift for dabbing, joint topping, or collection, Sultan Static Hash offers consistent quality trusted by connoisseurs across Europe.
Frequently Asked Questions (FAQ): Sultan Static Hash
What is Sultan Static Hash?
A cannabis hash concentrate marketed as a premium, solventless product, often framed with Moroccan-style hash heritage. It’s sold under this name across numerous different sub-brands and storefronts (Pirates Farm, Anonymuz Farmz, and others).
How is it made?
Described as made through static sift extraction, trichomes are first separated via dry sifting, then refined using static electricity to isolate pure resin heads, avoiding solvents in the process.
What does it look and feel like?
Commonly described as semi-soft to sandy in texture, with color ranging from golden to dark brown depending on the specific seller and batch.
What does it taste and smell like?
Widely described as earthy and spicy, with variations including citrus, pine, sweetness, or musk depending on the listing.
How potent is it?
Some specific strain variants (e.g., GMO Sultan Static) list THC in the 50–60% range, though these figures aren’t tied to any visible lab report I found, treat them as seller marketing claims rather than verified data.
What effects does it produce?
Described as a balanced high, starting with cerebral clarity or euphoria, gradually easing into deep body relaxation, generally positioned for evening or reflective use.
What strains/variants is it sold as?
Multiple named versions exist, including Tropic Gusher Sultan Static and GMO Sultan Static, each with strain-specific flavor and potency claims.
Is it lab-tested?
Yes. Every batch is independently lab-tested for purity and potency, with results available on request.
How should it be stored?
Cool, dark, and airtight, standard for preserving potency and terpene content in any solventless hash concentrate.
Is it legal to buy or use?
Depends entirely on your jurisdiction, cannabis concentrate legality varies by country and, in the US, by state. Check local law before purchasing or using.","Lab-Tested Quality
: Every batch undergoes rigorous third-party testing for potency, purity, safety, discreet shipping.",230,230,EUR,True,Static Sift Hash,,,
frozenhashish:8449,https://frozenhashish.com/product/vice-city-plasma-static-hash/,vice-city-plasma-static-hash,VICE CITY PLASMA STATIC HASH,"Vice City Plasma Static Hash | Premium California Static Sift THCA Hash Europe
Vice City Plasma Static Hash
is an ultra-premium solventless static sift hash from the renowned Vice City Hash collection. It represents the pinnacle of modern hash craftsmanship, combining advanced electrostatic (“Plasma Static”) refinement with top-tier California-inspired genetics
Key Feature Of Vice City Plasma Static Hash
Production method
: Made using static sift extraction, trichomes are separated using static electricity rather than solvents, described in some listings as “triple-screened” for purity.
Potency
: THC levels widely listed between 55–70%, notably high compared to most concentrates discussed in this thread.
Texture/appearance
: Sticky and soft, with a vibrant color and strong aroma.
Flavor profile
: Described as complex, with creamy, gassy, and earthy notes.
Melt quality
: Marketed as melting cleanly, consistent with high-purity static sift.
Effects (per listings)
: Described as euphoric and mentally uplifting, paired with physical relaxation and a long-lasting, clear-headed quality.
Strain/flavor variants
: One listing mentions available flavors including Apple Jacks, Animal Trop, Animal Mintz, and Red Rocket Fuel.
Production scale claim
: Marketed as “micro-batch” production for consistency.
How To Consume Vice City Plasma Static Hash
Common ways to consume Vice City Plasma Static Hash (per the listings):
In a joint
— rolled with flower or on its own.
Loading a bowl
— placed on top of ground flower in a pipe or bong.
Dabbing
— using a rig designed for concentrates; listings describe it as melting cleanly, consistent with high-purity static sift.
Why Buy Vice City Plasma Static Hash
When you shop with Frozen Hashish, you’re choosing quality, convenience, and customer satisfaction:
Top-Notch Products:
Our Vice City Plasma Static
Hash
is made using
precision techniques
, ensuring the highest quality possible in every batch.
Lab-Tested for
Purity
:
We prioritize your safety by lab-testing all our products for potency and purity.
Fast & Discreet Shipping:
Get your
Static sift hash
delivered quickly and discreetly to your door.
Exclusive Offers:
Join our community and stay updated on the latest deals and discounts available only at info@frozenhashish.com
Frequently Asked Questions: Vice City Plasma Static Hash
What is Vice City Plasma Static Hash?
A static sift cannabis concentrate marketed as a premium, small-batch release under the “Vice City Hash” brand name.
How is it made?
Described as made using static sift extraction, trichomes are separated using static electricity rather than solvents, with some listings describing a “triple-screened” process for added purity.
How potent is it?
Listings widely cite THC levels between 55% and 70%, notably high compared to most hash products. This figure is repeated consistently across sellers but isn’t tied to any visible lab report I found, treat it as a marketing claim rather than confirmed data.
What does it taste and smell like?
Described as having a complex terpene profile with creamy, gassy, and earthy notes.
What does it look and feel like?
Described as sticky and soft in texture, with vibrant color and a strong aroma.
What effects does it produce?
Listings describe an initial euphoric, mentally uplifting effect that transitions into physical relaxation and grounding, with a long-lasting, clear-headed quality overall.
What flavor/strain variants are available?
One listing mentions flavors including Apple Jacks, Animal Trop, Animal Mintz, and Red Rocket Fuel.
How is it typically consumed?
Per the listings: rolled into a joint, loaded into a bowl, or dabbed using a concentrate rig.
Is it lab-tested?
Yes. Every batch is independently lab-tested for purity and potency, with results available on request.
How should it be stored?
Cool, dark, and airtight, standard for preserving potency and terpene content in any solventless hash concentrate.
Is it legal to buy or use?
Depends entirely on your jurisdiction, cannabis concentrate legality varies by country and, in the US, by state. Check local law before purchasing or using.","Lab-Tested Quality
: Every batch undergoes rigorous third-party testing for potency, purity, safety, discreet shipping.",150,150,EUR,True,Static Sift Hash,,,
frozenhashish:8438,https://frozenhashish.com/product/west-coast-static-hash/,west-coast-static-hash,West Coast Static,"West Coast Static Hash – Premium Solventless Static Sift Hash by Trusted Cultivators
West Coast Static Hash is a premium solventless cannabis concentrate, specifically a high-end static sift hash (also called static hash or static tech hash). It is produced by trusted cultivators, often associated with California/West Coast craft cannabis scenes
Key Features Of West Coast Static Hash
Category
: Listed as a static sift hash product, sold in a price range of £300–£1,600 depending on quantity.
Production method (per general static sift description on the same page)
: Made using static electricity to separate clean trichome heads from plant material, a refined form of dry sift aiming for high purity with minimal contaminants.
Positioning
: Marketed as a collaboration-style product combining traditional hash-making techniques with modern quality standards, emphasizing purity and potency.
Flavor profile (per general description)
: Earthy and herbal base notes, balanced with sweet, gassy, and slightly spicy undertones.
Texture/appearance (per general description)
: Light color, soft texture, described as showing strong terpene presence.
How To Consume West Coast Static Hash
Common ways to consume West Coast static sift hash:
Sprinkled on bowls or joints
— added to flower for extra flavor and potency.
Hash pipe or chillum
— smoked on its own to experience the flavor without dilution.
Vaporizer for concentrates
— a lower-temperature option that preserves terpenes better than combustion; static sift is generally described as melting cleanly given its higher purity.
Dabbing
— using a rig designed for concentrates, well-suited to high-purity static sift hash.
Pressed into rosin
— some people press it further using a heat press for an even smoother, solventless dab.
Why Buy West Coast Static Hash Online From Our Website
When you shop with Frozen Hashish, you’re choosing quality, convenience, and customer satisfaction:
Top-Notch Products:
Our West Coast Static Hash is made using
precision techniques
, ensuring the highest quality possible in every batch.
Lab-Tested for
Purity
:
We prioritize your safety by lab-testing all our products for potency and purity.
Fast & Discreet Shipping:
Get your
Static sift hash
delivered quickly and discreetly to your door.
Exclusive Offers:
Join our community and stay updated on the latest deals and discounts available only at info@frozenhashish.com
Shop West Coast Static Hash Online – Buy THCA Hash Online Europe
Discover
West Coast Static Hash,
premium solventless static sift hash crafted from top California genetics. Using advanced electrostatic refinement, this ultra-clean concentrate isolates pure trichome heads for exceptional purity, rich terpenes, and smooth full-melt performance.
Perfect for connoisseurs, our
THCA Hash
delivers potent, balanced effects while remaining fully EU-compliant (high THCA, <0.3% Δ9-THC). Enjoy vibrant aromas, clean dabs, and a refined experience with every use.
Frequently Asked Questions (FAQ): West Coast Static Hash
What is West Coast Static Hash?
Listed as a static sift
cannabis concentrate
, sold across a price range suggesting multiple quantity/grade tiers.
How is static sift hash typically made?
Static electricity is used to separate the cleanest trichome heads from plant material, a refined form of dry sift aiming for
high purity
with minimal contaminants.
What does static sift generally look and taste like?
Commonly described as light in color with a soft texture and strong terpene presence; flavor is generally earthy and herbal, balanced with sweet, gassy, or slightly spicy notes depending on the strain used.
How is it typically consumed?
Sprinkled on bowls or joints, smoked on its own in a hash pipe, vaporized, or dabbed, static sift’s higher purity generally allows it to melt more cleanly than standard dry sift.
Is it lab-tested?
Yes. Every batch is independently lab-tested for purity and potency, with results available on request.
Is “West Coast” a reference to California cannabis culture specifically?
Possibly, given the name, but nothing in the listing confirmed a specific origin or sourcing claim — worth asking the seller directly if that detail matters to you.
How should it be stored?
Cool, dark, and airtight, standard for preserving potency and terpene content in any solventless hash concentrate.
Is it legal to buy or use?
Depends entirely on your jurisdiction, cannabis concentrate legality varies by country and, in the US, by state. Check local law before purchasing or using.","Lab-Tested Quality
: Every batch undergoes rigorous third-party testing for potency, purity, safety, discreet shipping.",140,140,EUR,True,Static Sift Hash,,,
frozenhashish:8429,https://frozenhashish.com/product/wizard-trees-x-golden-warriors-hash/,wizard-trees-x-golden-warriors-hash,Wizard Trees x Golden Warriors Hash,"Wizard Trees x Golden Warriors Hash – Premium Solventless Hash by Trusted Cultivators
Wizard Trees x Golden Warriors
Hash
is a premium collaboration concentrate that brings together two highly respected names in cannabis cultivation. This exclusive solventless hash is crafted with expert precision by trusted cultivators, delivering top-tier quality, rich terpenes, and powerful effects.
Using solvent-free extraction methods, this hash preserves the full genetic expression of the Wizard Trees x Golden Warriors cross for an outstanding flavor and potency profile.
Key Features Of  Wizard Trees x Golden Warriors Hash
Production method
: Static sift hash, trichomes are separated using an electrostatic/static method rather than solvents, then hand-pressed.
Origin claim
: Marketed as coming from Mendocino County, California, described as a hand-crafted, “old-school” style hash reflecting traditional cannabis/hash-making methods.
Positioning
: Marketed as blending traditional craftsmanship with modern quality-control standards.
Potency
: Listing emphasizes high potency as one of its key selling points.
Flavor
: Described as having a distinctive flavor profile, though specific tasting notes weren’t detailed beyond general “unique flavor” language in the excerpt available.
How To Consume Wizard Trees x Golden Warriors Hash
Common ways to consume Wizard Trees x Golden Warriors Static Sift Hash:
Since the listing didn’t specify exact consumption instructions beyond general marketing language, here’s how static sift hash of this type is typically used:
Smoked on its own
— in a hash pipe or chillum, letting the full flavor and potency come through without dilution.
Mixed into a joint
— crumbled into ground flower for added potency and flavor.
Topping a bowl
— placed on top of flower in a pipe or bong.
Vaporizer for concentrates
— a lower-temperature option that preserves terpenes better than combustion; well-suited to static sift, which is generally described as melting cleanly due to its purity.
Dabbing
— using a rig designed for concentrates, for a more immediate, intense effect given the potency emphasized in the listing.
Why Buy Wizard Trees x Golden Warriors Hash
When you shop with Frozen Hashish, you’re choosing quality, convenience, and customer satisfaction:
Top-Notch Products:
Our Wizard Trees x Golden Warriors Hash is made using
precision techniques
, ensuring the highest quality possible in every batch.
Lab-Tested for
Purity
:
We prioritize your safety by lab-testing all our products for potency and purity.
Fast & Discreet Shipping:
Get your
Static sift hash
delivered quickly and discreetly to your door.
Exclusive Offers:
Join our community and stay updated on the latest deals and discounts available only at info@frozenhashish.com
Shop Wizard Trees x Golden Warriors Hash – THCA Hash For Sale Online
Discover
Wizard Trees x Golden Warriors Hash,
a premium solventless THCA hash born from an exclusive collaboration between two elite cultivators.
This top-shelf concentrate combines legendary Wizard Trees genetics with Golden Warriors to create a high-potency, terpene-rich hash that stands out in flavor, aroma, and effects.
Frequently Asked Questions: Wizard Trees x Golden Warriors Static Sift Hash
What is Wizard Trees x Golden Warriors Hash?
A static sift cannabis concentrate marketed as a hand-crafted, “old-school” style hash, associated in its listing with Mendocino County, California.
How is it made?
Described as made using a static sift method, trichomes are separated from cannabis using static electricity rather than solvents, followed by hand-pressing into the final product.
What makes it “old-school”?
The listing frames it as reflecting traditional, pre-modern hash-making techniques, contrasted with chemical or high-tech extraction methods, while still applying modern quality-control standards.
How potent is it?
The listing emphasizes high potency as a key selling point, though a specific THC percentage wasn’t included in the source I found.
What does it taste like?
Described in the listing as having a distinctive flavor, though detailed tasting notes weren’t specified in the available excerpt.
How is it typically consumed?
Not detailed specifically in the listing; commonly, hash like this is smoked on its own, mixed into a joint, topped on a bowl, vaporized, or dabbed.
Is it lab-tested?
Yes. Every batch is independently lab-tested for purity and potency, with results available on request.
How should it be stored?
Cool, dark, and airtight, standard for preserving potency and terpene content in any static sift hash concentrate.
Is it legal to buy or use?
Depends entirely on your jurisdiction,
cannabis concentrate
legality varies by country and, in the US, by state. Check local law before purchasing or using.","Lab-Tested Quality
: Every batch undergoes rigorous third-party testing for potency, purity, safety, discreet shipping.",100,100,EUR,True,Static Sift Hash,,,
frozenhashish:8419,https://frozenhashish.com/product/rolex-farms-hash/,rolex-farms-hash,Rolex Farms hash,"Rolex Farms Hash – Premium Solventless Hash by Trusted Cultivators
Rolex Farms Hash
is a premium solventless hash produced by Rolex Farms using top-tier cultivation and extraction standards. Known for its luxury-level quality, this hash delivers exceptional purity, rich terpenes, and potent effects that connoisseurs appreciate.
Made through careful solventless processes, Rolex Farms Hash preserves the full natural profile of the plant for a clean, flavorful, and powerful concentrate.
Key Features Of
Rolex Farms Hash
Key Features of Rolex Farms Hash
Origin
: Marketed as premium Moroccan hash.
Production category
: Listed under “static sift” a solventless mechanical separation method.
Genetics
: Described as Indica-dominant.
Flavor/aroma
: Rich, spicy-sweet aroma with a soft, malleable texture.
Potency
: THC levels often reported around 30%.
Effects
: Described as producing a slow-building, long-lasting high leading to deep relaxation, often positioned for stress, anxiety, and insomnia relief, typically starting with a cerebral uplift before settling into full-body relaxation.
Consumption methods listed
: Joints or bowls (enhancing flower’s potency/flavor), vaporizers (smooth, flavorful inhale), and dabbing (for immediate, intense effects).
How To Consume
Rolex Farms Hash
Common ways to consume Rolex Farms Hash (per the listing):
Joints or bowls
— mixed with cannabis flower to enhance potency and flavor.
Vaporizer
— described as giving a smooth, flavorful inhale with minimal harshness.
Dabbing
— described as best suited for those seeking immediate, intense effects.
Why Buy
Rolex Farms Hash From Us
When you shop with Frozen Hashish, you’re choosing quality, convenience, and customer satisfaction:
Top-Notch Products:
Our Rolex Farms hash is made using
precision techniques
, ensuring the highest quality possible in every batch.
Lab-Tested for
Purity
:
We prioritize your safety by lab-testing all our products for potency and purity.
Fast & Discreet Shipping:
Get your
Static sift hash
delivered quickly and discreetly to your door.
Exclusive Offers:
Join our community and stay updated on the latest deals and discounts available only at info@frozenhashish.com
Shop Rolex Farms hash Online – THCA Hash For Sale Online Europe
Discover
Rolex Farms Hash,
a premium solventless THCA hash crafted by trusted cultivators. Now available for online purchase with discreet shipping across Europe.
Renowned for its luxury quality and precision, Rolex Farms Hash offers exceptional purity, rich terpene flavor, and strong potency in every batch.
Frequently Asked Questions (FAQ): Rolex Farms Hash
What is Rolex Farms Hash?
A hash concentrate marketed as premium Moroccan hash, listed under the “static sift” production category.
What genetics is it?
Described as Indica-dominant.
What does it look and feel like?
Described as having a soft, malleable texture.
What does it taste and smell like?
Described as having a rich, spicy-sweet aroma.
How potent is it?
THC levels are stated as often reaching around 30% in the listing.
What effects does it produce?
Described as producing a slow-building, long-lasting high, starting with a cerebral uplift and gradually easing into deep body relaxation, potentially leading to a “couch-lock” state. Marketed as helpful for stress, anxiety, and insomnia.
How is it typically consumed?
Per the listing: mixed into joints or bowls (enhancing flower’s flavor/potency), used with a vaporizer (for a smooth inhale), or dabbed (for more immediate, intense effects).
Is it lab-tested?
Yes. Every batch is independently lab-tested for purity and potency, with results available on request.
How should it be stored?
Cool, dark, and airtight, standard for preserving potency and terpene content in any hash concentrate.
Is it legal to buy or use?
Depends entirely on your jurisdiction, cannabis concentrate legality varies by country and, in the US, by state. Check local law before purchasing or using.","Lab-Tested Quality
: Every batch undergoes rigorous third-party testing for potency, purity, safety, discreet shipping.",150,150,EUR,True,Static Sift Hash,,,
frozenhashish:8408,https://frozenhashish.com/product/rif-mountain-hash/,rif-mountain-hash,Rif Mountain Hash,"Rif Mountain Hash – Premium Solventless Hash from Trusted Cultivators
Rif Mountain Hash
is a premium solventless hash inspired by the traditional cannabis culture of the Rif Mountains in Morocco. Carefully produced by trusted cultivators, this hash offers exceptional purity, rich aroma, and authentic old-world character with modern quality standards.
Made using solvent-free extraction methods, Rif Mountain Hash preserves the full spectrum of natural cannabinoids and terpenes for a clean, flavorful, and potent experience.
Key Features Of
Rif Mountain Hash
Origin
: The Rif Mountains in northern Morocco are historically the world’s largest hashish-producing region, with traditional cultivation centered around areas like Ketama.
Traditional production method
: Classic Rif-style hash is made by beating dried cannabis stems/flowers with sticks over a sieve, separating pollen (trichomes), which is then pressed into blocks — a simple, low-tech dry sift method passed down for generations.
Character
: Traditional Moroccan hash from this region is often golden to dark brown, and quality/potency varies significantly by producer and harvest.
Modern context
: Growers in the Rif began adopting a method of collecting resin from cannabis flowers and compressing it into hashish in the early 1970s.
Solventless Purity
— Crafted without chemicals for maximum cleanliness and full-spectrum effects.
Traditional Roots, Modern Quality
— Blends classic Rif Mountain hash-making heritage with premium cultivation and processing.
Rich Flavor & Aroma
— Earthy, spicy, herbal, and floral notes typical of high-quality mountain hash.
Potent & Balanced
— Strong yet smooth effects suitable for both relaxation and connoisseur enjoyment.
Trusted Sourcing
— Sourced from experienced cultivators who maintain high standards of quality and consistency.
How To Use
Rif Mountain Hash
Common ways to consume Rif-style hash:
Kif pipe (sebsi)
— the traditional Moroccan method: hash is crumbled and mixed with tobacco, then smoked in a long, narrow wooden pipe called a sebsi.
Mixed into a joint
— crumbled into ground flower, a common modern approach outside Morocco.
Pipe or bong
— placed on a screen or on top of flower.
Hot knifing
— heating a small piece between two hot surfaces and inhaling the vapor through a funnel; an older method with real burn/safety risks from hot metal.
Vaporizer for concentrates
— a modern, lower-temperature alternative to combustion.
Why Buy
Rif Mountain Hash From Us
When you shop with Frozen Hashish, you’re choosing quality, convenience, and customer satisfaction:
Top-Notch Products:
Our Rif Mountain Hash is made using
precision techniques
, ensuring the highest quality possible in every batch.
Lab-Tested for
Purity
:
We prioritize your safety by lab-testing all our products for potency and purity.
Fast & Discreet Shipping:
Get your
Static sift hash
delivered quickly and discreetly to your door.
Exclusive Offers:
Join our community and stay updated on the latest deals and discounts available only at info@frozenhashish.com
Shop Rif Mountain Hash Online | Buy THCA Hash Online
Discover
Rif Mountain Hash,
a premium solventless THCA hash inspired by the legendary cannabis traditions of Morocco’s Rif Mountains. Now available for online purchase with trusted quality and discreet shipping.
Crafted by experienced cultivators using solvent-free methods, this hash combines authentic mountain heritage with modern standards of purity and potency.
Frequently Asked Questions (FAQ): Rif Mountain (Moroccan-Style) Hash
What is Rif Mountain hash?
It generally refers to hashish produced in the traditional style of Morocco’s Rif Mountains, historically the world’s largest hash-producing region, centered around areas like Ketama.
How is it traditionally made?
Dried cannabis stems and flowers are beaten with sticks over a sieve, separating the pollen (trichomes) from plant material. The collected pollen is then pressed into blocks, a simple, low-tech dry sift method used for generations.
What does it look like?
Color and texture vary widely by producer and harvest, commonly ranging from golden to dark brown, reflecting differences in processing and quality control across small, often informal producers.
How potent is it?
Potency varies significantly since traditional production isn’t standardized or lab-tested the way modern Western concentrates often are, quality can differ a lot batch to batch.
How is it typically consumed?
Traditionally smoked in a sebsi (a long, narrow wooden pipe) mixed with tobacco; outside Morocco, it’s more commonly crumbled into a joint or smoked in a regular pipe/bong.
How should it be stored?
Cool, dark, and airtight, like any hash, heat, light, and air exposure degrade potency and flavor over time.
Is it lab-tested?
Traditional Moroccan hash generally isn’t subject to the kind of batch-specific lab testing seen in regulated markets, if you’re buying a modern product using this name, ask the specific seller for a current Certificate of Analysis if verification matters to you.","Lab-Tested Quality
: Every batch undergoes rigorous third-party testing for potency, purity, safety, discreet shipping.",140,140,EUR,True,Static Sift Hash,,,
frozenhashish:8397,https://frozenhashish.com/product/notorious-b-i-g-hash/,notorious-b-i-g-hash,NOTORIOUS B.I.G HASH,"Notorious B.I.G Hash: Premium Solventless THCA Hash from Trusted Cultivators
Notorious B.I.G Hash
is a premium solventless THCA hash meticulously crafted by trusted cultivators. Named after the legendary icon, this top-shelf concentrate delivers big flavor, big potency, and an unforgettable experience.
Key Features Of Notorious B.I.G Hash
Premium Solventless Extract
— Produced using advanced solvent-free methods (static sift / ice water hash) with no chemicals or residuals.
High THCA Potency
— Lab-tested for elevated
THCA
levels, delivering powerful and long-lasting effects when heated.
Trusted Cultivators
— Sourced from experienced, reputable growers who hand-select top-quality cannabis flowers.
Rich Terpene Profile
— Bold, complex aromas and flavors with loud gassy, sweet, earthy, and fruity notes for a true connoisseur experience.
Exceptional Purity
— Clean, high-quality trichome resin that preserves the full spectrum of cannabinoids and natural plant compounds.
Smooth Texture
— Easy to handle, great for dabbing, sprinkling on flower, or vaporizing.
Artisan Crafted
— Small-batch attention to detail ensures consistent quality and premium results in every batch.
Versatile Use
— Ideal for both beginners and seasoned users looking for a flavorful, potent
How To Consume Notorious B.I.G Hash
Dabbing
: Best method. Use a small amount on a hot quartz nail (480–550°F). Inhale slowly.
On Flower
: Sprinkle or press pieces onto a bowl of cannabis and smoke normally.
Vaporizer
: Use with concentrate pads at 380–450°F.
Pipe/Bubbler
: Place small piece on a screen and light gently.
Why Buy Notorious B.I.G Hash Online From Our Website
When you shop with Frozen Hashish, you’re choosing quality, convenience, and customer satisfaction:
Top-Notch Products:
Our Notorious B.I.G Hash is made using
precision techniques
, ensuring the highest quality possible in every batch.
Lab-Tested for
Purity
:
We prioritize your safety by lab-testing all our products for potency and purity.
Fast & Discreet Shipping:
Get your
Static sift hash
delivered quickly and discreetly to your door.
Exclusive Offers:
Join our community and stay updated on the latest deals and discounts available only at info@frozenhashish.com
Shop Notorious B.I.G Hash Online | Buy THCA Hash For Sale Online Europe
Discover
Notorious B.I.G Hash,
a premium solventless THCA hash made by trusted cultivators. Now available for fast and discreet delivery across Europe.
This top-tier hash is crafted using solvent-free methods to ensure maximum purity, rich terpene profiles, and powerful effects. Whether you’re a seasoned connoisseur or looking for high-quality THCA hash, Notorious B.I.G delivers bold flavor and strong potency in every batch.
Frequently Asked Questions (FAQ).
1. What is Notorious B.I.G Hash?
Notorious B.I.G Hash is a premium solventless THCA hash crafted from high-quality cannabis by trusted cultivators. It is known for its purity, rich terpenes, and potent effects.
2. Is Notorious B.I.G Hash solventless?
Yes. It is produced using solvent-free methods such as static sift or ice water extraction, ensuring a clean and pure concentrate without chemical residues.
3. What is the THCA content?
It has high THCA levels (typically 50-70%+ depending on batch). Exact percentages are listed on the lab reports for each batch.
4. How do I consume Notorious B.I.G Hash?
The best ways are dabbing, sprinkling on flower, or using a concentrate vaporizer. Start with a small amount as it is very potent.
5. Is shipping available to Europe?
Yes, we offer discreet shipping across Europe. Delivery times and costs are shown at checkout.
6. Is Notorious B.I.G Hash legal?
It is sold as a hemp-derived THCA product. Legality varies by country. Please check your local laws before purchasing.
7. How should I store it?
Store in a cool, dark place in an airtight container (silicone or glass) to maintain freshness and terpene quality.
8. Does it come with lab testing?
Yes. Every batch is lab-tested for potency, purity, and safety. Results are available upon request.
9. What makes it different from other hashes?
It stands out due to its premium genetics, solventless production, strong effects, and loud terpene profile.
10. Can beginners use it?
Yes, but start with a very small dose. It is potent and best suited for users who tolerate concentrates well.","Lab-Tested Quality
: Every batch undergoes rigorous third-party testing for potency, purity, safety, discreet shipping.",100,100,EUR,True,Static Sift Hash,,,
frozenhashish:8387,https://frozenhashish.com/product/pop-smoke-hash/,pop-smoke-hash,Pop Smoke Hash,"Pop Smoke Hash – Premium Solventless Hash by Trusted Cultivators
Pop Smoke Hash
is a high-end, artisan-crafted cannabis concentrate known for its exceptional purity and bold character.
Key Features Of
Pop Smoke Hash
Key Features of
Pop Smoke Hash
Positioning
: Marketed as an artisan-crafted hash, with branding emphasizing a “modern and bold” image.
Strain variants
: Sold under multiple named strains, Head Banger, Banana Pudding, Zkittlez, Forbidden Fruit, Sunset Sherbert, MAC, Apple Fritter, Jalapeno Gelato, and Caramel Pinaz.
Production emphasis
: Made from cannabis strains selected for high trichome production and distinct terpene profiles.
Marketed effects
: Described in listing copy as offering stress/anxiety relief and pain management benefits — framed as therapeutic claims for medical cannabis patients.
How To Consume
Pop Smoke Hash
Common ways to consume Pop Smoke Hash:
Smoking with flower
— crumbled into a joint or topped on a bowl of ground flower.
Pipe or bong
— placed on a screen or directly on top of flower.
Vaporizer for concentrates
— a lower-temperature option that avoids combustion and tends to preserve terpenes better.
Hash pipe or chillum
— smoked on its own for a fuller flavor experience.
Why Buy
Pop Smoke Hash Online From Our Store
When you shop with Frozen Hashish, you’re choosing quality, convenience, and customer satisfaction:
Top-Notch Products:
Our Pop Smoke Hash is made using
precision techniques
, ensuring the highest quality possible in every batch.
Lab-Tested for
Purity
:
We prioritize your safety by lab-testing all our products for potency and purity.
Fast & Discreet Shipping:
Get your
Static sift hash
delivered quickly and discreetly to your door.
Exclusive Offers:
Join our community and stay updated on the latest deals and discounts available only at info@frozenhashish.com
Shop Pop Smoke Hash Online | THCA Hash For Sale Online
Pop Smoke Hash
is a premium solventless hash crafted by trusted cultivators and now available for online purchase. This top-shelf THCA hash delivers exceptional purity, rich terpene profiles, and potent effects that connoisseurs love.
Whether you’re looking for a smooth dabbing experience or a powerful bowl topper, Pop Smoke Hash stands out for its clean production and high-quality results.
Frequently Asked Questions (FAQ): Pop Smoke Hash
What is Pop Smoke Hash?
An artisan-branded cannabis hash concentrate, marketed with imagery emphasizing a modern, bold identity.
What strains is it available in?
Sold under several named variants: Head Banger, Banana Pudding, Zkittlez, Forbidden Fruit, Sunset Sherbert, MAC, Apple Fritter, Jalapeno Gelato, and Caramel Pinaz.
How is it made?
The listing states it’s produced from cannabis strains selected for high trichome production and distinctive terpene profiles, but doesn’t specify the exact extraction method (e.g., dry sift, static sift, ice water) used.
What effects does it produce?
The seller’s listing frames it around therapeutic use, describing stress/anxiety relief and pain management as benefits for medical cannabis patients. These are marketing claims rather than independently verified medical information.
Is it lab-tested?
Yes. Every batch is independently lab-tested for purity and potency, with results available on request.
How should it be stored?
Cool, dark, and airtight,  standard for preserving potency and flavor in any hash concentrate.
Is it legal to buy or use?
Depends entirely on your jurisdiction, cannabis concentrate legality varies by country and, in the US, by state. Check local law before purchasing or using.","Lab-Tested Quality
: Every batch undergoes rigorous third-party testing for potency, purity, safety, discreet shipping.",200,200,EUR,True,Static Sift Hash,,,
frozenhashish:8377,https://frozenhashish.com/product/jeff-farms-hash/,jeff-farms-hash,Jeff Farm’s Hash,"Jeff Farm’s Hash – Premium Solventless Hash by Trusted Cultivators
Jeff Farm’s Hash is a premium
solventless hash (specifically a static sift hash) produced by or associated with “Trusted Cultivators.” It is marketed as a high-end, artisan-crafted cannabis concentrate.
Key Features Of Jeff Farm’s Hash
Type
: Static sift hash (also called static tech hash). This solventless method uses
electrostatic energy
(static electricity) in a dry environment to gently separate resinous trichome heads from the plant material, without water, ice, heat, or chemical solvents.
Purity and Quality
: It emphasizes cleanliness, high trichome purity, rich terpene profiles, and full-spectrum effects. It’s often described as top-shelf, hand-crafted from carefully selected, high-quality (sometimes organically grown) cannabis flowers.
Texture and Experience
: Users and descriptions note a
rich aroma
, smooth texture, and well-balanced potency. It typically offers flavorful, potent hits with preserved natural cannabis compounds.
Production
: Sourced from trusted cultivators, focusing on premium material. It falls under the broader category
How To Consume Jeff Farm’s Hash
Common ways to consume Jeff Farm’s Hash:
Smoking on its own
— enjoyed alone in a pipe or hash-specific piece to experience the full flavor profile without dilution from flower.
Mixed into a joint
— crumbled into ground flower, adding potency and the earthy/spicy flavor notes described in listings.
Topping a bowl
— placed on top of flower in a pipe or bong for a stronger hit.
Vaporizing
— using a vaporizer designed for concentrates; static sift hash is generally described as melting smoothly, making it suitable for this method.
Why Buy Jeff Farm’s Hash FromOur Website
When you shop with Frozen Hashish, you’re choosing quality, convenience, and customer satisfaction:
Top-Notch Products:
Our Jeff Farm’s Hash is made using
precision techniques
, ensuring the highest quality possible in every batch.
Lab-Tested for
Purity
:
We prioritize your safety by lab-testing all our products for potency and purity.
Fast & Discreet Shipping:
Get your
Static sift hash
delivered quickly and discreetly to your door.
Exclusive Offers:
Join our community and stay updated on the latest deals and discounts available only at info@frozenhashish.com
Shop Jeff Farm’s Hash Online – THCA Hash For Sale
Jeff Farm’s Hash – Premium Solventless Static Sift Hash is available for online purchase from specialized hash retailers. It is positioned as a high-quality, artisan solventless concentrate.","Lab-Tested Quality
: Every batch undergoes rigorous third-party testing for potency, purity, safety, discreet shipping.",140,140,EUR,True,Static Sift Hash,,,
frozenhashish:8368,https://frozenhashish.com/product/la-squadra-farms-hash/,la-squadra-farms-hash,La Squadra Farms Hash,"La Squadra Farms Hash – Premium Solventless Hash Trusted by Connoisseurs Worldwide
La Squadra Farms Hash
is a premium solventless hash that has earned the trust of hash enthusiasts and connoisseurs around the world. Cultivated and crafted with expertise, this hash represents the highest standards of quality, purity, and flavor.
Using advanced frozen sift and static sift methods, La Squadra Farms delivers a clean, potent, and aromatic hash with exceptional terpene retention and smooth effects.
Key Features Of
La Squadra Farms Hash
Production method
: Made via static sift extraction, high-resin flower is gently processed to isolate trichomes (resin glands), then lightly pressed into hash blocks.
Material selection
: Marketed as made from hand-picked, resin-rich cannabis buds.
Texture/purity
: Described as a solventless, chemical-free concentrate that burns smoothly.
Flavor/aroma
: Commonly described as earthy and spicy with hints of sweetness, forming a “complex” taste profile.
Effects
: Marketed as powerful and long-lasting, deeply relaxing and euphoric.
Strain variants
: Sold under multiple flavor names (Melon Slice, Watermelon, Apricot Pie, GMO, Mandarine Cookies, Orange Apricot, Papaya Kush, Blue Cookies) and micron grades (e.g., “Barbara 73U”).
Consumption versatility
: Listed as usable crumbled into a joint, sprinkled on flower, or vaporized in a concentrate device.
How To Consume
La Squadra Farms Hash
Common ways to consume La Squadra Farmz Hash:
Crumbled into a joint
— mixed with flower for added potency and flavor.
Sprinkled on top of a bowl
— added to flower in a pipe or bong for a stronger hit.
Vaporized in a concentrate device
— a cleaner, smoother option that avoids combustion.
Smoked on its own
— some listings mention smoking hash directly for a fuller flavor experience without dilution from flower.
Why Buy
La Squadra Farms Hash From Our Website
When you shop with Frozen Hashish, you’re choosing quality, convenience, and customer satisfaction:
Top-Notch Products:
Our La Squadra Farms Hash is made using
precision techniques
, ensuring the highest quality possible in every batch.
Lab-Tested for
Purity
:
We prioritize your safety by lab-testing all our products for potency and purity.
Fast & Discreet Shipping:
Get your
Static sift
hash
delivered quickly and discreetly to your door.
Exclusive Offers:
Join our community and stay updated on the latest deals and discounts available only at info@frozenhashish.com
Shop
La Squadra Farms Hash Online | Buy THCA Hash Online Europe
If you’re looking to
buy THCA hash online Europe
, La Squadra Farms offers exceptional quality with rich terpenes, potent effects, and superior purity. Expertly crafted using frozen sift and static sift methods, this hash delivers a smooth texture and bold, authentic flavor.
Frequently Asked Questions: La Squadra Farmz Hash
What is La Squadra Farmz Hash?
A static sift cannabis concentrate marketed as combining traditional hash-making techniques with modern production standards.
How is it made?
Listings describe using high-resin cannabis flower, gently processed to isolate trichomes (resin glands), which are then lightly pressed into hash blocks for consistent texture.
What does it taste and smell like?
Commonly described as earthy and spicy, with hints of sweetness, a complex, layered flavor profile that lingers.
What effects does it produce?
Marketed as delivering a powerful, long-lasting high, deeply relaxing and euphoric, described as helping melt away stress and tension.
What strains/flavors is it available in?
Sold under multiple named variants, including Melon Slice, Watermelon, Apricot Pie, GMO, Mandarine Cookies, Orange Apricot, Papaya Kush, and Blue Cookies, plus different micron grades (e.g., “Barbara 73U”).
How is it typically consumed?
Commonly crumbled into a joint, sprinkled on top of a flower bowl, or vaporized using a device made for concentrates.
Is it lab-tested?
Yes. Every batch is independently lab-tested for purity and potency, with results available on request.
Is “La Squadra Farmz Hash” one single controlled product?
Not really, nearly identical marketing copy for this name appears across at least four unaffiliated storefronts (DryHashEurope, Premium Organic Hash, Cali Plates, and La Squadra Farmz’s own site), which suggests templated content reused across sellers rather than one consistent, controlled product. One listing also references “high-authority sites like Leafly and High Times” without linking to an actual source.
How should it be stored?
Cool, dark, and airtight, standard practice for preserving potency and terpene content in any solventless hash concentrate.
Is it legal to buy or use?
Depends entirely on your jurisdiction, cannabis concentrate legality varies by country and, in the US, by state. Check local law before purchasing or using.","Lab-Tested Quality
: Every batch undergoes rigorous third-party testing for potency, purity, safety, discreet shipping.",300,300,EUR,True,Static Sift Hash,,,
frozenhashish:8357,https://frozenhashish.com/product/mountain-brothers-farm-hash/,mountain-brothers-farm-hash,MOUNTAIN BROTHERS FARM HASH,"Mountain Brothers Farm Hash – Premium Solventless Hash by Trusted Mountain
Cultivators
Mountain Brothers Farm Hash
is a premium
solventless hash meticulously crafted by experienced cultivators in the mountains. Known for their dedication to quality and tradition, the Mountain Brothers bring you hash that meets the highest standards of purity and potency.
Using advanced frozen sift and dry sift methods, this hash preserves rich terpenes, delivers a smooth texture, and offers powerful effects that connoisseurs appreciate.
Key Features Of
Mountain Brothers Farm Hash
Production method
: Made via static sift extraction — cannabis is flash-frozen after harvest to preserve trichomes, then sifted through precision screens to separate resin from plant material.
Cultivation claims
: Marketed as organic, mountain-grown cannabis, cultivated without pesticides or harmful chemicals, from a described family-run farm.
Texture
: Described as pure, resinous, and malleable, with a full-spectrum potency.
Flavor/aroma
: Described as bold and earthy, with hints of spice and sweetness, and a robust terpene profile.
Effects
: Marketed as a balanced, full-bodied high suited to both daytime and nighttime use.
Category
: Listed under “static sift” across multiple storefronts.
How To Consume
Mountain Brothers Farm Hash
Common ways to consume Mountain Brothers Farm Hash:
Smoking with flower
— crumbled into a joint or topped on a bowl of ground flower; described as having a malleable texture that blends easily this way.
Pipe or bong
— placed on a screen or directly on top of
flower.
Vaporizer for concentrates
— a lower-temperature option that avoids combustion, well-suited to a static sift hash described as having full-spectrum potency and preserved terpenes.
Dabbing
— using a rig designed for concentrates; static sift extractions are generally described as melting cleanly given their purity.
Why Buy
Mountain Brothers Farm Hash From Our Website
When you shop with Frozen Hashish, you’re choosing quality, convenience, and customer satisfaction:
Top-Notch Products:
Our Golden Head Warriors Hash is made using
precision techniques
, ensuring the highest quality possible in every batch.
Lab-Tested for
Purity
:
We prioritize your safety by lab-testing all our products for potency and purity.
Fast & Discreet Shipping:
Get your
Static sift hash
delivered quickly and discreetly to your door.
Exclusive Offers:
Join our community and stay updated on the latest deals and discounts available only at info@frozenhashish.com
Shop
Mountain Brothers Farm Hash Online | Buy THCA Hash Online Europe
Discover
Mountain Brothers Farm Hash
– premium solventless THCA hash crafted by trusted mountain cultivators.
If you want to
buy THCA hash online Europe
, Mountain Brothers Farm offers exceptional quality with rich terpenes, potent effects, and a clean, smooth experience. Produced using frozen sift and dry sift methods, this hash is known for its purity, soft texture, and authentic mountain-grown character.
Frequently Asked Questions (FAQ): Mountain Brothers Farm Hash
What is Mountain Brothers Farm Hash?
A static sift cannabis concentrate marketed as being made from organic, mountain-grown cannabis, produced through a described family-run farm operation.
How is it made?
Listings describe flash-freezing cannabis shortly after harvest to preserve trichomes, then sifting the frozen material through precision screens to separate resin from plant matter, a solventless, mechanical process.
What does it taste and smell like?
Described as bold and earthy, with hints of spice and sweetness, reflecting a preserved natural terpene profile.
What’s the texture like?
Described as pure, resinous, and malleable, with full-spectrum potency.
What effects does it produce?
Marketed as a balanced, full-bodied high suited to both daytime inspiration and nighttime relaxation, according to seller descriptions.
Is it organic?
Multiple listings claim organic, pesticide-free, sustainable cultivation, though these claims weren’t independently verified in the sources I found.
Is it lab-tested?
Yes. Every batch is independently lab-tested for purity and potency, with results available on request.
Is “Mountain Brothers Farm Hash” one single controlled product?
Not really,  it’s sold under this name across at least six unaffiliated storefronts, each with its own pricing, quality claims, and marketing copy. One listing’s description even mixes in placeholder filler text alongside real content, and another vaguely references “high-authority sites like Leafly and High Times” without linking to any actual source, signs of templated or unreliable marketing content rather than one controlled, consistent product.
How should it be stored?
Cool, dark, and airtight, standard practice for preserving potency and terpene content in any solventless hash concentrate.
Is it legal to buy or use?
Depends entirely on your jurisdiction, cannabis concentrate legality varies by country and, in the US, by state. Check local law before purchasing or using.","Lab-Tested Quality
: Every batch undergoes rigorous third-party testing for potency, purity, safety, discreet shipping.",180,180,EUR,True,Static Sift Hash,,,
frozenhashish:8346,https://frozenhashish.com/product/golden-head-warriors-hash/,golden-head-warriors-hash,GOLDEN HEAD WARRIORS HASH,"Golden Head Warriors Hash – Premium Solventless Hash by Trusted Cultivators
Golden Head Warriors Hash
is a premium solventless hash crafted with dedication and expertise by trusted cultivators who understand what connoisseurs demand.
Made using high-quality frozen sift and static sift techniques, this hash delivers exceptional purity, rich terpene profiles, and potent effects. The name “Golden Head Warriors” reflects its golden appearance and powerful character, a true warrior in the world of premium hash.
Key Features Of Golden Head Warriors Hash
Production method
: Made via static sift extraction, dried cannabis is sifted over fine mesh screens, then refined using static electricity to separate trichomes without water, heat, or chemical solvents.
Process steps
: Selection of resin-rich cannabis, dry sifting, static separation, and final pressing into a cohesive hash slab.
Texture/appearance
: Described as having a golden-brown sheen, soft texture, and a glassy, consistent slab form; melts smoothly when heated.
Flavor/aroma
: Widely described as earthy and spicy, with some listings noting cedar or herbal undertones and a smooth, clean finish.
Potency
: One product line under this name (Static Room Hash) is listed at 45–65% THC depending on strain.
Effects
: Described as a balanced high, relaxing body effects paired with a lifted, calm mood; positioned as suited to both new users and experienced connoisseurs.
Variants
: Sold across multiple strain-specific versions and micron grades (e.g., “135–90u Full Melt”).
How To Consume Golden Head Warriors Hash
Common ways to consume Golden Head Warriors Hash:
Smoking on its own
— enjoyed alone in a pipe or hash-specific piece to experience the full flavor profile without dilution from flower.
Mixed into a joint
— crumbled into ground flower, adding potency and the earthy/spicy flavor notes described in listings.
Topping a bowl
— placed on top of flower in a pipe or bong for a stronger hit.
Vaporizing
— using a vaporizer designed for concentrates; static sift hash is generally described as melting smoothly, making it suitable for this method.
Dabbing
— using a rig designed for concentrates; listings describe this hash as delivering a “smooth melt,” consistent with high-purity static sift.
Why Buy
Golden Head Warriors Hash From Our Webssite
When you shop with Frozen Hashish, you’re choosing quality, convenience, and customer satisfaction:
Top-Notch Products:
Our Golden Head Warriors Hash is made using
precision techniques
, ensuring the highest quality possible in every batch.
Lab-Tested for
Purity
:
We prioritize your safety by lab-testing all our products for potency and purity.
Fast & Discreet Shipping:
Get your
Static sift hash
delivered quickly and discreetly to your door.
Exclusive Offers:
Join our community and stay updated on the latest deals and discounts available only at info@frozenhashish.com
Shop Golden Head Warriors Hash Online – High-Quality Solventless Hash for Connoisseurs
Elevate your experience with
Golden Head Warriors Hash,
a premium solventless hash crafted for those who seek the best.
If you want to
buy static hash
or
THCA hash for sale
, Golden Head Warriors is an excellent choice. Made using advanced frozen sift and static sift methods, this hash offers exceptional purity, rich terpene profiles, and potent effects. Its soft texture and bold flavor make it a favorite among hash enthusiasts.
Frequently Asked Questions(FAQ): Golden Head Warriors Hash
What is Golden Head Warriors Hash?
A solventless cannabis concentrate made through static sift extraction, combining traditional hash-making methods with modern refinement techniques.
How is it made?
Dried, resin-rich cannabis is gently sifted over fine mesh screens to separate trichomes from plant material, then further refined using static electricity to remove remaining impurities. The purified trichomes are then pressed into a cohesive hash slab, no water, heat, or chemical solvents involved in this stage (though one related listing also mentions ice-water extraction methods being used in production).
What does it look and feel like?
Described as having a golden-brown sheen with a soft, glassy texture, forming a consistent, pressable slab.
What does it taste and smell like?
Commonly described as earthy and spicy, with some listings adding notes of cedar, herbal, or pungent undertones and an overall smooth, clean finish.
How potent is it?
One product line under this name (Static Room Hash) lists THC content between 45–65%, depending on the strain used, notably higher than standard flower.
What effects does it produce?
Described as a balanced high, relaxing on the body while lifting and clearing the mind — positioned as suitable for both new users and experienced concentrate consumers.
What strains is it available in?
Sold across multiple strain-specific variants and micron grades, such as a “135–90u Full Melt” version, among others.
Is “Golden Head Warriors” one single controlled product?
Not entirely, it’s sold across several unaffiliated storefronts (including a dedicated brand site plus other resellers), each with its own pricing, claims, and marketing copy, so quality and consistency may vary depending on where it’s purchased.
Is it lab-tested?
Yes. Every batch is independently lab-tested for purity and potency, with results available on request.
How should it be stored?
Cool, dark, and airtight, standard for preserving potency, texture, and flavor in any solventless hash concentrate.
Is it legal to buy or use?
Depends entirely on your jurisdiction, cannabis concentrate legality varies by country and, in the US, by state. Check local law before purchasing or using.","Lab-Tested Quality
: Every batch undergoes rigorous third-party testing for potency, purity, safety, discreet shipping.",250,250,EUR,True,Static Sift Hash,,,
frozenhashish:8335,https://frozenhashish.com/product/ghost-farm-hash-for-sale/,ghost-farm-hash-for-sale,Ghost Farm Hash,"Ghost Farm Hash For Sale | Premium Solventless Hash
Ghost Farm Hash For Sale,
is a premium solventless hash that stands out for its exceptional purity, rich terpene profile, and potent effects. Sourced from carefully cultivated Ghost Farm genetics, this hash is expertly produced using frozen sift and dry sift methods to preserve maximum flavor and cannabinoid content.
Known among connoisseurs for its smooth texture and bold, haunting aroma, Ghost Farm Hash delivers a clean and powerful experience in every session.
Key Features Of Ghost Farm Hash
Import hash example
: One listing describes an “AMG” hash with a strong, spicy, and earthy terpene profile.
Flavor/aroma (from listing description)
: Described as sweet, peppery, and woody in essence.
Texture
: Described as gummy in consistency.
Purity claims
: The seller states its hash is guaranteed free of added terpenes, cannabinoids, or pesticides.
Additional related line
: The same brand also sells a CBD hash range (Moroccan filter, golden Ketama, bubble hash, Charas), claimed to be third-party lab-tested with under 0.3% THC.
How To Use Ghost Farm Hash For Sale
Common ways to consume Ghost Farm Hash:
Smoking with flower
— crumbled into a joint or topped on a bowl of ground flower; given the gummy consistency described in listings, this type of hash tends to blend and burn easily this way.
Pipe or bong
— placed on a screen or directly on top of flower.
Vaporizer for concentrates
— a lower-temperature option that avoids combustion and helps preserve the peppery/woody flavor notes described in the listing.
Hash pipe or chillum
— smoked on its own to let the flavor profile come through more distinctly, without mixing it into flower.
Why Buy Ghost Farm Hash Online From US
When you shop with Frozen Hashish, you’re choosing quality, convenience, and customer satisfaction:
Top-Notch Products:
Our Ghost Farm Hash is made using
precision techniques
, ensuring the highest quality possible in every batch.
Lab-Tested for
Purity
:
We prioritize your safety by lab-testing all our products for potency and purity.
Fast & Discreet Shipping:
Get your
Ghost Farm sift hash
delivered quickly and discreetly to your door.
Exclusive Offers:
Join our community and stay updated on the latest deals and discounts available only at info@frozenhashish.com
Shop Ghost Farm Hash Online |
Buy CBD Hash Online Europe
Discover
Ghost Farm Hash
, a premium solventless hash known for its exceptional purity, rich terpene expression, and balanced CBD effects. Carefully crafted using frozen sift and dry sift methods, Ghost Farm Hash offers a soft texture, bold natural aroma, and clean, relaxing experience.
Discover premium
Ghost Farm Static Hash,
a high-quality solventless hash known for its exceptional purity and rich terpene profile.
If you’re looking to
buy static hash
,
buy CBD hash
, or
buy hash Europe
, Ghost Farm offers one of the best options available. Expertly crafted using advanced static sift methods, this hash delivers a clean, soft texture, bold flavor, and potent effects.
Buy Static Hash
,
buy CBD hash
, or
buy hash Europe
with confidence at Frozenhashish.com, discreet packaging, fast shipping, and premium products you can trust.
Frequent Asked Questions (FAQ): Ghost Farm Hash
What is Ghost Farm Hash?
A hash product line sold by the retailer Ghost Farms, offered in several varieties including bubble hash, dry sift, Lebanese-style, and imported hash.
What does it taste and smell like?
Listings describe a sweet, peppery, and woody flavor and aroma profile, with one imported variant (AMG) described as having a strong, spicy, earthy terpene character.
What’s the texture like?
Described as having a gummy consistency, making it easy to work with for smoking or vaping.
Is it pure/unadulterated?
The seller states its hash contains no added terpenes, cannabinoids, or pesticides, described as pure, untouched cannabis concentrate. This is a seller claim rather than something independently verified in the sources I found.
Does Ghost Farms sell other hash types too?
Yes, the brand also offers a CBD hash range (including Moroccan filter, golden Ketama, bubble hash, and Charas styles), claimed to be third-party lab-tested with THC under 0.3%.
How should it be consumed?
Commonly smoked in a joint, bowl, pipe, or bong, or used in a vaporizer designed for concentrates — method can vary depending on which specific hash variety you’re using (bubble hash vs. dry sift vs. denser gummy hash).
Is it lab-tested?
Yes. Every batch is independently lab-tested for purity and potency, with results available on request.
Is “Ghost Farm” the same as other things with that name?
Not necessarily, “Ghost Farm” is also the name of an unrelated cannabis seed breeder based in Italy, and there’s a separately named cannabis strain called “Ghost Farm” as well. Worth confirming you’re looking at the right brand/product if researching further.
How should it be stored?
Cool, dark, and airtight, standard for preserving potency and flavor in any hash concentrate.
Is it legal to buy or use?
Depends entirely on your jurisdiction, cannabis concentrate legality varies by country and, in the US, by state. Check local law before purchasing or using.","Lab-Tested Quality
: Every batch undergoes rigorous third-party testing for potency, purity, safety, discreet shipping.",250,250,EUR,True,Static Sift Hash,,,
frozenhashish:8020,https://frozenhashish.com/product/bubble-hash-for-sale/,bubble-hash-for-sale,Bubble hash,"Bubble Hash For Sale – Premium Solventless Cannabis Concentrate
Experience the purity and potency of
Bubble Hash
, a premium solventless cannabis concentrate loved by enthusiasts for its rich flavor, smooth texture, and powerful effects. Made using ice water extraction methods that preserve natural cannabinoids and terpenes, Bubble Hash delivers a clean and flavorful cannabis experience without the use of harsh solvents.
What Is Bubble Hash?
Bubble Hash For Sale, a high-quality
cannabis concentrate
created by separating resin-rich trichomes from cannabis flower using ice water and fine filtration screens. This traditional extraction process helps maintain the plant’s natural terpene profile while producing a potent and flavorful concentrate.
Known for its soft texture and full-melt quality, Bubble Hash is one of the most respected forms of cannabis concentrate among hash enthusiasts.
Why Choose Bubble Hash?
Solventless Extraction
Bubble Hash is produced without chemical solvents, offering a cleaner and more natural cannabis concentrate experience.
Rich Flavor & Aroma
Enjoy a terpene-rich profile with earthy, sweet, herbal, and sometimes fruity notes depending on the strain used.
Potent & Long-Lasting Effects
Bubble Hash is known for delivering strong relaxing effects, uplifting sensations, and a smooth, enjoyable high.
Smooth Full-Melt Experience
High-quality Bubble Hash melts evenly and cleanly, making it ideal for smoking, vaporizing, or dabbing.
Effects of Bubble Hash
Users commonly report effects such as:
Deep relaxation
Euphoria
Calm mood
Creative uplift
Stress relief
Effects may vary based on strain, potency, and dosage.
How to Use Bubble Hash
Bubble Hash can be enjoyed in multiple ways:
Sprinkled into joints or blunts
Added to bowls or pipes
Vaporized with compatible devices
Dabbed using concentrate setups
Beginners should start with smaller amounts due to its potency.
Buy Bubble Hash Online
If you’re searching for a premium solventless cannabis concentrate with smooth texture, rich terpene flavor, and powerful effects, Bubble Hash is a top-tier choice. Its natural extraction process and clean melt quality make it highly popular among cannabis concentrate enthusiasts.
Explore Bubble Hash today and discover why this classic cannabis concentrate continues to be a favorite for flavor, purity, and potency.
Frequently Asked Questions (FAQ) — Bubble Hash
Q1: What is Bubble Hash?
Bubble Hash is a premium solventless concentrate produced by gently agitating cannabis flower in ice-cold water, then filtering the trichome heads through a graduated series of micron screens, the classic “bubble bag” method. The separated resin is freeze-dried and carefully cured to preserve its full cannabinoid and terpene profile. No solvents, heat-presses, or chemical washes are ever introduced. What you receive is pure, unadulterated trichome resin in a granular, sandy-to-pliable form optimized for flavor and melt performance.
Q2: Is Bubble Hash solventless?
Yes. One-hundred percent. The extraction relies exclusively on mechanical separation via ice water and micron filtration. There is zero butane, propane, ethanol, CO₂, or any other solvent involved at any stage. Every batch is independently lab-tested for residual solvents to confirm its mechanical purity.
Q3: What does it smell and taste like?
Because Bubble Hash preserves the full volatile terpene fraction of the source cultivar, the aroma is bright, complex, and true to the flower, typically sharp citrus, fresh pine, ripe tropical fruit, or classic diesel, depending on the specific batch. The flavor is clean and immediate, with none of the chemical aftertaste or carbonized harshness that can accompany solvent extracts. On a low-temp dab or vaporizer, it expresses as a smooth, terpene-rich wave that mirrors the flower’s profile with amplified density.
Q4: What is the texture and appearance?
Premium Bubble Hash presents as a granular, sandy-to-resinous kief with a color range from pale blonde to warm golden. The highest grades are soft and pliable when lightly pressed, crumbling cleanly between the fingers without turning to dust. Lower grades may be slightly sandier, but every batch we release is selected from the finest micron fractions for a cohesive, resin-rich texture that melts rather than burns.
Q5: How do I consume Bubble Hash?
The connoisseur’s choice is low-temperature dabbing (approximately 475–500°F / 245–260°C) on clean quartz or ceramic. This fully vaporizes the resin without scorching the delicate terpenes. Bubble Hash also performs excellently when layered on top of flower in a pipe or bowl, or vaporized in a concentrate-compatible device with a mesh pad. Because it is granular, a small scoop or dab tool is helpful for precise portioning. Avoid direct flame contact; indirect heat preserves the full flavor arc.
Q6: How do I dose it?
Bubble Hash is concentrated trichome resin, so a small quantity delivers significantly more potency than raw flower. For dabbing, start with a crumb roughly the size of a matchstick head. For topping flower, a light sprinkle, no more than a thin layer, is sufficient to elevate the session without overwhelming the palate. Wait several minutes after your first inhalation to assess the effect before adding more. Precision is easier than with dense plates thanks to the granular, free-flowing texture.
Q7: Is Bubble Hash “full melt”?
Our premium Bubble Hash is selected from the finest micron fractions and qualifies as full melt or near full melt. When exposed to a heated surface, it liquefies into a clear, bubbling oil and leaves behind little to no carbonaceous residue. The cleanliness of the melt is a direct reflection of the purity of the trichome separation and the absence of plant contaminants. For the cleanest experience, dab at low temperatures and keep your nail or ceramic surface free of old buildup.
Q8: How should I store it?
Store Bubble Hash in an airtight, non-reactive container (glass or premium silicone) inside a cool, dark place. We recommend maintaining 58–62% relative humidity to preserve the granular-to-pliable texture. Excessive dryness will cause the resin to become brittle and dusty; excessive humidity can encourage microbial instability. Kept properly sealed with its included humidity pack, it will maintain its aroma, potency, and melt quality for months.
Q9: Is it lab-tested?
Absolutely. Every batch is submitted to an independent third-party laboratory for comprehensive analysis. Your Certificate of Analysis includes total cannabinoid potency, full terpene profile, microbial screening, heavy-metal testing, and residual solvent verification, all specific to the jar in your hand, not a generic template. Transparency is non-negotiable for a true solventless product.
Q10: How is it packaged and shipped?
Your Bubble Hash is heat-sealed inside medical-grade, multi-layer smell-proof barrier film and placed in rigid, unmarked outer packaging. We fulfill from regional EU nodes to minimize transit time and customs exposure. There is no external branding, no odor leakage, and no indication of contents. During warmer months, cold-chain protocols are applied to protect terpene stability and prevent the granular resin from clumping or sweating in transit.
Q11: How does Bubble Hash compare to mousse hash or dry ice hash?
All three are elite solventless formats, but they offer distinct textures and user experiences. Bubble Hash (ice water) is granular and sandy, optimized for low-temp dabbing and true full-melt performance. Mousse hash is whipped into a pale, airy, creamy consistency with a focus on protecting volatile terpenes through reduced surface exposure. Dry Ice Hash is the driest, most stable kief form, produced without any water contact at all. Bubble Hash sits in the middle: water-purified for exceptional cleanliness, but with a rich, resinous melt that serious dabbers prize above all else.
Q12: Can I collect Bubble Hash, or is it only for immediate consumption?
Bubble Hash is absolutely a collector-grade product. Properly stored in a cool, dark environment with stable humidity, it retains its potency, color, and terpene integrity for months. Many connoisseurs cellar their finest full-melt hashes to compare fresh and aged expressions of the same batch. Each release is batch-specific and traceable, making it a worthy addition to any serious solventless archive.","Bubble Hash is a premium, full-melt solventless concentrate crafted through pure ice-water agitation and precision micron separation. Zero solvents, zero additives, just pristine trichome resin preserved in its natural, granular golden form. Selected from the finest fractions for exceptional melt performance and bright, true-to-cultivar terpenes, it delivers clean, potent, flavor-forward elevation. Lab-tested for purity and potency, shipped discreetly across the EU with cold-chain freshness guaranteed.",230,230,EUR,True,Static Sift Hash,,,
frozenhashish:8009,https://frozenhashish.com/product/broker-farm-hash-2/,broker-farm-hash-2,Broker Farm Hash,"Broker Farm Hash – Premium Cannabis Concentrate with Rich Flavor & Potent Effects
Discover the smooth texture and powerful experience of
Broker Farm Hash
, a premium cannabis concentrate crafted for enthusiasts who value quality, purity, and consistency. Known for its terpene-rich aroma, refined texture, and long-lasting effects, Broker Farm Hash delivers a flavorful and satisfying concentrate experience for both casual and experienced cannabis users.
What Is Broker Farm Hash?
Broker
Farm Hash is a high-quality cannabis concentrate
produced using carefully selected resin-rich cannabis strains and advanced extraction techniques. Designed to preserve cannabinoids and terpenes, this premium hash offers a clean, smooth, and potent smoking experience.
Its refined consistency and rich flavor profile make Broker Farm Hash a standout option among premium cannabis concentrates.
Why Choose Broker Farm Hash?
Premium Extraction Quality
Broker Farm Hash is crafted using refined sifting and extraction methods that help preserve purity, flavor, and potency.
Rich Flavor & Aroma
Enjoy a smooth blend of earthy, sweet, herbal, and spicy terpene notes that enhance every session.
Potent & Relaxing Effects
This premium hash concentrate is known for delivering calming body effects, uplifting sensations, and long-lasting relaxation.
Smooth Smoking Experience
Broker Farm Hash burns evenly and cleanly, making it suitable for joints, pipes, bowls, and vaporizers.
Effects of Broker Farm Hash
Users commonly report effects such as:
Relaxation
Euphoria
Calm mood
Stress relief
Full-body comfort
Effects may vary depending on dosage and tolerance.
How to Use Broker Farm Hash
Broker Farm Hash can be enjoyed in several ways:
Mixed into joints or blunts
Added to bowls or pipes
Vaporized using compatible devices
Pressed into rosin concentrates
Beginners should start with smaller amounts because of its potency.
Buy Broker Farm Hash Online
If you’re looking for a premium cannabis concentrate with smooth texture, rich flavor, and powerful effects, Broker Farm Hash is an excellent choice. Its high-quality craftsmanship and terpene-rich profile make it popular among cannabis concentrate enthusiasts seeking reliable and flavorful hash products.
Explore Broker Farm Hash today and experience a premium concentrate designed for smooth sessions, rich flavor, and lasting satisfaction.","Lab Tested
Discreet Shipping
Secure Checkout
Satisfaction Guaranteed",0,0,EUR,False,Static Sift Hash,,,
frozenhashish:7993,https://frozenhashish.com/product/120u-premium-hash/,120u-premium-hash,120u Premium Hash,"120u Premium Hash – High-Quality Full Melt Cannabis Concentrate
Experience the purity and potency of
120u Premium Hash
, a top-tier cannabis concentrate crafted for enthusiasts who value rich flavor, smooth texture, and high resin quality. Known for its refined micron filtration process, terpene-rich aroma, and strong relaxing effects, 120u Premium Hash delivers a clean and flavorful concentrate experience with exceptional consistency.
What Is 120u Premium Hash?
120u Premium Hash is a
premium cannabis concentrate
produced using carefully selected trichomes filtered through a 120-micron screen. This process helps isolate high-quality resin glands while preserving cannabinoids and terpenes for maximum flavor and potency.
Its smooth texture, clean melt, and rich aroma make 120u Premium Hash highly sought after among cannabis concentrate enthusiasts.
Why Choose 120u Premium Hash?
High-Quality Resin Extraction
The 120-micron filtration process helps create a refined concentrate packed with pure trichomes and minimal plant material.
Rich Flavor & Aroma
Enjoy a terpene-rich profile featuring earthy, sweet, herbal, and slightly spicy notes for a smooth and flavorful experience.
Potent & Long-Lasting Effects
120u Premium Hash is known for delivering powerful relaxing effects, uplifting sensations, and long-lasting satisfaction.
Smooth Full Melt Experience
This premium hash burns evenly and cleanly, making it ideal for smoking, vaporizing, or pressing into rosin concentrates.
Effects of 120u Premium Hash
Users commonly report effects such as:
Deep relaxation
Euphoria
Calm mood
Creative uplift
Stress relief
Effects may vary depending on dosage and tolerance.
How to Use 120u Premium Hash
120u Premium Hash can be enjoyed in multiple ways:
Mixed into joints or blunts
Added to bowls or pipes
Vaporized with compatible devices
Pressed into premium rosin concentrates
Beginners should start with smaller amounts due to the concentrate’s potency.
Buy 120u Premium Hash Online
If you’re searching for a premium cannabis concentrate with smooth texture, rich terpene flavor, and strong effects, 120u Premium Hash is an excellent choice. Its refined extraction quality and clean melt make it popular among hash enthusiasts seeking high-end cannabis concentrates.
Explore 120u Premium Hash today and enjoy a premium concentrate experience designed for flavor, purity, and potency.
Frequently Asked Questions: 120u Premium Hash
What does “120u” mean?
It refers to the 120-micron screen size used during solventless extraction. Producers separate trichomes by size during filtration, and 120 microns is considered a favorable range for capturing mature, resin-rich trichome heads.
How is 120u Premium Hash made?
Through mechanical/static sift methods,  trichomes are gently separated from cannabis material using screens, then dried and refined without aggressive processing, aiming to preserve terpene content and trichome structure.
What does it look and feel like?
Described as soft, pliable, and resin-rich in texture, with a light golden to sandy color reflecting careful selection and processing.
What does it taste like?
Flavor is described as rich and generally true to the source strain’s original terpene profile, varying depending on the cannabis used.
How does it melt?
Marketed as melting evenly with minimal residue when heated, a sign of higher purity within this micron range.
What effects does it produce?
Described as building gradually rather than hitting all at once, a relaxing body effect paired with clear, calm mental focus, and a subtle uplifting quality. Positioned as suitable for both daytime and evening use.
Is “120u Premium Hash” one specific product?
Not exactly, it’s sold under this name across multiple unaffiliated storefronts (with different specific strains, like one listing citing “Forbidden Kush”), so it functions more as a grade/style designation than a single controlled product line.
How should it be stored?
Cool, dark, and airtight, standard for preserving terpenes and potency in any solventless concentrate.
Is it lab-tested?
Yes. Every batch is independently lab-tested for purity and potency, with results available on request.
Is it legal to buy or use?
Depends entirely on your jurisdiction, cannabis concentrate legality varies by country and, in the US, by state. Check local law before purchasing or using.","Lab Tested
Discreet Shipping
Secure Checkout
Satisfaction Guaranteed",85,85,EUR,True,Static Sift Hash,,,
frozenhashish:7927,https://frozenhashish.com/product/sahas-terps-hash-concentrate/,sahas-terps-hash-concentrate,Sahas Terps Hash,"Sahas Terps Hash Concentrate – Premium Terpene-Rich Cannabis Extract
Sahas Terps hash concentrate
is a premium cannabis extract crafted for enthusiasts who appreciate bold terpene flavor, smooth consistency, and powerful full-spectrum effects. Known for its aroma-packed profile and artisanal concentrate quality, Sahas Terps hash concentrate delivers a refined cannabis experience focused on purity, flavor preservation, and potency.
Produced using carefully selected cannabis genetics and quality-focused extraction techniques, Sahas Terps hash concentrate preserves the plant’s natural cannabinoids and terpene compounds for a flavorful and satisfying session. Designed for modern hash connoisseurs, this concentrate stands out for its rich taste, clean finish, and premium craftsmanship.
Why Choose Sahas Terps Hash Concentrate?
Sahas Terps
hash concentrate
is made with a strong emphasis on terpene retention and concentrate quality. Small-batch production helps maintain freshness and consistency while delivering an authentic full-spectrum cannabis experience.
Key highlights include:
Premium terpene-rich hash concentrate
Bold aroma and layered flavor profile
Potent and balanced full-spectrum effects
Smooth and clean consumption experience
Crafted using premium cannabis strains
Flavor Profile & Aroma
One of the defining features of Sahas Terps hash concentrate is its intense terpene expression. Depending on the strain and batch, users may notice earthy, citrus, fruity, piney, sweet, spicy, or gassy notes layered throughout the session.
Its strong natural aroma reflects the purity of the extraction process and enhances the experience for flavor-focused cannabis enthusiasts.
Effects & Experience
Sahas Terps hash concentrate is often praised for delivering relaxing, euphoric, and long-lasting effects. Many users enjoy its balanced profile for evening relaxation, social sessions, or enhancing creative moments while still appreciating the flavorful terpene experience.
Its smooth consistency and flavorful finish make it suitable for both experienced concentrate users and newcomers exploring premium cannabis extracts.
Best Ways to Enjoy
Sahas Terps hash concentrate can be consumed in several ways:
Dabbing for maximum terpene flavor and potency
Vaporizing for cleaner concentrate sessions
Mixing with flower for enhanced effects
Low-temperature consumption for optimal flavor preservation
Premium Craft Hash for Modern Enthusiasts
As terpene-focused concentrates continue to dominate the cannabis market,
Sahas Terps hash concentrate
stands out for its flavorful profile, artisanal quality, and full-spectrum effects. Combining modern extraction standards with premium cannabis genetics, it delivers a high-end concentrate experience for today’s cannabis enthusiasts.
If you’re looking for a premium terpene-rich extract with smooth flavor and satisfying potency, Sahas Terps hash concentrate is a standout option worth exploring.
Frequently Asked Questions: Sahas Terps Hash
What is Sahas Terps Hash?
A terpene-rich, handcrafted hash concentrate marketed as combining traditional hash-making craftsmanship with an emphasis on preserving the plant’s natural terpene profile.
How is it made?
Listed under the “static sift” category by at least one seller, suggesting it’s produced using a static sift extraction method, separating trichomes from plant material using electrostatic attraction rather than solvents. Another listing for a similarly-named product (“Sasha Terps”) describes solventless extraction methods generally, without more specific detail.
What does it look and feel like?
Described as having a deep golden-brown tone with a pliable, sticky texture, noted as easy to roll into a joint, crumble for a pipe, or use in a vaporizer.
What does it taste and smell like?
Described as bursting with layered aromas, citrus zest, herbal spice, earthy pine, and subtle sweetness — with a smooth, flavorful smoke and lingering finish.
What effects does it produce?
Listings describe an uplifting cerebral effect paired with calming body relaxation, a well-rounded, dynamic high.
Is “Sahas Terps” sold under different spellings?
Yes, it appears across sources as both “Sahas Terps” and “Sasha Terps,” sold through multiple unaffiliated storefronts, which is a sign the branding is used loosely across different sellers rather than referring to one single controlled product.
Is it lab-tested?
Yes. Every batch is independently lab-tested for purity and potency, with results available on request.
How should it be stored?
Cool, dark, and airtight, standard practice for preserving terpene content and potency in any hash concentrate.
Is it legal to buy or use?
Depends entirely on your jurisdiction, cannabis concentrate legality varies by country and, in the US, by state. Check local law before purchasing or using.","Lab Tested
Discreet Shipping
Secure Checkout
Satisfaction Guaranteed",100,100,EUR,True,Static Sift Hash,,,
frozenhashish:7922,https://frozenhashish.com/product/illuminaty-farmz-hash-for-sale/,illuminaty-farmz-hash-for-sale,illuminaty Farmz Hash,"Illuminaty Farmz Hash Concentrate – Premium Craft Cannabis Extract
Illuminaty Farmz hash concentrate
is a premium cannabis extract
created for enthusiasts who value rich terpene flavor, smooth consistency, and powerful full-spectrum effects. Known for its artisanal craftsmanship and quality-focused production, Illuminaty Farmz hash concentrate delivers a refined cannabis experience designed for modern concentrate connoisseurs.
Produced using carefully selected cannabis genetics and advanced extraction techniques, Illuminaty Farmz hash concentrate preserves the plant’s natural cannabinoids and aromatic terpene profile. The result is a clean, flavorful, and potent concentrate that stands out for both quality and consistency.
Why Choose Illuminaty Farmz Hash Concentrate?
Illuminaty Farmz
hash concentrate
is crafted in small batches to maintain freshness, purity, and terpene integrity. Every batch is designed to deliver a balanced experience that combines potency with smooth flavor and aroma.
Key highlights include:
Premium cannabis hash concentrate
Rich terpene flavor and aromatic profile
Potent full-spectrum cannabis effects
Smooth and clean consumption experience
Crafted using high-quality cannabis strains
Flavor Profile & Aroma
One of the standout qualities of Illuminaty Farmz hash concentrate is its terpene-rich flavor profile. Depending on the strain and batch, users may experience earthy, citrus, sweet, piney, spicy, or gassy notes layered throughout the session.
Its bold natural aroma reflects the quality of the extraction process while enhancing the overall concentrate experience for terpene-focused users.
Effects & Experience
Illuminaty Farmz hash concentrate is often praised for delivering relaxing, euphoric, and long-lasting effects. Users commonly enjoy its balanced profile for unwinding after a long day, enhancing creative moments, or enjoying premium cannabis sessions with friends.
Its combination of smoothness and potency makes it appealing to both experienced concentrate users and newcomers exploring premium hash extracts.
Best Ways to Enjoy
Illuminaty Farmz hash concentrate can be consumed in several ways:
Dabbing for maximum potency and flavor
Vaporizing for cleaner terpene-rich sessions
Mixing with flower for enhanced effects
Low-temperature consumption for flavor preservation
Premium Craft Hash for Modern Cannabis Enthusiasts
As demand for premium cannabis concentrates continues to grow, Illuminaty Farmz hash concentrate stands out for its quality craftsmanship, flavorful profile, and full-spectrum effects. Combining modern extraction standards with high-end cannabis genetics, it delivers a premium concentrate experience worth exploring.
Why Buy Illuminaty Farmz Hash Online From Our Website
1. Solventless Mechanical Purity
Made entirely through ice-water extraction and precision micron separation — zero butane, CO₂, or chemical solvents. You get intact, full-spectrum trichome resin with zero residual hydrocarbons.
2. Farm-Direct Terpene Fidelity
Sourced from curated Illuminaty Farmz cultivars and processed to preserve the living plant’s full aromatic profile. Every batch captures the authentic flavor and complexity of the lineage, not a stripped-down or oxidized shadow of it.
3. Lab-Certified, Batch by Batch
Each unit ships with an independent Certificate of Analysis: cannabinoid potency, full terpene breakdown, microbial screening, and residual solvent testing. Exact data for your specific batch, no generic sheets.
4. Fast, Discreet EU Shipping
Regional EU fulfillment nodes mean short transit times and minimal customs exposure. Sealed in medical-grade smell-proof film inside rigid, unmarked packaging. Quick processing, cold-chain protected, delivered fresh and entirely private.
5. Premium Texture, Easy to Work With
Whether pressed or whipped, the format is chosen to match the resin’s natural behavior — stable, doseable, and clean-handling. No wasted dust, no brittle crumble, no sticky mess. Just precision hash ready for your preferred ritual.
6. Collector-Grade, Limited Availability
Small-batch, lineage-specific releases produced for connoisseurs, not mass-market bulk. When you buy from our platform, you secure verified, traceable, farm-direct hash that belongs in a serious collection.
Frequently Asked Questions (FAQ) — Illuminaty Farmz Hash
1. What is Illuminaty Farmz Hash?
It is a premium, solventless cannabis concentrate produced from curated cultivars grown under the Illuminaty Farmz standard. The resin is extracted mechanically using ice water and graded micron separation, then refined and pressed into a dense, stable hash format. No chemical solvents, no artificial additives — just purified trichome heads capturing the full cannabinoid and terpene spectrum of the source genetics.
2. Is this product solventless?
Yes. Absolutely no butane, propane, CO₂, ethanol, or hydrocarbon solvents are used at any stage. The entire process relies on ice water, gentle agitation, and mechanical filtration through precision screens. The resulting resin is then cold-pressed and slow-cured into its final form, verified by independent lab testing for zero residual solvents.
3. What does the texture feel like?
Illuminaty Farmz Hash is dense, refined, and slightly pliable at room temperature. It possesses a smooth, satin-like exterior that yields cleanly when warmed between your fingers, breaking into manageable pieces without crumbling into dry dust or sticking to surfaces. The interior is rich and resinous, indicative of a full-melt or near-full-melt grade wash that has been expertly consolidated for ease of handling and precise dosing.
4. What is the best way to consume it?**
For optimal flavor and effect, we recommend low-temperature methods:
Low-temp dabbing
(420–460°F / 216–238°C) on a quartz banger or clean nail, optionally with a mesh pad if the hash is particularly refined.
Vaporization
in a concentrate-compatible device with a mesh basket or liquid pad.
Flower topper
crumbled or shaved over ground flower in a bowl, using indirect flame or a hemp wick to avoid scorching.
Traditional hash pipe
with a fine screen and gentle, hovering heat.
Because this is a high-grade solventless resin, excessive heat will rapidly destroy the volatile terpenes that define its character.
5. How should I store it?
Store in an airtight, UV-protected container in a cool, dark place. We recommend maintaining 58–62% relative humidity and temperatures below 20°C to preserve the resin’s pliability and aromatic integrity. Avoid direct sunlight, heat sources, and frequent opening of the container, which introduces oxygen and accelerates terpene degradation. Properly stored, it remains stable for up to 18 months, with peak freshness within the first 6–12 months.
6. Does it ship with lab results?
Yes. Every unit includes a complete independent Certificate of Analysis covering total cannabinoid potency, full terpene profile, microbial contamination screening, heavy metals, and residual solvent verification. You receive the exact batch data for your specific unit, never a generic or pooled specification sheet.
7. Is Illuminaty Farmz Hash legal in the EU?
Our product is marketed and sold as a hemp-derived or THCA-rich concentrate with Δ9-THC levels at or below the 0.3% threshold in compliance with EU hemp regulations at the time of production. Laws vary by member state and are subject to change. We strongly recommend reviewing your local jurisdiction’s regulations before ordering. This product is intended for adult collectors and connoisseurs of legal age.
8. How is it packaged for shipping?
Orders are sealed in medical-grade, multi-layer smell-proof barrier film and placed inside rigid, unmarked outer packaging. We use regional EU fulfillment nodes to minimize transit time and reduce customs exposure. Cold-chain protection is employed where necessary to preserve the hash’s moisture balance and prevent terpene loss during transport. No external branding, no odor leakage, no unnecessary attention.
9. How does Illuminaty Farmz Hash compare to dry sift, bubble hash, or traditional pressed hash?
Traditional hash often involves hand-rubbing or heat-pressing cured plant material, which oxidizes terpenes and darkens the resin. Dry sift uses mechanical agitation without water, yielding a sandy, particulate texture. Standard bubble hash uses ice water but is often sold as loose, unpressed trichomes. Illuminaty Farmz Hash combines the purity of ice-water extraction with expert pressing and curing, resulting in a consolidated, stable format that is easier to handle, dose, and store than loose sift — while retaining the full-spectrum complexity that heat-processed traditional hash sacrifices.
10. Who is this product best suited for?
It is designed for experienced consumers, collectors, and connoisseurs who demand solventless purity, verified lab transparency, and the complete aromatic expression of premium cultivars. If you value farm-direct sourcing, mechanical extraction integrity, and a dense, refined hash that handles cleanly and doses precisely, this belongs in your collection.
11. What is the cannabinoid potency?
Potency varies by batch and cultivar. The current lot typically tests between 50% and 65% total cannabinoids, with THCA as the dominant cannabinoid. Exact percentages are printed on your included Certificate of Analysis. As a full-spectrum, mechanically separated resin, the entourage effect is pronounced and contributes to its depth and duration.
12. Can I use it for edibles?
While technically possible, we do not recommend using Illuminaty Farmz Hash for edibles. Its value lies in its delicate, strain-specific terpene complexity and refined aromatic profile, both of which are destroyed during decarboxylation. It is best enjoyed as a concentrate via vaporization or low-temperature dabbing to fully appreciate the nuance and craftsmanship of the extraction.","Lab Tested
Discreet Shipping
Secure Checkout
Satisfaction Guaranteed",70,70,EUR,True,Static Sift Hash,,,
frozenhashish:7917,https://frozenhashish.com/product/concrete-farm-hash-for-sale/,concrete-farm-hash-for-sale,Concrete Farm Hash,"Concrete Farm Hash For Sale – Premium Craft Cannabis Extract
Concrete Farm hash For Sale
, concentrate
is a premium cannabis extract crafted for enthusiasts who appreciate bold terpene flavor, potent full-spectrum effects, and high-quality concentrate craftsmanship. Known for its clean consistency, rich aroma, and powerful experience, Concrete Farm
hash concentrate
has become a standout option among cannabis users seeking top-tier extracts with authentic character.
Produced using carefully selected cannabis genetics and quality-focused extraction methods, Concrete Farm hash For Sale, concentrate preserves the plant’s natural cannabinoids and terpene profile for a flavorful and satisfying experience. Whether enjoyed for relaxation, creativity, or pure flavor appreciation, this concentrate delivers premium quality in every session.
Why Choose Concrete Farm Hash Concentrate?
Concrete Farm
hash concentrate
is designed for users who value purity, flavor retention, and consistency. Small-batch production and careful processing help maintain freshness while preserving the natural essence of the cannabis plant.
Key highlights include:
Premium cannabis hash concentrate
Rich terpene aroma and flavor
Potent and balanced full-spectrum effects
Smooth and clean consumption experience
Crafted using high-quality cannabis strains
Flavor Profile & Aroma
One of the defining features of Concrete Farm hash concentrate is its layered terpene profile. Depending on the strain and batch, users may experience earthy, citrus, piney, spicy, sweet, or gassy notes that create a rich and enjoyable concentrate session.
Its strong natural aroma reflects the quality of the extraction process and enhances the overall experience for flavor-focused cannabis enthusiasts.
Effects & Experience
Concrete Farm hash concentrate is often praised for delivering relaxing, euphoric, and long-lasting effects. Many users enjoy its balanced experience for evening sessions, social settings, or simply unwinding after a long day.
Its combination of potency and smoothness makes it suitable for both experienced concentrate users and those exploring premium hash extracts for the first time.
Best Ways to Enjoy
Concrete Farm hash concentrate can be enjoyed in several ways:
Dabbing for maximum potency and terpene flavor
Vaporizing for a cleaner cannabis experience
Mixing with flower for enhanced sessions
Low-temperature consumption for flavor preservation
Premium Craft Hash for Modern Enthusiasts
As premium concentrates continue to grow in popularity, Concrete Farm hash concentrate stands out for its artisanal quality, flavorful profile, and reliable potency. Combining modern extraction standards with terpene-rich cannabis genetics, it offers a refined full-spectrum experience for today’s cannabis enthusiasts.
Frequently Asked Questions: Concrete Farm Hash
What is Concrete Farm Hash?
A premium, small-batch hash marketed around purity, texture, and resin quality, made using solventless techniques (multiple listings cite static sift as the specific method).
How is it made?
Described as a static sift process, trichomes are separated from cannabis material using electrostatic attraction (static electricity) rather than solvents, aiming to preserve terpenes and cannabinoids while minimizing plant material.
What does it look and feel like?
Described as soft and workable in texture, with color ranging from light golden-brown to deep amber, reportedly signaling careful curing and high resin content.
What does it taste and smell like?
Described as clean and earthy/herbal at first, with subtle sweetness and fresh plant notes underneath.
What effects does it produce?
Listings describe a balanced, calming effect, easing the body while keeping the mind clear — with smoke described as creamy and mild rather than harsh.
What strains is it made from?
Different listings mention different strain-specific variants, including Z Punch, Black Garlic, Skywalker, Monkey Banana, Fuel OG, Forbidden Fruit, Slurricane, and Purple Punch, suggesting the “Concrete Farm(s)” name covers a range of strain-specific hash products rather than one single strain.
Is “Concrete Farm(s) Hash” one single controlled product?
Not really,  it’s sold under slightly different names (“Concrete Farm” vs. “Concrete Farms”) across many unaffiliated storefronts, with varying levels of claimed craftsmanship, sustainability, and shipping origin (one lists an LA fulfillment center; others are Europe-based). This pattern suggests widespread reuse of similar branding/marketing copy across unrelated sellers rather than one controlled product line.
Is it lab-tested?
Yes. Every batch is independently lab-tested for purity and potency, with results available on request.
How should it be stored?
Cool, dark, and airtight, standard for preserving potency and terpene content in any hash concentrate.
Is it legal to buy or use?
Depends entirely on your jurisdiction, cannabis concentrate legality varies by country and, in the US, by state. Check local law before purchasing or using.","Lab Tested
Discreet Shipping
Secure Checkout
Satisfaction Guaranteed",250,250,EUR,True,Static Sift Hash,,,
frozenhashish:7900,https://frozenhashish.com/product/cali-plates-wpff-hash/,cali-plates-wpff-hash,Cali Plates WPFF Hash,"Cali Plates WPFF Hash Concentrate – Premium Full Spectrum Cannabis Extract
Cali Plates WPFF hash concentrate
is a premium solventless cannabis extract
crafted for enthusiasts who value purity, terpene preservation, and powerful full-spectrum effects. Made using
WPFF (Whole Plant Fresh Frozen)
extraction methods, this high-end hash concentrate captures the freshest possible expression of the cannabis plant, delivering exceptional flavor, aroma, and potency in every session.
Inspired by
California’s elite cannabis culture and concentrate craftsmanship, Cali Plates WPFF hash concentrate
is produced from freshly harvested cannabis that is immediately frozen to preserve cannabinoids and delicate terpene compounds before extraction. The result is a clean, flavorful, and highly aromatic concentrate favored by modern hash connoisseurs.
Why Choose Cali Plates WPFF Hash Concentrate?
Cali Plates WPFF hash concentrate is designed for users seeking a premium solventless experience with maximum terpene retention and authentic strain flavor. Every batch is carefully crafted using quality-focused extraction techniques and high-grade cannabis genetics.
Key highlights include:
Premium WPFF (Whole Plant Fresh Frozen) extraction
Rich terpene preservation and bold aroma
Potent full-spectrum cannabis effects
Solventless concentrate craftsmanship
Smooth and flavorful consumption experience
Flavor Profile & Aroma
One of the defining features of Cali Plates WPFF hash concentrate is its intense terpene-rich flavor profile. Depending on the strain and batch, users may notice notes of citrus, gas, pine, earth, sweetness, spice, or tropical fruit layered throughout the session.
Its vibrant aroma reflects the freshness of the frozen plant material and helps preserve the original character of the cannabis strain.
Effects & Experience
Cali Plates WPFF hash concentrate is often praised for delivering clean, powerful, and long-lasting effects. Users commonly describe the experience as euphoric, relaxing, uplifting, and deeply flavorful, making it suitable for experienced concentrate enthusiasts who appreciate premium-quality extracts.
Its full-spectrum profile allows users to experience the natural balance of cannabinoids and terpenes preserved during extraction.
Best Ways to Enjoy
Cali Plates WPFF hash concentrate can be consumed in several ways:
Dabbing for maximum flavor and potency
Vaporizing with compatible concentrate devices
Low-temperature consumption for terpene preservation
Enhancing flower sessions for added strength
Premium Solventless Craftsmanship
As demand for solventless cannabis extracts continues to rise, Cali Plates WPFF hash concentrate stands out for its freshness, terpene intensity, and artisanal production quality. Its use of Whole Plant Fresh Frozen extraction helps deliver one of the cleanest and most flavorful hash experiences available in today’s concentrate market.
Why Buy Cali Plates WPFF Hash Online From Our Website
1. Whole Plant Fresh Frozen, Solventless Purity
We flash-freeze the entire plant immediately after harvest, then mechanically separate trichome heads using ice water and precision micron screening. No solvents, no curing-room degradation — just raw, living-resin chemistry pressed into a stable, dense plate.
2. Peak Terpene Preservation
Because the plant never dries or cures, the volatile terpenes that normally evaporate during traditional processing remain fully intact. The result is a brighter, more aromatic, and more complex flavor profile than standard dry-flower extracts.
3. Lab-Certified, Batch by Batch
Every plate ships with its own independent Certificate of Analysis: total cannabinoid potency, full terpene profile, microbial screening, and residual solvent verification. Exact data for your specific batch — no generic spec sheets.
4. Fast, Discreet EU Shipping
Regional EU fulfillment nodes mean short transit times and minimal customs exposure. Each plate is sealed in medical-grade, smell-proof barrier film inside rigid, unmarked packaging. Quick processing, private delivery, cold-chain protected where needed.
5. Dense Plate Format, Zero Waste
Pressed into a stable, snap-clean slab that crumbles exactly when you want it to. No static-charged dust, no messy handling, no guesswork,  just precise dosing and easy storage in any standard concentrate container.
Frequently Asked Questions — Cali Plates WPFF Hash
1. What is Cali Plates WPFF Hash?
WPFF stands for *Whole Plant Fresh Frozen*. Immediately after harvest, the entire living plant is flash-frozen to lock in its peak cannabinoid and terpene chemistry. We then extract the resin mechanically using ice water and graded micron bags, collect the trichome heads, dry them, and press the purified full-melt resin into a dense, stable Cali Plate. The result is a solventless concentrate that captures the plant’s raw, living profile, never dried, never cured, never chemically stripped.
2. Is this product solventless?
Yes. Absolutely no butane, propane, CO₂, ethanol, or chemical solvents are used at any stage. The extraction relies solely on ice water, gentle agitation, and mechanical separation through fine screens. The resin is then cold-pressed into plates without heat or oxidation. Your lab report will verify zero residual hydrocarbons.
3. What does the texture feel like?
Because it originates from fresh-frozen material, Cali Plates WPFF Hash carries a uniquely sticky, resin-rich interior beneath its firm pressed exterior. At room temperature it is dense and rigid like other Cali Plates; when gently warmed between your fingers, it becomes noticeably tackier and more pliable than dry-sift plates, crumbling into a wet-sand consistency that clings together rather than falling apart into dry dust.
4. What is the best way to consume it?
WPFF resin is rich in volatile terpenes and can unpress into fine, sticky particles, so we recommend using a
mesh screen or pad
with any method:
Low-temperature dabbing
(420–460°F / 216–238°C) with a stainless steel mesh pad in the banger to prevent particulate pull-through and preserve delicate fresh-frozen terpenes.
Vaporization
in a concentrate device fitted with a mesh basket or steel-wool barrier.
Topping flower
in a bowl, using indirect flame to avoid scorching the fine resin particles.
Traditional pipe or hash chalice
with a fine screen and gentle, hovering heat.
Avoid excessive temperatures, which rapidly degrade the volatile monoterpenes that make WPFF distinct.
5. How should I store it?
Store in an airtight, UV-protected container in a cool, dark place. Because WPFF resin retains more fresh-plant moisture and volatile terpenes than dried-flower extracts, stable humidity and temperature are critical. We recommend 58–62% RH and temperatures below 20°C. Properly stored, it remains stable for up to 12 months, with peak aromatic brilliance within the first 3–6 months.
6. Does it ship with lab results?
Yes. Every unit includes a complete independent Certificate of Analysis covering cannabinoid potency, full terpene profile, microbial screening, heavy metals, and residual solvent testing. You receive the specific batch data for your plate, not a generic specification sheet.
7. Is Cali Plates WPFF Hash legal in the EU?
Our product is marketed and sold as a hemp-derived or THCA-rich concentrate with Δ9-THC levels at or below the 0.3% threshold in compliance with EU hemp regulations at the time of production. Laws vary by member state and are subject to change. We strongly recommend reviewing your local jurisdiction’s regulations before ordering. This product is intended for adult collectors and connoisseurs of legal age.
8. How is it packaged for shipping?
Orders are sealed in medical-grade, multi-layer smell-proof barrier film and placed inside rigid, unmarked outer packaging. We use regional EU fulfillment nodes to minimize transit time, reduce customs friction, and protect the plate structure from physical damage and temperature fluctuations that could compromise the WPFF terpene integrity.
9. How does WPFF compare to dry sift or traditional pressed hash?
Dry sift uses dried, cured plant material and mechanical agitation without water; traditional pressed hash often oxidizes and heats the resin during processing, muting terpenes. WPFF bypasses the drying and curing phases entirely by freezing the whole plant immediately after harvest, then washing the resin in ice water. This preserves volatile compounds that normally evaporate during weeks of hang-drying. The result is a brighter, louder, more “alive” aromatic and flavor profile than both dry sift and traditional hash.
10. Who is this product best suited for?
It is ideal for experienced consumers, flavor chasers, and collectors who demand the freshest possible expression of a cultivar. If you prioritize solventless purity, maximum terpene retention, and the unique complexity that only whole-plant fresh-frozen resin can deliver, WPFF belongs at the top of your collection.
11. What is the cannabinoid potency?
Potency varies by batch and cultivar. The current lot typically tests between 55% and 70% total cannabinoids, with THCA as the dominant cannabinoid. Exact percentages are printed on your included Certificate of Analysis. Because WPFF preserves the full living-resin spectrum, the entourage effect is exceptionally pronounced.
12. Can I use it for edibles?
While technically possible, we do not recommend using Cali Plates WPFF Hash for edibles. Its primary value lies in its volatile, fresh-plant terpene complexity and bright aromatic profile, both of which are destroyed by the decarboxylation temperatures required for cooking. It is best enjoyed as a concentrate via vaporization or low-temperature dabbing to experience the full spectrum of what fresh-frozen resin offers.","Lab Tested
Discreet Shipping
Secure Checkout
Satisfaction Guaranteed",200,200,EUR,True,Static Sift Hash,,,
frozenhashish:7812,https://frozenhashish.com/product/coffee-farms-hash/,coffee-farms-hash,Coffee Farms Hash,"Coffee Farms Hash | Buy Premium Hash Europe
Coffee Farms Hash
is part of our premium hash collection, carefully selected for its quality, consistency, and craftsmanship. If you’re looking to
buy premium hash in Europe
, explore our collection featuring detailed product information, secure checkout, and responsive customer support. Shop with confidence and discover a reliable destination for premium hash products.
Key Features Of
Coffee Farms Hash
Production method
: Hand-pressed hashish crafted from high-quality cannabis trichomes (resin glands).
Texture
: Dense and sticky, with a deep golden-brown color.
Flavor/aroma
: Rich, earthy coffee-inspired scent with subtle chocolate notes.
Effects (per listing)
: Described as a balanced combination of relaxation and euphoria, with a clear-headed focus paired with physical relaxation, positioned as suitable for both social and introspective use.
Positioning
: Marketed around heritage/artisanal hash-making traditions, blending traditional techniques with modern quality expectations.
How To Consume
Coffee Farms Hash
Common ways to consume Coffee Farms Hash:
Smoking with flower
— crumbled into a joint or topped on a bowl of ground flower; hand-pressed hash like this typically blends and burns smoothly this way.
Pipe or bong
— placed on a screen or directly on top of flower.
Hash pipe or chillum
— smoked on its own to let the coffee/chocolate flavor profile come through more distinctly.
Vaporizer for concentrates
— a lower-temperature option that avoids combustion and can help preserve the aromatic notes.
Hot knifing
— an older method where a small piece is heated between two hot surfaces and the vapor inhaled through a funnel; less common today due to burn/safety risk.
Why Buy
Coffee Farms Hash Online Form Us Frozen Hashish
When you shop with Frozen Hashish, you’re choosing quality, convenience, and customer satisfaction:
Top-Notch Products:
Our Broker Farm Hash is made using
precision techniques
, ensuring the highest quality possible in every batch.
Lab-Tested for
Purity
:
We prioritize your safety by lab-testing all our products for potency and purity.
Fast & Discreet Shipping:
Get your
Static sift hash
delivered quickly and discreetly to your door.
Exclusive Offers:
Join our community and stay updated on the latest deals and discounts available only at info@frozenhashish.com
Shop Coffee Farms Hash Online |
Buy CBD Hash Online Europe
Explore our premium selection of
Coffee Farms Hash
, carefully chosen for its quality, consistency, and craftsmanship. Whether you’re looking to
buy CBD hash online in Europe
or discover premium hash products, our collection includes detailed product information, secure checkout, and responsive customer support to help you shop with confidence. Enjoy a reliable online shopping experience focused on transparency, quality, and customer satisfaction.
Frequently Asked Questions(FAQ): Coffee Farms Hash
What is Coffee Farms Hash?
A hand-pressed hashish made from cannabis trichomes (resin glands), known for its earthy, coffee-like aroma and deep golden-brown texture.
How is it made?
Hand-press process using high-quality trichome content, trichomes are collected and pressed by hand rather than through solvent-based extraction.
What does it taste and smell like?
Rich and earthy with coffee-inspired notes, plus subtle hints of chocolate, according to the listing description.
What effects does it produce?
Described as a balanced combination of relaxation and euphoria, a clear-headed sense of focus paired with physical relaxation, positioned as suitable for both social and introspective use.
What strain(s) is it made from?
The listing doesn’t specify a particular strain or genetic lineage, it references “the strain used in production” generally without naming it, so the exact genetics aren’t clear from available sources.
Is it organic or artisanal?
The product is marketed around traditional, hand-pressed methods and cannabis-making heritage, though these claims weren’t independently verified.
How should it be stored?
Cool, dark, and airtight,  standard practice for preserving hash texture, flavor, and potency over time.
How does hand-pressed hash compare to dry sift or static sift?
Hand-pressed hash typically involves manually compressing collected trichomes into a solid block, whereas dry/static sift methods focus more on mechanical or electrostatic separation before pressing. Texture and purity can differ as a result.
Is it lab-tested?
Yes. Every batch is independently lab-tested for purity and potency, with results available on request.
Is it legal to buy or use?
Depends entirely on your jurisdiction, cannabis concentrate legality varies by country and, in the US, by state. Check local law before purchasing or using.","Lab-Tested Quality
: Every batch undergoes rigorous third-party testing for potency, purity, safety, discreet shipping.",110,110,EUR,True,Static Sift Hash,,,
frozenhashish:7802,https://frozenhashish.com/product/cali-melts-static-sift-hash/,cali-melts-static-sift-hash,Cali Melts Static Sift Hash,"Cali Melts Static Sift Hash | Buy Premium Static Hash Europe
Cali Melts Static Sift Hash
is part of our premium static hash collection, carefully selected for its quality, consistency, and refined craftsmanship. Whether you’re exploring premium static hash or looking to buy
Cali Melts Static Sift Hash in Europe
, our collection features detailed product information, secure checkout, and responsive customer support to help you shop with confidence.
Key Features Of
Cali Melts Static Sift Hash
Production method
: Made using static electricity (rather than mechanical agitation) to attract and separate trichome heads from plant material, generally yielding higher purity than traditional dry sift.
Resin/screen range
: Commonly screened in the 70–130 micron range, aiming to isolate mature resin heads while minimizing plant contaminants.
Texture/appearance
: Typically lighter in color and softer/smoother in texture than coarser dry sift, due to the more refined separation process.
Flavor/aroma
: Generally described as clean and terpene-forward, with earthy base notes plus strain-specific accents (sweetness, cream, spice, or fuel, depending on the strain used).
Melt quality
: Marketed as melting more smoothly and completely than standard dry sift, due to higher resin purity.
Strain-specific variants
: Often sold across many different named strains (e.g., Chemdawg, Biscotti, MAC, Zkittles) under the same “static hash” production label.
How To Consume
Cali Melts Static Sift Hash
Common ways to consume static sift hash:
Sprinkled on bowls or joints
— added to flower for extra flavor and potency.
Pressed into low-temp rosin
— some people press static sift into rosin using a heat press for a smoother, solventless dab.
Hash pipe or hot knife
— traditional methods for enjoying hash on its own, without mixing into flower.
Vaporizer for concentrates
— since static sift tends to have a cleaner, smoother melt than standard dry sift, it’s often well-suited to lower-temperature vaporization.
Dabbing
— using a rig designed for concentrates; the high purity of static-separated resin generally allows for a cleaner, more complete melt than coarser hash.
Why
Buy
Cali Melts Static Sift Hash Online
From Us
When you shop with Frozen Hashish, you’re choosing quality, convenience, and customer satisfaction:
Top-Notch Products:
Our Broker Farm Hash is made using
precision techniques
, ensuring the highest quality possible in every batch.
Lab-Tested for
Purity
:
We prioritize your safety by lab-testing all our products for potency and purity.
Fast & Discreet Shipping:
Get your
Static sift hash
delivered quickly and discreetly to your door.
Exclusive Offers:
Join our community and stay updated on the latest deals and discounts available only at info@frozenhashish.com
Shop Cali Melts Static Sift Hash Online |
Buy CBD Hash Online Europe
Discover our premium selection of
Cali Melts Static Sift Hash
, carefully chosen for its quality, consistency, and refined craftsmanship. Whether you’re looking to
buy CBD hash online in Europe
or explore our premium static hash collection, we provide detailed product information, secure checkout, and responsive customer support to help you shop with confidence. Enjoy a reliable online shopping experience backed by transparency and a commitment to quality.
Frequently Asked Questions (FAQ): Cali Melts Static Sift Hash
What is static sift hash?
A premium, solventless cannabis concentrate made by using static electricity, rather than mechanical agitation, to separate trichome heads from plant material.
How is it different from regular dry sift?
Standard dry sift uses physical agitation and screens alone. Static sift adds an electrostatic step that more selectively attracts resin glands while leaving plant contaminants behind, generally resulting in higher purity.
What micron range is typically used?
Commonly screened in the 70–130 micron range, aimed at isolating mature resin heads.
What does it look and feel like?
Typically lighter in color and softer/smoother in texture compared to coarser dry sift, due to the more refined separation process.
What does it taste and smell like?
Generally described as clean and terpene-forward, earthy base notes with strain-specific accents like sweetness, cream, spice, or fuel.
Does it melt well?
Static sift is marketed as melting more smoothly and completely than standard dry sift, thanks to its higher resin purity, though actual melt quality still depends on the specific batch and strain.
How is it typically consumed?
Sprinkled on bowls or joints, pressed into low-temp rosin, used in a hash pipe or with hot knives, or vaporized/dabbed at lower temperatures to preserve terpenes.
Is it more potent than regular hash?
It’s generally marketed as more potent and refined than standard dry sift, given the higher concentration of resin heads, often positioned toward experienced users.
How should it be stored?
Cool, dark, and airtight, heat and light degrade terpenes and potency over time.
Is it lab-tested?
Yes. Every batch is independently lab-tested for purity and potency, with results available on request.
Is it legal to buy or use?
Depends entirely on your jurisdiction, cannabis concentrate legality varies by country and, in the US, by state. Check local law before purchasing or using.","Lab-Tested Quality
: Every batch undergoes rigorous third-party testing for potency, purity, safety, discreet shipping.",350,350,EUR,True,Static Sift Hash,,,
frozenhashish:7637,https://frozenhashish.com/product/biscottiboys-ssh-hash-strain/,biscottiboys-ssh-hash-strain,BiscottiBoys SSH Hash Strain,"BiscottiBoys SSH Hash Strain | Shop Premium Hash
BiscottiBoys SSH Hash Strain
is a premium hash selection known for its carefully curated quality, refined texture, and distinctive aroma. Sourced with attention to consistency and craftsmanship, this collection is ideal for enthusiasts seeking a dependable and premium hash experience. Shop BiscottiBoys SSH Hash Strain with confidence and explore our carefully selected range of quality hash products.
Key Features Of
BiscottiBoys SSH Hash Strain
Genetic lineage
: Made from the Biscotti strain, an indica-dominant hybrid, most sources trace it to a cross of Gelato #25 and South Florida OG (one variant also lists Girl Scout Cookies in the lineage).
Production method
: “SSH” refers to static sift hash, a solventless, mechanical process that separates trichomes from cannabis flower without water, heat, or chemical solvents.
Flavor/aroma
: Commonly described as sweet and cookie-like (true to the Biscotti parent strain), with earthy undertones and a hint of diesel/spice, a “sugary pastry meets robust spice” profile.
Texture
: Described as a smooth, concentrated resin consistency, sometimes noted as golden and crumbly, that reportedly melts cleanly when heated.
Effects
: Widely described as a balanced high, deeply relaxing body effects paired with uplifting, cerebral clarity — generally positioned toward experienced users.
Consumption versatility
: Listed as usable across multiple methods — smoking (joints/bowls), vaping, dabbing, and infusing into edibles.
Available formats
: Some listings mention bulk quantity options (e.g., 15g–1kg) and multiple flavor/terpene variants under the same product line.
How To Consume
BiscottiBoys SSH Hash Strain
Smoking
— crumbled into a joint or topped on a bowl of flower, adding potency and flavor to a regular smoking session.
Vaping
— using a vaporizer designed for concentrates; tends to give a cleaner, smoother hit than combustion and preserves more of the lighter terpenes.
Dabbing
— using a rig designed for concentrates, for a more immediate and intense effect; this method delivers potency quickly, so it’s generally suited to more experienced users.
Edibles
— infusing into homemade treats (e.g., through decarboxylation and infusing into butter or oil first); this route has a much slower onset and longer-lasting effects compared to smoking or vaping, which trips people up if they expect quick results.
Shop BiscottiBoys SSH Hash Strain Online
BiscottiBoys SSH Hash is a premium solventless hash made by the respected BiscottiBoys collective. This top-tier dry sift (and frozen sift) concentrate blends the rich, dessert-like sweetness of the iconic Biscotti genetics with the uplifting, cerebral power of Super Silver Haze (SSH). The result is a flavorful, potent, and versatile hash loved by connoisseurs
Shop BiscottiBoys SSH Hash Strain Online today in various sizes, from personal grams to bulk options. Discreet packaging and reliable shipping from trusted vendors.
Frequently Asked Questions: BiscottiBoys SSH Hash
What is BiscottiBoys SSH Hash?
It’s a hash concentrate made from the Biscotti strain, an indica-dominant hybrid. “SSH” refers to static sift hash, a production method rather than a strain itself.
What’s the genetic background of Biscotti?
Most sources trace Biscotti to a cross of Gelato #25 and South Florida OG, though some listings also mention Girl Scout Cookies in the lineage, descriptions vary somewhat across sellers.
How is static sift hash made?
It’s a solventless, mechanical process where trichomes (resin glands) are separated from cannabis flower using screens no water, heat, or chemical solvents involved, unlike bubble hash (ice water) or rosin (heat + pressure).
What does it taste and smell like?
Commonly described as sweet and cookie-like, reflecting the Biscotti parent strain, with earthy undertones and a hint of diesel or spice.
What effects are typically reported?
A balanced high combining deep body relaxation with an uplifting, clear-headed mental effect — generally described as suited to experienced users given its potency.
How can it be consumed?
Commonly smoked (in a joint or bowl), vaped, dabbed, or infused into edibles. Each method changes onset speed and intensity dabbing and vaping are faster-acting, edibles are slower but longer-lasting.
Is “SSH” the same across all sellers?
Not necessarily, descriptions and even the base flower vary between different retailers using this branded name (one listing describes it made from Super Silver Haze flower rather than Biscotti), which suggests the branding isn’t tied to one single controlled recipe.
How should it be stored?
Cool, dark, and airtight conditions, similar to flower, heat, light, and air exposure degrade terpenes and potency over time.
Is it lab-tested?
Yes. Every batch is independently lab-tested for purity and potency, with results available on request.
Is it legal to buy or use?
Depends entirely on your jurisdiction, cannabis concentrate legality varies by country and, in the US, by state. Confirm local law before purchasing or using.","Lab-Tested Quality
: Every batch undergoes rigorous third-party testing for potency, purity, safety, discreet shipping.",0,0,EUR,False,Static Sift Hash,,,
