id,product_id,name,sku,price,compare_at_price,available,weight_value,weight_unit,image_url
frozenhashish:9259,frozenhashish:9256,25g,FH-9259,190,190,True,25,grams,https://frozenhashish.com/wp-content/uploads/2026/08/CALI-PLATES-DRY-SIFT-HASH-70-130U.jpg
frozenhashish:9260,frozenhashish:9256,50g,FH-9260,330,330,True,50,grams,https://frozenhashish.com/wp-content/uploads/2026/08/CALI-PLATES-DRY-SIFT-HASH-70-130U.jpg
frozenhashish:9261,frozenhashish:9256,100g,FH-9261,600,600,True,100,grams,https://frozenhashish.com/wp-content/uploads/2026/08/CALI-PLATES-DRY-SIFT-HASH-70-130U.jpg
frozenhashish:7626,frozenhashish:7625,50g,FH-7626,400,400,True,50,grams,https://frozenhashish.com/wp-content/uploads/2026/07/Cali-Plates-Double-D-Hash.png
frozenhashish:7627,frozenhashish:7625,100g,FH-7627,780,780,True,100,grams,https://frozenhashish.com/wp-content/uploads/2026/07/Cali-Plates-Double-D-Hash.png
frozenhashish:7628,frozenhashish:7625,250g,FH-7628,1900,1900,True,250,grams,https://frozenhashish.com/wp-content/uploads/2026/07/Cali-Plates-Double-D-Hash.png
frozenhashish:7629,frozenhashish:7625,500g,FH-7629,3780,3780,True,500,grams,https://frozenhashish.com/wp-content/uploads/2026/07/Cali-Plates-Double-D-Hash.png
frozenhashish:7621,frozenhashish:7620,50g,FH-7621,400,400,True,50,grams,https://frozenhashish.com/wp-content/uploads/2026/07/Cali-Plates-El-Fuego-Dry-Sift-Hash.webp
frozenhashish:7622,frozenhashish:7620,100g,FH-7622,780,780,True,100,grams,https://frozenhashish.com/wp-content/uploads/2026/07/Cali-Plates-El-Fuego-Dry-Sift-Hash.webp
frozenhashish:7623,frozenhashish:7620,250g,FH-7623,1900,1900,True,250,grams,https://frozenhashish.com/wp-content/uploads/2026/07/Cali-Plates-El-Fuego-Dry-Sift-Hash.webp
frozenhashish:7624,frozenhashish:7620,500g,FH-7624,3780,3780,True,500,grams,https://frozenhashish.com/wp-content/uploads/2026/07/Cali-Plates-El-Fuego-Dry-Sift-Hash.webp
frozenhashish:7611,frozenhashish:7610,50g,FH-7611,400,400,True,50,grams,https://frozenhashish.com/wp-content/uploads/2026/07/Cali-Plates-Forbidden-Fruit-Hash.webp
frozenhashish:7612,frozenhashish:7610,100g,FH-7612,780,780,True,100,grams,https://frozenhashish.com/wp-content/uploads/2026/07/Cali-Plates-Forbidden-Fruit-Hash.webp
frozenhashish:7613,frozenhashish:7610,250g,FH-7613,1900,1900,True,250,grams,https://frozenhashish.com/wp-content/uploads/2026/07/Cali-Plates-Forbidden-Fruit-Hash.webp
frozenhashish:7614,frozenhashish:7610,500g,FH-7614,3780,3780,True,500,grams,https://frozenhashish.com/wp-content/uploads/2026/07/Cali-Plates-Forbidden-Fruit-Hash.webp
frozenhashish:7599,frozenhashish:7598,50g,FH-7599,400,400,True,50,grams,https://frozenhashish.com/wp-content/uploads/2026/07/Cali-Plates-Fruitcake-Hash.png
frozenhashish:7600,frozenhashish:7598,100g,FH-7600,780,780,True,100,grams,https://frozenhashish.com/wp-content/uploads/2026/07/Cali-Plates-Fruitcake-Hash.png
frozenhashish:7608,frozenhashish:7598,250g,FH-7608,1900,1900,True,250,grams,https://frozenhashish.com/wp-content/uploads/2026/07/Cali-Plates-Fruitcake-Hash.png
frozenhashish:7609,frozenhashish:7598,500g,FH-7609,3780,3780,True,500,grams,https://frozenhashish.com/wp-content/uploads/2026/07/Cali-Plates-Fruitcake-Hash.png
frozenhashish:7594,frozenhashish:7593,50g,FH-7594,400,400,True,50,grams,https://frozenhashish.com/wp-content/uploads/2026/07/Cali-Plates-GMO-Dry-Sift-Hash.webp
frozenhashish:7595,frozenhashish:7593,100g,FH-7595,780,780,True,100,grams,https://frozenhashish.com/wp-content/uploads/2026/07/Cali-Plates-GMO-Dry-Sift-Hash.webp
frozenhashish:7596,frozenhashish:7593,250g,FH-7596,1900,1900,True,250,grams,https://frozenhashish.com/wp-content/uploads/2026/07/Cali-Plates-GMO-Dry-Sift-Hash.webp
frozenhashish:7597,frozenhashish:7593,500g,FH-7597,3980,3980,True,500,grams,https://frozenhashish.com/wp-content/uploads/2026/07/Cali-Plates-GMO-Dry-Sift-Hash.webp
frozenhashish:7589,frozenhashish:7588,50g,FH-7589,400,400,True,50,grams,https://frozenhashish.com/wp-content/uploads/2026/07/Cali-Plates-Gorilla-Dry-Sift-Hash.webp
frozenhashish:7590,frozenhashish:7588,100g,FH-7590,780,780,True,100,grams,https://frozenhashish.com/wp-content/uploads/2026/07/Cali-Plates-Gorilla-Dry-Sift-Hash.webp
frozenhashish:7591,frozenhashish:7588,250g,FH-7591,1900,1900,True,250,grams,https://frozenhashish.com/wp-content/uploads/2026/07/Cali-Plates-Gorilla-Dry-Sift-Hash.webp
frozenhashish:7592,frozenhashish:7588,500g,FH-7592,3780,3780,True,500,grams,https://frozenhashish.com/wp-content/uploads/2026/07/Cali-Plates-Gorilla-Dry-Sift-Hash.webp
frozenhashish:7584,frozenhashish:7583,50g,FH-7584,400,400,True,50,grams,https://frozenhashish.com/wp-content/uploads/2026/07/Cali-Plates-Gush-Mints-Hash.webp
frozenhashish:7585,frozenhashish:7583,100g,FH-7585,780,780,True,100,grams,https://frozenhashish.com/wp-content/uploads/2026/07/Cali-Plates-Gush-Mints-Hash.webp
frozenhashish:7586,frozenhashish:7583,250g,FH-7586,1900,1900,True,250,grams,https://frozenhashish.com/wp-content/uploads/2026/07/Cali-Plates-Gush-Mints-Hash.webp
frozenhashish:7587,frozenhashish:7583,500g,FH-7587,3780,3780,True,500,grams,https://frozenhashish.com/wp-content/uploads/2026/07/Cali-Plates-Gush-Mints-Hash.webp
frozenhashish:7579,frozenhashish:7578,50g,FH-7579,445,445,True,50,grams,https://frozenhashish.com/wp-content/uploads/2026/07/Cali-Plates-Horchata-Hash.webp
frozenhashish:7580,frozenhashish:7578,100g,FH-7580,870,870,True,100,grams,https://frozenhashish.com/wp-content/uploads/2026/07/Cali-Plates-Horchata-Hash.webp
frozenhashish:7581,frozenhashish:7578,250g,FH-7581,2190,2190,True,250,grams,https://frozenhashish.com/wp-content/uploads/2026/07/Cali-Plates-Horchata-Hash.webp
frozenhashish:7582,frozenhashish:7578,500g,FH-7582,4400,4400,True,500,grams,https://frozenhashish.com/wp-content/uploads/2026/07/Cali-Plates-Horchata-Hash.webp
frozenhashish:7574,frozenhashish:7573,50g,FH-7574,445,445,True,50,grams,https://frozenhashish.com/wp-content/uploads/2026/07/Cali-Plates-Cherry-Pie-Strain-Hash.jpg
frozenhashish:7575,frozenhashish:7573,100g,FH-7575,870,870,True,100,grams,https://frozenhashish.com/wp-content/uploads/2026/07/Cali-Plates-Cherry-Pie-Strain-Hash.jpg
frozenhashish:7576,frozenhashish:7573,250g,FH-7576,2190,2190,True,250,grams,https://frozenhashish.com/wp-content/uploads/2026/07/Cali-Plates-Cherry-Pie-Strain-Hash.jpg
frozenhashish:7577,frozenhashish:7573,500g,FH-7577,4400,4400,True,500,grams,https://frozenhashish.com/wp-content/uploads/2026/07/Cali-Plates-Cherry-Pie-Strain-Hash.jpg
frozenhashish:7572,frozenhashish:7572,Default,FH-7572,0,0,False,,,
frozenhashish:7563,frozenhashish:7562,50g,FH-7563,445,445,True,50,grams,https://frozenhashish.com/wp-content/uploads/2026/07/Cali-Plates-Apple-Fritter-Hash.jpg
frozenhashish:7564,frozenhashish:7562,100g,FH-7564,870,870,True,100,grams,https://frozenhashish.com/wp-content/uploads/2026/07/Cali-Plates-Apple-Fritter-Hash.jpg
frozenhashish:7565,frozenhashish:7562,250g,FH-7565,2190,2190,True,250,grams,https://frozenhashish.com/wp-content/uploads/2026/07/Cali-Plates-Apple-Fritter-Hash.jpg
frozenhashish:7571,frozenhashish:7562,500g,FH-7571,4400,4400,True,500,grams,https://frozenhashish.com/wp-content/uploads/2026/07/Cali-Plates-Apple-Fritter-Hash.jpg
frozenhashish:8877,frozenhashish:8876,25g,FH-8877,150,150,True,25,grams,https://frozenhashish.com/wp-content/uploads/2026/07/Chem-Pie-Hash-For-Sale.webp
frozenhashish:8878,frozenhashish:8876,50g,FH-8878,250,250,True,50,grams,https://frozenhashish.com/wp-content/uploads/2026/07/Chem-Pie-Hash-For-Sale.webp
frozenhashish:8879,frozenhashish:8876,100g,FH-8879,450,450,True,100,grams,https://frozenhashish.com/wp-content/uploads/2026/07/Chem-Pie-Hash-For-Sale.webp
frozenhashish:8861,frozenhashish:8858,25g,FH-8861,150,150,True,25,grams,https://frozenhashish.com/wp-content/uploads/2026/07/Malana-Cream-Hash-1.webp
frozenhashish:8862,frozenhashish:8858,50g,FH-8862,250,250,True,50,grams,https://frozenhashish.com/wp-content/uploads/2026/07/Malana-Cream-Hash-1.webp
frozenhashish:8863,frozenhashish:8858,100g,FH-8863,450,450,True,100,grams,https://frozenhashish.com/wp-content/uploads/2026/07/Malana-Cream-Hash-1.webp
frozenhashish:8864,frozenhashish:8858,500g,FH-8864,2150,2150,True,500,grams,https://frozenhashish.com/wp-content/uploads/2026/07/Malana-Cream-Hash-1.webp
frozenhashish:8865,frozenhashish:8858,1kg,FH-8865,4000,4000,True,,,https://frozenhashish.com/wp-content/uploads/2026/07/Malana-Cream-Hash-1.webp
frozenhashish:8851,frozenhashish:8848,25g,FH-8851,230,230,True,25,grams,https://frozenhashish.com/wp-content/uploads/2026/07/Nectar-Boyz-Hash.webp
frozenhashish:8852,frozenhashish:8848,50g,FH-8852,410,410,True,50,grams,https://frozenhashish.com/wp-content/uploads/2026/07/Nectar-Boyz-Hash.webp
frozenhashish:8853,frozenhashish:8848,100g,FH-8853,780,780,True,100,grams,https://frozenhashish.com/wp-content/uploads/2026/07/Nectar-Boyz-Hash.webp
frozenhashish:8854,frozenhashish:8848,300g,FH-8854,2300,2300,True,300,grams,https://frozenhashish.com/wp-content/uploads/2026/07/Nectar-Boyz-Hash.webp
frozenhashish:8855,frozenhashish:8848,500g,FH-8855,3700,3700,True,500,grams,https://frozenhashish.com/wp-content/uploads/2026/07/Nectar-Boyz-Hash.webp
frozenhashish:8830,frozenhashish:8825,25g,FH-8830,110,110,True,25,grams,https://frozenhashish.com/wp-content/uploads/2026/07/Tartar-Hash-for-Sale.webp
frozenhashish:8831,frozenhashish:8825,50g,FH-8831,150,150,True,50,grams,https://frozenhashish.com/wp-content/uploads/2026/07/Tartar-Hash-for-Sale.webp
frozenhashish:8832,frozenhashish:8825,100g,FH-8832,250,250,True,100,grams,https://frozenhashish.com/wp-content/uploads/2026/07/Tartar-Hash-for-Sale.webp
frozenhashish:8833,frozenhashish:8825,300g,FH-8833,550,550,True,300,grams,https://frozenhashish.com/wp-content/uploads/2026/07/Tartar-Hash-for-Sale.webp
frozenhashish:8834,frozenhashish:8825,500g,FH-8834,1100,1100,True,500,grams,https://frozenhashish.com/wp-content/uploads/2026/07/Tartar-Hash-for-Sale.webp
frozenhashish:8805,frozenhashish:8801,25g,FH-8805,125,125,True,25,grams,https://frozenhashish.com/wp-content/uploads/2026/07/Tortuga-Farmz-Hash-.webp
frozenhashish:8806,frozenhashish:8801,50g,FH-8806,210,210,True,50,grams,https://frozenhashish.com/wp-content/uploads/2026/07/Tortuga-Farmz-Hash-.webp
frozenhashish:8807,frozenhashish:8801,100g,FH-8807,400,400,True,100,grams,https://frozenhashish.com/wp-content/uploads/2026/07/Tortuga-Farmz-Hash-.webp
frozenhashish:8808,frozenhashish:8801,250g,FH-8808,850,850,True,250,grams,https://frozenhashish.com/wp-content/uploads/2026/07/Tortuga-Farmz-Hash-.webp
frozenhashish:8809,frozenhashish:8801,500g,FH-8809,1500,1500,True,500,grams,https://frozenhashish.com/wp-content/uploads/2026/07/Tortuga-Farmz-Hash-.webp
frozenhashish:8810,frozenhashish:8801,1kg,FH-8810,2200,2200,True,,,https://frozenhashish.com/wp-content/uploads/2026/07/Tortuga-Farmz-Hash-.webp
frozenhashish:8787,frozenhashish:8783,25g,FH-8787,150,150,True,25,grams,https://frozenhashish.com/wp-content/uploads/2026/07/LONDON-POUND-CAKE-HASH.webp
frozenhashish:8788,frozenhashish:8783,50g,FH-8788,250,250,True,50,grams,https://frozenhashish.com/wp-content/uploads/2026/07/LONDON-POUND-CAKE-HASH.webp
frozenhashish:8789,frozenhashish:8783,100g,FH-8789,450,450,True,100,grams,https://frozenhashish.com/wp-content/uploads/2026/07/LONDON-POUND-CAKE-HASH.webp
frozenhashish:8790,frozenhashish:8783,200g,FH-8790,650,650,True,200,grams,https://frozenhashish.com/wp-content/uploads/2026/07/LONDON-POUND-CAKE-HASH.webp
frozenhashish:8791,frozenhashish:8783,500g,FH-8791,1800,1800,True,500,grams,https://frozenhashish.com/wp-content/uploads/2026/07/LONDON-POUND-CAKE-HASH.webp
frozenhashish:9290,frozenhashish:9285,25g,FH-9290,150,150,True,25,grams,https://frozenhashish.com/wp-content/uploads/2026/08/The-Bufalo-Plein-Filtered-120u-Hash.jpg
frozenhashish:9291,frozenhashish:9285,50g,FH-9291,250,250,True,50,grams,https://frozenhashish.com/wp-content/uploads/2026/08/The-Bufalo-Plein-Filtered-120u-Hash.jpg
frozenhashish:9292,frozenhashish:9285,100g,FH-9292,450,450,True,100,grams,https://frozenhashish.com/wp-content/uploads/2026/08/The-Bufalo-Plein-Filtered-120u-Hash.jpg
frozenhashish:9293,frozenhashish:9285,500g,FH-9293,2000,2000,True,500,grams,https://frozenhashish.com/wp-content/uploads/2026/08/The-Bufalo-Plein-Filtered-120u-Hash.jpg
frozenhashish:9156,frozenhashish:9154,25g,FH-9156,170,170,True,25,grams,https://frozenhashish.com/wp-content/uploads/2026/08/LVMHASH-Farm-Hash-Filtre-X3-105u.jpg
frozenhashish:9157,frozenhashish:9154,50g,FH-9157,300,300,True,50,grams,https://frozenhashish.com/wp-content/uploads/2026/08/LVMHASH-Farm-Hash-Filtre-X3-105u.jpg
frozenhashish:9158,frozenhashish:9154,100g,FH-9158,550,550,True,100,grams,https://frozenhashish.com/wp-content/uploads/2026/08/LVMHASH-Farm-Hash-Filtre-X3-105u.jpg
frozenhashish:9121,frozenhashish:9118,25g,FH-9121,150,150,True,25,grams,https://frozenhashish.com/wp-content/uploads/2026/08/Playing-With-Jiblis-Filtrer-73u-Hash.jpg
frozenhashish:9122,frozenhashish:9118,50g,FH-9122,240,240,True,50,grams,https://frozenhashish.com/wp-content/uploads/2026/08/Playing-With-Jiblis-Filtrer-73u-Hash.jpg
frozenhashish:9123,frozenhashish:9118,100g,FH-9123,380,380,True,100,grams,https://frozenhashish.com/wp-content/uploads/2026/08/Playing-With-Jiblis-Filtrer-73u-Hash.jpg
frozenhashish:9115,frozenhashish:9113,25g,FH-9115,140,140,True,25,grams,https://frozenhashish.com/wp-content/uploads/2026/08/No-Farm-Hash-90u-.jpg
frozenhashish:9116,frozenhashish:9113,50g,FH-9116,250,250,True,50,grams,https://frozenhashish.com/wp-content/uploads/2026/08/No-Farm-Hash-90u-.jpg
frozenhashish:9117,frozenhashish:9113,100g,FH-9117,450,450,True,100,grams,https://frozenhashish.com/wp-content/uploads/2026/08/No-Farm-Hash-90u-.jpg
frozenhashish:9007,frozenhashish:9003,25g,FH-9007,170,170,True,25,grams,https://frozenhashish.com/wp-content/uploads/2026/08/Darks-Farms-Hash-90u.jpg
frozenhashish:9008,frozenhashish:9003,50g,FH-9008,300,300,True,50,grams,https://frozenhashish.com/wp-content/uploads/2026/08/Darks-Farms-Hash-90u.jpg
frozenhashish:9009,frozenhashish:9003,100g,FH-9009,550,550,True,100,grams,https://frozenhashish.com/wp-content/uploads/2026/08/Darks-Farms-Hash-90u.jpg
frozenhashish:9010,frozenhashish:9003,500g,FH-9010,2400,2400,True,500,grams,https://frozenhashish.com/wp-content/uploads/2026/08/Darks-Farms-Hash-90u.jpg
frozenhashish:8770,frozenhashish:8767,25g,FH-8770,150,150,True,25,grams,https://frozenhashish.com/wp-content/uploads/2026/07/Black-Ice-Farm-Hash-.webp
frozenhashish:8771,frozenhashish:8767,50g,FH-8771,250,250,True,50,grams,https://frozenhashish.com/wp-content/uploads/2026/07/Black-Ice-Farm-Hash-.webp
frozenhashish:8772,frozenhashish:8767,100g,FH-8772,450,450,True,100,grams,https://frozenhashish.com/wp-content/uploads/2026/07/Black-Ice-Farm-Hash-.webp
frozenhashish:8773,frozenhashish:8767,500g,FH-8773,2150,2150,True,500,grams,https://frozenhashish.com/wp-content/uploads/2026/07/Black-Ice-Farm-Hash-.webp
frozenhashish:8774,frozenhashish:8767,1kg,FH-8774,4000,4000,True,,,https://frozenhashish.com/wp-content/uploads/2026/07/Black-Ice-Farm-Hash-.webp
frozenhashish:8755,frozenhashish:8755,Default,FH-8755,0,0,False,,,
frozenhashish:8701,frozenhashish:8697,25g,FH-8701,200,200,True,25,grams,https://frozenhashish.com/wp-content/uploads/2026/07/Hasbi-Farms-Hash-For-Sale.webp
frozenhashish:8702,frozenhashish:8697,50g,FH-8702,380,380,True,50,grams,https://frozenhashish.com/wp-content/uploads/2026/07/Hasbi-Farms-Hash-For-Sale.webp
frozenhashish:8703,frozenhashish:8697,100g,FH-8703,720,720,True,100,grams,https://frozenhashish.com/wp-content/uploads/2026/07/Hasbi-Farms-Hash-For-Sale.webp
frozenhashish:8704,frozenhashish:8697,500g,FH-8704,3300,3300,True,500,grams,https://frozenhashish.com/wp-content/uploads/2026/07/Hasbi-Farms-Hash-For-Sale.webp
frozenhashish:8705,frozenhashish:8697,1kg,FH-8705,6300,6300,True,,,https://frozenhashish.com/wp-content/uploads/2026/07/Hasbi-Farms-Hash-For-Sale.webp
frozenhashish:8680,frozenhashish:8678,25g,FH-8680,150,150,True,25,grams,https://frozenhashish.com/wp-content/uploads/2026/07/Malana-Cream-Hash.webp
frozenhashish:8681,frozenhashish:8678,50g,FH-8681,280,280,True,50,grams,https://frozenhashish.com/wp-content/uploads/2026/07/Malana-Cream-Hash.webp
frozenhashish:8682,frozenhashish:8678,100g,FH-8682,520,520,True,100,grams,https://frozenhashish.com/wp-content/uploads/2026/07/Malana-Cream-Hash.webp
frozenhashish:8683,frozenhashish:8678,250g,FH-8683,1250,1250,True,250,grams,https://frozenhashish.com/wp-content/uploads/2026/07/Malana-Cream-Hash.webp
frozenhashish:8684,frozenhashish:8678,500g,FH-8684,2300,2300,True,500,grams,https://frozenhashish.com/wp-content/uploads/2026/07/Malana-Cream-Hash.webp
frozenhashish:8655,frozenhashish:8651,25g,FH-8655,200,200,True,25,grams,https://frozenhashish.com/wp-content/uploads/2026/07/Terpy-Guyz-Hash.webp
frozenhashish:8656,frozenhashish:8651,50g,FH-8656,380,380,True,50,grams,https://frozenhashish.com/wp-content/uploads/2026/07/Terpy-Guyz-Hash.webp
frozenhashish:8657,frozenhashish:8651,100g,FH-8657,720,720,True,100,grams,https://frozenhashish.com/wp-content/uploads/2026/07/Terpy-Guyz-Hash.webp
frozenhashish:8658,frozenhashish:8651,500g,FH-8658,3300,3300,True,500,grams,https://frozenhashish.com/wp-content/uploads/2026/07/Terpy-Guyz-Hash.webp
frozenhashish:8659,frozenhashish:8651,1kg,FH-8659,6400,6400,True,,,https://frozenhashish.com/wp-content/uploads/2026/07/Terpy-Guyz-Hash.webp
frozenhashish:8561,frozenhashish:8556,25g,FH-8561,250,250,True,25,grams,https://frozenhashish.com/wp-content/uploads/2026/07/On-The-Moon-Farm-Hash-.webp
frozenhashish:8562,frozenhashish:8556,50g,FH-8562,480,480,True,50,grams,https://frozenhashish.com/wp-content/uploads/2026/07/On-The-Moon-Farm-Hash-.webp
frozenhashish:8563,frozenhashish:8556,100g,FH-8563,900,900,True,100,grams,https://frozenhashish.com/wp-content/uploads/2026/07/On-The-Moon-Farm-Hash-.webp
frozenhashish:8051,frozenhashish:8050,10g,FH-8051,200,200,True,10,grams,https://frozenhashish.com/wp-content/uploads/2026/07/Lebanese-Hash-Concentrate.webp
frozenhashish:8052,frozenhashish:8050,25g,FH-8052,400,400,True,25,grams,https://frozenhashish.com/wp-content/uploads/2026/07/Lebanese-Hash-Concentrate.webp
frozenhashish:8053,frozenhashish:8050,50g.,FH-8053,750,750,True,50,grams,https://frozenhashish.com/wp-content/uploads/2026/07/Lebanese-Hash-Concentrate.webp
frozenhashish:8054,frozenhashish:8050,100g,FH-8054,1300,1300,True,100,grams,https://frozenhashish.com/wp-content/uploads/2026/07/Lebanese-Hash-Concentrate.webp
frozenhashish:8055,frozenhashish:8049,10g,FH-8055,200,200,True,10,grams,https://frozenhashish.com/wp-content/uploads/2026/07/Dry-Ice-Hash-Concentrate.jpeg
frozenhashish:8056,frozenhashish:8049,25g,FH-8056,400,400,True,25,grams,https://frozenhashish.com/wp-content/uploads/2026/07/Dry-Ice-Hash-Concentrate.jpeg
frozenhashish:8057,frozenhashish:8049,. 50g,FH-8057,750,750,True,50,grams,https://frozenhashish.com/wp-content/uploads/2026/07/Dry-Ice-Hash-Concentrate.jpeg
frozenhashish:8058,frozenhashish:8049,100g,FH-8058,1300,1300,True,100,grams,https://frozenhashish.com/wp-content/uploads/2026/07/Dry-Ice-Hash-Concentrate.jpeg
frozenhashish:8045,frozenhashish:8044,10g,FH-8045,200,200,True,10,grams,https://frozenhashish.com/wp-content/uploads/2026/07/Afghan-Hash-Concentrate.jpg
frozenhashish:8046,frozenhashish:8044,25g,FH-8046,400,400,True,25,grams,https://frozenhashish.com/wp-content/uploads/2026/07/Afghan-Hash-Concentrate.jpg
frozenhashish:8047,frozenhashish:8044,50g,FH-8047,750,750,True,50,grams,https://frozenhashish.com/wp-content/uploads/2026/07/Afghan-Hash-Concentrate.jpg
frozenhashish:8048,frozenhashish:8044,100g,FH-8048,1300,1300,True,100,grams,https://frozenhashish.com/wp-content/uploads/2026/07/Afghan-Hash-Concentrate.jpg
frozenhashish:8032,frozenhashish:8031,10g,FH-8032,200,200,True,10,grams,https://frozenhashish.com/wp-content/uploads/2026/07/Moroccan-Hash-Concentrate.webp
frozenhashish:8033,frozenhashish:8031,25g,FH-8033,400,400,True,25,grams,https://frozenhashish.com/wp-content/uploads/2026/07/Moroccan-Hash-Concentrate.webp
frozenhashish:8034,frozenhashish:8031,50g,FH-8034,750,750,True,50,grams,https://frozenhashish.com/wp-content/uploads/2026/07/Moroccan-Hash-Concentrate.webp
frozenhashish:8035,frozenhashish:8031,100g,FH-8035,1300,1300,True,100,grams,https://frozenhashish.com/wp-content/uploads/2026/07/Moroccan-Hash-Concentrate.webp
frozenhashish:8023,frozenhashish:8022,10g,FH-8023,200,200,True,10,grams,https://frozenhashish.com/wp-content/uploads/2026/07/hashish-fp.png
frozenhashish:8024,frozenhashish:8022,25g,FH-8024,400,400,True,25,grams,https://frozenhashish.com/wp-content/uploads/2026/07/hashish-fp.png
frozenhashish:8025,frozenhashish:8022,50g,FH-8025,750,750,True,50,grams,https://frozenhashish.com/wp-content/uploads/2026/07/hashish-fp.png
frozenhashish:8026,frozenhashish:8022,100g,FH-8026,1300,1300,True,100,grams,https://frozenhashish.com/wp-content/uploads/2026/07/hashish-fp.png
frozenhashish:8027,frozenhashish:8021,10g,FH-8027,200,200,True,10,grams,https://frozenhashish.com/wp-content/uploads/2026/07/Pollen-Hash-Concentrate-2.jpg
frozenhashish:8028,frozenhashish:8021,25g,FH-8028,400,400,True,25,grams,https://frozenhashish.com/wp-content/uploads/2026/07/Pollen-Hash-Concentrate-2.jpg
frozenhashish:8029,frozenhashish:8021,50g,FH-8029,750,750,True,50,grams,https://frozenhashish.com/wp-content/uploads/2026/07/Pollen-Hash-Concentrate-2.jpg
frozenhashish:8030,frozenhashish:8021,100g,FH-8030,1300,1300,True,100,grams,https://frozenhashish.com/wp-content/uploads/2026/07/Pollen-Hash-Concentrate-2.jpg
frozenhashish:7972,frozenhashish:7971,25g,FH-7972,150,150,True,25,grams,https://frozenhashish.com/wp-content/uploads/2026/07/Labz-Farm-Hash.jpg
frozenhashish:7973,frozenhashish:7971,50g,FH-7973,285,285,True,50,grams,https://frozenhashish.com/wp-content/uploads/2026/07/Labz-Farm-Hash.jpg
frozenhashish:7974,frozenhashish:7971,100g,FH-7974,544,544,True,100,grams,https://frozenhashish.com/wp-content/uploads/2026/07/Labz-Farm-Hash.jpg
frozenhashish:7975,frozenhashish:7971,250g,FH-7975,1000,1000,True,250,grams,https://frozenhashish.com/wp-content/uploads/2026/07/Labz-Farm-Hash.jpg
frozenhashish:7944,frozenhashish:7943,25g,FH-7944,150,150,True,25,grams,https://frozenhashish.com/wp-content/uploads/2026/07/Sift-Fanatics-Hash-Concentrate.jpg
frozenhashish:7945,frozenhashish:7943,50g,FH-7945,280,280,True,50,grams,https://frozenhashish.com/wp-content/uploads/2026/07/Sift-Fanatics-Hash-Concentrate.jpg
frozenhashish:7946,frozenhashish:7943,100g,FH-7946,530,530,True,100,grams,https://frozenhashish.com/wp-content/uploads/2026/07/Sift-Fanatics-Hash-Concentrate.jpg
frozenhashish:7969,frozenhashish:7943,250g,FH-7969,1200,1200,True,250,grams,https://frozenhashish.com/wp-content/uploads/2026/07/Sift-Fanatics-Hash-Concentrate.jpg
frozenhashish:7970,frozenhashish:7943,500g,FH-7970,4000,4000,True,500,grams,https://frozenhashish.com/wp-content/uploads/2026/07/Sift-Fanatics-Hash-Concentrate.jpg
frozenhashish:8015,frozenhashish:7942,5g,FH-8015,80,80,True,5,grams,https://frozenhashish.com/wp-content/uploads/2026/07/4.jpg
frozenhashish:8016,frozenhashish:7942,10g,FH-8016,150,150,True,10,grams,https://frozenhashish.com/wp-content/uploads/2026/07/4.jpg
frozenhashish:8017,frozenhashish:7942,25g,FH-8017,350,350,True,25,grams,https://frozenhashish.com/wp-content/uploads/2026/07/4.jpg
frozenhashish:8018,frozenhashish:7942,50g,FH-8018,680,680,True,50,grams,https://frozenhashish.com/wp-content/uploads/2026/07/4.jpg
frozenhashish:8019,frozenhashish:7942,100g,FH-8019,1300,1300,True,100,grams,https://frozenhashish.com/wp-content/uploads/2026/07/4.jpg
frozenhashish:7938,frozenhashish:7937,10g,FH-7938,60,60,True,10,grams,https://frozenhashish.com/wp-content/uploads/2026/07/Gelato-41-3X-Filtered-.jpg
frozenhashish:7939,frozenhashish:7937,25g,FH-7939,130,130,True,25,grams,https://frozenhashish.com/wp-content/uploads/2026/07/Gelato-41-3X-Filtered-.jpg
frozenhashish:7940,frozenhashish:7937,50g,FH-7940,250,250,True,50,grams,https://frozenhashish.com/wp-content/uploads/2026/07/Gelato-41-3X-Filtered-.jpg
frozenhashish:7941,frozenhashish:7937,100g,FH-7941,480,480,True,100,grams,https://frozenhashish.com/wp-content/uploads/2026/07/Gelato-41-3X-Filtered-.jpg
frozenhashish:7934,frozenhashish:7933,25g,FH-7934,150,150,True,25,grams,https://frozenhashish.com/wp-content/uploads/2026/07/Darks-Farms-Hash-Concentrate.jpg
frozenhashish:7935,frozenhashish:7933,50g,FH-7935,280,280,True,50,grams,https://frozenhashish.com/wp-content/uploads/2026/07/Darks-Farms-Hash-Concentrate.jpg
frozenhashish:7936,frozenhashish:7933,100g,FH-7936,520,520,True,100,grams,https://frozenhashish.com/wp-content/uploads/2026/07/Darks-Farms-Hash-Concentrate.jpg
frozenhashish:9520,frozenhashish:9518,25g,FH-9520,170,170,True,25,grams,https://frozenhashish.com/wp-content/uploads/2026/08/MONSTER-FARM-DRY-SIFT-HASH-.jpg
frozenhashish:9521,frozenhashish:9518,50g,FH-9521,300,300,True,50,grams,https://frozenhashish.com/wp-content/uploads/2026/08/MONSTER-FARM-DRY-SIFT-HASH-.jpg
frozenhashish:9522,frozenhashish:9518,100g,FH-9522,550,550,True,100,grams,https://frozenhashish.com/wp-content/uploads/2026/08/MONSTER-FARM-DRY-SIFT-HASH-.jpg
frozenhashish:9499,frozenhashish:9497,25g,FH-9499,130,130,True,25,grams,https://frozenhashish.com/wp-content/uploads/2026/08/Eighty8-Hashish-For-Sale.webp
frozenhashish:9500,frozenhashish:9497,50g,FH-9500,220,220,True,50,grams,https://frozenhashish.com/wp-content/uploads/2026/08/Eighty8-Hashish-For-Sale.webp
frozenhashish:9501,frozenhashish:9497,100g,FH-9501,400,400,True,100,grams,https://frozenhashish.com/wp-content/uploads/2026/08/Eighty8-Hashish-For-Sale.webp
frozenhashish:9482,frozenhashish:9480,25g,FH-9482,110,110,True,25,grams,https://frozenhashish.com/wp-content/uploads/2026/08/Gorilla-Glue-Hashish-For-Sale.webp
frozenhashish:9483,frozenhashish:9480,50g,FH-9483,200,200,True,50,grams,https://frozenhashish.com/wp-content/uploads/2026/08/Gorilla-Glue-Hashish-For-Sale.webp
frozenhashish:9484,frozenhashish:9480,100g,FH-9484,350,350,True,100,grams,https://frozenhashish.com/wp-content/uploads/2026/08/Gorilla-Glue-Hashish-For-Sale.webp
frozenhashish:9485,frozenhashish:9480,500g,FH-9485,1600,1600,True,500,grams,https://frozenhashish.com/wp-content/uploads/2026/08/Gorilla-Glue-Hashish-For-Sale.webp
frozenhashish:9465,frozenhashish:9463,10g,FH-9465,100,100,True,10,grams,https://frozenhashish.com/wp-content/uploads/2026/08/VOLCANO-FARM-HASH-FOR-SALE.webp
frozenhashish:9466,frozenhashish:9463,25g,FH-9466,150,150,True,25,grams,https://frozenhashish.com/wp-content/uploads/2026/08/VOLCANO-FARM-HASH-FOR-SALE.webp
frozenhashish:9467,frozenhashish:9463,50g,FH-9467,250,250,True,50,grams,https://frozenhashish.com/wp-content/uploads/2026/08/VOLCANO-FARM-HASH-FOR-SALE.webp
frozenhashish:9468,frozenhashish:9463,100g,FH-9468,450,450,True,100,grams,https://frozenhashish.com/wp-content/uploads/2026/08/VOLCANO-FARM-HASH-FOR-SALE.webp
frozenhashish:9458,frozenhashish:9455,50g,FH-9458,100,100,True,50,grams,https://frozenhashish.com/wp-content/uploads/2026/08/THE-KING-FARMS-HASH-FOR-SALE-EUROPE.webp
frozenhashish:9459,frozenhashish:9455,100g,FH-9459,180,180,True,100,grams,https://frozenhashish.com/wp-content/uploads/2026/08/THE-KING-FARMS-HASH-FOR-SALE-EUROPE.webp
frozenhashish:9460,frozenhashish:9455,500g,FH-9460,800,800,True,500,grams,https://frozenhashish.com/wp-content/uploads/2026/08/THE-KING-FARMS-HASH-FOR-SALE-EUROPE.webp
frozenhashish:9461,frozenhashish:9455,1kg,FH-9461,1500,1500,True,,,https://frozenhashish.com/wp-content/uploads/2026/08/THE-KING-FARMS-HASH-FOR-SALE-EUROPE.webp
frozenhashish:9452,frozenhashish:9450,25g,FH-9452,300,300,True,25,grams,https://frozenhashish.com/wp-content/uploads/2026/08/PRADO-FARM-HASH-FOR-SALE.webp
frozenhashish:9453,frozenhashish:9450,50g,FH-9453,550,550,True,50,grams,https://frozenhashish.com/wp-content/uploads/2026/08/PRADO-FARM-HASH-FOR-SALE.webp
frozenhashish:9454,frozenhashish:9450,100g,FH-9454,1000,1000,True,100,grams,https://frozenhashish.com/wp-content/uploads/2026/08/PRADO-FARM-HASH-FOR-SALE.webp
frozenhashish:9447,frozenhashish:9445,25g,FH-9447,150,150,True,25,grams,https://frozenhashish.com/wp-content/uploads/2026/08/Rolex-farms-Hash-For-Sale.webp
frozenhashish:9448,frozenhashish:9445,50g,FH-9448,250,250,True,50,grams,https://frozenhashish.com/wp-content/uploads/2026/08/Rolex-farms-Hash-For-Sale.webp
frozenhashish:9449,frozenhashish:9445,100g,FH-9449,450,450,True,100,grams,https://frozenhashish.com/wp-content/uploads/2026/08/Rolex-farms-Hash-For-Sale.webp
frozenhashish:9398,frozenhashish:9394,25g,FH-9398,130,130,True,25,grams,https://frozenhashish.com/wp-content/uploads/2026/08/Honeycomb-Concentrate-For-Sale.jpg
frozenhashish:9399,frozenhashish:9394,50g,FH-9399,230,230,True,50,grams,https://frozenhashish.com/wp-content/uploads/2026/08/Honeycomb-Concentrate-For-Sale.jpg
frozenhashish:9400,frozenhashish:9394,100g,FH-9400,440,440,True,100,grams,https://frozenhashish.com/wp-content/uploads/2026/08/Honeycomb-Concentrate-For-Sale.jpg
frozenhashish:9401,frozenhashish:9394,500g,FH-9401,1900,1900,True,500,grams,https://frozenhashish.com/wp-content/uploads/2026/08/Honeycomb-Concentrate-For-Sale.jpg
frozenhashish:9391,frozenhashish:9389,25g,FH-9391,130,130,True,25,grams,https://frozenhashish.com/wp-content/uploads/2026/08/Black-Farm-Genetix-Hash-For-Sale.jpg
frozenhashish:9392,frozenhashish:9389,50g,FH-9392,230,230,True,50,grams,https://frozenhashish.com/wp-content/uploads/2026/08/Black-Farm-Genetix-Hash-For-Sale.jpg
frozenhashish:9393,frozenhashish:9389,100g,FH-9393,420,420,True,100,grams,https://frozenhashish.com/wp-content/uploads/2026/08/Black-Farm-Genetix-Hash-For-Sale.jpg
frozenhashish:9385,frozenhashish:9383,25g,FH-9385,150,150,True,25,grams,https://frozenhashish.com/wp-content/uploads/2026/08/Morocco-Farm-Land-Hash-For-Sale.jpg
frozenhashish:9386,frozenhashish:9383,50g,FH-9386,220,220,True,50,grams,https://frozenhashish.com/wp-content/uploads/2026/08/Morocco-Farm-Land-Hash-For-Sale.jpg
frozenhashish:9387,frozenhashish:9383,100g,FH-9387,400,400,True,100,grams,https://frozenhashish.com/wp-content/uploads/2026/08/Morocco-Farm-Land-Hash-For-Sale.jpg
frozenhashish:9388,frozenhashish:9383,500g,FH-9388,2400,2400,True,500,grams,https://frozenhashish.com/wp-content/uploads/2026/08/Morocco-Farm-Land-Hash-For-Sale.jpg
frozenhashish:9379,frozenhashish:9377,25g,FH-9379,150,150,True,25,grams,https://frozenhashish.com/wp-content/uploads/2026/08/Dry-Hash-90-120u.jpg
frozenhashish:9380,frozenhashish:9377,50g,FH-9380,250,250,True,50,grams,https://frozenhashish.com/wp-content/uploads/2026/08/Dry-Hash-90-120u.jpg
frozenhashish:9381,frozenhashish:9377,100g,FH-9381,450,450,True,100,grams,https://frozenhashish.com/wp-content/uploads/2026/08/Dry-Hash-90-120u.jpg
frozenhashish:9382,frozenhashish:9377,500g,FH-9382,2000,2000,True,500,grams,https://frozenhashish.com/wp-content/uploads/2026/08/Dry-Hash-90-120u.jpg
frozenhashish:9358,frozenhashish:9354,25g,FH-9358,140,140,True,25,grams,https://frozenhashish.com/wp-content/uploads/2026/08/The-Secret-Farmz-Hash-For-Sale.jpg
frozenhashish:9359,frozenhashish:9354,50g,FH-9359,220,220,True,50,grams,https://frozenhashish.com/wp-content/uploads/2026/08/The-Secret-Farmz-Hash-For-Sale.jpg
frozenhashish:9360,frozenhashish:9354,100g,FH-9360,400,400,True,100,grams,https://frozenhashish.com/wp-content/uploads/2026/08/The-Secret-Farmz-Hash-For-Sale.jpg
frozenhashish:9361,frozenhashish:9354,500g,FH-9361,1600,1600,True,500,grams,https://frozenhashish.com/wp-content/uploads/2026/08/The-Secret-Farmz-Hash-For-Sale.jpg
frozenhashish:9351,frozenhashish:9349,25g,FH-9351,150,150,True,25,grams,https://frozenhashish.com/wp-content/uploads/2026/08/Mr-Charlie-Farmz-Hash-For-Sale.jpg
frozenhashish:9352,frozenhashish:9349,50g,FH-9352,250,250,True,50,grams,https://frozenhashish.com/wp-content/uploads/2026/08/Mr-Charlie-Farmz-Hash-For-Sale.jpg
frozenhashish:9353,frozenhashish:9349,100g,FH-9353,450,450,True,100,grams,https://frozenhashish.com/wp-content/uploads/2026/08/Mr-Charlie-Farmz-Hash-For-Sale.jpg
frozenhashish:9340,frozenhashish:9337,25g,FH-9340,120,120,True,25,grams,https://frozenhashish.com/wp-content/uploads/2026/08/Golden-Boyz-Farm-Hash-.jpg
frozenhashish:9341,frozenhashish:9337,50g,FH-9341,210,210,True,50,grams,https://frozenhashish.com/wp-content/uploads/2026/08/Golden-Boyz-Farm-Hash-.jpg
frozenhashish:9342,frozenhashish:9337,100g,FH-9342,400,400,True,100,grams,https://frozenhashish.com/wp-content/uploads/2026/08/Golden-Boyz-Farm-Hash-.jpg
frozenhashish:9334,frozenhashish:9332,25g,FH-9334,175,175,True,25,grams,https://frozenhashish.com/wp-content/uploads/2026/08/Dr.-Cali-Barbara-Fruit-hash.jpg
frozenhashish:9335,frozenhashish:9332,50g,FH-9335,290,290,True,50,grams,https://frozenhashish.com/wp-content/uploads/2026/08/Dr.-Cali-Barbara-Fruit-hash.jpg
frozenhashish:9336,frozenhashish:9332,100g,FH-9336,550,550,True,100,grams,https://frozenhashish.com/wp-content/uploads/2026/08/Dr.-Cali-Barbara-Fruit-hash.jpg
frozenhashish:9323,frozenhashish:9320,25g,FH-9323,130,130,True,25,grams,https://frozenhashish.com/wp-content/uploads/2026/08/Nectar-Boyz-Premium-Dry-Sift-Hash.jpg
frozenhashish:9324,frozenhashish:9320,50g,FH-9324,210,210,True,50,grams,https://frozenhashish.com/wp-content/uploads/2026/08/Nectar-Boyz-Premium-Dry-Sift-Hash.jpg
frozenhashish:9325,frozenhashish:9320,100g,FH-9325,380,380,True,100,grams,https://frozenhashish.com/wp-content/uploads/2026/08/Nectar-Boyz-Premium-Dry-Sift-Hash.jpg
frozenhashish:9311,frozenhashish:9307,50g,FH-9311,150,150,True,50,grams,https://frozenhashish.com/wp-content/uploads/2026/08/Cali-Mousse-Premium-Hash-For-Sale.jpg
frozenhashish:9312,frozenhashish:9307,100g,FH-9312,250,250,True,100,grams,https://frozenhashish.com/wp-content/uploads/2026/08/Cali-Mousse-Premium-Hash-For-Sale.jpg
frozenhashish:9304,frozenhashish:9301,25g,FH-9304,140,140,True,25,grams,https://frozenhashish.com/wp-content/uploads/2026/08/La-Crema-Premium-Hash.jpg
frozenhashish:9305,frozenhashish:9301,50g,FH-9305,220,220,True,50,grams,https://frozenhashish.com/wp-content/uploads/2026/08/La-Crema-Premium-Hash.jpg
frozenhashish:9306,frozenhashish:9301,100g,FH-9306,390,390,True,100,grams,https://frozenhashish.com/wp-content/uploads/2026/08/La-Crema-Premium-Hash.jpg
frozenhashish:9266,frozenhashish:9263,50g,FH-9266,180,180,True,50,grams,https://frozenhashish.com/wp-content/uploads/2026/08/Moroccan-Dry-Sift-Hash-For-Sale.jpg
frozenhashish:9267,frozenhashish:9263,100g,FH-9267,310,310,True,100,grams,https://frozenhashish.com/wp-content/uploads/2026/08/Moroccan-Dry-Sift-Hash-For-Sale.jpg
frozenhashish:9268,frozenhashish:9263,500g,FH-9268,1300,1300,True,500,grams,https://frozenhashish.com/wp-content/uploads/2026/08/Moroccan-Dry-Sift-Hash-For-Sale.jpg
frozenhashish:9248,frozenhashish:9244,25g,FH-9248,170,170,True,25,grams,https://frozenhashish.com/wp-content/uploads/2026/08/Hash-Vuitton-drysift-19073u-.jpg
frozenhashish:9249,frozenhashish:9244,50g,FH-9249,250,250,True,50,grams,https://frozenhashish.com/wp-content/uploads/2026/08/Hash-Vuitton-drysift-19073u-.jpg
frozenhashish:9250,frozenhashish:9244,100g,FH-9250,420,420,True,100,grams,https://frozenhashish.com/wp-content/uploads/2026/08/Hash-Vuitton-drysift-19073u-.jpg
frozenhashish:9224,frozenhashish:9221,25g,FH-9224,150,150,True,25,grams,https://frozenhashish.com/wp-content/uploads/2026/08/TROCKEN-OHNE-FARM-HASH-7390u-.jpg
frozenhashish:9225,frozenhashish:9221,50g,FH-9225,250,250,True,50,grams,https://frozenhashish.com/wp-content/uploads/2026/08/TROCKEN-OHNE-FARM-HASH-7390u-.jpg
frozenhashish:9226,frozenhashish:9221,100g,FH-9226,450,450,True,100,grams,https://frozenhashish.com/wp-content/uploads/2026/08/TROCKEN-OHNE-FARM-HASH-7390u-.jpg
frozenhashish:9210,frozenhashish:9207,25g,FH-9210,200,200,True,25,grams,https://frozenhashish.com/wp-content/uploads/2026/08/Dexter-Farm-Dry-Sift-Hash-90110u.jpg
frozenhashish:9211,frozenhashish:9207,50g,FH-9211,350,350,True,50,grams,https://frozenhashish.com/wp-content/uploads/2026/08/Dexter-Farm-Dry-Sift-Hash-90110u.jpg
frozenhashish:9212,frozenhashish:9207,100g,FH-9212,600,600,True,100,grams,https://frozenhashish.com/wp-content/uploads/2026/08/Dexter-Farm-Dry-Sift-Hash-90110u.jpg
frozenhashish:9213,frozenhashish:9207,500g,FH-9213,2500,2500,True,500,grams,https://frozenhashish.com/wp-content/uploads/2026/08/Dexter-Farm-Dry-Sift-Hash-90110u.jpg
frozenhashish:9203,frozenhashish:9200,25g,FH-9203,170,170,True,25,grams,https://frozenhashish.com/wp-content/uploads/2026/08/OHITSU-DRY-SIFT-HASH-73119u.jpg
frozenhashish:9204,frozenhashish:9200,50g,FH-9204,300,300,True,50,grams,https://frozenhashish.com/wp-content/uploads/2026/08/OHITSU-DRY-SIFT-HASH-73119u.jpg
frozenhashish:9205,frozenhashish:9200,100g,FH-9205,500,500,True,100,grams,https://frozenhashish.com/wp-content/uploads/2026/08/OHITSU-DRY-SIFT-HASH-73119u.jpg
frozenhashish:9180,frozenhashish:9176,25g,FH-9180,200,200,True,25,grams,https://frozenhashish.com/wp-content/uploads/2026/08/BBM-Farms-Hash-For-Sale.jpg
frozenhashish:9181,frozenhashish:9176,50g,FH-9181,350,350,True,50,grams,https://frozenhashish.com/wp-content/uploads/2026/08/BBM-Farms-Hash-For-Sale.jpg
frozenhashish:9182,frozenhashish:9176,100g,FH-9182,650,650,True,100,grams,https://frozenhashish.com/wp-content/uploads/2026/08/BBM-Farms-Hash-For-Sale.jpg
frozenhashish:9183,frozenhashish:9176,500g,FH-9183,2800,2800,True,500,grams,https://frozenhashish.com/wp-content/uploads/2026/08/BBM-Farms-Hash-For-Sale.jpg
frozenhashish:9172,frozenhashish:9170,25g,FH-9172,150,150,True,25,grams,https://frozenhashish.com/wp-content/uploads/2026/08/MISTERY-FARM-HASH-FOR-SALE.jpg
frozenhashish:9173,frozenhashish:9170,50g,FH-9173,280,280,True,50,grams,https://frozenhashish.com/wp-content/uploads/2026/08/MISTERY-FARM-HASH-FOR-SALE.jpg
frozenhashish:9174,frozenhashish:9170,100g,FH-9174,500,500,True,100,grams,https://frozenhashish.com/wp-content/uploads/2026/08/MISTERY-FARM-HASH-FOR-SALE.jpg
frozenhashish:9167,frozenhashish:9165,25g,FH-9167,120,120,True,25,grams,https://frozenhashish.com/wp-content/uploads/2026/08/120u-No-Farm-Hash-For-Sale.jpg
frozenhashish:9168,frozenhashish:9165,50g,FH-9168,200,200,True,50,grams,https://frozenhashish.com/wp-content/uploads/2026/08/120u-No-Farm-Hash-For-Sale.jpg
frozenhashish:9169,frozenhashish:9165,100g,FH-9169,380,380,True,100,grams,https://frozenhashish.com/wp-content/uploads/2026/08/120u-No-Farm-Hash-For-Sale.jpg
frozenhashish:9151,frozenhashish:9147,25g,FH-9151,190,190,True,25,grams,https://frozenhashish.com/wp-content/uploads/2026/08/VVS-Tangier-Dry-Sift-90u.jpg
frozenhashish:9152,frozenhashish:9147,50g,FH-9152,320,320,True,50,grams,https://frozenhashish.com/wp-content/uploads/2026/08/VVS-Tangier-Dry-Sift-90u.jpg
frozenhashish:9153,frozenhashish:9147,100g,FH-9153,580,580,True,100,grams,https://frozenhashish.com/wp-content/uploads/2026/08/VVS-Tangier-Dry-Sift-90u.jpg
frozenhashish:9100,frozenhashish:9098,25g,FH-9100,130,130,True,25,grams,https://frozenhashish.com/wp-content/uploads/2026/08/BLACK-SPRITZER-HASH.jpg
frozenhashish:9101,frozenhashish:9098,50g,FH-9101,200,200,True,50,grams,https://frozenhashish.com/wp-content/uploads/2026/08/BLACK-SPRITZER-HASH.jpg
frozenhashish:9102,frozenhashish:9098,100g,FH-9102,370,370,True,100,grams,https://frozenhashish.com/wp-content/uploads/2026/08/BLACK-SPRITZER-HASH.jpg
frozenhashish:9103,frozenhashish:9098,500g,FH-9103,1650,1650,True,500,grams,https://frozenhashish.com/wp-content/uploads/2026/08/BLACK-SPRITZER-HASH.jpg
frozenhashish:9028,frozenhashish:9019,25g / Motor Payton,FH-9028,220,220,True,25,grams,https://frozenhashish.com/wp-content/uploads/2026/08/Static-Single-Venom-X-Dr.French-Hash.jpg
frozenhashish:9032,frozenhashish:9019,50g / Motor Jelly,FH-9032,380,380,True,50,grams,https://frozenhashish.com/wp-content/uploads/2026/08/Static-Single-Venom-X-Dr.French-Hash.jpg
frozenhashish:9035,frozenhashish:9019,100g / Blue Twister,FH-9035,700,700,True,100,grams,https://frozenhashish.com/wp-content/uploads/2026/08/Static-Single-Venom-X-Dr.French-Hash.jpg
frozenhashish:9040,frozenhashish:9019,500g / Blue Twister,FH-9040,3200,3200,True,500,grams,https://frozenhashish.com/wp-content/uploads/2026/08/Static-Single-Venom-X-Dr.French-Hash.jpg
frozenhashish:8999,frozenhashish:8995,25g,FH-8999,170,170,True,25,grams,https://frozenhashish.com/wp-content/uploads/2026/08/Fruit-Runtz-Hash-For-Sale.jpg
frozenhashish:9000,frozenhashish:8995,50g,FH-9000,300,300,True,50,grams,https://frozenhashish.com/wp-content/uploads/2026/08/Fruit-Runtz-Hash-For-Sale.jpg
frozenhashish:9001,frozenhashish:8995,100g,FH-9001,550,550,True,100,grams,https://frozenhashish.com/wp-content/uploads/2026/08/Fruit-Runtz-Hash-For-Sale.jpg
frozenhashish:9002,frozenhashish:8995,500g,FH-9002,2500,2500,True,500,grams,https://frozenhashish.com/wp-content/uploads/2026/08/Fruit-Runtz-Hash-For-Sale.jpg
frozenhashish:8967,frozenhashish:8965,25g,FH-8967,250,250,True,25,grams,https://frozenhashish.com/wp-content/uploads/2026/07/Haram-Boyz-Farm-Hash3.webp
frozenhashish:8968,frozenhashish:8965,50g,FH-8968,450,450,True,50,grams,https://frozenhashish.com/wp-content/uploads/2026/07/Haram-Boyz-Farm-Hash3.webp
frozenhashish:8969,frozenhashish:8965,100g,FH-8969,850,850,True,100,grams,https://frozenhashish.com/wp-content/uploads/2026/07/Haram-Boyz-Farm-Hash3.webp
frozenhashish:8970,frozenhashish:8965,500g,FH-8970,4000,4000,True,500,grams,https://frozenhashish.com/wp-content/uploads/2026/07/Haram-Boyz-Farm-Hash3.webp
frozenhashish:8943,frozenhashish:8940,25g,FH-8943,250,250,True,25,grams,https://frozenhashish.com/wp-content/uploads/2026/08/Cali-Patron-Farm-Chocolat-Mint-120u-Hash.jpg
frozenhashish:8944,frozenhashish:8940,50g,FH-8944,450,450,True,50,grams,https://frozenhashish.com/wp-content/uploads/2026/08/Cali-Patron-Farm-Chocolat-Mint-120u-Hash.jpg
frozenhashish:8945,frozenhashish:8940,100g,FH-8945,850,850,True,100,grams,https://frozenhashish.com/wp-content/uploads/2026/08/Cali-Patron-Farm-Chocolat-Mint-120u-Hash.jpg
frozenhashish:8946,frozenhashish:8940,500g,FH-8946,4000,4000,True,500,grams,https://frozenhashish.com/wp-content/uploads/2026/08/Cali-Patron-Farm-Chocolat-Mint-120u-Hash.jpg
frozenhashish:8843,frozenhashish:8835,25g,FH-8843,110,110,True,25,grams,https://frozenhashish.com/wp-content/uploads/2026/07/Pirate-Monkey-Farm-Hash.webp
frozenhashish:8844,frozenhashish:8835,50g,FH-8844,200,200,True,50,grams,https://frozenhashish.com/wp-content/uploads/2026/07/Pirate-Monkey-Farm-Hash.webp
frozenhashish:8845,frozenhashish:8835,100g,FH-8845,380,380,True,100,grams,https://frozenhashish.com/wp-content/uploads/2026/07/Pirate-Monkey-Farm-Hash.webp
frozenhashish:8846,frozenhashish:8835,500g,FH-8846,1500,1500,True,500,grams,https://frozenhashish.com/wp-content/uploads/2026/07/Pirate-Monkey-Farm-Hash.webp
frozenhashish:8847,frozenhashish:8835,1kg,FH-8847,2500,2500,True,,,https://frozenhashish.com/wp-content/uploads/2026/07/Pirate-Monkey-Farm-Hash.webp
frozenhashish:8813,frozenhashish:8811,25g,FH-8813,250,250,True,25,grams,https://frozenhashish.com/wp-content/uploads/2026/07/The-King-Farms-Hash.webp
frozenhashish:8814,frozenhashish:8811,50g,FH-8814,450,450,True,50,grams,https://frozenhashish.com/wp-content/uploads/2026/07/The-King-Farms-Hash.webp
frozenhashish:8815,frozenhashish:8811,100g,FH-8815,850,850,True,100,grams,https://frozenhashish.com/wp-content/uploads/2026/07/The-King-Farms-Hash.webp
frozenhashish:8796,frozenhashish:8792,15g,FH-8796,80,80,True,15,grams,https://frozenhashish.com/wp-content/uploads/2026/07/Zombie-Kush-Hash-.webp
frozenhashish:8797,frozenhashish:8792,25g,FH-8797,150,150,True,25,grams,https://frozenhashish.com/wp-content/uploads/2026/07/Zombie-Kush-Hash-.webp
frozenhashish:8798,frozenhashish:8792,50g,FH-8798,250,250,True,50,grams,https://frozenhashish.com/wp-content/uploads/2026/07/Zombie-Kush-Hash-.webp
frozenhashish:8799,frozenhashish:8792,100g,FH-8799,450,450,True,100,grams,https://frozenhashish.com/wp-content/uploads/2026/07/Zombie-Kush-Hash-.webp
frozenhashish:8800,frozenhashish:8792,300g,FH-8800,850,850,True,300,grams,https://frozenhashish.com/wp-content/uploads/2026/07/Zombie-Kush-Hash-.webp
frozenhashish:8779,frozenhashish:8775,100g,FH-8779,200,200,True,100,grams,https://frozenhashish.com/wp-content/uploads/2026/07/Jaune-Mousseux.jpg
frozenhashish:8780,frozenhashish:8775,200g,FH-8780,380,380,True,200,grams,https://frozenhashish.com/wp-content/uploads/2026/07/Jaune-Mousseux.jpg
frozenhashish:8781,frozenhashish:8775,500g,FH-8781,900,900,True,500,grams,https://frozenhashish.com/wp-content/uploads/2026/07/Jaune-Mousseux.jpg
frozenhashish:8782,frozenhashish:8775,1kg,FH-8782,1700,1700,True,,,https://frozenhashish.com/wp-content/uploads/2026/07/Jaune-Mousseux.jpg
frozenhashish:8741,frozenhashish:8735,15g,FH-8741,150,150,True,15,grams,https://frozenhashish.com/wp-content/uploads/2026/07/Fly-Farm-Hash-.webp
frozenhashish:8742,frozenhashish:8735,25g,FH-8742,250,250,True,25,grams,https://frozenhashish.com/wp-content/uploads/2026/07/Fly-Farm-Hash-.webp
frozenhashish:8743,frozenhashish:8735,50g,FH-8743,450,450,True,50,grams,https://frozenhashish.com/wp-content/uploads/2026/07/Fly-Farm-Hash-.webp
frozenhashish:8744,frozenhashish:8735,100g,FH-8744,850,850,True,100,grams,https://frozenhashish.com/wp-content/uploads/2026/07/Fly-Farm-Hash-.webp
frozenhashish:8745,frozenhashish:8735,500g,FH-8745,3200,3200,True,500,grams,https://frozenhashish.com/wp-content/uploads/2026/07/Fly-Farm-Hash-.webp
frozenhashish:8731,frozenhashish:8726,25g,FH-8731,120,120,True,25,grams,https://frozenhashish.com/wp-content/uploads/2026/07/Gas-Farm-Hash-3.webp
frozenhashish:8732,frozenhashish:8726,50g,FH-8732,220,220,True,50,grams,https://frozenhashish.com/wp-content/uploads/2026/07/Gas-Farm-Hash-3.webp
frozenhashish:8733,frozenhashish:8726,100g,FH-8733,420,420,True,100,grams,https://frozenhashish.com/wp-content/uploads/2026/07/Gas-Farm-Hash-3.webp
frozenhashish:8734,frozenhashish:8726,500g,FH-8734,2000,2000,True,500,grams,https://frozenhashish.com/wp-content/uploads/2026/07/Gas-Farm-Hash-3.webp
frozenhashish:8720,frozenhashish:8715,25g,FH-8720,200,200,True,25,grams,https://frozenhashish.com/wp-content/uploads/2026/07/H.G-Farms-Hash-For-Sale.webp
frozenhashish:8721,frozenhashish:8715,50g,FH-8721,380,380,True,50,grams,https://frozenhashish.com/wp-content/uploads/2026/07/H.G-Farms-Hash-For-Sale.webp
frozenhashish:8722,frozenhashish:8715,100g,FH-8722,720,720,True,100,grams,https://frozenhashish.com/wp-content/uploads/2026/07/H.G-Farms-Hash-For-Sale.webp
frozenhashish:8723,frozenhashish:8715,250g,FH-8723,1700,1700,True,250,grams,https://frozenhashish.com/wp-content/uploads/2026/07/H.G-Farms-Hash-For-Sale.webp
frozenhashish:8724,frozenhashish:8715,500g,FH-8724,3200,3200,True,500,grams,https://frozenhashish.com/wp-content/uploads/2026/07/H.G-Farms-Hash-For-Sale.webp
frozenhashish:8636,frozenhashish:8630,25g,FH-8636,150,150,True,25,grams,https://frozenhashish.com/wp-content/uploads/2026/07/Wan-Piece-Farm-Hash-.webp
frozenhashish:8637,frozenhashish:8630,50g,FH-8637,280,280,True,50,grams,https://frozenhashish.com/wp-content/uploads/2026/07/Wan-Piece-Farm-Hash-.webp
frozenhashish:8638,frozenhashish:8630,100g,FH-8638,520,520,True,100,grams,https://frozenhashish.com/wp-content/uploads/2026/07/Wan-Piece-Farm-Hash-.webp
frozenhashish:8639,frozenhashish:8630,500g,FH-8639,2300,2300,True,500,grams,https://frozenhashish.com/wp-content/uploads/2026/07/Wan-Piece-Farm-Hash-.webp
frozenhashish:8624,frozenhashish:8620,15g,FH-8624,130,130,True,15,grams,https://frozenhashish.com/wp-content/uploads/2026/07/Cali-Mountain-Farm-Hash-2.webp
frozenhashish:8625,frozenhashish:8620,25g,FH-8625,250,250,True,25,grams,https://frozenhashish.com/wp-content/uploads/2026/07/Cali-Mountain-Farm-Hash-2.webp
frozenhashish:8626,frozenhashish:8620,50g,FH-8626,480,480,True,50,grams,https://frozenhashish.com/wp-content/uploads/2026/07/Cali-Mountain-Farm-Hash-2.webp
frozenhashish:8627,frozenhashish:8620,100g,FH-8627,920,920,True,100,grams,https://frozenhashish.com/wp-content/uploads/2026/07/Cali-Mountain-Farm-Hash-2.webp
frozenhashish:8628,frozenhashish:8620,500g,FH-8628,4300,4300,True,500,grams,https://frozenhashish.com/wp-content/uploads/2026/07/Cali-Mountain-Farm-Hash-2.webp
frozenhashish:8615,frozenhashish:8609,15g,FH-8615,120,120,True,15,grams,https://frozenhashish.com/wp-content/uploads/2026/07/Dirham-Farm-Hash-2.webp
frozenhashish:8616,frozenhashish:8609,25g,FH-8616,230,230,True,25,grams,https://frozenhashish.com/wp-content/uploads/2026/07/Dirham-Farm-Hash-2.webp
frozenhashish:8617,frozenhashish:8609,50g,FH-8617,420,420,True,50,grams,https://frozenhashish.com/wp-content/uploads/2026/07/Dirham-Farm-Hash-2.webp
frozenhashish:8618,frozenhashish:8609,100g,FH-8618,800,800,True,100,grams,https://frozenhashish.com/wp-content/uploads/2026/07/Dirham-Farm-Hash-2.webp
frozenhashish:8619,frozenhashish:8609,500g,FH-8619,3700,3700,True,500,grams,https://frozenhashish.com/wp-content/uploads/2026/07/Dirham-Farm-Hash-2.webp
frozenhashish:8604,frozenhashish:8599,10g,FH-8604,100,100,True,10,grams,https://frozenhashish.com/wp-content/uploads/2026/07/Dry-Sift-Hash-100g.webp
frozenhashish:8605,frozenhashish:8599,25g,FH-8605,200,200,True,25,grams,https://frozenhashish.com/wp-content/uploads/2026/07/Dry-Sift-Hash-100g.webp
frozenhashish:8606,frozenhashish:8599,50g,FH-8606,380,380,True,50,grams,https://frozenhashish.com/wp-content/uploads/2026/07/Dry-Sift-Hash-100g.webp
frozenhashish:8607,frozenhashish:8599,100g,FH-8607,720,720,True,100,grams,https://frozenhashish.com/wp-content/uploads/2026/07/Dry-Sift-Hash-100g.webp
frozenhashish:8608,frozenhashish:8599,500g,FH-8608,3400,3400,True,500,grams,https://frozenhashish.com/wp-content/uploads/2026/07/Dry-Sift-Hash-100g.webp
frozenhashish:8593,frozenhashish:8589,10g,FH-8593,140,140,True,10,grams,https://frozenhashish.com/wp-content/uploads/2026/07/Golden-Boys-Farm-Hash.webp
frozenhashish:8594,frozenhashish:8589,25g,FH-8594,250,250,True,25,grams,https://frozenhashish.com/wp-content/uploads/2026/07/Golden-Boys-Farm-Hash.webp
frozenhashish:8595,frozenhashish:8589,50g,FH-8595,480,480,True,50,grams,https://frozenhashish.com/wp-content/uploads/2026/07/Golden-Boys-Farm-Hash.webp
frozenhashish:8596,frozenhashish:8589,100g,FH-8596,980,980,True,100,grams,https://frozenhashish.com/wp-content/uploads/2026/07/Golden-Boys-Farm-Hash.webp
frozenhashish:8597,frozenhashish:8589,500g,FH-8597,4700,4700,True,500,grams,https://frozenhashish.com/wp-content/uploads/2026/07/Golden-Boys-Farm-Hash.webp
frozenhashish:8584,frozenhashish:8582,25g,FH-8584,200,200,True,25,grams,https://frozenhashish.com/wp-content/uploads/2026/07/Ketama-Hash-For-Sale.webp
frozenhashish:8585,frozenhashish:8582,50g,FH-8585,380,380,True,50,grams,https://frozenhashish.com/wp-content/uploads/2026/07/Ketama-Hash-For-Sale.webp
frozenhashish:8586,frozenhashish:8582,100g,FH-8586,720,720,True,100,grams,https://frozenhashish.com/wp-content/uploads/2026/07/Ketama-Hash-For-Sale.webp
frozenhashish:8587,frozenhashish:8582,500g,FH-8587,3400,3400,True,500,grams,https://frozenhashish.com/wp-content/uploads/2026/07/Ketama-Hash-For-Sale.webp
frozenhashish:8577,frozenhashish:8573,25g,FH-8577,150,150,True,25,grams,https://frozenhashish.com/wp-content/uploads/2026/07/Kilogrammes-Farm-Hash-For-Sale.webp
frozenhashish:8578,frozenhashish:8573,50g,FH-8578,280,280,True,50,grams,https://frozenhashish.com/wp-content/uploads/2026/07/Kilogrammes-Farm-Hash-For-Sale.webp
frozenhashish:8579,frozenhashish:8573,100g,FH-8579,520,520,True,100,grams,https://frozenhashish.com/wp-content/uploads/2026/07/Kilogrammes-Farm-Hash-For-Sale.webp
frozenhashish:8580,frozenhashish:8573,500g,FH-8580,2400,2400,True,500,grams,https://frozenhashish.com/wp-content/uploads/2026/07/Kilogrammes-Farm-Hash-For-Sale.webp
frozenhashish:8581,frozenhashish:8573,1kg,FH-8581,4500,4500,True,,,https://frozenhashish.com/wp-content/uploads/2026/07/Kilogrammes-Farm-Hash-For-Sale.webp
frozenhashish:8569,frozenhashish:8564,25g,FH-8569,80,80,True,25,grams,https://frozenhashish.com/wp-content/uploads/2026/07/MARS-ICE-CREAM-HASH-.webp
frozenhashish:8570,frozenhashish:8564,50g,FH-8570,140,140,True,50,grams,https://frozenhashish.com/wp-content/uploads/2026/07/MARS-ICE-CREAM-HASH-.webp
frozenhashish:8571,frozenhashish:8564,100g,FH-8571,250,250,True,100,grams,https://frozenhashish.com/wp-content/uploads/2026/07/MARS-ICE-CREAM-HASH-.webp
frozenhashish:8572,frozenhashish:8564,500g,FH-8572,1150,1150,True,500,grams,https://frozenhashish.com/wp-content/uploads/2026/07/MARS-ICE-CREAM-HASH-.webp
frozenhashish:8552,frozenhashish:8547,25g,FH-8552,280,280,True,25,grams,https://frozenhashish.com/wp-content/uploads/2026/07/Royal-Farmz-Hash-.webp
frozenhashish:8553,frozenhashish:8547,50g,FH-8553,450,450,True,50,grams,https://frozenhashish.com/wp-content/uploads/2026/07/Royal-Farmz-Hash-.webp
frozenhashish:8554,frozenhashish:8547,100g,FH-8554,850,850,True,100,grams,https://frozenhashish.com/wp-content/uploads/2026/07/Royal-Farmz-Hash-.webp
frozenhashish:8555,frozenhashish:8547,500g,FH-8555,4000,4000,True,500,grams,https://frozenhashish.com/wp-content/uploads/2026/07/Royal-Farmz-Hash-.webp
frozenhashish:8542,frozenhashish:8539,25g,FH-8542,250,250,True,25,grams,https://frozenhashish.com/wp-content/uploads/2026/07/Semi-Dry-Sift-Hash-.webp
frozenhashish:8543,frozenhashish:8539,50g,FH-8543,480,480,True,50,grams,https://frozenhashish.com/wp-content/uploads/2026/07/Semi-Dry-Sift-Hash-.webp
frozenhashish:8544,frozenhashish:8539,100g,FH-8544,920,920,True,100,grams,https://frozenhashish.com/wp-content/uploads/2026/07/Semi-Dry-Sift-Hash-.webp
frozenhashish:8545,frozenhashish:8539,500g,FH-8545,4200,4200,True,500,grams,https://frozenhashish.com/wp-content/uploads/2026/07/Semi-Dry-Sift-Hash-.webp
frozenhashish:8546,frozenhashish:8539,1kg,FH-8546,8200,8200,True,,,https://frozenhashish.com/wp-content/uploads/2026/07/Semi-Dry-Sift-Hash-.webp
frozenhashish:8534,frozenhashish:8529,25g,FH-8534,200,200,True,25,grams,https://frozenhashish.com/wp-content/uploads/2026/07/Sticky-Fingers-Hash.webp
frozenhashish:8535,frozenhashish:8529,50g,FH-8535,380,380,True,50,grams,https://frozenhashish.com/wp-content/uploads/2026/07/Sticky-Fingers-Hash.webp
frozenhashish:8536,frozenhashish:8529,100g,FH-8536,740,740,True,100,grams,https://frozenhashish.com/wp-content/uploads/2026/07/Sticky-Fingers-Hash.webp
frozenhashish:8537,frozenhashish:8529,500g,FH-8537,1450,1450,True,500,grams,https://frozenhashish.com/wp-content/uploads/2026/07/Sticky-Fingers-Hash.webp
frozenhashish:8538,frozenhashish:8529,1kg,FH-8538,2600,2600,True,,,https://frozenhashish.com/wp-content/uploads/2026/07/Sticky-Fingers-Hash.webp
frozenhashish:8511,frozenhashish:8510,25g,FH-8511,150,150,True,25,grams,https://frozenhashish.com/wp-content/uploads/2026/07/Swiss-Farms-Hash.webp
frozenhashish:8512,frozenhashish:8510,50g,FH-8512,280,280,True,50,grams,https://frozenhashish.com/wp-content/uploads/2026/07/Swiss-Farms-Hash.webp
frozenhashish:8513,frozenhashish:8510,100g,FH-8513,500,500,True,100,grams,https://frozenhashish.com/wp-content/uploads/2026/07/Swiss-Farms-Hash.webp
frozenhashish:8514,frozenhashish:8510,500g,FH-8514,2300,2300,True,500,grams,https://frozenhashish.com/wp-content/uploads/2026/07/Swiss-Farms-Hash.webp
frozenhashish:8505,frozenhashish:8501,25g,FH-8505,150,150,True,25,grams,https://frozenhashish.com/wp-content/uploads/2026/07/Terpy-Farms-Hash.webp
frozenhashish:8506,frozenhashish:8501,50g,FH-8506,280,280,True,50,grams,https://frozenhashish.com/wp-content/uploads/2026/07/Terpy-Farms-Hash.webp
frozenhashish:8507,frozenhashish:8501,100g,FH-8507,520,520,True,100,grams,https://frozenhashish.com/wp-content/uploads/2026/07/Terpy-Farms-Hash.webp
frozenhashish:8508,frozenhashish:8501,250g,FH-8508,1250,1250,True,250,grams,https://frozenhashish.com/wp-content/uploads/2026/07/Terpy-Farms-Hash.webp
frozenhashish:8509,frozenhashish:8501,500g,FH-8509,2300,2300,True,500,grams,https://frozenhashish.com/wp-content/uploads/2026/07/Terpy-Farms-Hash.webp
frozenhashish:8495,frozenhashish:8492,25g,FH-8495,150,150,True,25,grams,https://frozenhashish.com/wp-content/uploads/2026/07/Ice-Water-Hash.webp
frozenhashish:8496,frozenhashish:8492,50g,FH-8496,280,280,True,50,grams,https://frozenhashish.com/wp-content/uploads/2026/07/Ice-Water-Hash.webp
frozenhashish:8497,frozenhashish:8492,100g,FH-8497,520,520,True,100,grams,https://frozenhashish.com/wp-content/uploads/2026/07/Ice-Water-Hash.webp
frozenhashish:8498,frozenhashish:8492,250g,FH-8498,1250,1250,True,250,grams,https://frozenhashish.com/wp-content/uploads/2026/07/Ice-Water-Hash.webp
frozenhashish:8499,frozenhashish:8492,500g,FH-8499,1800,1800,True,500,grams,https://frozenhashish.com/wp-content/uploads/2026/07/Ice-Water-Hash.webp
frozenhashish:8500,frozenhashish:8492,1kg,FH-8500,2300,2300,True,,,https://frozenhashish.com/wp-content/uploads/2026/07/Ice-Water-Hash.webp
frozenhashish:8070,frozenhashish:8067,25g,FH-8070,200,200,True,25,grams,https://frozenhashish.com/wp-content/uploads/2026/07/VVS-Tanger-Dry-Sift-Hash.jpg
frozenhashish:8071,frozenhashish:8067,50g,FH-8071,190,190,True,50,grams,https://frozenhashish.com/wp-content/uploads/2026/07/VVS-Tanger-Dry-Sift-Hash.jpg
frozenhashish:8072,frozenhashish:8067,100g,FH-8072,350,350,True,100,grams,https://frozenhashish.com/wp-content/uploads/2026/07/VVS-Tanger-Dry-Sift-Hash.jpg
frozenhashish:8073,frozenhashish:8067,250g,FH-8073,830,830,True,250,grams,https://frozenhashish.com/wp-content/uploads/2026/07/VVS-Tanger-Dry-Sift-Hash.jpg
frozenhashish:8074,frozenhashish:8067,500g,FH-8074,1600,1600,True,500,grams,https://frozenhashish.com/wp-content/uploads/2026/07/VVS-Tanger-Dry-Sift-Hash.jpg
frozenhashish:8075,frozenhashish:8067,1000g,FH-8075,3000,3000,True,1000,grams,https://frozenhashish.com/wp-content/uploads/2026/07/VVS-Tanger-Dry-Sift-Hash.jpg
frozenhashish:7834,frozenhashish:7833,5g,FH-7834,100,100,True,5,grams,https://frozenhashish.com/wp-content/uploads/2026/07/Omerta-Farm-Concentrate-3.jpg
frozenhashish:7835,frozenhashish:7833,10g,FH-7835,160,160,True,10,grams,https://frozenhashish.com/wp-content/uploads/2026/07/Omerta-Farm-Concentrate-3.jpg
frozenhashish:7836,frozenhashish:7833,25g,FH-7836,350,350,True,25,grams,https://frozenhashish.com/wp-content/uploads/2026/07/Omerta-Farm-Concentrate-3.jpg
frozenhashish:7837,frozenhashish:7833,50g,FH-7837,600,600,True,50,grams,https://frozenhashish.com/wp-content/uploads/2026/07/Omerta-Farm-Concentrate-3.jpg
frozenhashish:7838,frozenhashish:7833,100g,FH-7838,1200,1200,True,100,grams,https://frozenhashish.com/wp-content/uploads/2026/07/Omerta-Farm-Concentrate-3.jpg
frozenhashish:7786,frozenhashish:7782,25g,FH-7786,250,250,True,25,grams,https://frozenhashish.com/wp-content/uploads/2026/07/Top-dry-120µ-hash.jpg
frozenhashish:7742,frozenhashish:7742,Default,FH-7742,140,140,False,,,
frozenhashish:9488,frozenhashish:9486,25g,FH-9488,110,110,True,25,grams,https://frozenhashish.com/wp-content/uploads/2026/08/GAZ-SELECTION-FROZEN-SIFT-HASH-FOR-SALE.webp
frozenhashish:9489,frozenhashish:9486,50g,FH-9489,200,200,True,50,grams,https://frozenhashish.com/wp-content/uploads/2026/08/GAZ-SELECTION-FROZEN-SIFT-HASH-FOR-SALE.webp
frozenhashish:9490,frozenhashish:9486,100g,FH-9490,350,350,True,100,grams,https://frozenhashish.com/wp-content/uploads/2026/08/GAZ-SELECTION-FROZEN-SIFT-HASH-FOR-SALE.webp
frozenhashish:9477,frozenhashish:9475,25g,FH-9477,130,130,True,25,grams,https://frozenhashish.com/wp-content/uploads/2026/08/Braderie-Farmz-Hash-For-Sale.webp
frozenhashish:9478,frozenhashish:9475,50g,FH-9478,210,210,True,50,grams,https://frozenhashish.com/wp-content/uploads/2026/08/Braderie-Farmz-Hash-For-Sale.webp
frozenhashish:9479,frozenhashish:9475,100g,FH-9479,365,365,True,100,grams,https://frozenhashish.com/wp-content/uploads/2026/08/Braderie-Farmz-Hash-For-Sale.webp
frozenhashish:9471,frozenhashish:9469,25g,FH-9471,105,105,True,25,grams,https://frozenhashish.com/wp-content/uploads/2026/08/BARCA-BOYS-FARM-HASH-FOR-SALE-EUROPE.webp
frozenhashish:9472,frozenhashish:9469,50g,FH-9472,150,150,True,50,grams,https://frozenhashish.com/wp-content/uploads/2026/08/BARCA-BOYS-FARM-HASH-FOR-SALE-EUROPE.webp
frozenhashish:9473,frozenhashish:9469,100g,FH-9473,250,250,True,100,grams,https://frozenhashish.com/wp-content/uploads/2026/08/BARCA-BOYS-FARM-HASH-FOR-SALE-EUROPE.webp
frozenhashish:9474,frozenhashish:9469,500g,FH-9474,1000,1000,True,500,grams,https://frozenhashish.com/wp-content/uploads/2026/08/BARCA-BOYS-FARM-HASH-FOR-SALE-EUROPE.webp
frozenhashish:9410,frozenhashish:9407,25g,FH-9410,160,160,True,25,grams,https://frozenhashish.com/wp-content/uploads/2026/08/Golden-Boys-Farm-Hash-For-Sale-1.jpg
frozenhashish:9411,frozenhashish:9407,50g,FH-9411,300,300,True,50,grams,https://frozenhashish.com/wp-content/uploads/2026/08/Golden-Boys-Farm-Hash-For-Sale-1.jpg
frozenhashish:9412,frozenhashish:9407,100g,FH-9412,550,550,True,100,grams,https://frozenhashish.com/wp-content/uploads/2026/08/Golden-Boys-Farm-Hash-For-Sale-1.jpg
frozenhashish:9413,frozenhashish:9407,500g,FH-9413,1000,1000,True,500,grams,https://frozenhashish.com/wp-content/uploads/2026/08/Golden-Boys-Farm-Hash-For-Sale-1.jpg
frozenhashish:9374,frozenhashish:9370,25g,FH-9374,220,220,True,25,grams,https://frozenhashish.com/wp-content/uploads/2026/08/NECTAR-BOYZ-HASH-FOR-SALE.jpg
frozenhashish:9375,frozenhashish:9370,50g,FH-9375,400,400,True,50,grams,https://frozenhashish.com/wp-content/uploads/2026/08/NECTAR-BOYZ-HASH-FOR-SALE.jpg
frozenhashish:9376,frozenhashish:9370,100g,FH-9376,750,750,True,100,grams,https://frozenhashish.com/wp-content/uploads/2026/08/NECTAR-BOYZ-HASH-FOR-SALE.jpg
frozenhashish:9365,frozenhashish:9363,10g,FH-9365,150,150,True,10,grams,https://frozenhashish.com/wp-content/uploads/2026/08/The-Hash-Valley-Farmz-For-Sale.jpg
frozenhashish:9366,frozenhashish:9363,25g,FH-9366,300,300,True,25,grams,https://frozenhashish.com/wp-content/uploads/2026/08/The-Hash-Valley-Farmz-For-Sale.jpg
frozenhashish:9367,frozenhashish:9363,50g,FH-9367,550,550,True,50,grams,https://frozenhashish.com/wp-content/uploads/2026/08/The-Hash-Valley-Farmz-For-Sale.jpg
frozenhashish:9368,frozenhashish:9363,100g,FH-9368,1000,1000,True,100,grams,https://frozenhashish.com/wp-content/uploads/2026/08/The-Hash-Valley-Farmz-For-Sale.jpg
frozenhashish:9369,frozenhashish:9363,500g,FH-9369,4000,4000,True,500,grams,https://frozenhashish.com/wp-content/uploads/2026/08/The-Hash-Valley-Farmz-For-Sale.jpg
frozenhashish:9329,frozenhashish:9326,25g,FH-9329,150,150,True,25,grams,https://frozenhashish.com/wp-content/uploads/2026/08/ICE-MOUNTAIN-FARM-FROZEN-SIFT-HASH.jpg
frozenhashish:9330,frozenhashish:9326,50g,FH-9330,250,250,True,50,grams,https://frozenhashish.com/wp-content/uploads/2026/08/ICE-MOUNTAIN-FARM-FROZEN-SIFT-HASH.jpg
frozenhashish:9331,frozenhashish:9326,100g,FH-9331,450,450,True,100,grams,https://frozenhashish.com/wp-content/uploads/2026/08/ICE-MOUNTAIN-FARM-FROZEN-SIFT-HASH.jpg
frozenhashish:9296,frozenhashish:9294,10g,FH-9296,110,110,True,10,grams,https://frozenhashish.com/wp-content/uploads/2026/08/ILLUMINATI-FARMZ-FRESH-FROZEN-STATIC-SIFT-HASH.jpg
frozenhashish:9297,frozenhashish:9294,25g,FH-9297,220,220,True,25,grams,https://frozenhashish.com/wp-content/uploads/2026/08/ILLUMINATI-FARMZ-FRESH-FROZEN-STATIC-SIFT-HASH.jpg
frozenhashish:9298,frozenhashish:9294,50g,FH-9298,400,400,True,50,grams,https://frozenhashish.com/wp-content/uploads/2026/08/ILLUMINATI-FARMZ-FRESH-FROZEN-STATIC-SIFT-HASH.jpg
frozenhashish:9299,frozenhashish:9294,100g,FH-9299,750,750,True,100,grams,https://frozenhashish.com/wp-content/uploads/2026/08/ILLUMINATI-FARMZ-FRESH-FROZEN-STATIC-SIFT-HASH.jpg
frozenhashish:9273,frozenhashish:9269,25g,FH-9273,120,120,True,25,grams,https://frozenhashish.com/wp-content/uploads/2026/08/𝐓𝐇𝐄-𝐁𝐔𝐅𝐀𝐋𝐎-𝐏𝐋𝐄𝐈𝐍.jpg
frozenhashish:9274,frozenhashish:9269,50g,FH-9274,190,190,True,50,grams,https://frozenhashish.com/wp-content/uploads/2026/08/𝐓𝐇𝐄-𝐁𝐔𝐅𝐀𝐋𝐎-𝐏𝐋𝐄𝐈𝐍.jpg
frozenhashish:9275,frozenhashish:9269,100g,FH-9275,320,320,True,100,grams,https://frozenhashish.com/wp-content/uploads/2026/08/𝐓𝐇𝐄-𝐁𝐔𝐅𝐀𝐋𝐎-𝐏𝐋𝐄𝐈𝐍.jpg
frozenhashish:9241,frozenhashish:9237,25g,FH-9241,150,150,True,25,grams,https://frozenhashish.com/wp-content/uploads/2026/08/CALIFROZEN.FARMZ-FROZEN-SIFT-HASH.jpg
frozenhashish:9242,frozenhashish:9237,50g,FH-9242,250,250,True,50,grams,https://frozenhashish.com/wp-content/uploads/2026/08/CALIFROZEN.FARMZ-FROZEN-SIFT-HASH.jpg
frozenhashish:9243,frozenhashish:9237,100g,FH-9243,450,450,True,100,grams,https://frozenhashish.com/wp-content/uploads/2026/08/CALIFROZEN.FARMZ-FROZEN-SIFT-HASH.jpg
frozenhashish:9229,frozenhashish:9227,25g,FH-9229,120,120,True,25,grams,https://frozenhashish.com/wp-content/uploads/2026/08/BLUE-MAGIC-FROZEN-SIFT-HASH-19073u.jpg
frozenhashish:9230,frozenhashish:9227,50g,FH-9230,200,200,True,50,grams,https://frozenhashish.com/wp-content/uploads/2026/08/BLUE-MAGIC-FROZEN-SIFT-HASH-19073u.jpg
frozenhashish:9231,frozenhashish:9227,100g,FH-9231,370,370,True,100,grams,https://frozenhashish.com/wp-content/uploads/2026/08/BLUE-MAGIC-FROZEN-SIFT-HASH-19073u.jpg
frozenhashish:9218,frozenhashish:9214,25g,FH-9218,150,150,True,25,grams,https://frozenhashish.com/wp-content/uploads/2026/08/ICELABZ-Hash-90110u-For-Sale.jpg
frozenhashish:9219,frozenhashish:9214,50g,FH-9219,250,250,True,50,grams,https://frozenhashish.com/wp-content/uploads/2026/08/ICELABZ-Hash-90110u-For-Sale.jpg
frozenhashish:9220,frozenhashish:9214,100g,FH-9220,450,450,True,100,grams,https://frozenhashish.com/wp-content/uploads/2026/08/ICELABZ-Hash-90110u-For-Sale.jpg
frozenhashish:9188,frozenhashish:9185,25g,FH-9188,190,190,True,25,grams,https://frozenhashish.com/wp-content/uploads/2026/08/Starburst-Hash-Rosin-For-Sale.jpg
frozenhashish:9189,frozenhashish:9185,50g,FH-9189,320,320,True,50,grams,https://frozenhashish.com/wp-content/uploads/2026/08/Starburst-Hash-Rosin-For-Sale.jpg
frozenhashish:9190,frozenhashish:9185,100g,FH-9190,600,600,True,100,grams,https://frozenhashish.com/wp-content/uploads/2026/08/Starburst-Hash-Rosin-For-Sale.jpg
frozenhashish:9191,frozenhashish:9185,500g,FH-9191,2800,2800,True,500,grams,https://frozenhashish.com/wp-content/uploads/2026/08/Starburst-Hash-Rosin-For-Sale.jpg
frozenhashish:9143,frozenhashish:9138,50g,FH-9143,200,200,True,50,grams,https://frozenhashish.com/wp-content/uploads/2026/08/Bufalo-Plein-Hash-120u.jpg
frozenhashish:9144,frozenhashish:9138,100g,FH-9144,350,350,True,100,grams,https://frozenhashish.com/wp-content/uploads/2026/08/Bufalo-Plein-Hash-120u.jpg
frozenhashish:9145,frozenhashish:9138,1kg,FH-9145,3000,3000,True,,,https://frozenhashish.com/wp-content/uploads/2026/08/Bufalo-Plein-Hash-120u.jpg
frozenhashish:9134,frozenhashish:9130,25g,FH-9134,120,120,True,25,grams,https://frozenhashish.com/wp-content/uploads/2026/08/Bufalo-Plein-Frozen-sift-Hash-18090u-2026.jpg
frozenhashish:9135,frozenhashish:9130,50g,FH-9135,200,200,True,50,grams,https://frozenhashish.com/wp-content/uploads/2026/08/Bufalo-Plein-Frozen-sift-Hash-18090u-2026.jpg
frozenhashish:9136,frozenhashish:9130,100g,FH-9136,350,350,True,100,grams,https://frozenhashish.com/wp-content/uploads/2026/08/Bufalo-Plein-Frozen-sift-Hash-18090u-2026.jpg
frozenhashish:9137,frozenhashish:9130,1kg,FH-9137,3000,3000,True,,,https://frozenhashish.com/wp-content/uploads/2026/08/Bufalo-Plein-Frozen-sift-Hash-18090u-2026.jpg
frozenhashish:9088,frozenhashish:9085,25g,FH-9088,180,180,True,25,grams,https://frozenhashish.com/wp-content/uploads/2026/08/LA-SOURCE-FROZEN-SIFT-HASH.jpg
frozenhashish:9089,frozenhashish:9085,50g,FH-9089,300,300,True,50,grams,https://frozenhashish.com/wp-content/uploads/2026/08/LA-SOURCE-FROZEN-SIFT-HASH.jpg
frozenhashish:9090,frozenhashish:9085,100g,FH-9090,550,550,True,100,grams,https://frozenhashish.com/wp-content/uploads/2026/08/LA-SOURCE-FROZEN-SIFT-HASH.jpg
frozenhashish:9091,frozenhashish:9085,500g,FH-9091,2200,2200,True,500,grams,https://frozenhashish.com/wp-content/uploads/2026/08/LA-SOURCE-FROZEN-SIFT-HASH.jpg
frozenhashish:9080,frozenhashish:9077,10g,FH-9080,150,150,True,10,grams,https://frozenhashish.com/wp-content/uploads/2026/08/Ice-WPFF-Full-Melt-Hash.jpg
frozenhashish:9081,frozenhashish:9077,25g,FH-9081,300,300,True,25,grams,https://frozenhashish.com/wp-content/uploads/2026/08/Ice-WPFF-Full-Melt-Hash.jpg
frozenhashish:9082,frozenhashish:9077,50g,FH-9082,550,550,True,50,grams,https://frozenhashish.com/wp-content/uploads/2026/08/Ice-WPFF-Full-Melt-Hash.jpg
frozenhashish:9083,frozenhashish:9077,100g,FH-9083,1000,1000,True,100,grams,https://frozenhashish.com/wp-content/uploads/2026/08/Ice-WPFF-Full-Melt-Hash.jpg
frozenhashish:9014,frozenhashish:9011,25g,FH-9014,170,170,True,25,grams,https://frozenhashish.com/wp-content/uploads/2026/08/Buy-Hash-Online.jpg
frozenhashish:9015,frozenhashish:9011,50g,FH-9015,300,300,True,50,grams,https://frozenhashish.com/wp-content/uploads/2026/08/Buy-Hash-Online.jpg
frozenhashish:9016,frozenhashish:9011,100g,FH-9016,550,550,True,100,grams,https://frozenhashish.com/wp-content/uploads/2026/08/Buy-Hash-Online.jpg
frozenhashish:9017,frozenhashish:9011,500g,FH-9017,2500,2500,True,500,grams,https://frozenhashish.com/wp-content/uploads/2026/08/Buy-Hash-Online.jpg
frozenhashish:8971,frozenhashish:8971,Default,FH-8971,0,0,False,,,
frozenhashish:8959,frozenhashish:8957,15g,FH-8959,200,200,True,15,grams,https://frozenhashish.com/wp-content/uploads/2026/07/Pirate-Monkey-Farm-Hash2.webp
frozenhashish:8960,frozenhashish:8957,25g,FH-8960,300,300,True,25,grams,https://frozenhashish.com/wp-content/uploads/2026/07/Pirate-Monkey-Farm-Hash2.webp
frozenhashish:8961,frozenhashish:8957,50g,FH-8961,650,650,True,50,grams,https://frozenhashish.com/wp-content/uploads/2026/07/Pirate-Monkey-Farm-Hash2.webp
frozenhashish:8962,frozenhashish:8957,100g,FH-8962,1150,1150,True,100,grams,https://frozenhashish.com/wp-content/uploads/2026/07/Pirate-Monkey-Farm-Hash2.webp
frozenhashish:8963,frozenhashish:8957,500g,FH-8963,5200,5200,True,500,grams,https://frozenhashish.com/wp-content/uploads/2026/07/Pirate-Monkey-Farm-Hash2.webp
frozenhashish:8972,frozenhashish:8954,25g,FH-8972,210,210,True,25,grams,https://frozenhashish.com/wp-content/uploads/2026/08/GMO-Hash-For-Sale.jpg
frozenhashish:8973,frozenhashish:8954,50g,FH-8973,355,355,True,50,grams,https://frozenhashish.com/wp-content/uploads/2026/08/GMO-Hash-For-Sale.jpg
frozenhashish:8974,frozenhashish:8954,100g,FH-8974,655,655,True,100,grams,https://frozenhashish.com/wp-content/uploads/2026/08/GMO-Hash-For-Sale.jpg
frozenhashish:8975,frozenhashish:8954,500g,FH-8975,2700,2700,True,500,grams,https://frozenhashish.com/wp-content/uploads/2026/08/GMO-Hash-For-Sale.jpg
frozenhashish:8710,frozenhashish:8706,15g,FH-8710,200,200,True,15,grams,https://frozenhashish.com/wp-content/uploads/2026/07/Haram-Boyz-Farm-Hash.webp
frozenhashish:8711,frozenhashish:8706,25g,FH-8711,450,450,True,25,grams,https://frozenhashish.com/wp-content/uploads/2026/07/Haram-Boyz-Farm-Hash.webp
frozenhashish:8712,frozenhashish:8706,50g,FH-8712,850,850,True,50,grams,https://frozenhashish.com/wp-content/uploads/2026/07/Haram-Boyz-Farm-Hash.webp
frozenhashish:8713,frozenhashish:8706,100g,FH-8713,1600,1600,True,100,grams,https://frozenhashish.com/wp-content/uploads/2026/07/Haram-Boyz-Farm-Hash.webp
frozenhashish:8523,frozenhashish:8519,25g,FH-8523,140,140,True,25,grams,https://frozenhashish.com/wp-content/uploads/2026/07/Streetz-Farmz-Hash.webp
frozenhashish:8524,frozenhashish:8519,50g,FH-8524,250,250,True,50,grams,https://frozenhashish.com/wp-content/uploads/2026/07/Streetz-Farmz-Hash.webp
frozenhashish:8525,frozenhashish:8519,100g,FH-8525,490,490,True,100,grams,https://frozenhashish.com/wp-content/uploads/2026/07/Streetz-Farmz-Hash.webp
frozenhashish:8526,frozenhashish:8519,250g,FH-8526,1300,1300,True,250,grams,https://frozenhashish.com/wp-content/uploads/2026/07/Streetz-Farmz-Hash.webp
frozenhashish:8527,frozenhashish:8519,500g,FH-8527,2400,2400,True,500,grams,https://frozenhashish.com/wp-content/uploads/2026/07/Streetz-Farmz-Hash.webp
frozenhashish:7830,frozenhashish:7829,25g,FH-7830,250,250,True,25,grams,https://frozenhashish.com/wp-content/uploads/2026/07/Mount-Olympus-Farm-.jpg
frozenhashish:7831,frozenhashish:7829,50g,FH-7831,500,500,True,50,grams,https://frozenhashish.com/wp-content/uploads/2026/07/Mount-Olympus-Farm-.jpg
frozenhashish:7832,frozenhashish:7829,100g,FH-7832,950,950,True,100,grams,https://frozenhashish.com/wp-content/uploads/2026/07/Mount-Olympus-Farm-.jpg
frozenhashish:7825,frozenhashish:7824,10g,FH-7825,200,200,True,10,grams,https://frozenhashish.com/wp-content/uploads/2026/07/Kinks-Farms-.jpg
frozenhashish:7826,frozenhashish:7824,25g,FH-7826,400,400,True,25,grams,https://frozenhashish.com/wp-content/uploads/2026/07/Kinks-Farms-.jpg
frozenhashish:7827,frozenhashish:7824,50g,FH-7827,750,750,True,50,grams,https://frozenhashish.com/wp-content/uploads/2026/07/Kinks-Farms-.jpg
frozenhashish:7828,frozenhashish:7824,100g,FH-7828,1300,1300,True,100,grams,https://frozenhashish.com/wp-content/uploads/2026/07/Kinks-Farms-.jpg
frozenhashish:7796,frozenhashish:7791,25g,FH-7796,110,110,True,25,grams,https://frozenhashish.com/wp-content/uploads/2026/07/Buffalo-Plein-Frozen-Sift-Hash2.webp
frozenhashish:7797,frozenhashish:7791,50g,FH-7797,210,210,True,50,grams,https://frozenhashish.com/wp-content/uploads/2026/07/Buffalo-Plein-Frozen-Sift-Hash2.webp
frozenhashish:7798,frozenhashish:7791,100g,FH-7798,400,400,True,100,grams,https://frozenhashish.com/wp-content/uploads/2026/07/Buffalo-Plein-Frozen-Sift-Hash2.webp
frozenhashish:7799,frozenhashish:7791,250g,FH-7799,980,980,True,250,grams,https://frozenhashish.com/wp-content/uploads/2026/07/Buffalo-Plein-Frozen-Sift-Hash2.webp
frozenhashish:7800,frozenhashish:7791,500g,FH-7800,1900,1900,True,500,grams,https://frozenhashish.com/wp-content/uploads/2026/07/Buffalo-Plein-Frozen-Sift-Hash2.webp
frozenhashish:7801,frozenhashish:7791,1000g,FH-7801,3500,3500,True,1000,grams,https://frozenhashish.com/wp-content/uploads/2026/07/Buffalo-Plein-Frozen-Sift-Hash2.webp
frozenhashish:9514,frozenhashish:9512,10g,FH-9514,110,110,True,10,grams,https://frozenhashish.com/wp-content/uploads/2026/08/Honey-Mountain-Farm-Hash-For-Sale.webp
frozenhashish:9515,frozenhashish:9512,25g,FH-9515,220,220,True,25,grams,https://frozenhashish.com/wp-content/uploads/2026/08/Honey-Mountain-Farm-Hash-For-Sale.webp
frozenhashish:9516,frozenhashish:9512,50g,FH-9516,400,400,True,50,grams,https://frozenhashish.com/wp-content/uploads/2026/08/Honey-Mountain-Farm-Hash-For-Sale.webp
frozenhashish:9517,frozenhashish:9512,100g,FH-9517,750,750,True,100,grams,https://frozenhashish.com/wp-content/uploads/2026/08/Honey-Mountain-Farm-Hash-For-Sale.webp
frozenhashish:9422,frozenhashish:9420,25g,FH-9422,170,170,True,25,grams,https://frozenhashish.com/wp-content/uploads/2026/08/GORILLA-COOKIES-HASH-EGGS-FOR-SAALE.webp
frozenhashish:9423,frozenhashish:9420,50g,FH-9423,280,280,True,50,grams,https://frozenhashish.com/wp-content/uploads/2026/08/GORILLA-COOKIES-HASH-EGGS-FOR-SAALE.webp
frozenhashish:9424,frozenhashish:9420,100g,FH-9424,500,500,True,100,grams,https://frozenhashish.com/wp-content/uploads/2026/08/GORILLA-COOKIES-HASH-EGGS-FOR-SAALE.webp
frozenhashish:7844,frozenhashish:7843,10g,FH-7844,110,110,True,10,grams,https://frozenhashish.com/wp-content/uploads/2026/07/Mountain-Giants-Hash-Egg-.jpg
frozenhashish:7845,frozenhashish:7843,25g,FH-7845,210,210,True,25,grams,https://frozenhashish.com/wp-content/uploads/2026/07/Mountain-Giants-Hash-Egg-.jpg
frozenhashish:7846,frozenhashish:7843,50g,FH-7846,410,410,True,50,grams,https://frozenhashish.com/wp-content/uploads/2026/07/Mountain-Giants-Hash-Egg-.jpg
frozenhashish:7847,frozenhashish:7843,100g,FH-7847,800,800,True,100,grams,https://frozenhashish.com/wp-content/uploads/2026/07/Mountain-Giants-Hash-Egg-.jpg
frozenhashish:7840,frozenhashish:7839,5g,FH-7840,60,60,True,5,grams,https://frozenhashish.com/wp-content/uploads/2026/07/Hashski-Static-Eggs-Hash.jpg
frozenhashish:7841,frozenhashish:7839,10g,FH-7841,110,110,True,10,grams,https://frozenhashish.com/wp-content/uploads/2026/07/Hashski-Static-Eggs-Hash.jpg
frozenhashish:7842,frozenhashish:7839,15g (1 egg),FH-7842,165,165,True,15,grams,https://frozenhashish.com/wp-content/uploads/2026/07/Hashski-Static-Eggs-Hash.jpg
frozenhashish:9504,frozenhashish:9502,25g,FH-9504,150,150,True,25,grams,https://frozenhashish.com/wp-content/uploads/2026/08/Los-Angeles-Lakers-Farm-Hash-For-Sale.webp
frozenhashish:9505,frozenhashish:9502,50g,FH-9505,250,250,True,50,grams,https://frozenhashish.com/wp-content/uploads/2026/08/Los-Angeles-Lakers-Farm-Hash-For-Sale.webp
frozenhashish:9506,frozenhashish:9502,100g,FH-9506,450,450,True,100,grams,https://frozenhashish.com/wp-content/uploads/2026/08/Los-Angeles-Lakers-Farm-Hash-For-Sale.webp
frozenhashish:9434,frozenhashish:9432,50g,FH-9434,160,160,True,50,grams,https://frozenhashish.com/wp-content/uploads/2026/08/LA-MOUSSE-SUPER-MARIO-HASH-FOR-SALE.webp
frozenhashish:9435,frozenhashish:9432,100g,FH-9435,260,260,True,100,grams,https://frozenhashish.com/wp-content/uploads/2026/08/LA-MOUSSE-SUPER-MARIO-HASH-FOR-SALE.webp
frozenhashish:9436,frozenhashish:9432,500g,FH-9436,1150,1150,True,500,grams,https://frozenhashish.com/wp-content/uploads/2026/08/LA-MOUSSE-SUPER-MARIO-HASH-FOR-SALE.webp
frozenhashish:9437,frozenhashish:9432,1kg,FH-9437,2150,2150,True,,,https://frozenhashish.com/wp-content/uploads/2026/08/LA-MOUSSE-SUPER-MARIO-HASH-FOR-SALE.webp
frozenhashish:9253,frozenhashish:9251,50g,FH-9253,150,150,True,50,grams,https://frozenhashish.com/wp-content/uploads/2026/08/La-Mousse-Hash-For-Sale.jpg
frozenhashish:9254,frozenhashish:9251,100g,FH-9254,250,250,True,100,grams,https://frozenhashish.com/wp-content/uploads/2026/08/La-Mousse-Hash-For-Sale.jpg
frozenhashish:9255,frozenhashish:9251,500g,FH-9255,1000,1000,True,500,grams,https://frozenhashish.com/wp-content/uploads/2026/08/La-Mousse-Hash-For-Sale.jpg
frozenhashish:9127,frozenhashish:9124,25g,FH-9127,120,120,True,25,grams,https://frozenhashish.com/wp-content/uploads/2026/08/Dry-Sift-Candy-Mousse-120u-Hash-1.jpg
frozenhashish:9128,frozenhashish:9124,50g,FH-9128,200,200,True,50,grams,https://frozenhashish.com/wp-content/uploads/2026/08/Dry-Sift-Candy-Mousse-120u-Hash-1.jpg
frozenhashish:9129,frozenhashish:9124,100g,FH-9129,350,350,True,100,grams,https://frozenhashish.com/wp-content/uploads/2026/08/Dry-Sift-Candy-Mousse-120u-Hash-1.jpg
frozenhashish:9071,frozenhashish:9066,50g,FH-9071,150,150,True,50,grams,https://frozenhashish.com/wp-content/uploads/2026/08/West-Coast-Mousse-For-Sale.jpg
frozenhashish:9072,frozenhashish:9066,100g,FH-9072,240,240,True,100,grams,https://frozenhashish.com/wp-content/uploads/2026/08/West-Coast-Mousse-For-Sale.jpg
frozenhashish:9073,frozenhashish:9066,500g,FH-9073,900,900,True,500,grams,https://frozenhashish.com/wp-content/uploads/2026/08/West-Coast-Mousse-For-Sale.jpg
frozenhashish:9074,frozenhashish:9066,1kg,FH-9074,1750,1750,True,,,https://frozenhashish.com/wp-content/uploads/2026/08/West-Coast-Mousse-For-Sale.jpg
frozenhashish:7992,frozenhashish:7992,Default,FH-7992,0,0,False,,,
frozenhashish:7987,frozenhashish:7986,50g,FH-7987,80,80,True,50,grams,https://frozenhashish.com/wp-content/uploads/2026/07/Mountain-Farm-Mousse-Hash.webp
frozenhashish:7988,frozenhashish:7986,100g,FH-7988,150,150,True,100,grams,https://frozenhashish.com/wp-content/uploads/2026/07/Mountain-Farm-Mousse-Hash.webp
frozenhashish:7989,frozenhashish:7986,250g,FH-7989,360,360,True,250,grams,https://frozenhashish.com/wp-content/uploads/2026/07/Mountain-Farm-Mousse-Hash.webp
frozenhashish:7990,frozenhashish:7986,500g,FH-7990,680,680,True,500,grams,https://frozenhashish.com/wp-content/uploads/2026/07/Mountain-Farm-Mousse-Hash.webp
frozenhashish:7991,frozenhashish:7986,1000g,FH-7991,1200,1200,True,1000,grams,https://frozenhashish.com/wp-content/uploads/2026/07/Mountain-Farm-Mousse-Hash.webp
frozenhashish:7982,frozenhashish:7981,50g,FH-7982,100,100,True,50,grams,https://frozenhashish.com/wp-content/uploads/2026/07/Bentley-Mousse-Hash-.jpeg
frozenhashish:7983,frozenhashish:7981,100g,FH-7983,180,180,True,100,grams,https://frozenhashish.com/wp-content/uploads/2026/07/Bentley-Mousse-Hash-.jpeg
frozenhashish:7984,frozenhashish:7981,250g,FH-7984,340,340,True,250,grams,https://frozenhashish.com/wp-content/uploads/2026/07/Bentley-Mousse-Hash-.jpeg
frozenhashish:7985,frozenhashish:7981,500g,FH-7985,650,650,True,500,grams,https://frozenhashish.com/wp-content/uploads/2026/07/Bentley-Mousse-Hash-.jpeg
frozenhashish:7977,frozenhashish:7976,50g,FH-7977,80,80,True,50,grams,https://frozenhashish.com/wp-content/uploads/2026/07/Bubble-Gum-Mousse.jpeg
frozenhashish:7978,frozenhashish:7976,100g,FH-7978,150,150,True,100,grams,https://frozenhashish.com/wp-content/uploads/2026/07/Bubble-Gum-Mousse.jpeg
frozenhashish:7979,frozenhashish:7976,250g,FH-7979,250,250,True,250,grams,https://frozenhashish.com/wp-content/uploads/2026/07/Bubble-Gum-Mousse.jpeg
frozenhashish:7980,frozenhashish:7976,500g,FH-7980,680,680,True,500,grams,https://frozenhashish.com/wp-content/uploads/2026/07/Bubble-Gum-Mousse.jpeg
frozenhashish:7896,frozenhashish:7895,50g,FH-7896,150,150,True,50,grams,https://frozenhashish.com/wp-content/uploads/2026/07/West-Coast-Mousse-Hashish-3.jpg
frozenhashish:7897,frozenhashish:7895,100g,FH-7897,380,380,True,100,grams,https://frozenhashish.com/wp-content/uploads/2026/07/West-Coast-Mousse-Hashish-3.jpg
frozenhashish:7898,frozenhashish:7895,250g,FH-7898,850,850,True,250,grams,https://frozenhashish.com/wp-content/uploads/2026/07/West-Coast-Mousse-Hashish-3.jpg
frozenhashish:7899,frozenhashish:7895,500g,FH-7899,1550,1550,True,500,grams,https://frozenhashish.com/wp-content/uploads/2026/07/West-Coast-Mousse-Hashish-3.jpg
frozenhashish:7891,frozenhashish:7890,50g,FH-7891,120,120,True,50,grams,https://frozenhashish.com/wp-content/uploads/2026/07/Tengo-Hambre-Mousse-Hashish.jpg
frozenhashish:7892,frozenhashish:7890,100g,FH-7892,210,210,True,100,grams,https://frozenhashish.com/wp-content/uploads/2026/07/Tengo-Hambre-Mousse-Hashish.jpg
frozenhashish:7893,frozenhashish:7890,250g,FH-7893,510,510,True,250,grams,https://frozenhashish.com/wp-content/uploads/2026/07/Tengo-Hambre-Mousse-Hashish.jpg
frozenhashish:7894,frozenhashish:7890,500g,FH-7894,1000,1000,True,500,grams,https://frozenhashish.com/wp-content/uploads/2026/07/Tengo-Hambre-Mousse-Hashish.jpg
frozenhashish:7885,frozenhashish:7884,10g,FH-7885,30,30,True,10,grams,https://frozenhashish.com/wp-content/uploads/2026/07/Morocco-Mousse-1.jpg
frozenhashish:7886,frozenhashish:7884,50g,FH-7886,140,140,True,50,grams,https://frozenhashish.com/wp-content/uploads/2026/07/Morocco-Mousse-1.jpg
frozenhashish:7887,frozenhashish:7884,100g,FH-7887,255,255,True,100,grams,https://frozenhashish.com/wp-content/uploads/2026/07/Morocco-Mousse-1.jpg
frozenhashish:7888,frozenhashish:7884,250g,FH-7888,580,580,True,250,grams,https://frozenhashish.com/wp-content/uploads/2026/07/Morocco-Mousse-1.jpg
frozenhashish:7889,frozenhashish:7884,500g,FH-7889,1100,1100,True,500,grams,https://frozenhashish.com/wp-content/uploads/2026/07/Morocco-Mousse-1.jpg
frozenhashish:7879,frozenhashish:7878,25g,FH-7879,100,100,True,25,grams,https://frozenhashish.com/wp-content/uploads/2026/07/Golden-Tiger-Mousse-Hash-Concentrate-1-1.jpg
frozenhashish:7880,frozenhashish:7878,50g,FH-7880,180,180,True,50,grams,https://frozenhashish.com/wp-content/uploads/2026/07/Golden-Tiger-Mousse-Hash-Concentrate-1-1.jpg
frozenhashish:7881,frozenhashish:7878,100g,FH-7881,330,330,True,100,grams,https://frozenhashish.com/wp-content/uploads/2026/07/Golden-Tiger-Mousse-Hash-Concentrate-1-1.jpg
frozenhashish:7882,frozenhashish:7878,250g,FH-7882,640,640,True,250,grams,https://frozenhashish.com/wp-content/uploads/2026/07/Golden-Tiger-Mousse-Hash-Concentrate-1-1.jpg
frozenhashish:7883,frozenhashish:7878,500g,FH-7883,1200,1200,True,500,grams,https://frozenhashish.com/wp-content/uploads/2026/07/Golden-Tiger-Mousse-Hash-Concentrate-1-1.jpg
frozenhashish:7875,frozenhashish:7853,50g,FH-7875,220,220,True,50,grams,https://frozenhashish.com/wp-content/uploads/2026/07/Gold-Mousse.jpg
frozenhashish:7876,frozenhashish:7853,100g,FH-7876,370,370,True,100,grams,https://frozenhashish.com/wp-content/uploads/2026/07/Gold-Mousse.jpg
frozenhashish:7877,frozenhashish:7853,500g,FH-7877,1500,1500,True,500,grams,https://frozenhashish.com/wp-content/uploads/2026/07/Gold-Mousse.jpg
frozenhashish:7849,frozenhashish:7848,10g,FH-7849,40,40,True,10,grams,https://frozenhashish.com/wp-content/uploads/2026/07/Bad-Berred-Mousse-.jpg
frozenhashish:7850,frozenhashish:7848,25g,FH-7850,70,70,True,25,grams,https://frozenhashish.com/wp-content/uploads/2026/07/Bad-Berred-Mousse-.jpg
frozenhashish:7851,frozenhashish:7848,50g,FH-7851,110,110,True,50,grams,https://frozenhashish.com/wp-content/uploads/2026/07/Bad-Berred-Mousse-.jpg
frozenhashish:7852,frozenhashish:7848,100g,FH-7852,200,200,True,100,grams,https://frozenhashish.com/wp-content/uploads/2026/07/Bad-Berred-Mousse-.jpg
frozenhashish:7552,frozenhashish:7551,50g,FH-7552,140,140,True,50,grams,https://frozenhashish.com/wp-content/uploads/2026/07/La-Mousse-Sherbert-Hash.jpg
frozenhashish:7553,frozenhashish:7551,100g,FH-7553,266,266,True,100,grams,https://frozenhashish.com/wp-content/uploads/2026/07/La-Mousse-Sherbert-Hash.jpg
frozenhashish:7554,frozenhashish:7551,250g,FH-7554,640,640,True,250,grams,https://frozenhashish.com/wp-content/uploads/2026/07/La-Mousse-Sherbert-Hash.jpg
frozenhashish:7555,frozenhashish:7551,500g,FH-7555,1100,1100,True,500,grams,https://frozenhashish.com/wp-content/uploads/2026/07/La-Mousse-Sherbert-Hash.jpg
frozenhashish:7547,frozenhashish:7546,50g,FH-7547,140,140,True,50,grams,https://frozenhashish.com/wp-content/uploads/2026/07/La-Mousse-Runtz-Hash-.jpg
frozenhashish:7548,frozenhashish:7546,100g,FH-7548,266,266,True,100,grams,https://frozenhashish.com/wp-content/uploads/2026/07/La-Mousse-Runtz-Hash-.jpg
frozenhashish:7549,frozenhashish:7546,250g,FH-7549,640,640,True,250,grams,https://frozenhashish.com/wp-content/uploads/2026/07/La-Mousse-Runtz-Hash-.jpg
frozenhashish:7550,frozenhashish:7546,500g,FH-7550,1100,1100,True,500,grams,https://frozenhashish.com/wp-content/uploads/2026/07/La-Mousse-Runtz-Hash-.jpg
frozenhashish:7542,frozenhashish:7541,50g,FH-7542,140,140,True,50,grams,https://frozenhashish.com/wp-content/uploads/2026/07/La-Mousse-Mendo-Purps-Hash-.jpg
frozenhashish:7543,frozenhashish:7541,100g,FH-7543,266,266,True,100,grams,https://frozenhashish.com/wp-content/uploads/2026/07/La-Mousse-Mendo-Purps-Hash-.jpg
frozenhashish:7544,frozenhashish:7541,250g,FH-7544,640,640,True,250,grams,https://frozenhashish.com/wp-content/uploads/2026/07/La-Mousse-Mendo-Purps-Hash-.jpg
frozenhashish:7545,frozenhashish:7541,500g,FH-7545,1100,1100,True,500,grams,https://frozenhashish.com/wp-content/uploads/2026/07/La-Mousse-Mendo-Purps-Hash-.jpg
frozenhashish:7537,frozenhashish:7536,50g,FH-7537,140,140,True,50,grams,https://frozenhashish.com/wp-content/uploads/2026/07/La-Mousse-Jealousy-Hash.jpg
frozenhashish:7538,frozenhashish:7536,100g,FH-7538,266,266,True,100,grams,https://frozenhashish.com/wp-content/uploads/2026/07/La-Mousse-Jealousy-Hash.jpg
frozenhashish:7539,frozenhashish:7536,250g,FH-7539,640,640,True,250,grams,https://frozenhashish.com/wp-content/uploads/2026/07/La-Mousse-Jealousy-Hash.jpg
frozenhashish:7540,frozenhashish:7536,500g,FH-7540,1100,1100,True,500,grams,https://frozenhashish.com/wp-content/uploads/2026/07/La-Mousse-Jealousy-Hash.jpg
frozenhashish:7526,frozenhashish:7525,50g,FH-7526,140,140,True,50,grams,https://frozenhashish.com/wp-content/uploads/2026/07/La-Mousse-I.C.C-Hash-.jpg
frozenhashish:7527,frozenhashish:7525,100g,FH-7527,266,266,True,100,grams,https://frozenhashish.com/wp-content/uploads/2026/07/La-Mousse-I.C.C-Hash-.jpg
frozenhashish:7528,frozenhashish:7525,250g,FH-7528,640,640,True,250,grams,https://frozenhashish.com/wp-content/uploads/2026/07/La-Mousse-I.C.C-Hash-.jpg
frozenhashish:7529,frozenhashish:7525,500g,FH-7529,1100,1100,True,500,grams,https://frozenhashish.com/wp-content/uploads/2026/07/La-Mousse-I.C.C-Hash-.jpg
frozenhashish:7521,frozenhashish:7520,50g,FH-7521,140,140,True,50,grams,https://frozenhashish.com/wp-content/uploads/2026/07/La-Mousse-Zoap-Hash-.jpg
frozenhashish:7522,frozenhashish:7520,100g,FH-7522,266,266,True,100,grams,https://frozenhashish.com/wp-content/uploads/2026/07/La-Mousse-Zoap-Hash-.jpg
frozenhashish:7523,frozenhashish:7520,250g,FH-7523,640,640,True,250,grams,https://frozenhashish.com/wp-content/uploads/2026/07/La-Mousse-Zoap-Hash-.jpg
frozenhashish:7524,frozenhashish:7520,500g,FH-7524,1100,1100,True,500,grams,https://frozenhashish.com/wp-content/uploads/2026/07/La-Mousse-Zoap-Hash-.jpg
frozenhashish:7516,frozenhashish:7515,50g,FH-7516,140,140,True,50,grams,https://frozenhashish.com/wp-content/uploads/2026/07/La-Mousse-White-Runtz-Hash-.jpg
frozenhashish:7517,frozenhashish:7515,100g,FH-7517,266,266,True,100,grams,https://frozenhashish.com/wp-content/uploads/2026/07/La-Mousse-White-Runtz-Hash-.jpg
frozenhashish:7518,frozenhashish:7515,250g,FH-7518,640,640,True,250,grams,https://frozenhashish.com/wp-content/uploads/2026/07/La-Mousse-White-Runtz-Hash-.jpg
frozenhashish:7519,frozenhashish:7515,500g,FH-7519,1100,1100,True,500,grams,https://frozenhashish.com/wp-content/uploads/2026/07/La-Mousse-White-Runtz-Hash-.jpg
frozenhashish:7511,frozenhashish:7510,50g,FH-7511,140,140,True,50,grams,https://frozenhashish.com/wp-content/uploads/2026/07/La-Mousse-Sundae-Driver-Hash-.jpg
frozenhashish:7512,frozenhashish:7510,100g,FH-7512,266,266,True,100,grams,https://frozenhashish.com/wp-content/uploads/2026/07/La-Mousse-Sundae-Driver-Hash-.jpg
frozenhashish:7513,frozenhashish:7510,250g,FH-7513,640,640,True,250,grams,https://frozenhashish.com/wp-content/uploads/2026/07/La-Mousse-Sundae-Driver-Hash-.jpg
frozenhashish:7514,frozenhashish:7510,500g,FH-7514,1100,1100,True,500,grams,https://frozenhashish.com/wp-content/uploads/2026/07/La-Mousse-Sundae-Driver-Hash-.jpg
frozenhashish:7506,frozenhashish:7505,50g,FH-7506,140,140,True,50,grams,https://frozenhashish.com/wp-content/uploads/2026/07/La-Mousse-Sour-Diesel-Hash-13.jpg
frozenhashish:7507,frozenhashish:7505,100g,FH-7507,266,266,True,100,grams,https://frozenhashish.com/wp-content/uploads/2026/07/La-Mousse-Sour-Diesel-Hash-13.jpg
frozenhashish:7508,frozenhashish:7505,250g,FH-7508,640,640,True,250,grams,https://frozenhashish.com/wp-content/uploads/2026/07/La-Mousse-Sour-Diesel-Hash-13.jpg
frozenhashish:7509,frozenhashish:7505,500g,FH-7509,1100,1100,True,500,grams,https://frozenhashish.com/wp-content/uploads/2026/07/La-Mousse-Sour-Diesel-Hash-13.jpg
frozenhashish:7501,frozenhashish:7500,50g,FH-7501,140,140,True,50,grams,https://frozenhashish.com/wp-content/uploads/2026/07/La-Mousse-Gelato-41-Hash-.jpg
frozenhashish:7502,frozenhashish:7500,100g,FH-7502,266,266,True,100,grams,https://frozenhashish.com/wp-content/uploads/2026/07/La-Mousse-Gelato-41-Hash-.jpg
frozenhashish:7503,frozenhashish:7500,250g,FH-7503,640,640,True,250,grams,https://frozenhashish.com/wp-content/uploads/2026/07/La-Mousse-Gelato-41-Hash-.jpg
frozenhashish:7504,frozenhashish:7500,500g,FH-7504,1100,1100,True,500,grams,https://frozenhashish.com/wp-content/uploads/2026/07/La-Mousse-Gelato-41-Hash-.jpg
frozenhashish:7490,frozenhashish:7489,50g,FH-7490,140,140,True,50,grams,https://frozenhashish.com/wp-content/uploads/2026/07/La-Mousse-Gelato-33-Hash.jpg
frozenhashish:7491,frozenhashish:7489,100g,FH-7491,266,266,True,100,grams,https://frozenhashish.com/wp-content/uploads/2026/07/La-Mousse-Gelato-33-Hash.jpg
frozenhashish:7492,frozenhashish:7489,250g,FH-7492,640,640,True,250,grams,https://frozenhashish.com/wp-content/uploads/2026/07/La-Mousse-Gelato-33-Hash.jpg
frozenhashish:7493,frozenhashish:7489,500g,FH-7493,1100,1100,True,500,grams,https://frozenhashish.com/wp-content/uploads/2026/07/La-Mousse-Gelato-33-Hash.jpg
frozenhashish:7485,frozenhashish:7484,50g,FH-7485,140,140,True,50,grams,https://frozenhashish.com/wp-content/uploads/2026/07/La-Mousse-Gary-Payton-Hash-.jpg
frozenhashish:7486,frozenhashish:7484,100g,FH-7486,266,266,True,100,grams,https://frozenhashish.com/wp-content/uploads/2026/07/La-Mousse-Gary-Payton-Hash-.jpg
frozenhashish:7487,frozenhashish:7484,250g,FH-7487,640,640,True,250,grams,https://frozenhashish.com/wp-content/uploads/2026/07/La-Mousse-Gary-Payton-Hash-.jpg
frozenhashish:7488,frozenhashish:7484,500g,FH-7488,1100,1100,True,500,grams,https://frozenhashish.com/wp-content/uploads/2026/07/La-Mousse-Gary-Payton-Hash-.jpg
frozenhashish:7480,frozenhashish:7479,50g,FH-7480,140,140,True,50,grams,https://frozenhashish.com/wp-content/uploads/2026/07/La-Mousse-Chile-Verde-Hash.jpg
frozenhashish:7481,frozenhashish:7479,100g,FH-7481,266,266,True,100,grams,https://frozenhashish.com/wp-content/uploads/2026/07/La-Mousse-Chile-Verde-Hash.jpg
frozenhashish:7482,frozenhashish:7479,250g,FH-7482,640,640,True,250,grams,https://frozenhashish.com/wp-content/uploads/2026/07/La-Mousse-Chile-Verde-Hash.jpg
frozenhashish:7483,frozenhashish:7479,500g,FH-7483,1100,1100,True,500,grams,https://frozenhashish.com/wp-content/uploads/2026/07/La-Mousse-Chile-Verde-Hash.jpg
frozenhashish:7475,frozenhashish:7474,50g,FH-7475,140,140,True,50,grams,https://frozenhashish.com/wp-content/uploads/2026/07/La-Mousse-Cherry-Pie-Hash.jpg
frozenhashish:7476,frozenhashish:7474,100g,FH-7476,266,266,True,100,grams,https://frozenhashish.com/wp-content/uploads/2026/07/La-Mousse-Cherry-Pie-Hash.jpg
frozenhashish:7477,frozenhashish:7474,250g,FH-7477,640,640,True,250,grams,https://frozenhashish.com/wp-content/uploads/2026/07/La-Mousse-Cherry-Pie-Hash.jpg
frozenhashish:7478,frozenhashish:7474,500g,FH-7478,1100,1100,True,500,grams,https://frozenhashish.com/wp-content/uploads/2026/07/La-Mousse-Cherry-Pie-Hash.jpg
frozenhashish:7470,frozenhashish:7469,50g,FH-7470,140,140,True,50,grams,https://frozenhashish.com/wp-content/uploads/2026/07/La-Mousse-Cheese-Cake-Hash-2.jpg
frozenhashish:7471,frozenhashish:7469,100g,FH-7471,266,266,True,100,grams,https://frozenhashish.com/wp-content/uploads/2026/07/La-Mousse-Cheese-Cake-Hash-2.jpg
frozenhashish:7472,frozenhashish:7469,250g,FH-7472,640,640,True,250,grams,https://frozenhashish.com/wp-content/uploads/2026/07/La-Mousse-Cheese-Cake-Hash-2.jpg
frozenhashish:7473,frozenhashish:7469,500g,FH-7473,1100,1100,True,500,grams,https://frozenhashish.com/wp-content/uploads/2026/07/La-Mousse-Cheese-Cake-Hash-2.jpg
frozenhashish:7465,frozenhashish:7464,50g,FH-7465,140,140,True,50,grams,https://frozenhashish.com/wp-content/uploads/2026/07/La-Mousse-Apple-Fritter-Hash.webp
frozenhashish:7466,frozenhashish:7464,100g,FH-7466,266,266,True,100,grams,https://frozenhashish.com/wp-content/uploads/2026/07/La-Mousse-Apple-Fritter-Hash.webp
frozenhashish:7467,frozenhashish:7464,250g,FH-7467,400,400,True,250,grams,https://frozenhashish.com/wp-content/uploads/2026/07/La-Mousse-Apple-Fritter-Hash.webp
frozenhashish:7468,frozenhashish:7464,500g,FH-7468,760,760,True,500,grams,https://frozenhashish.com/wp-content/uploads/2026/07/La-Mousse-Apple-Fritter-Hash.webp
frozenhashish:9493,frozenhashish:9491,10g,FH-9493,100,100,True,10,grams,https://frozenhashish.com/wp-content/uploads/2026/08/EL-POULPO-FARM-STATIC-HASH-FOR-SALE.webp
frozenhashish:9494,frozenhashish:9491,25g,FH-9494,200,200,True,25,grams,https://frozenhashish.com/wp-content/uploads/2026/08/EL-POULPO-FARM-STATIC-HASH-FOR-SALE.webp
frozenhashish:9495,frozenhashish:9491,50g,FH-9495,350,350,True,50,grams,https://frozenhashish.com/wp-content/uploads/2026/08/EL-POULPO-FARM-STATIC-HASH-FOR-SALE.webp
frozenhashish:9496,frozenhashish:9491,100g,FH-9496,650,650,True,100,grams,https://frozenhashish.com/wp-content/uploads/2026/08/EL-POULPO-FARM-STATIC-HASH-FOR-SALE.webp
frozenhashish:9440,frozenhashish:9438,25g,FH-9440,220,220,True,25,grams,https://frozenhashish.com/wp-content/uploads/2026/08/SASUKE-FARMS-HASH-FOR-SALE.webp
frozenhashish:9441,frozenhashish:9438,50g,FH-9441,420,420,True,50,grams,https://frozenhashish.com/wp-content/uploads/2026/08/SASUKE-FARMS-HASH-FOR-SALE.webp
frozenhashish:9442,frozenhashish:9438,100g,FH-9442,800,800,True,100,grams,https://frozenhashish.com/wp-content/uploads/2026/08/SASUKE-FARMS-HASH-FOR-SALE.webp
frozenhashish:9428,frozenhashish:9425,10g,FH-9428,250,250,True,10,grams,https://frozenhashish.com/wp-content/uploads/2026/08/SHEESH-HASH-STATIC-FOR-SALE.webp
frozenhashish:9429,frozenhashish:9425,25g,FH-9429,450,450,True,25,grams,https://frozenhashish.com/wp-content/uploads/2026/08/SHEESH-HASH-STATIC-FOR-SALE.webp
frozenhashish:9430,frozenhashish:9425,50g,FH-9430,850,850,True,50,grams,https://frozenhashish.com/wp-content/uploads/2026/08/SHEESH-HASH-STATIC-FOR-SALE.webp
frozenhashish:9431,frozenhashish:9425,100g,FH-9431,1500,1500,True,100,grams,https://frozenhashish.com/wp-content/uploads/2026/08/SHEESH-HASH-STATIC-FOR-SALE.webp
frozenhashish:9417,frozenhashish:9414,25g,FH-9417,120,120,True,25,grams,https://frozenhashish.com/wp-content/uploads/2026/08/Dry-Static-Sift-Hash.jpg
frozenhashish:9418,frozenhashish:9414,50g,FH-9418,200,200,True,50,grams,https://frozenhashish.com/wp-content/uploads/2026/08/Dry-Static-Sift-Hash.jpg
frozenhashish:9419,frozenhashish:9414,100g,FH-9419,350,350,True,100,grams,https://frozenhashish.com/wp-content/uploads/2026/08/Dry-Static-Sift-Hash.jpg
frozenhashish:9404,frozenhashish:9402,25g,FH-9404,250,250,True,25,grams,https://frozenhashish.com/wp-content/uploads/2026/08/Static-Gaz-Fruit-Hash-For-Sale.jpg
frozenhashish:9405,frozenhashish:9402,50g,FH-9405,450,450,True,50,grams,https://frozenhashish.com/wp-content/uploads/2026/08/Static-Gaz-Fruit-Hash-For-Sale.jpg
frozenhashish:9406,frozenhashish:9402,100g,FH-9406,2000,2000,True,100,grams,https://frozenhashish.com/wp-content/uploads/2026/08/Static-Gaz-Fruit-Hash-For-Sale.jpg
frozenhashish:9346,frozenhashish:9343,25g,FH-9346,120,120,True,25,grams,https://frozenhashish.com/wp-content/uploads/2026/08/Royal-farmz-Real-Static-.jpg
frozenhashish:9347,frozenhashish:9343,50g,FH-9347,200,200,True,50,grams,https://frozenhashish.com/wp-content/uploads/2026/08/Royal-farmz-Real-Static-.jpg
frozenhashish:9348,frozenhashish:9343,100g,FH-9348,380,380,True,100,grams,https://frozenhashish.com/wp-content/uploads/2026/08/Royal-farmz-Real-Static-.jpg
frozenhashish:9317,frozenhashish:9313,25g,FH-9317,150,150,True,25,grams,https://frozenhashish.com/wp-content/uploads/2026/08/Chubby-Farmz-Hash-for-sale.jpg
frozenhashish:9318,frozenhashish:9313,50g,FH-9318,250,250,True,50,grams,https://frozenhashish.com/wp-content/uploads/2026/08/Chubby-Farmz-Hash-for-sale.jpg
frozenhashish:9319,frozenhashish:9313,100g,FH-9319,450,450,True,100,grams,https://frozenhashish.com/wp-content/uploads/2026/08/Chubby-Farmz-Hash-for-sale.jpg
frozenhashish:9280,frozenhashish:9276,10g,FH-9280,100,100,True,10,grams,https://frozenhashish.com/wp-content/uploads/2026/08/Mountain-Giants-Static-Sift-Hash-140-73u.jpg
frozenhashish:9281,frozenhashish:9276,25g,FH-9281,200,200,True,25,grams,https://frozenhashish.com/wp-content/uploads/2026/08/Mountain-Giants-Static-Sift-Hash-140-73u.jpg
frozenhashish:9282,frozenhashish:9276,50g,FH-9282,350,350,True,50,grams,https://frozenhashish.com/wp-content/uploads/2026/08/Mountain-Giants-Static-Sift-Hash-140-73u.jpg
frozenhashish:9283,frozenhashish:9276,100g,FH-9283,650,650,True,100,grams,https://frozenhashish.com/wp-content/uploads/2026/08/Mountain-Giants-Static-Sift-Hash-140-73u.jpg
frozenhashish:9284,frozenhashish:9276,500g,FH-9284,3000,3000,True,500,grams,https://frozenhashish.com/wp-content/uploads/2026/08/Mountain-Giants-Static-Sift-Hash-140-73u.jpg
frozenhashish:9234,frozenhashish:9232,25g,FH-9234,150,150,True,25,grams,https://frozenhashish.com/wp-content/uploads/2026/08/ICELABZ-GOLD-LINE-STATIC-SIFT-HASH.jpg
frozenhashish:9235,frozenhashish:9232,50g,FH-9235,250,250,True,50,grams,https://frozenhashish.com/wp-content/uploads/2026/08/ICELABZ-GOLD-LINE-STATIC-SIFT-HASH.jpg
frozenhashish:9236,frozenhashish:9232,100g,FH-9236,450,450,True,100,grams,https://frozenhashish.com/wp-content/uploads/2026/08/ICELABZ-GOLD-LINE-STATIC-SIFT-HASH.jpg
frozenhashish:9162,frozenhashish:9159,25g,FH-9162,130,130,True,25,grams,https://frozenhashish.com/wp-content/uploads/2026/08/LANASAR-Static-Sift-Hash-19090u.jpg
frozenhashish:9163,frozenhashish:9159,50g,FH-9163,200,200,True,50,grams,https://frozenhashish.com/wp-content/uploads/2026/08/LANASAR-Static-Sift-Hash-19090u.jpg
frozenhashish:9164,frozenhashish:9159,100g,FH-9164,380,380,True,100,grams,https://frozenhashish.com/wp-content/uploads/2026/08/LANASAR-Static-Sift-Hash-19090u.jpg
frozenhashish:8691,frozenhashish:8686,25g,FH-8691,200,200,True,25,grams,https://frozenhashish.com/wp-content/uploads/2026/07/Ice-Labz-Hash-For-Sale2.webp
frozenhashish:8692,frozenhashish:8686,50g,FH-8692,380,380,True,50,grams,https://frozenhashish.com/wp-content/uploads/2026/07/Ice-Labz-Hash-For-Sale2.webp
frozenhashish:8693,frozenhashish:8686,100g,FH-8693,720,720,True,100,grams,https://frozenhashish.com/wp-content/uploads/2026/07/Ice-Labz-Hash-For-Sale2.webp
frozenhashish:8694,frozenhashish:8686,500g,FH-8694,3300,3300,True,500,grams,https://frozenhashish.com/wp-content/uploads/2026/07/Ice-Labz-Hash-For-Sale2.webp
frozenhashish:8695,frozenhashish:8686,1kg,FH-8695,6400,6400,True,,,https://frozenhashish.com/wp-content/uploads/2026/07/Ice-Labz-Hash-For-Sale2.webp
frozenhashish:8673,frozenhashish:8670,25g,FH-8673,150,150,True,25,grams,https://frozenhashish.com/wp-content/uploads/2026/07/Mt.-Riff-Farm-Hash.webp
frozenhashish:8674,frozenhashish:8670,50g,FH-8674,280,280,True,50,grams,https://frozenhashish.com/wp-content/uploads/2026/07/Mt.-Riff-Farm-Hash.webp
frozenhashish:8675,frozenhashish:8670,100g,FH-8675,420,420,True,100,grams,https://frozenhashish.com/wp-content/uploads/2026/07/Mt.-Riff-Farm-Hash.webp
frozenhashish:8676,frozenhashish:8670,250g,FH-8676,1100,1100,True,250,grams,https://frozenhashish.com/wp-content/uploads/2026/07/Mt.-Riff-Farm-Hash.webp
frozenhashish:8677,frozenhashish:8670,500g,FH-8677,2100,2100,True,500,grams,https://frozenhashish.com/wp-content/uploads/2026/07/Mt.-Riff-Farm-Hash.webp
frozenhashish:8665,frozenhashish:8662,25g,FH-8665,130,130,True,25,grams,https://frozenhashish.com/wp-content/uploads/2026/07/Sunset-Sherbert-Hash-For-Sale.webp
frozenhashish:8666,frozenhashish:8662,50g,FH-8666,240,240,True,50,grams,https://frozenhashish.com/wp-content/uploads/2026/07/Sunset-Sherbert-Hash-For-Sale.webp
frozenhashish:8667,frozenhashish:8662,100g,FH-8667,450,450,True,100,grams,https://frozenhashish.com/wp-content/uploads/2026/07/Sunset-Sherbert-Hash-For-Sale.webp
frozenhashish:8668,frozenhashish:8662,250g,FH-8668,1100,1100,True,250,grams,https://frozenhashish.com/wp-content/uploads/2026/07/Sunset-Sherbert-Hash-For-Sale.webp
frozenhashish:8669,frozenhashish:8662,500g,FH-8669,2000,2000,True,500,grams,https://frozenhashish.com/wp-content/uploads/2026/07/Sunset-Sherbert-Hash-For-Sale.webp
frozenhashish:8483,frozenhashish:8481,25g,FH-8483,250,250,True,25,grams,https://frozenhashish.com/wp-content/uploads/2026/07/Sheesh-Hash.webp
frozenhashish:8484,frozenhashish:8481,50g,FH-8484,480,480,True,50,grams,https://frozenhashish.com/wp-content/uploads/2026/07/Sheesh-Hash.webp
frozenhashish:8485,frozenhashish:8481,100g,FH-8485,1020,1020,True,100,grams,https://frozenhashish.com/wp-content/uploads/2026/07/Sheesh-Hash.webp
frozenhashish:8486,frozenhashish:8481,250g,FH-8486,2450,2450,True,250,grams,https://frozenhashish.com/wp-content/uploads/2026/07/Sheesh-Hash.webp
frozenhashish:8487,frozenhashish:8481,500g,FH-8487,4700,4700,True,500,grams,https://frozenhashish.com/wp-content/uploads/2026/07/Sheesh-Hash.webp
frozenhashish:8488,frozenhashish:8481,1kg,FH-8488,9000,9000,True,,,https://frozenhashish.com/wp-content/uploads/2026/07/Sheesh-Hash.webp
frozenhashish:8475,frozenhashish:8470,25g,FH-8475,200,200,True,25,grams,https://frozenhashish.com/wp-content/uploads/2026/07/Static-Room-Hash-For-Sale.webp
frozenhashish:8476,frozenhashish:8470,50g,FH-8476,380,380,True,50,grams,https://frozenhashish.com/wp-content/uploads/2026/07/Static-Room-Hash-For-Sale.webp
frozenhashish:8477,frozenhashish:8470,100g,FH-8477,740,740,True,100,grams,https://frozenhashish.com/wp-content/uploads/2026/07/Static-Room-Hash-For-Sale.webp
frozenhashish:8478,frozenhashish:8470,250g,FH-8478,1800,1800,True,250,grams,https://frozenhashish.com/wp-content/uploads/2026/07/Static-Room-Hash-For-Sale.webp
frozenhashish:8479,frozenhashish:8470,500g,FH-8479,3500,3500,True,500,grams,https://frozenhashish.com/wp-content/uploads/2026/07/Static-Room-Hash-For-Sale.webp
frozenhashish:8480,frozenhashish:8470,1kg,FH-8480,6500,6500,True,,,https://frozenhashish.com/wp-content/uploads/2026/07/Static-Room-Hash-For-Sale.webp
frozenhashish:8464,frozenhashish:8459,25g,FH-8464,230,230,True,25,grams,https://frozenhashish.com/wp-content/uploads/2026/07/Sultan-Static-Hash-.webp
frozenhashish:8465,frozenhashish:8459,50g,FH-8465,440,440,True,50,grams,https://frozenhashish.com/wp-content/uploads/2026/07/Sultan-Static-Hash-.webp
frozenhashish:8466,frozenhashish:8459,100g,FH-8466,860,860,True,100,grams,https://frozenhashish.com/wp-content/uploads/2026/07/Sultan-Static-Hash-.webp
frozenhashish:8467,frozenhashish:8459,250g,FH-8467,2100,2100,True,250,grams,https://frozenhashish.com/wp-content/uploads/2026/07/Sultan-Static-Hash-.webp
frozenhashish:8468,frozenhashish:8459,500g,FH-8468,4000,4000,True,500,grams,https://frozenhashish.com/wp-content/uploads/2026/07/Sultan-Static-Hash-.webp
frozenhashish:8469,frozenhashish:8459,1kg,FH-8469,7700,7700,True,,,https://frozenhashish.com/wp-content/uploads/2026/07/Sultan-Static-Hash-.webp
frozenhashish:8452,frozenhashish:8449,25g,FH-8452,150,150,True,25,grams,https://frozenhashish.com/wp-content/uploads/2026/07/VICE-CITY-PLASMA-STATIC-HASH-.jpeg
frozenhashish:8453,frozenhashish:8449,50g,FH-8453,380,380,True,50,grams,https://frozenhashish.com/wp-content/uploads/2026/07/VICE-CITY-PLASMA-STATIC-HASH-.jpeg
frozenhashish:8454,frozenhashish:8449,100g,FH-8454,740,740,True,100,grams,https://frozenhashish.com/wp-content/uploads/2026/07/VICE-CITY-PLASMA-STATIC-HASH-.jpeg
frozenhashish:8455,frozenhashish:8449,250g,FH-8455,1600,1600,True,250,grams,https://frozenhashish.com/wp-content/uploads/2026/07/VICE-CITY-PLASMA-STATIC-HASH-.jpeg
frozenhashish:8456,frozenhashish:8449,500g,FH-8456,3000,3000,True,500,grams,https://frozenhashish.com/wp-content/uploads/2026/07/VICE-CITY-PLASMA-STATIC-HASH-.jpeg
frozenhashish:8457,frozenhashish:8449,1kg,FH-8457,5500,5500,True,,,https://frozenhashish.com/wp-content/uploads/2026/07/VICE-CITY-PLASMA-STATIC-HASH-.jpeg
frozenhashish:8443,frozenhashish:8438,25g,FH-8443,140,140,True,25,grams,https://frozenhashish.com/wp-content/uploads/2026/07/West-Coast-Static-.webp
frozenhashish:8444,frozenhashish:8438,50g,FH-8444,250,250,True,50,grams,https://frozenhashish.com/wp-content/uploads/2026/07/West-Coast-Static-.webp
frozenhashish:8445,frozenhashish:8438,100g,FH-8445,480,480,True,100,grams,https://frozenhashish.com/wp-content/uploads/2026/07/West-Coast-Static-.webp
frozenhashish:8446,frozenhashish:8438,250g,FH-8446,1150,1150,True,250,grams,https://frozenhashish.com/wp-content/uploads/2026/07/West-Coast-Static-.webp
frozenhashish:8447,frozenhashish:8438,500g,FH-8447,2200,2200,True,500,grams,https://frozenhashish.com/wp-content/uploads/2026/07/West-Coast-Static-.webp
frozenhashish:8448,frozenhashish:8438,1kg,FH-8448,4100,4100,True,,,https://frozenhashish.com/wp-content/uploads/2026/07/West-Coast-Static-.webp
frozenhashish:8432,frozenhashish:8429,25g,FH-8432,100,100,True,25,grams,https://frozenhashish.com/wp-content/uploads/2026/07/Wizard-Trees-x-Golden-Warriors-Hash-.webp
frozenhashish:8433,frozenhashish:8429,50g,FH-8433,180,180,True,50,grams,https://frozenhashish.com/wp-content/uploads/2026/07/Wizard-Trees-x-Golden-Warriors-Hash-.webp
frozenhashish:8434,frozenhashish:8429,100g,FH-8434,340,340,True,100,grams,https://frozenhashish.com/wp-content/uploads/2026/07/Wizard-Trees-x-Golden-Warriors-Hash-.webp
frozenhashish:8435,frozenhashish:8429,250g,FH-8435,820,820,True,250,grams,https://frozenhashish.com/wp-content/uploads/2026/07/Wizard-Trees-x-Golden-Warriors-Hash-.webp
frozenhashish:8436,frozenhashish:8429,500g,FH-8436,1550,1550,True,500,grams,https://frozenhashish.com/wp-content/uploads/2026/07/Wizard-Trees-x-Golden-Warriors-Hash-.webp
frozenhashish:8423,frozenhashish:8419,25g,FH-8423,150,150,True,25,grams,https://frozenhashish.com/wp-content/uploads/2026/07/Rolex-Farms-hash-.webp
frozenhashish:8424,frozenhashish:8419,50g,FH-8424,280,280,True,50,grams,https://frozenhashish.com/wp-content/uploads/2026/07/Rolex-Farms-hash-.webp
frozenhashish:8425,frozenhashish:8419,100g,FH-8425,530,530,True,100,grams,https://frozenhashish.com/wp-content/uploads/2026/07/Rolex-Farms-hash-.webp
frozenhashish:8426,frozenhashish:8419,250g,FH-8426,1250,1250,True,250,grams,https://frozenhashish.com/wp-content/uploads/2026/07/Rolex-Farms-hash-.webp
frozenhashish:8427,frozenhashish:8419,500g,FH-8427,2400,2400,True,500,grams,https://frozenhashish.com/wp-content/uploads/2026/07/Rolex-Farms-hash-.webp
frozenhashish:8428,frozenhashish:8419,1kg,FH-8428,4500,4500,True,,,https://frozenhashish.com/wp-content/uploads/2026/07/Rolex-Farms-hash-.webp
frozenhashish:8413,frozenhashish:8408,25g,FH-8413,140,140,True,25,grams,https://frozenhashish.com/wp-content/uploads/2026/07/Rif-Mountain-Hash3.webp
frozenhashish:8414,frozenhashish:8408,50g,FH-8414,260,260,True,50,grams,https://frozenhashish.com/wp-content/uploads/2026/07/Rif-Mountain-Hash3.webp
frozenhashish:8415,frozenhashish:8408,100g,FH-8415,500,500,True,100,grams,https://frozenhashish.com/wp-content/uploads/2026/07/Rif-Mountain-Hash3.webp
frozenhashish:8416,frozenhashish:8408,250g,FH-8416,1220,1220,True,250,grams,https://frozenhashish.com/wp-content/uploads/2026/07/Rif-Mountain-Hash3.webp
frozenhashish:8417,frozenhashish:8408,500g,FH-8417,2180,2180,True,500,grams,https://frozenhashish.com/wp-content/uploads/2026/07/Rif-Mountain-Hash3.webp
frozenhashish:8418,frozenhashish:8408,1kg,FH-8418,4100,4100,True,,,https://frozenhashish.com/wp-content/uploads/2026/07/Rif-Mountain-Hash3.webp
frozenhashish:8401,frozenhashish:8397,25g,FH-8401,100,100,True,25,grams,https://frozenhashish.com/wp-content/uploads/2026/07/Notorious-B.I.G-Hash.webp
frozenhashish:8402,frozenhashish:8397,50g,FH-8402,180,180,True,50,grams,https://frozenhashish.com/wp-content/uploads/2026/07/Notorious-B.I.G-Hash.webp
frozenhashish:8403,frozenhashish:8397,100g,FH-8403,330,330,True,100,grams,https://frozenhashish.com/wp-content/uploads/2026/07/Notorious-B.I.G-Hash.webp
frozenhashish:8404,frozenhashish:8397,250g,FH-8404,820,820,True,250,grams,https://frozenhashish.com/wp-content/uploads/2026/07/Notorious-B.I.G-Hash.webp
frozenhashish:8405,frozenhashish:8397,500g,FH-8405,1550,1550,True,500,grams,https://frozenhashish.com/wp-content/uploads/2026/07/Notorious-B.I.G-Hash.webp
frozenhashish:8406,frozenhashish:8397,1kg,FH-8406,2850,2850,True,,,https://frozenhashish.com/wp-content/uploads/2026/07/Notorious-B.I.G-Hash.webp
frozenhashish:8391,frozenhashish:8387,25g,FH-8391,200,200,True,25,grams,https://frozenhashish.com/wp-content/uploads/2026/07/Pop-Smoke-Hash3.webp
frozenhashish:8392,frozenhashish:8387,50g,FH-8392,380,380,True,50,grams,https://frozenhashish.com/wp-content/uploads/2026/07/Pop-Smoke-Hash3.webp
frozenhashish:8393,frozenhashish:8387,100g,FH-8393,740,740,True,100,grams,https://frozenhashish.com/wp-content/uploads/2026/07/Pop-Smoke-Hash3.webp
frozenhashish:8394,frozenhashish:8387,250g,FH-8394,1800,1800,True,250,grams,https://frozenhashish.com/wp-content/uploads/2026/07/Pop-Smoke-Hash3.webp
frozenhashish:8395,frozenhashish:8387,500g,FH-8395,3400,3400,True,500,grams,https://frozenhashish.com/wp-content/uploads/2026/07/Pop-Smoke-Hash3.webp
frozenhashish:8381,frozenhashish:8377,25g,FH-8381,140,140,True,25,grams,https://frozenhashish.com/wp-content/uploads/2026/07/Jeff-Farms-Hash-.webp
frozenhashish:8382,frozenhashish:8377,50g,FH-8382,260,260,True,50,grams,https://frozenhashish.com/wp-content/uploads/2026/07/Jeff-Farms-Hash-.webp
frozenhashish:8383,frozenhashish:8377,100g,FH-8383,300,300,True,100,grams,https://frozenhashish.com/wp-content/uploads/2026/07/Jeff-Farms-Hash-.webp
frozenhashish:8385,frozenhashish:8377,500g,FH-8385,1400,1400,True,500,grams,https://frozenhashish.com/wp-content/uploads/2026/07/Jeff-Farms-Hash-.webp
frozenhashish:8386,frozenhashish:8377,1kg,FH-8386,2600,2600,True,,,https://frozenhashish.com/wp-content/uploads/2026/07/Jeff-Farms-Hash-.webp
frozenhashish:8372,frozenhashish:8368,25g,FH-8372,300,300,True,25,grams,https://frozenhashish.com/wp-content/uploads/2026/07/La-Squadra-Farmz-Hash.webp
frozenhashish:8373,frozenhashish:8368,50g,FH-8373,580,580,True,50,grams,https://frozenhashish.com/wp-content/uploads/2026/07/La-Squadra-Farmz-Hash.webp
frozenhashish:8374,frozenhashish:8368,100g,FH-8374,1000,1000,True,100,grams,https://frozenhashish.com/wp-content/uploads/2026/07/La-Squadra-Farmz-Hash.webp
frozenhashish:8375,frozenhashish:8368,250g,FH-8375,2400,2400,True,250,grams,https://frozenhashish.com/wp-content/uploads/2026/07/La-Squadra-Farmz-Hash.webp
frozenhashish:8376,frozenhashish:8368,500g,FH-8376,4500,4500,True,500,grams,https://frozenhashish.com/wp-content/uploads/2026/07/La-Squadra-Farmz-Hash.webp
frozenhashish:8362,frozenhashish:8357,25g,FH-8362,180,180,True,25,grams,https://frozenhashish.com/wp-content/uploads/2026/07/Mountain-Brothers-Farm-Hash.webp
frozenhashish:8363,frozenhashish:8357,50g,FH-8363,240,240,True,50,grams,https://frozenhashish.com/wp-content/uploads/2026/07/Mountain-Brothers-Farm-Hash.webp
frozenhashish:8364,frozenhashish:8357,100g,FH-8364,410,410,True,100,grams,https://frozenhashish.com/wp-content/uploads/2026/07/Mountain-Brothers-Farm-Hash.webp
frozenhashish:8365,frozenhashish:8357,250g,FH-8365,1100,1100,True,250,grams,https://frozenhashish.com/wp-content/uploads/2026/07/Mountain-Brothers-Farm-Hash.webp
frozenhashish:8366,frozenhashish:8357,500g,FH-8366,2050,2050,True,500,grams,https://frozenhashish.com/wp-content/uploads/2026/07/Mountain-Brothers-Farm-Hash.webp
frozenhashish:8367,frozenhashish:8357,1kg,FH-8367,3800,3800,True,,,https://frozenhashish.com/wp-content/uploads/2026/07/Mountain-Brothers-Farm-Hash.webp
frozenhashish:8351,frozenhashish:8346,25g,FH-8351,250,250,True,25,grams,https://frozenhashish.com/wp-content/uploads/2026/07/Golden-Head-Warriors-Hash3.webp
frozenhashish:8352,frozenhashish:8346,50g,FH-8352,480,480,True,50,grams,https://frozenhashish.com/wp-content/uploads/2026/07/Golden-Head-Warriors-Hash3.webp
frozenhashish:8353,frozenhashish:8346,100g,FH-8353,920,920,True,100,grams,https://frozenhashish.com/wp-content/uploads/2026/07/Golden-Head-Warriors-Hash3.webp
frozenhashish:8354,frozenhashish:8346,250g,FH-8354,2200,2200,True,250,grams,https://frozenhashish.com/wp-content/uploads/2026/07/Golden-Head-Warriors-Hash3.webp
frozenhashish:8355,frozenhashish:8346,500g,FH-8355,4200,4200,True,500,grams,https://frozenhashish.com/wp-content/uploads/2026/07/Golden-Head-Warriors-Hash3.webp
frozenhashish:8356,frozenhashish:8346,1kg,FH-8356,8100,8100,True,,,https://frozenhashish.com/wp-content/uploads/2026/07/Golden-Head-Warriors-Hash3.webp
frozenhashish:8340,frozenhashish:8335,25g,FH-8340,250,250,True,25,grams,https://frozenhashish.com/wp-content/uploads/2026/07/Ghost-Farm-Hash-.webp
frozenhashish:8341,frozenhashish:8335,50g,FH-8341,480,480,True,50,grams,https://frozenhashish.com/wp-content/uploads/2026/07/Ghost-Farm-Hash-.webp
frozenhashish:8342,frozenhashish:8335,100g,FH-8342,940,940,True,100,grams,https://frozenhashish.com/wp-content/uploads/2026/07/Ghost-Farm-Hash-.webp
frozenhashish:8343,frozenhashish:8335,250g,FH-8343,1400,1400,True,250,grams,https://frozenhashish.com/wp-content/uploads/2026/07/Ghost-Farm-Hash-.webp
frozenhashish:8344,frozenhashish:8335,500g,FH-8344,2500,2500,True,500,grams,https://frozenhashish.com/wp-content/uploads/2026/07/Ghost-Farm-Hash-.webp
frozenhashish:8977,frozenhashish:8020,25g,FH-8977,230,230,True,25,grams,https://frozenhashish.com/wp-content/uploads/2026/07/Bubble-hash-1-1.jpg
frozenhashish:8978,frozenhashish:8020,50g,FH-8978,510,510,True,50,grams,https://frozenhashish.com/wp-content/uploads/2026/07/Bubble-hash-1-1.jpg
frozenhashish:8979,frozenhashish:8020,100g,FH-8979,970,970,True,100,grams,https://frozenhashish.com/wp-content/uploads/2026/07/Bubble-hash-1-1.jpg
frozenhashish:8980,frozenhashish:8020,500g,FH-8980,4200,4200,True,500,grams,https://frozenhashish.com/wp-content/uploads/2026/07/Bubble-hash-1-1.jpg
frozenhashish:8009,frozenhashish:8009,Default,FH-8009,0,0,False,,,
frozenhashish:7994,frozenhashish:7993,10g,FH-7994,85,85,True,10,grams,https://frozenhashish.com/wp-content/uploads/2026/07/120u-Premium-Hash-1-1.jpg
frozenhashish:7995,frozenhashish:7993,25g,FH-7995,290,290,True,25,grams,https://frozenhashish.com/wp-content/uploads/2026/07/120u-Premium-Hash-1-1.jpg
frozenhashish:8006,frozenhashish:7993,50g,FH-8006,550,550,True,50,grams,https://frozenhashish.com/wp-content/uploads/2026/07/120u-Premium-Hash-1-1.jpg
frozenhashish:8007,frozenhashish:7993,100g,FH-8007,1050,1050,True,100,grams,https://frozenhashish.com/wp-content/uploads/2026/07/120u-Premium-Hash-1-1.jpg
frozenhashish:8008,frozenhashish:7993,250g,FH-8008,2390,2390,True,250,grams,https://frozenhashish.com/wp-content/uploads/2026/07/120u-Premium-Hash-1-1.jpg
frozenhashish:7928,frozenhashish:7927,5g,FH-7928,100,100,True,5,grams,https://frozenhashish.com/wp-content/uploads/2026/07/Sahas-Terps-Hash-Concentrate.jpg
frozenhashish:7929,frozenhashish:7927,10g,FH-7929,180,180,True,10,grams,https://frozenhashish.com/wp-content/uploads/2026/07/Sahas-Terps-Hash-Concentrate.jpg
frozenhashish:7930,frozenhashish:7927,25g,FH-7930,440,440,True,25,grams,https://frozenhashish.com/wp-content/uploads/2026/07/Sahas-Terps-Hash-Concentrate.jpg
frozenhashish:7931,frozenhashish:7927,50g,FH-7931,840,840,True,50,grams,https://frozenhashish.com/wp-content/uploads/2026/07/Sahas-Terps-Hash-Concentrate.jpg
frozenhashish:7932,frozenhashish:7927,100g,FH-7932,1600,1600,True,100,grams,https://frozenhashish.com/wp-content/uploads/2026/07/Sahas-Terps-Hash-Concentrate.jpg
frozenhashish:7923,frozenhashish:7922,5g,FH-7923,70,70,True,5,grams,https://frozenhashish.com/wp-content/uploads/2026/07/Illuminaty-Farmz-Hash-Concentrate-.jpg
frozenhashish:7924,frozenhashish:7922,10g,FH-7924,110,110,True,10,grams,https://frozenhashish.com/wp-content/uploads/2026/07/Illuminaty-Farmz-Hash-Concentrate-.jpg
frozenhashish:7925,frozenhashish:7922,25g,FH-7925,250,250,True,25,grams,https://frozenhashish.com/wp-content/uploads/2026/07/Illuminaty-Farmz-Hash-Concentrate-.jpg
frozenhashish:7926,frozenhashish:7922,50g,FH-7926,480,480,True,50,grams,https://frozenhashish.com/wp-content/uploads/2026/07/Illuminaty-Farmz-Hash-Concentrate-.jpg
frozenhashish:7918,frozenhashish:7917,10g,FH-7918,250,250,True,10,grams,https://frozenhashish.com/wp-content/uploads/2026/07/Concrete-Farm-Hash-.jpg
frozenhashish:7919,frozenhashish:7917,25g,FH-7919,500,500,True,25,grams,https://frozenhashish.com/wp-content/uploads/2026/07/Concrete-Farm-Hash-.jpg
frozenhashish:7920,frozenhashish:7917,50g,FH-7920,900,900,True,50,grams,https://frozenhashish.com/wp-content/uploads/2026/07/Concrete-Farm-Hash-.jpg
frozenhashish:7921,frozenhashish:7917,100g,FH-7921,1700,1700,True,100,grams,https://frozenhashish.com/wp-content/uploads/2026/07/Concrete-Farm-Hash-.jpg
frozenhashish:7901,frozenhashish:7900,5g,FH-7901,200,200,True,5,grams,https://frozenhashish.com/wp-content/uploads/2026/07/Cali-Plates-WPFF-Hash.jpg
frozenhashish:7902,frozenhashish:7900,10g,FH-7902,380,380,True,10,grams,https://frozenhashish.com/wp-content/uploads/2026/07/Cali-Plates-WPFF-Hash.jpg
frozenhashish:7903,frozenhashish:7900,20g,FH-7903,735,735,True,20,grams,https://frozenhashish.com/wp-content/uploads/2026/07/Cali-Plates-WPFF-Hash.jpg
frozenhashish:7904,frozenhashish:7900,50g,FH-7904,1250,1250,True,50,grams,https://frozenhashish.com/wp-content/uploads/2026/07/Cali-Plates-WPFF-Hash.jpg
frozenhashish:7816,frozenhashish:7812,25g,FH-7816,110,110,True,25,grams,https://frozenhashish.com/wp-content/uploads/2026/07/Coffee-Farms-Hash.webp
frozenhashish:7817,frozenhashish:7812,50g,FH-7817,210,210,True,50,grams,https://frozenhashish.com/wp-content/uploads/2026/07/Coffee-Farms-Hash.webp
frozenhashish:7818,frozenhashish:7812,100g,FH-7818,400,400,True,100,grams,https://frozenhashish.com/wp-content/uploads/2026/07/Coffee-Farms-Hash.webp
frozenhashish:7819,frozenhashish:7812,250g,FH-7819,980,980,True,250,grams,https://frozenhashish.com/wp-content/uploads/2026/07/Coffee-Farms-Hash.webp
frozenhashish:7820,frozenhashish:7812,500g,FH-7820,1880,1880,True,500,grams,https://frozenhashish.com/wp-content/uploads/2026/07/Coffee-Farms-Hash.webp
frozenhashish:7821,frozenhashish:7812,1000g,FH-7821,3450,3450,True,1000,grams,https://frozenhashish.com/wp-content/uploads/2026/07/Coffee-Farms-Hash.webp
frozenhashish:7806,frozenhashish:7802,25g,FH-7806,350,350,True,25,grams,https://frozenhashish.com/wp-content/uploads/2026/07/Cali-Melts-Static-Sift-Hash2.webp
frozenhashish:7807,frozenhashish:7802,50g,FH-7807,680,680,True,50,grams,https://frozenhashish.com/wp-content/uploads/2026/07/Cali-Melts-Static-Sift-Hash2.webp
frozenhashish:7808,frozenhashish:7802,100g,FH-7808,1300,1300,True,100,grams,https://frozenhashish.com/wp-content/uploads/2026/07/Cali-Melts-Static-Sift-Hash2.webp
frozenhashish:7809,frozenhashish:7802,250g,FH-7809,3100,3100,True,250,grams,https://frozenhashish.com/wp-content/uploads/2026/07/Cali-Melts-Static-Sift-Hash2.webp
frozenhashish:7810,frozenhashish:7802,500g,FH-7810,6000,6000,True,500,grams,https://frozenhashish.com/wp-content/uploads/2026/07/Cali-Melts-Static-Sift-Hash2.webp
frozenhashish:7811,frozenhashish:7802,1000g,FH-7811,10000,10000,True,1000,grams,https://frozenhashish.com/wp-content/uploads/2026/07/Cali-Melts-Static-Sift-Hash2.webp
frozenhashish:7637,frozenhashish:7637,Default,FH-7637,0,0,False,,,
