product_id,position,url
9realms:9366431859025,1,//cdn.shopify.com/s/files/1/0679/0581/4826/files/9R_DIFFUSER_CLASSIC_V2_1_front_guava.jpg?v=1785147692
9realms:9366431859025,2,//cdn.shopify.com/s/files/1/0679/0581/4826/files/9R_DIFFUSER_CLASSIC_V2_1_back.jpg?v=1783346791
9realms:9366431859025,3,//cdn.shopify.com/s/files/1/0679/0581/4826/files/9R_DIFFUSER_CLASSIC_V2_1_front_mango.jpg?v=1785148196
9realms:9366431859025,4,//cdn.shopify.com/s/files/1/0679/0581/4826/files/9R_DIFFUSER_CLASSIC_V2_1_front_peach.jpg?v=1785148208
9realms:9366431859025,5,//cdn.shopify.com/s/files/1/0679/0581/4826/files/9R_DIFFUSER_CLASSIC_V2_5.jpg?v=1783346753
9realms:9366431859025,6,//cdn.shopify.com/s/files/1/0679/0581/4826/files/9R_DIFFUSER_CLASSIC_V2_4.jpg?v=1783346766
9realms:9804786008401,1,//cdn.shopify.com/s/files/1/0679/0581/4826/files/9R_EDIBLES_CLASSIC.jpg?v=1785142994
9realms:9804786008401,2,//cdn.shopify.com/s/files/1/0679/0581/4826/files/2.2.jpg?v=1770040268
9realms:9804786008401,3,//cdn.shopify.com/s/files/1/0679/0581/4826/files/2.3.jpg?v=1770040262
9realms:9729472135505,1,//cdn.shopify.com/s/files/1/0679/0581/4826/files/9R_PRE-ROLLS_CLASSIC_3pcs_open_new.jpg?v=1785152751
9realms:9729472135505,2,//cdn.shopify.com/s/files/1/0679/0581/4826/files/9R_PRE-ROLLS_CLASSIC_front.jpg?v=1785152871
9realms:9729472135505,3,//cdn.shopify.com/s/files/1/0679/0581/4826/files/9R_PRE-ROLLS_CLASSIC_topshot.jpg?v=1753950672
9realms:9729472135505,4,//cdn.shopify.com/s/files/1/0679/0581/4826/files/9R_PRE-ROLLS_CLASSIC_5pcs_open_new.jpg?v=1785153104
9realms:9400720490833,1,//cdn.shopify.com/s/files/1/0679/0581/4826/files/NEW-9R-GELATO-Flower-3g.jpg?v=1785159154
9realms:9400720490833,2,//cdn.shopify.com/s/files/1/0679/0581/4826/files/NEW-9R-GELATO-Flower-bud.jpg?v=1785159144
9realms:9400720490833,3,//cdn.shopify.com/s/files/1/0679/0581/4826/files/NEW-9R-GELATO-Flower-5g.jpg?v=1785159148
9realms:9400720490833,4,//cdn.shopify.com/s/files/1/0679/0581/4826/files/NEW-9R-GELATO-Flower-10g.jpg?v=1785159159
9realms:9400720490833,5,//cdn.shopify.com/s/files/1/0679/0581/4826/files/NEW-9R-GELATO-Flower3.jpg?v=1770030517
9realms:9400720490833,6,//cdn.shopify.com/s/files/1/0679/0581/4826/files/NEW-9R-GELATO-Flower4.jpg?v=1770030512
9realms:8879704375633,1,//cdn.shopify.com/s/files/1/0679/0581/4826/files/NEW-9R-LEMON-COOKIES-Flower-3g.jpg?v=1785154966
9realms:8879704375633,2,//cdn.shopify.com/s/files/1/0679/0581/4826/files/NEW-9R-LEMON-COOKIES-Flower-Bud.jpg?v=1785155260
9realms:8879704375633,3,//cdn.shopify.com/s/files/1/0679/0581/4826/files/NEW-9R-LEMON-COOKIES-Flower-5g.jpg?v=1785155205
9realms:8879704375633,4,//cdn.shopify.com/s/files/1/0679/0581/4826/files/NEW-9R-LEMON-COOKIES-Flower-10g.jpg?v=1785155213
9realms:8879704375633,5,//cdn.shopify.com/s/files/1/0679/0581/4826/files/NEW-9R-LEMON-COOKIES-Flower4.jpg?v=1770030470
9realms:8879704375633,6,//cdn.shopify.com/s/files/1/0679/0581/4826/files/NEW-9R-LEMON-COOKIES-Flower3.jpg?v=1770030461
9realms:8879710732625,1,//cdn.shopify.com/s/files/1/0679/0581/4826/files/NEW-9R-OG-KUSH-Flower-3g.jpg?v=1785157910
9realms:8879710732625,2,//cdn.shopify.com/s/files/1/0679/0581/4826/files/NEW-9R-OG-KUSH-Flower-bud.jpg?v=1785157901
9realms:8879710732625,3,//cdn.shopify.com/s/files/1/0679/0581/4826/files/NEW-9R-OG-KUSH-Flower-5g.jpg?v=1785157917
9realms:8879710732625,4,//cdn.shopify.com/s/files/1/0679/0581/4826/files/NEW-9R-OG-KUSH-Flower-10g.jpg?v=1785157905
9realms:8879710732625,5,//cdn.shopify.com/s/files/1/0679/0581/4826/files/NEW-9R-OG-KUSH-Flower4.jpg?v=1770030498
9realms:8879710732625,6,//cdn.shopify.com/s/files/1/0679/0581/4826/files/NEW-9R-OG-KUSH-Flower3.jpg?v=1766139532
9realms:9729511063889,1,//cdn.shopify.com/s/files/1/0679/0581/4826/files/9R_PRE-ROLLS_PRO_3pcs_open_new.jpg?v=1785153960
9realms:9729511063889,2,//cdn.shopify.com/s/files/1/0679/0581/4826/files/9R_PRE-ROLLS_PRO_front.jpg?v=1785153983
9realms:9729511063889,3,//cdn.shopify.com/s/files/1/0679/0581/4826/files/9R_PRE-ROLLS_PRO_frontshot.jpg?v=1753950551
9realms:9729511063889,4,//cdn.shopify.com/s/files/1/0679/0581/4826/files/9R_PRE-ROLLS_PRO_5pcs_open_new.jpg?v=1785153954
9realms:10231936123217,1,//cdn.shopify.com/s/files/1/0679/0581/4826/files/9R-PURPLE-HAZE-Flower-3g.jpg?v=1785158704
9realms:10231936123217,2,//cdn.shopify.com/s/files/1/0679/0581/4826/files/PURPLE_HAZE_Flower_Bud.jpg?v=1785158724
9realms:10231936123217,3,//cdn.shopify.com/s/files/1/0679/0581/4826/files/9R-PURPLE-HAZE-Flower-5g.jpg?v=1785158710
9realms:10231936123217,4,//cdn.shopify.com/s/files/1/0679/0581/4826/files/9R-PURPLE-HAZE-Flower-10g.jpg?v=1785158718
9realms:10231936123217,5,//cdn.shopify.com/s/files/1/0679/0581/4826/files/9R-PURPLE-HAZE-Flower-Comp1.jpg?v=1770026534
9realms:10231936123217,6,//cdn.shopify.com/s/files/1/0679/0581/4826/files/9R-PURPLE-HAZE-Flower-Comp2.jpg?v=1770026531
9realms:9981068673361,1,//cdn.shopify.com/s/files/1/0679/0581/4826/files/NEW-9R-SILVER-Haze-Flower-3g.jpg?v=1785935057
9realms:9981068673361,2,//cdn.shopify.com/s/files/1/0679/0581/4826/files/NEW-9R-SILVER-Haze-Flower-bud.jpg?v=1785155717
9realms:9981068673361,3,//cdn.shopify.com/s/files/1/0679/0581/4826/files/NEW-9R-SILVER-Haze-Flower-5g.jpg?v=1785935066
9realms:9981068673361,4,//cdn.shopify.com/s/files/1/0679/0581/4826/files/NEW-9R-SILVER-Haze-Flower-10g.jpg?v=1785935040
9realms:9981068673361,5,//cdn.shopify.com/s/files/1/0679/0581/4826/files/NEW-9R-SILVER-Haze-Flower-landing-hero2.jpg?v=1770027963
9realms:9981068673361,6,//cdn.shopify.com/s/files/1/0679/0581/4826/files/NEW-9R-SILVER-Haze-Flower-Composition3.jpg?v=1770027958
9realms:9312086982993,1,//cdn.shopify.com/s/files/1/0679/0581/4826/files/SVART_THC_Nine_Realms_Gummies_Product.jpg?v=1785143187
9realms:9312086982993,2,//cdn.shopify.com/s/files/1/0679/0581/4826/files/Nine_Realms_SVART_MAX_THC_Gummies_product_photo.jpg?v=1785141352
9realms:9312086982993,3,//cdn.shopify.com/s/files/1/0679/0581/4826/files/3_1efbfed9-eee6-4663-a3ff-3d2fb1b60921.jpg?v=1775747551
9realms:9312086982993,4,//cdn.shopify.com/s/files/1/0679/0581/4826/files/2_ddbf262c-8df2-4ac9-82c4-4f02fb981849.jpg?v=1775747551
9realms:8879705162065,1,//cdn.shopify.com/s/files/1/0679/0581/4826/files/NEW-9R-WHITE-WIDOW-Flower-3g.jpg?v=1770033749
9realms:8879705162065,2,//cdn.shopify.com/s/files/1/0679/0581/4826/files/NEW-9R-WHITE-WIDOW-Flower-bud.jpg?v=1738830938
9realms:8879705162065,3,//cdn.shopify.com/s/files/1/0679/0581/4826/files/NEW-9R-WHITE-WIDOW-Flower-5g.jpg?v=1770033745
9realms:8879705162065,4,//cdn.shopify.com/s/files/1/0679/0581/4826/files/NEW-9R-WHITE-WIDOW-Flower-10g.jpg?v=1770033753
9realms:8879705162065,5,//cdn.shopify.com/s/files/1/0679/0581/4826/files/NEW-9R-WHITE-WIDOW-Flower.jpg?v=1770030487
9realms:8879705162065,6,//cdn.shopify.com/s/files/1/0679/0581/4826/files/NEW-9R-WHITE-WIDOW-Flower3.jpg?v=1770030478
9realms:10050377908561,1,//cdn.shopify.com/s/files/1/0679/0581/4826/files/nine-realms-classic-bundle-life.jpg?v=1766319652
9realms:10050383315281,1,//cdn.shopify.com/s/files/1/0679/0581/4826/files/nine-realms-flower-bundle.jpg?v=1766319609
9realms:10050379022673,1,//cdn.shopify.com/s/files/1/0679/0581/4826/files/nine-realms-edibles-bundle.jpg?v=1743415734
9realms:10050378662225,1,//cdn.shopify.com/s/files/1/0679/0581/4826/files/nine-realms-light-bundle.jpg?v=1766319622
9realms:10050380857681,1,//cdn.shopify.com/s/files/1/0679/0581/4826/files/nine-realms-pre-roll-bundle.jpg?v=1743416008
9realms:10050378531153,1,//cdn.shopify.com/s/files/1/0679/0581/4826/files/nine-realms-pro-bundle.jpg?v=1766319637
9realms:8879706669393,1,//cdn.shopify.com/s/files/1/0679/0581/4826/files/NEW-9R-ICE-CHEESE-Flower-3g.jpg?v=1770032032
9realms:8879706669393,2,//cdn.shopify.com/s/files/1/0679/0581/4826/files/NEW-9R-ICE-CHEESE-Flower-bud.jpg?v=1738831908
9realms:8879706669393,3,//cdn.shopify.com/s/files/1/0679/0581/4826/files/NEW-9R-ICE-CHEESE-Flower-5g.jpg?v=1768635019
9realms:8879706669393,4,//cdn.shopify.com/s/files/1/0679/0581/4826/files/NEW-9R-ICE-CHEESE-Flower-10g.jpg?v=1770032038
9realms:8879706669393,5,//cdn.shopify.com/s/files/1/0679/0581/4826/files/NEW-9R-ICE-CHEESE-Flower4.jpg?v=1766139116
9realms:9729466007889,1,//cdn.shopify.com/s/files/1/0679/0581/4826/files/9R_PRE-ROLLS_LIGHT_3pcs_open_new.jpg?v=1785153618
9realms:9729466007889,2,//cdn.shopify.com/s/files/1/0679/0581/4826/files/9R_PRE-ROLLS_LIGHT_front.jpg?v=1785153634
9realms:9729466007889,3,//cdn.shopify.com/s/files/1/0679/0581/4826/files/9R_PRE-ROLLS_LIGHT_topshot.jpg?v=1753950723
9realms:9729466007889,4,//cdn.shopify.com/s/files/1/0679/0581/4826/files/9R_PRE-ROLLS_LIGHT_5pcs_open_new.jpg?v=1785153613
9realms:9366470492497,1,//cdn.shopify.com/s/files/1/0679/0581/4826/files/9R_DIFFUSER_LIGHT_V2_1_front_blueberry.jpg?v=1783346716
9realms:9366470492497,2,//cdn.shopify.com/s/files/1/0679/0581/4826/files/9R_DIFFUSER_LIGHT_V2_2_back.jpg?v=1783346690
9realms:9366470492497,3,//cdn.shopify.com/s/files/1/0679/0581/4826/files/9R_DIFFUSER_LIGHT_V2_1_front_mango.jpg?v=1783346740
9realms:9366470492497,4,//cdn.shopify.com/s/files/1/0679/0581/4826/files/9R_DIFFUSER_LIGHT_V2_1_front_strawberry.jpg?v=1783346703
9realms:9366470492497,5,//cdn.shopify.com/s/files/1/0679/0581/4826/files/9R_DIFFUSER_LIGHT_V2_4.jpg?v=1783346667
9realms:9366470492497,6,//cdn.shopify.com/s/files/1/0679/0581/4826/files/9R_DIFFUSER_LIGHT_V2_5.jpg?v=1783346729
9realms:9882885816657,1,//cdn.shopify.com/s/files/1/0679/0581/4826/files/1.1pro.jpg?v=1785148488
9realms:9882885816657,2,//cdn.shopify.com/s/files/1/0679/0581/4826/files/1.2pro.jpg?v=1737958515
9realms:9882885816657,3,//cdn.shopify.com/s/files/1/0679/0581/4826/files/3.1pro.jpg?v=1785149656
9realms:9882885816657,4,//cdn.shopify.com/s/files/1/0679/0581/4826/files/2.1pro.jpg?v=1785149661
9realms:9882885816657,5,//cdn.shopify.com/s/files/1/0679/0581/4826/files/4pro.jpg?v=1783346367
9realms:9882885816657,6,//cdn.shopify.com/s/files/1/0679/0581/4826/files/5pro.jpg?v=1783346646
9realms:10605691830609,1,//cdn.shopify.com/s/files/1/0679/0581/4826/files/PRO_Piatella_Hash_3G.jpg?v=1785146128
9realms:10605691830609,2,//cdn.shopify.com/s/files/1/0679/0581/4826/files/PROPiatellahash.jpg?v=1770384269
9realms:10605691830609,3,//cdn.shopify.com/s/files/1/0679/0581/4826/files/PRO_Piatella_Hash_5G.jpg?v=1785146775
9realms:10605691830609,4,//cdn.shopify.com/s/files/1/0679/0581/4826/files/PROPiatellahashpackage.jpg?v=1785146783
9realms:10605691830609,5,//cdn.shopify.com/s/files/1/0679/0581/4826/files/Piatella_hash_brand_pic_3.jpg?v=1770983451
9realms:10605691830609,6,//cdn.shopify.com/s/files/1/0679/0581/4826/files/Piatella_hash_brand_pic_1_53e702e3-0c7e-43fc-9e65-8adbe022b73c.jpg?v=1770984504
9realms:10605644382545,1,//cdn.shopify.com/s/files/1/0679/0581/4826/files/CLASSIC_Dry_Sift_Hash_3G.jpg?v=1785143927
9realms:10605644382545,2,//cdn.shopify.com/s/files/1/0679/0581/4826/files/CLASSICDrysifthash.jpg?v=1770384354
9realms:10605644382545,3,//cdn.shopify.com/s/files/1/0679/0581/4826/files/CLASSIC_Dry_Sift_Hash_5G.jpg?v=1785144390
9realms:10605644382545,4,//cdn.shopify.com/s/files/1/0679/0581/4826/files/CLASSICdrysifthashpackage.jpg?v=1785144420
9realms:10605644382545,5,//cdn.shopify.com/s/files/1/0679/0581/4826/files/dry_sift_hash_brand_pic_1.jpg?v=1770983450
9realms:10605644382545,6,//cdn.shopify.com/s/files/1/0679/0581/4826/files/dry_sift_hash_brand_pic_2.jpg?v=1770983451
9realms:10605489193297,1,//cdn.shopify.com/s/files/1/0679/0581/4826/files/LIGHT_Static_Sift_Hash_3G.jpg?v=1785144741
9realms:10605489193297,2,//cdn.shopify.com/s/files/1/0679/0581/4826/files/LIGHTstatichash.jpg?v=1770384445
9realms:10605489193297,3,//cdn.shopify.com/s/files/1/0679/0581/4826/files/LIGHT_Static_Sift_Hash_5G.jpg?v=1785145635
9realms:10605489193297,4,//cdn.shopify.com/s/files/1/0679/0581/4826/files/LIGHTSTATICHASHPackage.jpg?v=1785145800
9realms:10605489193297,5,//cdn.shopify.com/s/files/1/0679/0581/4826/files/static_hash_brand_pic_1.jpg?v=1770983451
9realms:10605489193297,6,//cdn.shopify.com/s/files/1/0679/0581/4826/files/static_hash_brand_pic_2.jpg?v=1770983451
9realms:9804779585873,1,//cdn.shopify.com/s/files/1/0679/0581/4826/files/9R_EDIBLES_LIGHT.jpg?v=1785142765
9realms:9804779585873,2,//cdn.shopify.com/s/files/1/0679/0581/4826/files/1.2.jpg?v=1770040257
9realms:9804779585873,3,//cdn.shopify.com/s/files/1/0679/0581/4826/files/1.3.jpg?v=1770040252
9realms:9804806226257,1,//cdn.shopify.com/s/files/1/0679/0581/4826/files/9R_EDIBLES_PRO.jpg?v=1785142575
9realms:9804806226257,2,//cdn.shopify.com/s/files/1/0679/0581/4826/files/3.2.jpg?v=1770040247
9realms:9804806226257,3,//cdn.shopify.com/s/files/1/0679/0581/4826/files/3.3.jpg?v=1770040241
happydays:5e078927f56c500b,1,https://imgix.dispenseapp.com/145c714690909516_1788457612435-283022594-MAC1_Flower.JPG
happydays:1176cd7a2ebbd375,1,https://imgix.dispenseapp.com/145c714690909516_1788457352077-942947415-Cap_Junkly_Quarter.jpeg
happydays:1176cd7a2ebbd375,2,https://imgix.dispenseapp.com/145c714690909516_1788457355518-621367539-Cap_Junky_Flower.jpeg
happydays:9323927bbd4772ad,1,https://imgix.dispenseapp.com/145c714690909516_1788459308523-682637921-56234.avif
happydays:a75a0a585f82fd5a,1,https://imgix.dispenseapp.com/145c714690909516_1788474204529-310997667-MW_PRODUCT_-_Animal_Face.JPG
happydays:2a52b821cafd7d79,1,https://imgix.dispenseapp.com/145c714690909516_1788474023852-516243009-MW_PRODUCT_-_White_Zlushie_Closeup.JPG
happydays:83dc4ccc6034d636,1,https://imgix.dispenseapp.com/145c714690909516_1788473788127-657743990-MW_PRODUCT_-_The_Queen.png
happydays:eba5c93496dd3ab6,1,https://imgix.dispenseapp.com/145c714690909516_1788451095450-103843963-5768785.png
happydays:ba8ce16e21e20d3f,1,https://imgix.dispenseapp.com/145c714690909516_1788458904075-147609807-GRUNTZ5pk.jpg
happydays:659700cd7d43d7b1,1,https://imgix.dispenseapp.com/145c714690909516_1788450931036-755351288-65475467.png
happydays:91b856dd7891619d,1,https://imgix.dispenseapp.com/145c714690909516_1788461088347-14382945-Pine_express_use_this_one.png
happydays:860a4b7339cde9fd,1,https://imgix.dispenseapp.com/145c714690909516_1788458743053-795943935-INFUSEDGROUNDFLOWERSMOAKLAND.jpg
happydays:23481910402bb528,1,https://imgix.dispenseapp.com/145c714690909516_1788458801983-42230437-INFUSEDGROUNDFLOWERSMOAKLAND.jpg
happydays:725428fa60077625,1,https://imgix.dispenseapp.com/145c714690909516_1788461067497-78968745-234234234234234234_use_this.png
happydays:4f21ee0fd983f08e,1,https://imgix.dispenseapp.com/145c714690909516_1788353032040-592542105-PineappleCandy.png
happydays:cf5e98bd04055a76,1,https://imgix.dispenseapp.com/145c714690909516_1788352779901-752239252-CHOPSTICKSSOURD.jpg
happydays:a30da33c4e314930,1,https://imgix.dispenseapp.com/145c714690909516_1788380510061-774445805-SKUNKHEPWORTH.avif
happydays:b1ef62785f530b8a,1,https://imgix.dispenseapp.com/145c714690909516_1788356630400-347857577-AJSOURD5PK.png
happydays:73ef75bc92caec30,1,https://imgix.dispenseapp.com/145c714690909516_1788356914891-417056809-AJSOURD2PK.png
happydays:1da6dc8a0a46f4af,1,https://imgix.dispenseapp.com/145c714690909516_1788372307484-36440849-PINACOLADA5PKJEETER.jpg
happydays:b650bf678c50a551,1,https://imgix.dispenseapp.com/145c714690909516_1788373980281-971494419-SUGARPLUMJEETER.png
happydays:ece5365eb7bf2f7c,1,https://imgix.dispenseapp.com/145c714690909516_1788378167736-98324052-BERRYWHITE1G.avif
happydays:dde6124fd9a2d781,1,https://imgix.dispenseapp.com/145c714690909516_1788373454151-154697376-BUBBAGJEETER.png
happydays:b8ec1032092726f8,1,https://imgix.dispenseapp.com/145c714690909516_1788281347627-323894819-WHITEHOTGUAVARTR.jpg
happydays:a7b245fc2b863def,1,https://imgix.dispenseapp.com/145c714690909516_1788291440965-495135524-56_(1).png
happydays:acc41defe413fd2b,1,https://imgix.dispenseapp.com/145c714690909516_1788289654462-162656808-PlatKushDadHsh.png
happydays:788cbfe085f36663,1,https://imgix.dispenseapp.com/145c714690909516_1788289545766-567586367-60.png
happydays:ae6e8cf28432944e,1,https://imgix.dispenseapp.com/145c714690909516_1788290630918-163345416-58.png
happydays:350aa515df985965,1,https://imgix.dispenseapp.com/145c714690909516_1788287554199-306464970-GARLICCOOKIES14G.png
happydays:646fcd9c12adb3a6,1,https://imgix.dispenseapp.com/145c714690909516_1786643627761-687223752-SuperSourLemonade.png
happydays:ce4dcf0ea2ca2e14,1,https://imgix.dispenseapp.com/145c714690909516_1786635583939-117277354-StrawberryFieldsJaunty.png
happydays:72dd00ac362b6168,1,https://imgix.dispenseapp.com/145c714690909516_1786636386542-72255240-BlueberryStacks.png
happydays:2f6ac7fc40648342,1,https://imgix.dispenseapp.com/145c714690909516_1786643591122-421943193-SourOrchardJaunty.png
happydays:72924afde5f5b2a7,1,https://imgix.dispenseapp.com/145c714690909516_1788218325078-930232845-MoonbeamGelato14gIsh.png
happydays:5a6c6b74cc68abf1,1,https://imgix.dispenseapp.com/145c714690909516_1788262911919-531052220-moonbeam_28.avif
happydays:ec9991c425d0f1e8,1,https://imgix.dispenseapp.com/145c714690909516_1788262985463-624994038-1788218325078-930232845-MoonbeamGelato14gIsh.png
happydays:7efa9623deb5aa97,1,https://imgix.dispenseapp.com/145c714690909516_1788262925623-847949492-la_pop_rocks_28.avif
happydays:7d7fda5dd5a31b00,1,https://imgix.dispenseapp.com/145c714690909516_1788264657856-130966211-LarryBurger28Ish.png
happydays:5d8706e688ac5d47,1,https://imgix.dispenseapp.com/145c714690909516_1788277123616-695150757-LEALPREROLL.avif
happydays:4dfb915756df2f8d,1,https://imgix.dispenseapp.com/145c714690909516_1788193607099-943414699-24356456.avif
happydays:85dbc4a9016a3a0a,1,https://imgix.dispenseapp.com/145c714690909516_1787933209578-654270977-SATxIND.png
happydays:d525aefcd6bfd6ed,1,https://imgix.dispenseapp.com/145c714690909516_1787919873085-19324211-5555555.jpg
happydays:f868d093aa101274,1,https://imgix.dispenseapp.com/145c714690909516_1787919889006-629384337-unnamed_(1).jpg
happydays:5e1c3c0d7a1b9e55,1,https://imgix.dispenseapp.com/145c714690909516_1787858810508-183044837-5647546745.jpg
happydays:84c9a2e8accad517,1,https://imgix.dispenseapp.com/145c714690909516_1787855663169-53248485-Fernway_-_Honeycrisp_-_Traveler_PRO_-_All_in_One_-_2.0g_-_Sativa_-_Recycling_Badge_-_White_Background_-_Menu_Photo.png
happydays:6817452a19c4ca0c,1,https://imgix.dispenseapp.com/145c714690909516_1787854360360-621317737-657457.jpg
happydays:aeff868dc8d16d85,1,https://imgix.dispenseapp.com/145c714690909516_1787854144521-722931251-8757687.jpg
happydays:bc7125e791b2ed40,1,https://imgix.dispenseapp.com/145c714690909516_1787848358692-630855864-54643634.png
happydays:6ea03bbc1ac214ee,1,https://imgix.dispenseapp.com/145c714690909516_1787855725266-526100668-HYBRID_5_PACK.JPG
happydays:b0f8d622507ef55e,1,https://imgix.dispenseapp.com/145c714690909516_1787777979355-913812270-BISCOTTIPIE.png
happydays:bcd4aac7877779fa,1,https://imgix.dispenseapp.com/145c714690909516_1787849575939-924918651-GARYPAYTON.png
happydays:bcd4aac7877779fa,2,https://imgix.dispenseapp.com/145c714690909516_1787848921872-362608267-34563546.jpg
happydays:00a388cb3aef2ae5,1,https://imgix.dispenseapp.com/145c714690909516_1787849565692-502501467-frostedkush.png
happydays:00a388cb3aef2ae5,2,https://imgix.dispenseapp.com/145c714690909516_1787848976531-217853555-34563546.jpg
happydays:3403dcb4b120edd8,1,https://imgix.dispenseapp.com/145c714690909516_1787849542334-522714296-bluelimeade.png
happydays:c526f172b6205673,1,https://imgix.dispenseapp.com/145c714690909516_1787849555574-743677886-bluberrymalasada.png
happydays:c526f172b6205673,2,https://imgix.dispenseapp.com/145c714690909516_1787848803668-402652834-34563546.jpg
happydays:0c5e083618eb0a1e,1,https://imgix.dispenseapp.com/145c714690909516_1787767424207-365255097-564345654.webp
happydays:4fa016fabff7a4b6,1,https://imgix.dispenseapp.com/145c714690909516_1787767293108-500933840-4355254.webp
happydays:928e832d9e09df7c,1,https://imgix.dispenseapp.com/145c714690909516_1787767942677-653135827-NY_-_CHERRY_BOMB_-_THUMBNAIL_-_WHITE.png
happydays:a0e5441b6b64a64e,1,https://imgix.dispenseapp.com/145c714690909516_1787768354297-520980558-132453245.jpg
happydays:36297705a614c829,1,https://imgix.dispenseapp.com/145c714690909516_1787766587271-932284004-54365436.jpg
happydays:337d376c2d9c2bb8,1,https://imgix.dispenseapp.com/145c714690909516_1787769774070-132092050-JETTY_NY_SLVTLS_MINI_TANK_SATIVA_(2).png
happydays:381eba114de0a139,1,https://imgix.dispenseapp.com/145c714690909516_1787766369076-709250810-34565433.webp
happydays:cf1633ff74238135,1,https://imgix.dispenseapp.com/145c714690909516_1787765869023-35855784-3456546.avif
happydays:816e44760fd2f2e3,1,https://imgix.dispenseapp.com/145c714690909516_1787766745578-633379613-543463456.avif
happydays:7256a8e9c35fbc3a,1,https://imgix.dispenseapp.com/145c714690909516_1787746122377-796292240-images_(1).jpg
happydays:abb6e4db2efe51ad,1,https://imgix.dispenseapp.com/145c714690909516_1787660663658-235224574-BreakfastOfChampsRG.webp
happydays:1af242875d1cc285,1,https://imgix.dispenseapp.com/145c714690909516_1787661110812-416236457-MandarinButterRG.webp
happydays:abf6a2e773223941,1,https://imgix.dispenseapp.com/145c714690909516_1787700983634-500440860-WHITECHOCCHIP.webp
happydays:a86d3907a108f69e,1,https://dispense-images.imgix.net/064865d0-c1b6-11ed-be70-f13c7db4e3ea.png
happydays:b2065372869bcec8,1,https://dispense-images.imgix.net/064865d0-c1b6-11ed-be70-f13c7db4e3ea.png
happydays:640fc6862e6aad38,1,https://imgix.dispenseapp.com/145c714690909516_1787598375070-585995087-BrownieScout2g.png
happydays:518c7c73b1584a53,1,https://imgix.dispenseapp.com/145c714690909516_1787596027270-699923394-e8996c47-757d-38a8-9f3c-304255836aff
happydays:72810eec6547c953,1,https://imgix.dispenseapp.com/145c714690909516_1787595634345-414302399-output.auto.jpg
happydays:4a47859120f19d21,1,https://imgix.dispenseapp.com/145c714690909516_1787595823614-477920786-STRAWBERRYSUPERNOVA.JPG
happydays:e7aed4870f394b8b,1,https://imgix.dispenseapp.com/145c714690909516_1787594862369-397412433-LEMONFRESH5PK.png
happydays:a5248af896782157,1,https://imgix.dispenseapp.com/145c714690909516_1787591024949-888787900-WizardZoap35.jpg
happydays:50f416925a42ef46,1,https://imgix.dispenseapp.com/145c714690909516_1787591267979-105070638-WizardNYer35.jpg
happydays:a36ed198be192751,1,https://imgix.dispenseapp.com/145c714690909516_1788116847285-945042768-SATIVA12PACK.png
happydays:80d94a8be014d314,1,https://imgix.dispenseapp.com/145c714690909516_1787587331537-63673814-20c25c37-b13e-4a5f-a83a-4352ef888447.webp
happydays:a503d9493bfc2f1f,1,https://imgix.dispenseapp.com/145c714690909516_1787595268355-151776409-Rythm1gLRCart.avif
happydays:adefea63854579dd,1,https://imgix.dispenseapp.com/145c714690909516_1787595637804-998661501-Rythm2gLR.jpg
happydays:7eaf7f04a276e418,1,https://imgix.dispenseapp.com/145c714690909516_1787593851180-750997653-DOGWALKERS.FANTASY.MELONZ5PK.png
happydays:c1a0c4d6d0ad69aa,1,https://imgix.dispenseapp.com/145c714690909516_1787593059094-869596107-JOHNSMACKNROLLKOA.png
happydays:a7a0b9177ff0ae27,1,https://imgix.dispenseapp.com/145c714690909516_1787595414974-1671249-Photoroom_20260824_134023.jpeg
happydays:c697b11f80f97316,1,https://imgix.dispenseapp.com/145c714690909516_1787593098107-883897621-BLUELOBSTERKOA.jpeg
happydays:586779af864f412d,1,https://imgix.dispenseapp.com/145c714690909516_1787251855857-308556549-Subway_Sesh.png
happydays:7e606127efd7c1f4,1,https://imgix.dispenseapp.com/145c714690909516_1787408585108-636116811-CactusChiller2gAIO.avif
happydays:33cd7106dfd69f54,1,https://imgix.dispenseapp.com/145c714690909516_1787397338029-129872642-FruitKingLRVapeCart.jpg
happydays:df32f360c2e86bb8,1,https://imgix.dispenseapp.com/145c714690909516_1787336622122-80526403-WaferzTrainWreck.png
happydays:91318fc4bfdff223,1,https://imgix.dispenseapp.com/145c714690909516_1787326654799-725347064-CANDYCANDYxRITZCARLTON2pk.jpeg
happydays:128959c8796d8595,1,https://imgix.dispenseapp.com/145c714690909516_1787322694695-525494171-56547.jpg
happydays:fe9f9e564dfa70f1,1,https://imgix.dispenseapp.com/145c714690909516_1787323007550-817120636-56547.jpg
happydays:9db133fef4798783,1,https://imgix.dispenseapp.com/145c714690909516_1787322713809-379542753-56547.jpg
happydays:0ee4d46af4138c6d,1,https://imgix.dispenseapp.com/145c714690909516_1787325685870-617484195-Screenshot_2026-08-21_112121.png
happydays:57a635105926c3c0,1,https://imgix.dispenseapp.com/145c714690909516_1787325466673-365896675-Screenshot_2026-08-21_111734.png
happydays:954acd7e5102ff5f,1,https://imgix.dispenseapp.com/145c714690909516_1787336430664-5328746-REDOPRTUBE.jpeg
happydays:02c05b67e1cbe4c2,1,https://imgix.dispenseapp.com/145c714690909516_1787324428160-439486261-6567.png
happydays:02c05b67e1cbe4c2,2,https://imgix.dispenseapp.com/145c714690909516_1787324432057-261950317-765474.png
happydays:544e9440e6d98483,1,https://imgix.dispenseapp.com/145c714690909516_1787234899242-941466115-Happy_Days_Dog_Bandana.png
happydays:7180311b0bdbe08c,1,https://imgix.dispenseapp.com/145c714690909516_1787247830723-418699726-FrozenBiscottiPie.webp
happydays:37a45249b3acc3e9,1,https://imgix.dispenseapp.com/145c714690909516_1787163916770-179045935-67547654.webp
happydays:ebd52565fe5aa170,1,https://imgix.dispenseapp.com/145c714690909516_1787168373724-652041887-5648654.webp
happydays:bece29692aa06950,1,https://imgix.dispenseapp.com/145c714690909516_1787168458569-299876161-5648654.webp
happydays:450c9c8ba7d9b5f4,1,https://imgix.dispenseapp.com/145c714690909516_1787249378001-631512323-Florist_Farms___Live_Resin_Infused_Gummies___Peach_Elderflower.png
happydays:faf1b905f2da6c80,1,https://imgix.dispenseapp.com/145c714690909516_1787249546860-624505417-Florist_Farms___Live_Resin_Infused_Gummies___Lemon_Lavender.png
happydays:951e38c94ab9268a,1,https://imgix.dispenseapp.com/145c714690909516_1787249624248-572245740-Florist_Farms___Live_Resin_Infused_Gummies___Cranberry_Orange.png
happydays:21ed71fd9cfe1870,1,https://imgix.dispenseapp.com/145c714690909516_1787168516093-542785273-UKCheeseBadder.webp
happydays:084d419f68663d89,1,https://imgix.dispenseapp.com/145c714690909516_1787168576265-672585589-UKCheeseAIO.webp
happydays:558a115a18c0fff0,1,https://imgix.dispenseapp.com/145c714690909516_1787167280720-736199311-46374.webp
happydays:3adff5706b35ea5b,1,https://imgix.dispenseapp.com/145c714690909516_1787170502781-912965582-SourLem.jpg
happydays:d9d7a14e18c74c27,1,https://imgix.dispenseapp.com/145c714690909516_1787141232288-529334996-AgentOrangeBOTANIST.png
happydays:22b13d899b6a17ab,1,https://imgix.dispenseapp.com/145c714690909516_1787138735646-977401173-JettyHybridTank.png
happydays:9c153c7d8fbe3eed,1,https://imgix.dispenseapp.com/145c714690909516_1787139746706-959380158-IndicaCartJetty.png
happydays:80bc899f81b25065,1,https://imgix.dispenseapp.com/145c714690909516_1787139416801-327684466-JettyHybridTank.png
happydays:a2e37e017a8775ee,1,https://imgix.dispenseapp.com/145c714690909516_1787141780293-218810744-BlastedJelly001.webp
happydays:1741433b39649caf,1,https://imgix.dispenseapp.com/145c714690909516_1787142017613-691065765-BlastedJelly001.webp
happydays:91229145aaf8a31c,1,https://imgix.dispenseapp.com/145c714690909516_1787080147742-881507803-unnamed_(3).jpg
happydays:7e70e3a6b7a65362,1,https://imgix.dispenseapp.com/145c714690909516_1787080226494-46160894-unnamed_(4).jpg
happydays:5b4f2acceee52204,1,https://imgix.dispenseapp.com/145c714690909516_1787080022042-808766340-unnamed_(2).jpg
happydays:746cc29e0f4f1a9e,1,https://imgix.dispenseapp.com/145c714690909516_1787078685128-746258698-1784294759052-279688639-53465436354.jpeg
happydays:4f79958746b0b1f1,1,https://imgix.dispenseapp.com/145c714690909516_1787155529006-850356805-BouketHybrid.avif
happydays:bffa1fa114db709e,1,https://imgix.dispenseapp.com/145c714690909516_1787079169537-12197354-1781050445977-151081829-887.jpg
happydays:9039c654f5212a42,1,https://imgix.dispenseapp.com/145c714690909516_1787079157351-161019408-1781050445977-151081829-887.jpg
happydays:1a3eb582ac1bb58f,1,https://imgix.dispenseapp.com/145c714690909516_1787058939952-863876201-SourDream2g.jpg
happydays:042091cdfbe19bf1,1,https://imgix.dispenseapp.com/145c714690909516_1787058842673-128766392-KiwiLatto.jpg
happydays:9dea2ce77383aedf,1,https://imgix.dispenseapp.com/145c714690909516_1787059664802-396051848-BlueRazSlusshie.jpg
happydays:d88a7800c3b1e5d6,1,https://imgix.dispenseapp.com/145c714690909516_1787058564752-427769623-GrapeGod2g.jpg
happydays:0a18032873f6ae9b,1,https://imgix.dispenseapp.com/145c714690909516_1787059497894-684241487-BananaOG.jpg
happydays:201cec0d376d85d5,1,https://imgix.dispenseapp.com/145c714690909516_1787068448726-924150497-unnamed_(1).jpg
happydays:c9a9a7219a893285,1,https://imgix.dispenseapp.com/145c714690909516_1786986030332-89751836-RYTHM-Vape-SOLVENTLESS-SATIVA-500mg-img1-8acc2bcf-242e-47ba-9643-10c94476fd07.png
happydays:98b57f3b67f5d335,1,https://imgix.dispenseapp.com/145c714690909516_1786991290798-687177447-DogWalkers-Infused-MiniShowDogs-HYBRID-Stay-12-Pack-Img1.png
happydays:93a19c0228bbb2ba,1,https://imgix.dispenseapp.com/145c714690909516_1786990690976-483479658-e8996c47-757d-38a8-9f3c-304255836aff
happydays:8e678f04b5deca78,1,https://imgix.dispenseapp.com/145c714690909516_1786990905619-788043217-unnamed.jpg
happydays:ebd4088c3e363d06,1,https://imgix.dispenseapp.com/145c714690909516_1787066368785-526773752-images.jpg
happydays:fa52e48975ecf9a6,1,https://imgix.dispenseapp.com/145c714690909516_1786985677380-886849759-dd834f0a62f75146_a0334582-2dec-4052-afdd-085879ea10b4.avif
happydays:e4706ca6f69fcb9f,1,https://imgix.dispenseapp.com/145c714690909516_1786985754073-568400031-RYTHM-Concentrate-LiveRosin-HYBRID-Tier3-Img1.webp
happydays:ece80a469f0b7bf2,1,https://imgix.dispenseapp.com/145c714690909516_1786985817872-950334207-RYTHM-Concentrate-LiveRosin-HYBRID-Tier1-Img1.webp
happydays:dac4cf170b75ad84,1,https://imgix.dispenseapp.com/145c714690909516_1786732922821-497102257-1_CHEETAH_-_1G_LIVE_ROSIN_-_BLACK.png
happydays:556671e382196b5c,1,https://imgix.dispenseapp.com/145c714690909516_1786732603158-411249766-1_CHEETAH_-_1G_LIVE_ROSIN_-_LIME_GREEN.png
happydays:275e1c8b24321f5d,1,https://imgix.dispenseapp.com/145c714690909516_1786732874439-450672104-1_CHEETAH_-_1G_LIVE_ROSIN_-_BLACK.png
happydays:781e3d3c8b53b34b,1,https://imgix.dispenseapp.com/145c714690909516_1786733659852-170634764-1_CHEETAH_-_1G_LIVE_ROSIN_-_BLACK_(1).png
happydays:6e3e1971a820414e,1,https://imgix.dispenseapp.com/145c714690909516_1786732876105-77845998-Major1GramPrerollSingle.jpg
happydays:02de68aa72e96ab7,1,https://imgix.dispenseapp.com/145c714690909516_1786733642533-196041284-Major1GramPrerollSingle.jpg
happydays:842d90ab0d048db5,1,https://imgix.dispenseapp.com/145c714690909516_1786734254649-542025715-Photoroom_20260814_150041.jpeg
happydays:8b1f53f9e2ea2b6a,1,https://imgix.dispenseapp.com/145c714690909516_1786723246172-816414181-IndicaNextStop.jpeg
happydays:af0472ccf23887e0,1,https://imgix.dispenseapp.com/145c714690909516_1786723226034-854462965-HybridNextStop.jpeg
happydays:b3a18ecda6d64df7,1,https://imgix.dispenseapp.com/145c714690909516_1786734734589-355581117-Photoroom_20260814_150947.jpeg
happydays:d51e3014a0df32ca,1,https://imgix.dispenseapp.com/145c714690909516_1786723238863-700880543-NextStopSativa.jpeg
happydays:0e955241db5f9703,1,https://imgix.dispenseapp.com/145c714690909516_1786725267561-344833744-SlushPop1gReload.avif
happydays:8dda1b55bed167aa,1,https://imgix.dispenseapp.com/145c714690909516_1786723444431-638009537-QuietTimesAfghanKush.JPG
happydays:b28a1ccdc88a73fb,1,https://imgix.dispenseapp.com/145c714690909516_1786717289510-199101696-STRAWNANA_-_BSRPRSTRW00001.jpg
happydays:88b7d75f0cb71234,1,https://imgix.dispenseapp.com/145c714690909516_1787248956700-674198191-1786646711856-119790996-ColdWaterRosinSchroon.jpg
happydays:88b7d75f0cb71234,2,https://imgix.dispenseapp.com/145c714690909516_1787248944738-800332394-ACW-Cut-Skylight-1080x1350.jpg
happydays:dff218a647418f5f,1,https://imgix.dispenseapp.com/145c714690909516_1787249001500-185520005-1786646711856-119790996-ColdWaterRosinSchroon.jpg
happydays:dff218a647418f5f,2,https://imgix.dispenseapp.com/145c714690909516_1787249010676-127453403-ACW-Cut-Schroon-1080x1350.jpg
happydays:067b5eba52e5ea80,1,https://imgix.dispenseapp.com/145c714690909516_1786635363713-545637490-OrangeSwirlGummies.png
happydays:c4aa698c0871cfe9,1,https://imgix.dispenseapp.com/145c714690909516_1786643565437-872896330-DreamberryJaunty.png
happydays:47d9897ad217f95a,1,https://imgix.dispenseapp.com/145c714690909516_1786711908620-738747723-TropicalZJaunty.png
happydays:7545c7ba5ece4bd0,1,https://imgix.dispenseapp.com/145c714690909516_1786643850902-275349735-RipVanWinkle.webp
happydays:707a2c5789a0446f,1,https://imgix.dispenseapp.com/145c714690909516_1786646711856-119790996-ColdWaterRosinSchroon.jpg
happydays:707a2c5789a0446f,2,https://imgix.dispenseapp.com/145c714690909516_1787248904469-790742639-ACW-Cut-Boreas-1080x1350.jpg
happydays:aa9531d2ae56cccb,1,https://imgix.dispenseapp.com/145c714690909516_1786647786752-750469127-Fernway_-_Pumpkin_Spice_-_Traveler_PRO_-_All_in_One_-_1.0g_-_Hybrid_-_SmartPack_-_White_Background_-_Menu_Photo.png
happydays:c7bf44144e21f91c,1,https://imgix.dispenseapp.com/145c714690909516_1786647451106-944853324-LooseCannonSourTangie.jpg
happydays:1644cfb7b295cd12,1,https://imgix.dispenseapp.com/145c714690909516_1786562913828-351286735-8a995d3eea3c08b9_1781273258935-312628754-state_of_mind_5_pack.avif
happydays:5b5cacea287a2c78,1,https://imgix.dispenseapp.com/145c714690909516_1786468584599-858115512-BHFC_PRODUCT_PHOTOS_Panama_Red_1x1_-_25.JPG
happydays:4844123d066a923e,1,https://imgix.dispenseapp.com/145c714690909516_1786646767803-440683219-Photoroom_20260813_143757.jpeg
happydays:57f6645abaf19339,1,https://imgix.dispenseapp.com/145c714690909516_1786646755198-425797916-Photoroom_20260813_143846.jpeg
happydays:b83b904dd1677317,1,https://imgix.dispenseapp.com/145c714690909516_1786627016664-773299824-BlueDreamCartHalara.jpeg
happydays:eee36dacd674353d,1,https://imgix.dispenseapp.com/145c714690909516_1786626874131-99161459-PineappleExpressHalara.avif
happydays:9584088072a5ff01,1,https://imgix.dispenseapp.com/145c714690909516_1786626866933-403805792-MauiHalara.avif
happydays:07666ba7f601a891,1,https://imgix.dispenseapp.com/145c714690909516_1786626859682-732158086-GDPHalara.avif
happydays:fbe097e037579dea,1,https://imgix.dispenseapp.com/145c714690909516_1786626848902-52860025-apricotHalara.jpeg
happydays:cee046d8b6622019,1,https://imgix.dispenseapp.com/145c714690909516_1786627072762-445781445-BlueDreamHalaraAIO.avif
happydays:9712be6bb5fc1a4c,1,https://imgix.dispenseapp.com/145c714690909516_1786550781570-927652252-sushiHashFivePK.png
happydays:7b2c2a2bf48a8d6a,1,https://imgix.dispenseapp.com/145c714690909516_1786645172339-310028679-NY_-_LA_POP_ROCKZ_-_THUMBNAIL_-_WHITE.jpg
happydays:b2538daa94515c79,1,https://imgix.dispenseapp.com/145c714690909516_1786538336226-436372177-CandyRainMFNYAIO.webp
happydays:d8f330b078b43570,1,https://imgix.dispenseapp.com/145c714690909516_1786538157585-705319874-SourDieselAIO.webp
happydays:eb7d75e40bc6b38f,1,https://imgix.dispenseapp.com/145c714690909516_1786648114524-739447175-JETTY_NY_HTHC_MINI_TANK_ACAPULCO_GOLD.png
happydays:51c3757dc3634b52,1,https://imgix.dispenseapp.com/145c714690909516_1786647596359-140182696-JuanRollMapleCannon.jpg
happydays:f7c60416b5d8713c,1,https://imgix.dispenseapp.com/145c714690909516_1786126677833-951596557-LeafCamoTshirt.png
happydays:6030fce149c52802,1,https://imgix.dispenseapp.com/145c714690909516_1786126648823-803785744-CamoCrop.png
happydays:85d8e0a8dae2e5b6,1,https://imgix.dispenseapp.com/145c714690909516_1786126655969-189390031-CamoCrop.png
happydays:0419b6cc00b5416f,1,https://imgix.dispenseapp.com/145c714690909516_1786126683935-701837352-LeafCamoTshirt.png
happydays:fdb104cdd9d64bef,1,https://imgix.dispenseapp.com/145c714690909516_1786126668428-949537910-CamoCrop.png
happydays:564cbfd3d4578664,1,https://imgix.dispenseapp.com/145c714690909516_1786126661968-594809665-CamoCrop.png
happydays:7334b2c5ab640e8b,1,https://imgix.dispenseapp.com/145c714690909516_1786126689809-452379406-LeafCamoTshirt.png
happydays:6715ebe752168b07,1,https://imgix.dispenseapp.com/145c714690909516_1786544272651-584217997-99794.avif
happydays:8c623459ad8b5907,1,https://imgix.dispenseapp.com/145c714690909516_1786543687148-422367137-99794.avif
happydays:84299ecdaa587c23,1,https://imgix.dispenseapp.com/145c714690909516_1786540172036-975928912-BlueberrySnoozy.webp
happydays:be1f60c176452d24,1,https://imgix.dispenseapp.com/145c714690909516_1786539849590-84898395-WatermelonSnoozy.webp
happydays:7345917203ead217,1,https://imgix.dispenseapp.com/145c714690909516_1786540626603-596873382-WEEDWATERKIWILEMONADE.png
happydays:ad8876163fcfaa97,1,https://imgix.dispenseapp.com/145c714690909516_1786562702198-201028156-PL.webp
happydays:f01a0ba4f0777d84,1,https://imgix.dispenseapp.com/145c714690909516_1786467229497-446739731-388c74e1afd202427211645340a81cb7.jpg
happydays:065c52fa6c1fab22,1,https://imgix.dispenseapp.com/145c714690909516_1786458243945-830688782-RYTHM-Concentrate-Tube-LIVE-SATIVA-1g-Img1.png
happydays:57f0d115085d0293,1,https://imgix.dispenseapp.com/145c714690909516_1786460790032-790251368-HybridDogWalkers12pk.png
happydays:78c564cc84bd670b,1,https://imgix.dispenseapp.com/145c714690909516_1786467618805-461203982-RYTHM-VAPE-LiquidDiamonds-BlueDream-2g-Img1-85746d60-6df3-4ff5-a020-cef783a0479f.png
happydays:e36dd31eee486eb2,1,https://imgix.dispenseapp.com/145c714690909516_1786392953490-74222966-rythm_rosin_tier1.avif
happydays:1747527da2b7c21f,1,https://imgix.dispenseapp.com/145c714690909516_1786467664486-891338909-images.jpg
happydays:a1906b3a782e16b9,1,https://imgix.dispenseapp.com/145c714690909516_1786461428923-817334924-SativaHybridRythmEigth.png
happydays:128be6d1365b15c8,1,https://imgix.dispenseapp.com/145c714690909516_1786200538975-49582186-IceCreamMintzKingsRoad.png
happydays:9ba73d06acd34574,1,https://imgix.dispenseapp.com/145c714690909516_1786200532508-830977707-BlueDreamKingsroad.png
happydays:aa337704b35b200c,1,https://imgix.dispenseapp.com/145c714690909516_1786467116493-576120110-67687.jpeg
happydays:0b192b04cfb9288b,1,https://imgix.dispenseapp.com/145c714690909516_1786210883676-819805973-IMG_5946.JPG
happydays:8bd63e1b5dda2ce8,1,https://imgix.dispenseapp.com/145c714690909516_1786211006212-813374075-IMG_5948.JPG
happydays:e69cb326f55481ca,1,https://imgix.dispenseapp.com/145c714690909516_1786210501642-760529919-Pink_Zugar_Preroll_(1).HEIC
happydays:9e4fe2bb10a258b1,1,https://imgix.dispenseapp.com/145c714690909516_1786210645042-536609824-Pink_Zugar_Nugg.HEIC
happydays:0bfbd24c22a1f7d7,1,https://imgix.dispenseapp.com/145c714690909516_1786210875065-88340270-IMG_5946.JPG
happydays:750c893e29e0bc0d,1,https://imgix.dispenseapp.com/145c714690909516_1786124908786-439658637-64565.png
happydays:d8da7ec627f3455f,1,https://imgix.dispenseapp.com/145c714690909516_1786109622524-288360513-GMO.png
happydays:fd0f881d5abc00ee,1,https://imgix.dispenseapp.com/145c714690909516_1786113997067-937044662-1779407886989-567708784-261.jpg
happydays:e3a9d77132fd4f37,1,https://imgix.dispenseapp.com/145c714690909516_1786119603388-112429993-785878.avif
happydays:41266e3a75f584a4,1,https://imgix.dispenseapp.com/145c714690909516_1786119256064-43100386-896789.jpg
happydays:24d0b7439d6dd1f5,1,https://imgix.dispenseapp.com/145c714690909516_1786036301683-290303738-lemoncherrygelato.jpeg
happydays:7d384c34594dbaa5,1,https://imgix.dispenseapp.com/145c714690909516_1786030836375-653290777-JETTY_NY_HTHC_MINI_TANK_JACK.png
happydays:1ad0fd67257c2404,1,https://imgix.dispenseapp.com/145c714690909516_1785931929429-202318162-1232_(1).png
happydays:17379f75dcddc178,1,https://imgix.dispenseapp.com/145c714690909516_1785956490778-373432133-Photoroom_20260805_144453.jpeg
happydays:3d241952c4de9b90,1,https://imgix.dispenseapp.com/145c714690909516_1785956541571-681223086-unnamed.jpg
happydays:33e98470e60ec015,1,https://imgix.dispenseapp.com/145c714690909516_1785956504988-928432917-Photoroom_20260805_144620.jpeg
happydays:4a93a3f87f5b1099,1,https://imgix.dispenseapp.com/145c714690909516_1785956524130-731329466-Photoroom_20260805_144339.jpeg
happydays:2a74d4b1730927b1,1,https://imgix.dispenseapp.com/145c714690909516_1785956474044-408819037-Photoroom_20260805_144556.jpeg
happydays:828f9ae82c7e8c32,1,https://imgix.dispenseapp.com/145c714690909516_1785864631979-442438869-roemergenericjar.avif
happydays:a46fff3678965089,1,https://imgix.dispenseapp.com/145c714690909516_1786103859752-156833622-greasemonkeyPR.png
happydays:e970c627dca0aeb7,1,https://imgix.dispenseapp.com/145c714690909516_1786105116295-399180699-BlooiusVuitton.png
happydays:6e6529888fac1681,1,https://imgix.dispenseapp.com/145c714690909516_1786104480785-115835109-PresidentialKush.png
happydays:d6347560e6220f8b,1,https://imgix.dispenseapp.com/145c714690909516_1786105411730-990157367-OreozPR.png
happydays:13b8305227e10ba1,1,https://imgix.dispenseapp.com/145c714690909516_1786103061748-377163905-oreoz.png
happydays:115beab511bcf8a2,1,https://imgix.dispenseapp.com/145c714690909516_1781631017712-452293276-134324214.avif
happydays:108d750ed317e796,1,https://imgix.dispenseapp.com/145c714690909516_1785930512900-471537931-peach_mango.avif
happydays:2db07ce1d1f633ca,1,https://imgix.dispenseapp.com/145c714690909516_1785864557844-374442567-roemergenericjar.avif
happydays:13f5d2cd0ff6c96d,1,https://imgix.dispenseapp.com/145c714690909516_1785864537577-143136073-roemergenericjar.avif
happydays:40372160711725e3,1,https://imgix.dispenseapp.com/145c714690909516_1785862144165-870732833-BRICKTripleStack.webp
happydays:ee971fa94204cb95,1,https://imgix.dispenseapp.com/145c714690909516_1785857789779-333213062-midnightorgy.webp
happydays:ee971fa94204cb95,2,https://imgix.dispenseapp.com/145c714690909516_1785857799331-788726885-midnightorgynugg.webp
happydays:904db27ac3f0914b,1,https://imgix.dispenseapp.com/145c714690909516_1785861941236-993074877-Screenshot_2026-08-04_124532.png
happydays:594b1e4df89b7c89,1,https://imgix.dispenseapp.com/145c714690909516_1786034445306-253211237-Screenshot_2026-08-06_123935.png
happydays:19c776557b68fefa,1,https://imgix.dispenseapp.com/145c714690909516_1785773824421-602631413-203034.jpeg
happydays:6fe8e5aea9a9db1e,1,https://imgix.dispenseapp.com/145c714690909516_1785773763636-318966066-87865.jpeg
happydays:aa69571ca706fb0c,1,https://imgix.dispenseapp.com/145c714690909516_1785778823849-180453454-809e33e9-0d42-4b14-8f71-276c13ce8519.png
happydays:6a42ffbfee348505,1,https://imgix.dispenseapp.com/145c714690909516_1785770134601-198904809-redberryruntz.jpeg
happydays:5eb61e51cb8f872b,1,https://imgix.dispenseapp.com/145c714690909516_1785769871832-590588239-sweetsorbet.jpeg
happydays:f1745aa0dfa7824a,1,https://imgix.dispenseapp.com/145c714690909516_1785596136947-855250947-kingsroadresinBallerJar.jpg
happydays:c937ca922d19cd91,1,https://imgix.dispenseapp.com/145c714690909516_1785758382930-184615659-cherryvolcano.png
happydays:e5c49adcbefa5951,1,https://imgix.dispenseapp.com/145c714690909516_1785245577316-15815052-sunrisenyhoney.png
happydays:747bde0b4c995029,1,https://imgix.dispenseapp.com/145c714690909516_1785510756617-597243628-TKO_-_BSRPRTKO00001.jpg
happydays:fffd3bce97f69305,1,https://imgix.dispenseapp.com/145c714690909516_1785510671482-532398106-RED_BULLZ_-_PCRB00001.jpg
happydays:be5a796aa1c35e02,1,https://imgix.dispenseapp.com/145c714690909516_1785510644049-869195352-DREAMCICLE_-_PCDCL00001.jpg
happydays:574581ead3e7b0ab,1,https://imgix.dispenseapp.com/145c714690909516_1785504732432-924266069-tropz14g.jpeg
happydays:0b1e396ccb8bb3a7,1,https://imgix.dispenseapp.com/145c714690909516_1785504528237-762921198-chrome14g.jpeg
happydays:c4026e0089afd3cc,1,https://imgix.dispenseapp.com/145c714690909516_1785504444483-87559508-ambrozia14g.jpeg
happydays:d59cf27301bba6e4,1,https://imgix.dispenseapp.com/145c714690909516_1785503344764-323805128-bksattellite.JPG
happydays:dcf9a961749f4d8d,1,https://imgix.dispenseapp.com/145c714690909516_1785504213295-861487947-planetaryOG.jpg
happydays:c7faf592bc45d4c1,1,https://imgix.dispenseapp.com/145c714690909516_1785504824709-738122432-xeno14g.jpg
happydays:0684c8d1616362e5,1,https://imgix.dispenseapp.com/145c714690909516_1785498912668-774233635-ambrozia.png
happydays:34ff9bb9927bb39a,1,https://imgix.dispenseapp.com/145c714690909516_1785445942643-503566850-darrylstrawberry.jpg
happydays:4b85bc91e17fad78,1,https://imgix.dispenseapp.com/145c714690909516_1785443309250-69055026-1937.png
happydays:036c048fd2fc7801,1,https://imgix.dispenseapp.com/145c714690909516_1785502985804-769465203-hybridbouket.avif
happydays:07461992fc6cdfc1,1,https://imgix.dispenseapp.com/145c714690909516_1785505042003-733571774-lionorder.avif
happydays:09ddf515594a8501,1,https://imgix.dispenseapp.com/145c714690909516_1785504609361-342281177-bedroomberrychews.jpeg
happydays:022afdc7758ed7b5,1,https://imgix.dispenseapp.com/145c714690909516_1785506118025-300201298-zippo.JPG
happydays:65e9addb482bae3d,1,https://imgix.dispenseapp.com/145c714690909516_1785416800773-356903180-cranraspberry.avif
happydays:e693bc9731e753f1,1,https://imgix.dispenseapp.com/145c714690909516_1785416635006-446429359-grapefruit.webp
happydays:82b146f0ddabd831,1,https://imgix.dispenseapp.com/145c714690909516_1785416520165-35817500-wildcherrycyclingfrog.webp
happydays:76158c4b974d0f09,1,https://imgix.dispenseapp.com/145c714690909516_1785416584303-617594280-blackcurrant.webp
happydays:d80a461e78c9500f,1,https://imgix.dispenseapp.com/145c714690909516_1785418987520-896081100-Florist_Farms___Candy_Jack___Live_Resin_Infused___Pre-Roll___1G_Single.png
happydays:e43a279800b5b471,1,https://imgix.dispenseapp.com/145c714690909516_1785350181419-859489670-MFNY_Live_Resin_Mini_Prerolls_Hash_Burger_x_Hash_Burger_Resin_.75g_Four_Pack.png
happydays:eed4816abeb5cdc9,1,https://imgix.dispenseapp.com/145c714690909516_1785350027640-244778406-MFNY_Live_Resin_510_Vape_Cart_Candy_Rain_1g.jpg
happydays:e7f2f93f45dc8bb2,1,https://imgix.dispenseapp.com/145c714690909516_1785352064889-115661384-MFNY_Live_Resin_Concentrate_Classics_Sour_Diesel_2g.png
happydays:9291ef81f978b37f,1,https://imgix.dispenseapp.com/145c714690909516_1785349077287-198985368-MFNY_Live_Resin_Concentrate_Superboof_1g.png
happydays:839f941c20bb4efa,1,https://imgix.dispenseapp.com/145c714690909516_1785349900208-876732271-MFNY_Live_Resin_510_Vape_Cart_Blueberry_2.0_1g.png
happydays:b2113c88c3b82456,1,https://imgix.dispenseapp.com/145c714690909516_1785340507992-499369854-pressureinparadise.png
happydays:271e7454069cc52b,1,https://imgix.dispenseapp.com/145c714690909516_1785327748547-589304714-sunsetsqueeze.png
happydays:4ace5e10f86b1610,1,https://imgix.dispenseapp.com/145c714690909516_1785327584230-853592849-hybridjettytank.png
happydays:a8b9f0012e76bd14,1,https://imgix.dispenseapp.com/145c714690909516_1785327903319-220901111-italiansoda.png
happydays:c1152bd8ae16a7ff,1,https://imgix.dispenseapp.com/145c714690909516_1785326870471-943452362-wizardjewel.png
happydays:77f728a1ca80f7bf,1,https://imgix.dispenseapp.com/145c714690909516_1785327225158-370949295-wizardjewel.png
happydays:c84f225a6b80763c,1,https://imgix.dispenseapp.com/145c714690909516_1785327054527-646197004-wizardjewel.png
happydays:9b71be330460a256,1,https://imgix.dispenseapp.com/145c714690909516_1785326040914-178503097-chickenwafflez.png
happydays:b64e5898c145558c,1,https://imgix.dispenseapp.com/145c714690909516_1785326377325-995755448-galacticgusher.png
happydays:bce0e0150b540df1,1,https://imgix.dispenseapp.com/145c714690909516_1785258734210-866887422-SPACECANDY.jpg
happydays:4f6a905c57d0ea08,1,https://imgix.dispenseapp.com/145c714690909516_1785258776042-413436857-CAKEBATTER.jpg
happydays:b50d66e6cceb6e12,1,https://imgix.dispenseapp.com/145c714690909516_1777903963486-965595700-53262563562.avif
happydays:d8eec3a8bc9b8a19,1,https://imgix.dispenseapp.com/145c714690909516_1777994508269-22624160-4353652435.avif
happydays:27eaeac0cde6dc00,1,https://imgix.dispenseapp.com/145c714690909516_1785252196878-942657336-1764968871-bluedream-preroll.png
happydays:dd6f154f4622859d,1,https://imgix.dispenseapp.com/145c714690909516_1785250975258-429738021-376537.jpeg
happydays:6808bd621feff564,1,https://imgix.dispenseapp.com/145c714690909516_1785184260987-564142368-Jungle_Gemz_-_14g_Ground_Flower.jpg
happydays:c18fc1befb4c824c,1,https://imgix.dispenseapp.com/145c714690909516_1785184331920-604161862-Stank_Breath_-_14g_Ground_Flower.jpg
happydays:39801bd03cb9c17c,1,https://imgix.dispenseapp.com/145c714690909516_1785179747005-842571416-RYTHM-Concentrate-LiveRosin-HYBRID-Tier1-Img1_(2).png
happydays:134a54ed54ae8294,1,https://imgix.dispenseapp.com/145c714690909516_1785180983984-358597730-RYTHM-Vape-Bag-DVP-2g-Sativa-Img1_(1).png
happydays:9495edb034f3f691,1,https://imgix.dispenseapp.com/145c714690909516_1785180020774-599975213-RYTHM-Concentrate-LiveRosin-INDICA-Tier2-Img1.png
happydays:8e9aba7a80699c39,1,https://imgix.dispenseapp.com/145c714690909516_1785180472168-789433595-RYTHM-Concentrate-LiveRosin-INDICA-Tier2-Img1.png
happydays:cf0fefd02ae6ae75,1,https://imgix.dispenseapp.com/145c714690909516_1785179093841-64616686-DogWalkers-Infused-MiniShowDogs-SATIVA-Play-PreRoll-img2.png
happydays:35c1ccb5aef69461,1,https://imgix.dispenseapp.com/145c714690909516_1785157419836-380723962-2314324134.webp
happydays:cf98f04e014c72ef,1,https://imgix.dispenseapp.com/145c714690909516_1784982132727-761989980-masterpiecepapers.jpg
happydays:20acb5eaa9fd3e45,1,https://imgix.dispenseapp.com/145c714690909516_1784981881093-622311993-kushberry1greload.avif
happydays:62a980440d66fd07,1,https://imgix.dispenseapp.com/145c714690909516_1784921702316-120170543-longislanddiesel.jpeg
happydays:068a14cfcd6771d5,1,https://imgix.dispenseapp.com/145c714690909516_1784914595161-174102775-GMOT3.png
happydays:96d367388fba1572,1,https://imgix.dispenseapp.com/145c714690909516_1784833629188-615980321-Blockberry.jpg
happydays:5fc2addbea551c8d,1,https://imgix.dispenseapp.com/145c714690909516_1784894603886-321533214-1varietypack.png
happydays:9fbe770d07cf1863,1,https://imgix.dispenseapp.com/145c714690909516_1784893504653-628542639-1megasquirt.png
happydays:9fbe770d07cf1863,2,https://imgix.dispenseapp.com/145c714690909516_1784908574503-700657452-2megasquirtt.png
happydays:5513c6a0797390a7,1,https://imgix.dispenseapp.com/145c714690909516_1784816910183-398194990-8821.png
happydays:5513c6a0797390a7,2,https://imgix.dispenseapp.com/145c714690909516_1784908233404-260127671-1artificialred.png
happydays:228d92212433151e,1,https://imgix.dispenseapp.com/145c714690909516_1784824216236-580879444-97466.JPEG
happydays:c04b6dfb6a682e07,1,https://imgix.dispenseapp.com/145c714690909516_1784733196086-667002348-23423423424.png
happydays:6271f6937ec8619e,1,https://imgix.dispenseapp.com/145c714690909516_1784733206268-622732575-23423423424.png
happydays:f921341a43536acc,1,https://imgix.dispenseapp.com/145c714690909516_1784640928660-18841975-8421.webp
happydays:1896a18650b33b71,1,https://imgix.dispenseapp.com/145c714690909516_1784641488542-815353310-884564.webp
happydays:dcea0be0e3f4a8e4,1,https://imgix.dispenseapp.com/145c714690909516_1784734834876-713424753-84564.png
happydays:59ca33caba23e28a,1,https://imgix.dispenseapp.com/145c714690909516_1784734950599-646906223-1354647.png
happydays:aac6ba439ab71524,1,https://imgix.dispenseapp.com/145c714690909516_1784734743389-430821909-4464.png
happydays:cc6001aa83337df6,1,https://imgix.dispenseapp.com/145c714690909516_1784745499458-309511030-43254325.avif
happydays:1f7986713d606b43,1,https://imgix.dispenseapp.com/145c714690909516_1784640263736-630254265-11121.PNG
happydays:1f7986713d606b43,2,https://imgix.dispenseapp.com/145c714690909516_1784640258990-418344486-11131.jpg
happydays:e8579dbbfb6cf969,1,https://imgix.dispenseapp.com/145c714690909516_1784639860225-171037396-11131.jpg
happydays:58a4ac53bf5600ed,1,https://imgix.dispenseapp.com/145c714690909516_1784645233486-10186581-9114.png
happydays:1f0f67ab8a178002,1,https://imgix.dispenseapp.com/145c714690909516_1784644219890-935586626-8843.png
happydays:226bafa2c039d25d,1,https://imgix.dispenseapp.com/145c714690909516_1784560853495-778605646-987079878.jpg
happydays:47e57838c0f63ce8,1,https://imgix.dispenseapp.com/145c714690909516_1784305325548-735807382-_DSC9323.JPG
happydays:1f3408835305c257,1,https://imgix.dispenseapp.com/145c714690909516_1784293379390-636124017-1235432532.avif
happydays:6be626daabdebb14,1,https://imgix.dispenseapp.com/145c714690909516_1784294759052-279688639-53465436354.jpeg
happydays:5aa0ace1b21a1185,1,https://imgix.dispenseapp.com/145c714690909516_1784293047782-83405749-5436546345.png
happydays:5aa0ace1b21a1185,2,https://imgix.dispenseapp.com/145c714690909516_1784293066704-140212878-54635463456.png
happydays:dacfa25a4b48d410,1,https://imgix.dispenseapp.com/145c714690909516_1784234123045-561546829-Bonfire_-_Ice_Cream_Cake.JPG
happydays:e2d49e1140f1dacd,1,https://imgix.dispenseapp.com/145c714690909516_1784215700600-524455506-7368553.jpeg
happydays:e2d49e1140f1dacd,2,https://imgix.dispenseapp.com/145c714690909516_1784215706493-894662587-554846.jpeg
happydays:4e4caa997993cc62,1,https://imgix.dispenseapp.com/145c714690909516_1784215331300-924281165-3465976.jpeg
happydays:cf890eb8c642836e,1,https://imgix.dispenseapp.com/145c714690909516_1784215514365-561027654-938485.jpeg
happydays:cf890eb8c642836e,2,https://imgix.dispenseapp.com/145c714690909516_1784215538568-997489951-8473658.jpeg
happydays:0b9d32ce211c3a23,1,https://imgix.dispenseapp.com/145c714690909516_1784138498463-912329555-NY_-_GENERIC_HYBRID_-_THUMBNAIL_-_GREEN.png
happydays:254667d28ffb617e,1,https://imgix.dispenseapp.com/145c714690909516_1784142163992-769939328-934865.jpeg
happydays:3485de9c9d8e3f0c,1,https://imgix.dispenseapp.com/145c714690909516_1784306077903-678250457-845.png
happydays:d179d599a7c7538a,1,https://imgix.dispenseapp.com/145c714690909516_1784894794785-251966100-ninjafruit.png
happydays:61a65ab73dc0abff,1,https://imgix.dispenseapp.com/145c714690909516_1784135644496-129572147-79741.avif
happydays:7bada65f652cbd47,1,https://imgix.dispenseapp.com/145c714690909516_1784895022796-824386827-gellybanger.png
happydays:637f6a2ed8a24b5f,1,https://imgix.dispenseapp.com/145c714690909516_1781203771513-971454423-32452345345.png
happydays:6abd4f8cc9b0d859,1,https://imgix.dispenseapp.com/145c714690909516_1784141343255-140629498-3874687.jpeg
happydays:d8047e8581091dd0,1,https://imgix.dispenseapp.com/145c714690909516_1784561692633-223053328-24234233.webp
happydays:b1a8115522f06d34,1,https://imgix.dispenseapp.com/145c714690909516_1784982268935-724977224-blackcones20pk114.jpg
happydays:9e416d18544b8c45,1,https://imgix.dispenseapp.com/145c714690909516_1783810772811-503733162-475.jpg
happydays:f679718b923c6885,1,https://imgix.dispenseapp.com/145c714690909516_1783815019150-114482370-913.jpg
happydays:4b285d88ce6b7076,1,https://imgix.dispenseapp.com/145c714690909516_1783812406139-211041591-2221.jpg
happydays:fe9477ea125b329c,1,https://imgix.dispenseapp.com/145c714690909516_1783963712371-74569670-Photoroom_20260713_132423.jpeg
happydays:049c2f17e38a43ae,1,https://imgix.dispenseapp.com/145c714690909516_1784140035374-162597784-345435.png
happydays:fc58b213ae962b96,1,https://imgix.dispenseapp.com/145c714690909516_1783709217833-87713011-45757357.png
happydays:332a8394bdce288b,1,https://imgix.dispenseapp.com/145c714690909516_1783688502812-455008902-5551.png
happydays:a7e35137921581c6,1,https://imgix.dispenseapp.com/145c714690909516_1783688328365-853149981-9487.png
happydays:17ac6104ecd0bae7,1,https://imgix.dispenseapp.com/145c714690909516_1783604455165-956187764-88456.png
happydays:41872ff59d33ddc9,1,https://imgix.dispenseapp.com/145c714690909516_1783632701100-440323768-345345.png
happydays:3232502cd40486f1,1,https://imgix.dispenseapp.com/145c714690909516_1786195960247-668191464-BlueDreamFernway.avif
happydays:3232502cd40486f1,2,https://imgix.dispenseapp.com/145c714690909516_1786195965736-251921919-fernwayBluedream.jpg
happydays:9b307c4b9e4f8d68,1,https://imgix.dispenseapp.com/145c714690909516_1783623797040-367436969-Fernway_-_Night_Cap_-_510_-_1.0g_-_Indica_-_SmartPack_-_White_Background_-_Menu_Photo.png
happydays:dbaf10cd6ddb0b0e,1,https://imgix.dispenseapp.com/145c714690909516_1783624008112-706205295-Fernway_-_Wedding_Cake_LIVE_-_510_-_1.0g_-_Hybrid_-_SmartPack_-_White_Background_-_Menu_Photo.png
happydays:dbaf10cd6ddb0b0e,2,https://imgix.dispenseapp.com/145c714690909516_1783626714767-415030167-658568856.jpg
happydays:126491048e1d6a94,1,https://imgix.dispenseapp.com/145c714690909516_1783605875516-123964062-Screenshot_2026-07-09_100402.png
happydays:2e5caf1d84a78b00,1,https://imgix.dispenseapp.com/145c714690909516_1783813235824-850978656-2145.jpg
happydays:22eb37c5f42d5344,1,https://imgix.dispenseapp.com/145c714690909516_1784045429936-409609450-1314.avif
happydays:5c2e74b80c9c44ee,1,https://imgix.dispenseapp.com/145c714690909516_1783622908954-964108148-45679.jfif
happydays:b2db8b42a8155ffe,1,https://imgix.dispenseapp.com/145c714690909516_1783542855299-377566528-885.webp
happydays:b2db8b42a8155ffe,2,https://imgix.dispenseapp.com/145c714690909516_1783542906881-803215242-849.webp
happydays:f0ce4bcce68af80c,1,https://imgix.dispenseapp.com/145c714690909516_1783543377295-128505046-8851.jpg
happydays:f06ff26e84ca5259,1,https://imgix.dispenseapp.com/145c714690909516_1783972947844-114753654-345345345.png
happydays:82540b83a9653469,1,https://imgix.dispenseapp.com/145c714690909516_1783540673172-762920470-46478.jpg
happydays:b0a7c0db2fb3746a,1,https://imgix.dispenseapp.com/145c714690909516_1783539749742-463347307-977.webp
happydays:27f626442e7f5c41,1,https://imgix.dispenseapp.com/145c714690909516_1783539240193-821628817-1647.avif
happydays:88187368cfab9f3d,1,https://imgix.dispenseapp.com/145c714690909516_1783449807236-640749406-777.webp
happydays:88187368cfab9f3d,2,https://imgix.dispenseapp.com/145c714690909516_1783449807240-911853136-647.webp
happydays:88187368cfab9f3d,3,https://imgix.dispenseapp.com/145c714690909516_1783449807244-927734808-799.webp
happydays:53cfee374cbe2f5b,1,https://imgix.dispenseapp.com/145c714690909516_1783451040240-459222273-797.webp
happydays:53cfee374cbe2f5b,2,https://imgix.dispenseapp.com/145c714690909516_1783451045709-204523794-7941.webp
happydays:53cfee374cbe2f5b,3,https://imgix.dispenseapp.com/145c714690909516_1783451031361-939342392-887.webp
happydays:b4cca42ffcf180d9,1,https://imgix.dispenseapp.com/145c714690909516_1783450424202-79912074-4544.webp
happydays:b4cca42ffcf180d9,2,https://imgix.dispenseapp.com/145c714690909516_1783450424208-216548748-8874.webp
happydays:b4cca42ffcf180d9,3,https://imgix.dispenseapp.com/145c714690909516_1783450435861-320732043-787.webp
happydays:128981d08f332436,1,https://imgix.dispenseapp.com/145c714690909516_1783448995176-149924416-947.jpg
happydays:d6e7a765d952385f,1,https://imgix.dispenseapp.com/145c714690909516_1783448220573-47347761-847.JPEG
happydays:bc12c228e39abb7c,1,https://imgix.dispenseapp.com/145c714690909516_1783448266646-961420921-97461.avif
happydays:151c4becb0c4fa4f,1,https://imgix.dispenseapp.com/145c714690909516_1783448132287-703154553-97461.avif
happydays:5ae4cf47cff1b8d5,1,https://imgix.dispenseapp.com/145c714690909516_1783436604890-332891701-23456256.png
happydays:be17b7bd42dc8386,1,https://imgix.dispenseapp.com/145c714690909516_1783430139346-332511094-94994.jpg
happydays:395e033277dc3359,1,https://imgix.dispenseapp.com/145c714690909516_1783343561432-575476028-99794.avif
happydays:32b8021676216d56,1,https://imgix.dispenseapp.com/145c714690909516_1783343591390-199267800-33316.avif
happydays:c417176d2121dd45,1,https://imgix.dispenseapp.com/145c714690909516_1783089334697-873287072-79974.jpg
happydays:68f08c37c5799615,1,https://imgix.dispenseapp.com/145c714690909516_1783089418087-751629756-888585.png
happydays:6f95984bb03b2862,1,https://imgix.dispenseapp.com/145c714690909516_1783342963079-810484969-46457.avif
happydays:34a33d7edc74759b,1,https://imgix.dispenseapp.com/145c714690909516_1783451853521-345501797-Photoroom_20260707_151105.jpeg
happydays:566b745e38a63063,1,https://imgix.dispenseapp.com/145c714690909516_1783102373879-300038740-7974.JPG
happydays:1c075d1d0c6ef144,1,https://imgix.dispenseapp.com/145c714690909516_1784313337953-546045699-957646.jpeg
happydays:0025bc083098337e,1,https://imgix.dispenseapp.com/145c714690909516_1782941593468-394243702-7997.jpg
happydays:e133bef238bc84b8,1,https://imgix.dispenseapp.com/145c714690909516_1783018099995-871318440-X_werwer.jpg
happydays:338b3683fac1f1f9,1,https://imgix.dispenseapp.com/145c714690909516_1782927720364-376796040-234234234.png
happydays:84beecac92044a61,1,https://imgix.dispenseapp.com/145c714690909516_1782930788698-701983701-1764776722726-346411749-34543535555.png
happydays:deb7b76e93e4b48b,1,https://imgix.dispenseapp.com/145c714690909516_1782925511742-958313618-651584854184185165.png
happydays:beb33eeead7602f4,1,https://imgix.dispenseapp.com/145c714690909516_1782930191074-146649722-AYR-Vape-BombPopz-2.0-Clear.png
happydays:0a8abbd0ae855329,1,https://imgix.dispenseapp.com/145c714690909516_1784139142133-81947924-32132132.png
happydays:2021a6395156f215,1,https://imgix.dispenseapp.com/145c714690909516_1784144893646-111245481-847348.jpeg
happydays:d79b976a5deca3e7,1,https://dispense-images.imgix.net/7e637a10-c372-11ed-a41a-77827306bccf.png
happydays:7620cd2628dfab45,1,https://imgix.dispenseapp.com/145c714690909516_1782843153319-534698217-Blueberry_AK-_14G_Flower-_uX.png
happydays:62c8f0d6f9e74bff,1,https://imgix.dispenseapp.com/145c714690909516_1782843103555-913491027-Mac_1-_14G_Flower-_uX.png
happydays:28d8b95364fbec03,1,https://imgix.dispenseapp.com/145c714690909516_1788290574856-381770863-Preroll-_Wild_Berry_Fusion-_Indica-_uX.png
happydays:fbb95b4891700572,1,https://imgix.dispenseapp.com/145c714690909516_1782844037965-709281273-trytryetr.avif
happydays:a8c9aa0fc9951ab3,1,https://imgix.dispenseapp.com/145c714690909516_1788290002412-776571321-Preroll-_Black_Orchard-_Indica-_uX.png
happydays:141b616dcf13c635,1,https://imgix.dispenseapp.com/145c714690909516_1782759469539-544472697-34534535.png
happydays:141b616dcf13c635,2,https://imgix.dispenseapp.com/145c714690909516_1782759473332-555965310-1024-456456456.png
happydays:df68f744dc1bdfb4,1,https://imgix.dispenseapp.com/145c714690909516_1782759292108-943143124-345345345.png
happydays:b6090772944cd127,1,https://imgix.dispenseapp.com/145c714690909516_1782759299601-689569718-345345345.png
happydays:528fa82c9d996e38,1,https://imgix.dispenseapp.com/145c714690909516_1782759340540-804192787-345345345.png
happydays:1b036aea2b4fcbb1,1,https://imgix.dispenseapp.com/145c714690909516_1782759351534-238751262-34534535.png
happydays:1b036aea2b4fcbb1,2,https://imgix.dispenseapp.com/145c714690909516_1782759355702-354495173-1024-456456456.png
happydays:2cf801dc68985f7a,1,https://imgix.dispenseapp.com/145c714690909516_1782759877585-978169625-99794.jpeg
happydays:65d18978ef04838b,1,https://imgix.dispenseapp.com/145c714690909516_1782759781374-553102039-9979.jpeg
happydays:9930eb187a3e7d1a,1,https://imgix.dispenseapp.com/145c714690909516_1782906517510-673170629-7744.png
happydays:fcf280655efefcc1,1,https://imgix.dispenseapp.com/145c714690909516_1782494074656-5328573-34515143.avif
happydays:94119caaec4f5af2,1,https://imgix.dispenseapp.com/145c714690909516_1782505279738-189899678-9356739.avif
happydays:9b27015de0a2871b,1,https://imgix.dispenseapp.com/145c714690909516_1784754240037-626203741-Crop_Top_-_Grey_Pink_Lettering.png
happydays:f907e94b82061f42,1,https://imgix.dispenseapp.com/145c714690909516_1784754237019-241242211-Crop_Top_-_Grey_Pink_Lettering.png
happydays:c7271f787714373e,1,https://imgix.dispenseapp.com/145c714690909516_1782501047213-193375492-MELON_COLLIE_-_PCMC00001.jpg
happydays:33f7e9f44d30950a,1,https://imgix.dispenseapp.com/145c714690909516_1782501061032-931464021-SANGRIA_SLUSHIE_-_PCSS00001.jpg
happydays:dc092f069569ce12,1,https://imgix.dispenseapp.com/145c714690909516_1787100430625-332615801-SuperGirlFX.png
happydays:6eaa91b769f5652e,1,https://imgix.dispenseapp.com/145c714690909516_1783964395207-981323746-878678.jpeg
happydays:6eaa91b769f5652e,2,https://imgix.dispenseapp.com/145c714690909516_1783964403003-931564002-456346.jpeg
happydays:b5ea81ff45d527ff,1,https://imgix.dispenseapp.com/145c714690909516_1782478923600-37347409-1._GREENS__SUNSET-SHERBET-ecom.png
happydays:b5ea81ff45d527ff,2,https://imgix.dispenseapp.com/145c714690909516_1783091434113-835983646-646.png
happydays:b5ea81ff45d527ff,3,https://imgix.dispenseapp.com/145c714690909516_1783091434117-936102044-7797.png
happydays:7975a4d1f9c4b975,1,https://imgix.dispenseapp.com/145c714690909516_1782479048187-263922563-1._GREENS__SUPREME-ecom.png
happydays:7975a4d1f9c4b975,2,https://imgix.dispenseapp.com/145c714690909516_1782821360206-21305324-64664.png
happydays:7975a4d1f9c4b975,3,https://imgix.dispenseapp.com/145c714690909516_1782821379525-553974917-7797.png
happydays:ecea166c8b43122c,1,https://imgix.dispenseapp.com/145c714690909516_1782479213537-135576075-1._GREENS__BLACK-RUNTZ-ecom.png
happydays:ecea166c8b43122c,2,https://imgix.dispenseapp.com/145c714690909516_1782821882591-261527874-7761.png
happydays:ecea166c8b43122c,3,https://imgix.dispenseapp.com/145c714690909516_1782821926399-889358372-7797.png
happydays:9e0a2bf527581aab,1,https://imgix.dispenseapp.com/145c714690909516_1782404233658-441251209-MW_PRODUCT_-_Blueberry_Blitz.png
happydays:860eddbe53858c6d,1,https://imgix.dispenseapp.com/145c714690909516_1782411788248-395062138-4352454.png
happydays:860eddbe53858c6d,2,https://imgix.dispenseapp.com/145c714690909516_1782821178727-664251702-33331.png
happydays:860eddbe53858c6d,3,https://imgix.dispenseapp.com/145c714690909516_1782821178733-611411614-79797.png
happydays:0cf521098ba1d7e3,1,https://imgix.dispenseapp.com/145c714690909516_1782820357275-739864831-1131.png
happydays:0cf521098ba1d7e3,2,https://imgix.dispenseapp.com/145c714690909516_1782820380490-38985538-444547.png
happydays:0cf521098ba1d7e3,3,https://imgix.dispenseapp.com/145c714690909516_1782820408125-722305741-79797.png
happydays:b625a0b3cf05ca20,1,https://imgix.dispenseapp.com/145c714690909516_1782572344216-524450996-654656.JPG
happydays:ff867fcc49790ee1,1,https://imgix.dispenseapp.com/145c714690909516_1782397702932-295469952-4532452345.jpg
happydays:5b76032703c3eb31,1,https://imgix.dispenseapp.com/145c714690909516_1782334400100-294653323-4444444.avif
happydays:e3335234c53d4242,1,https://imgix.dispenseapp.com/145c714690909516_1782326213737-880998118-64641.webp
happydays:987ad51914533f3f,1,https://imgix.dispenseapp.com/145c714690909516_1782335633087-437040360-Head_&_Heal___1_Gram_RSO_Dablicator.png
happydays:1a5f356e0ea13375,1,https://imgix.dispenseapp.com/145c714690909516_1782326145904-436614233-9494.png
happydays:9fb683e2701b8bde,1,https://imgix.dispenseapp.com/145c714690909516_1782132039020-334064545-4646.png
happydays:bfc45bdaa756fb4d,1,https://imgix.dispenseapp.com/145c714690909516_1782335937076-710152337-JETTY_NY_SOLVENTLESS_CART_HYBRID_1G.png
happydays:7426ddef6849f1ee,1,https://imgix.dispenseapp.com/145c714690909516_1782130728507-509381943-464.webp
happydays:2eabca23d04a02d3,1,https://imgix.dispenseapp.com/145c714690909516_1782130324455-343329113-7979.webp
happydays:a1a68ce20ce38607,1,https://imgix.dispenseapp.com/145c714690909516_1782221922722-153032728-316456.jpg
happydays:8ff994e1dad5d1db,1,https://imgix.dispenseapp.com/145c714690909516_1782244978461-792507244-43563456324.avif
happydays:bc30f67a9261189e,1,https://imgix.dispenseapp.com/145c714690909516_1782245792023-263582808-34543543.avif
happydays:ed276b83b92dff2d,1,https://imgix.dispenseapp.com/145c714690909516_1782245401394-966723884-HP_Fireball_FINAL_01w.png
happydays:3cf7fbc0a20c9444,1,https://imgix.dispenseapp.com/145c714690909516_1782245352529-571681105-HP_CrownApple_FINAL_01w.png
happydays:01a4b7220106d2af,1,https://imgix.dispenseapp.com/145c714690909516_1782142630423-671681023-5463456345.png
happydays:5780b22afad9e4e7,1,https://imgix.dispenseapp.com/145c714690909516_1782142781928-200067790-654565.png
happydays:20f6d4bdb9fe6dea,1,https://imgix.dispenseapp.com/145c714690909516_1782142879479-290758510-345345435345.png
happydays:bb25d9b61f140d94,1,https://imgix.dispenseapp.com/145c714690909516_1782141423813-922893349-21341234.png
happydays:bb25d9b61f140d94,2,https://imgix.dispenseapp.com/145c714690909516_1782141441560-663752654-3242314.png
happydays:bb25d9b61f140d94,3,https://imgix.dispenseapp.com/145c714690909516_1782141428764-862662706-2342314.png
happydays:6c46630d0252fe0f,1,https://imgix.dispenseapp.com/145c714690909516_1782141884315-429439192-34523452.png
happydays:21d608196e02a348,1,https://imgix.dispenseapp.com/145c714690909516_1782141027833-269736071-8768767.png
happydays:21d608196e02a348,2,https://imgix.dispenseapp.com/145c714690909516_1782141031506-632110954-8798798.png
happydays:21d608196e02a348,3,https://imgix.dispenseapp.com/145c714690909516_1782141018071-560506683-9788.png
happydays:21d608196e02a348,4,https://imgix.dispenseapp.com/145c714690909516_1782141022429-906929151-80980980.png
happydays:7b641e5b3a32c450,1,https://imgix.dispenseapp.com/145c714690909516_1782141711007-793350641-21341234.png
happydays:689253f0a4e70048,1,https://imgix.dispenseapp.com/145c714690909516_1781972231268-573096649-9464.avif
happydays:16a3af3579465bd6,1,https://imgix.dispenseapp.com/145c714690909516_1781900390374-787999438-36754674567.jpg
happydays:d7d939aa9db2c3a3,1,https://imgix.dispenseapp.com/145c714690909516_1781900366759-350135924-5675467567.jpg
happydays:ad58656401db5197,1,https://imgix.dispenseapp.com/145c714690909516_1785777413646-773516436-234234234234234234234.jpg
happydays:992c69e236e7cc70,1,https://imgix.dispenseapp.com/145c714690909516_1781956229837-382040816-6446.png
happydays:66b263eec832b178,1,https://imgix.dispenseapp.com/145c714690909516_1781957197178-771320455-444.png
happydays:db65e117d58a7362,1,https://imgix.dispenseapp.com/145c714690909516_1781956269699-200820812-7997.png
happydays:655a3c9b6408cd48,1,https://imgix.dispenseapp.com/145c714690909516_1781961538390-434411049-316.png
happydays:655a3c9b6408cd48,2,https://imgix.dispenseapp.com/145c714690909516_1781962790177-998491747-313.png
happydays:10e9351450f26fae,1,https://imgix.dispenseapp.com/145c714690909516_1781793158317-336954963-95467.jpeg
happydays:fd380d8ad4060e6d,1,https://imgix.dispenseapp.com/145c714690909516_1781793174228-231260984-34534534345354.png
happydays:dda5faf89aec652a,1,https://imgix.dispenseapp.com/145c714690909516_1781793024442-827845284-34535435.png
happydays:df1cfc068ef09818,1,https://imgix.dispenseapp.com/145c714690909516_1781727829144-703274327-MFNY_Live_Resin_510_Vape_Cart_Honey_Banana_1g.jpg
happydays:524654b771668e00,1,https://imgix.dispenseapp.com/145c714690909516_1781727896949-315861005-MFNY_Live_Resin_510_Vape_Cart_Hash_Burger_1g.png
happydays:7235a2cd6304df42,1,https://imgix.dispenseapp.com/145c714690909516_1781731164284-687009284-2353245243.avif
happydays:76ba18bd4e515bd1,1,https://imgix.dispenseapp.com/145c714690909516_1781731314835-331196746-546567.jpeg
happydays:720b07cef61aea7f,1,https://imgix.dispenseapp.com/145c714690909516_1781717722258-886053123-8765678.png
happydays:5162f5147175cad8,1,https://imgix.dispenseapp.com/145c714690909516_1781717558789-299180365-65363456.png
happydays:8434922e7c9ecf8f,1,https://imgix.dispenseapp.com/145c714690909516_1781717688612-383263215-8678.png
happydays:d804fcd1c2ab51b5,1,https://imgix.dispenseapp.com/145c714690909516_1781630589617-57084945-564564564.png
happydays:2913013f17ec6ae2,1,https://imgix.dispenseapp.com/145c714690909516_1781635228327-468858325-87456.JPG
happydays:4a2ed8813883d290,1,https://imgix.dispenseapp.com/145c714690909516_1781629801913-350100653-8988879.jpg
happydays:73bade783117248a,1,https://imgix.dispenseapp.com/145c714690909516_1781556537776-182095466-94654.jpg
happydays:73bade783117248a,2,https://imgix.dispenseapp.com/145c714690909516_1781556537856-763558553-31546.PNG
happydays:1fda6f29cc85d8b3,1,https://imgix.dispenseapp.com/145c714690909516_1781543048829-379141538-5645645645.png
happydays:c5ecc4caafabdd01,1,https://imgix.dispenseapp.com/145c714690909516_1781545156949-956068814-515646.png
happydays:faf69703d8dbb42b,1,https://imgix.dispenseapp.com/145c714690909516_1781549634553-129299421-1643.png
happydays:4c0c24ffbaf8c66b,1,https://imgix.dispenseapp.com/145c714690909516_1781549389192-284955933-3549.png
happydays:3a4eb6f9d3de5240,1,https://imgix.dispenseapp.com/145c714690909516_1781626080342-457598089-8755.png
happydays:7726f1c98c5575ff,1,https://imgix.dispenseapp.com/145c714690909516_1781532431004-149118087-1531453.png
happydays:88d6d51325702977,1,https://imgix.dispenseapp.com/145c714690909516_1782143940979-393482316-456745676.png
happydays:bbe0625e1651f7b3,1,https://imgix.dispenseapp.com/145c714690909516_1782144084957-371562224-3563456.png
happydays:6096b7e8502d3eed,1,https://imgix.dispenseapp.com/145c714690909516_1782143893057-613524318-98708.png
happydays:20ace51525f454aa,1,https://imgix.dispenseapp.com/145c714690909516_1782143976444-290512888-5746.png
happydays:bf1c4c31a15b3833,1,https://imgix.dispenseapp.com/145c714690909516_1782144012497-21757183-5786785678.png
happydays:896cea5218d659cc,1,https://imgix.dispenseapp.com/145c714690909516_1782143766814-214591398-564563456.png
happydays:a3e59d2b7b7a16d8,1,https://imgix.dispenseapp.com/145c714690909516_1778676603053-774845486-LostFarm.NY.PP.MP.ProductMenu_wGummies.jpg
happydays:123d41342e4543f3,1,https://imgix.dispenseapp.com/145c714690909516_1781279411731-860759092-Blank_Jar_1.jpg
happydays:ee959411ceedf6f7,1,https://imgix.dispenseapp.com/145c714690909516_1781292991837-852497965-384756.jpg
happydays:d5c4070746c54310,1,https://imgix.dispenseapp.com/145c714690909516_1781278364961-974637948-42342342.png
happydays:7500b6c07be67323,1,https://imgix.dispenseapp.com/145c714690909516_1781275298271-362423108-345345345345345.png
happydays:349c4abc0ce54d64,1,https://imgix.dispenseapp.com/145c714690909516_1781293613963-514680773-5674556.png
happydays:e5f21dc0f2e14139,1,https://imgix.dispenseapp.com/145c714690909516_1781192962968-270731551-Fernway_-_Key_Lime_-_Traveler_PRO_-_All_in_One_-_2.0g_-_Sativa_-_SmartPack_-_White_Background_-_Menu_Photo.png
happydays:427258b7fd46be75,1,https://imgix.dispenseapp.com/145c714690909516_1781203104088-808244579-523453452352345.webp
happydays:03a93516124a3c09,1,https://imgix.dispenseapp.com/145c714690909516_1781722533071-837246998-35154.jpg
happydays:03f8b051a193cb42,1,https://imgix.dispenseapp.com/145c714690909516_1784562266172-927142720-2342342.png
happydays:7b819f6ec449d68c,1,https://imgix.dispenseapp.com/145c714690909516_1781123685894-825599823-MFNY_Live_Resin_510_Vape_Cart_Classics_Sour_Diesel_1g_TwoFer.png
happydays:73b3365fd2beac0f,1,https://imgix.dispenseapp.com/145c714690909516_1781123835059-706565158-MFNY_Live_Resin_Concentrate_Classics_Shishkaberry_1g.jpg
happydays:7fd227986e26e0c6,1,https://imgix.dispenseapp.com/145c714690909516_1781289662717-500800892-232344.jpeg
happydays:968987e9584eda72,1,https://imgix.dispenseapp.com/145c714690909516_1781295539846-616335132-4565477.jpeg
happydays:6bfecb449761d178,1,https://imgix.dispenseapp.com/145c714690909516_1781295483275-374370487-989677.jpeg
happydays:740968bc8cde15fa,1,https://imgix.dispenseapp.com/145c714690909516_1781035530652-37005685-11364.JPEG
happydays:06589069d8bdcc1b,1,https://imgix.dispenseapp.com/145c714690909516_1781027974021-535098535-Screenshot_2026-06-09_135924.png
happydays:4787fdb57fbb8e9c,1,https://imgix.dispenseapp.com/145c714690909516_1788116924147-695589480-BOUKETINDICA.avif
happydays:6dd2b340b2388bfb,1,https://imgix.dispenseapp.com/145c714690909516_1782245614881-597586594-Jerry_Garcia_Tube_-_Indica.png
happydays:b1dc5384d34fc1c0,1,https://imgix.dispenseapp.com/145c714690909516_1782245637218-324156572-Jerry_Garcia_Tube_-_Sativa.png
happydays:8089462f4e2beea4,1,https://imgix.dispenseapp.com/145c714690909516_1781023436655-377234009-5345324523453145.png
happydays:7e9ea754c82b6e48,1,https://imgix.dispenseapp.com/145c714690909516_1781049905284-304577780-6265.jpg
happydays:7eee6ba4402b57da,1,https://imgix.dispenseapp.com/145c714690909516_1781049269592-799129168-1613.jpeg
happydays:f13fb69569e85f43,1,https://imgix.dispenseapp.com/145c714690909516_1780938736583-809009763-2342342.avif
happydays:1f5bdac44e77d512,1,https://imgix.dispenseapp.com/145c714690909516_1780938721582-569622859-2342342.avif
happydays:50ac348f9f53f699,1,https://imgix.dispenseapp.com/145c714690909516_1780938748599-772879984-2342342.avif
happydays:6c7da447aa5668b2,1,https://imgix.dispenseapp.com/145c714690909516_1780930388037-647287548-234234234234.png
happydays:5a80e4a673460bd8,1,https://imgix.dispenseapp.com/145c714690909516_1780930029803-973215659-324234234.png
happydays:282484d73b85ff8f,1,https://imgix.dispenseapp.com/145c714690909516_1780930297084-160799818-35434534.png
happydays:127476380c570904,1,https://imgix.dispenseapp.com/145c714690909516_1780681745710-562239123-Screenshot_2026-06-05_134853.png
happydays:4523e8ba19e35e80,1,https://imgix.dispenseapp.com/145c714690909516_1780685414565-392221603-153467.jpg
happydays:fbabfb3b9661451c,1,https://imgix.dispenseapp.com/145c714690909516_1780608925043-962456555-0431.webp
happydays:9209d427fd516bb0,1,https://imgix.dispenseapp.com/145c714690909516_1780606757759-190193334-43545324.PNG
happydays:573be4c8215def0d,1,https://imgix.dispenseapp.com/145c714690909516_1780590505376-934703909-15486.png
happydays:c1629fd9ea8856b1,1,https://imgix.dispenseapp.com/145c714690909516_1780506426121-916619802-Screenshot_2026-06-03_130652.png
happydays:2b9feee91cb86bd7,1,https://imgix.dispenseapp.com/145c714690909516_1784754287947-75936300-White_Camo_Shorts.png
happydays:2423c33305af44fe,1,https://imgix.dispenseapp.com/145c714690909516_1784754299274-705538148-White_Camo_Shorts.png
happydays:e80db17ddcbcb3e7,1,https://imgix.dispenseapp.com/145c714690909516_1784754295198-577596471-White_Camo_Shorts.png
happydays:065349493447c7d1,1,https://imgix.dispenseapp.com/145c714690909516_1784754305251-644144864-White_Camo_Shorts.png
happydays:418f829373f4e957,1,https://imgix.dispenseapp.com/145c714690909516_1784754281658-629150297-White_Camo_Shorts.png
happydays:80a75837cc8f6ce8,1,https://imgix.dispenseapp.com/145c714690909516_1780506419000-296236665-3434234234.jpg
happydays:d67564ed02a79b2c,1,https://imgix.dispenseapp.com/145c714690909516_1780506308498-304029735-324234.jpg
happydays:bee0152b2d7d44ff,1,https://imgix.dispenseapp.com/145c714690909516_1766596398482-331908659-Screenshot_2025-12-24_121158.png
happydays:776a51243872693d,1,https://imgix.dispenseapp.com/145c714690909516_1741736578478-82744233-raw.webp
happydays:a34249b69c7b0bdd,1,https://imgix.dispenseapp.com/145c714690909516_1780690492166-466140786-45668.jpg
happydays:2ab0e08d30cf50fb,1,https://imgix.dispenseapp.com/145c714690909516_1780424158321-27919097-6487.png
happydays:c151608daf0c98f3,1,https://imgix.dispenseapp.com/145c714690909516_1780416873496-610016956-34534535.webp
happydays:f0cc6e743c6ec8b3,1,https://imgix.dispenseapp.com/145c714690909516_1780417086107-513680010-345345.webp
happydays:5d9e2fed6220b558,1,https://imgix.dispenseapp.com/145c714690909516_1780077058000-584939292-836795.jpg
happydays:968088a35b2b9590,1,https://imgix.dispenseapp.com/145c714690909516_1780068917095-977611298-736548.png
happydays:f8153d1ee4a0e19d,1,https://imgix.dispenseapp.com/145c714690909516_1779992659240-132834971-83465.jpg
happydays:8b94f6b775d989ee,1,https://imgix.dispenseapp.com/145c714690909516_1779900977517-475959342-1354.jpg
happydays:9bc05fe86a886808,1,https://imgix.dispenseapp.com/145c714690909516_1779898630163-408969348-Screenshot_2026-05-27_121700.png
happydays:a1d9dee0792df79b,1,https://imgix.dispenseapp.com/145c714690909516_1779898843420-513987487-Screenshot_2026-05-27_122036.png
happydays:c6817a89d6cb7f4e,1,https://imgix.dispenseapp.com/145c714690909516_1779898005041-525999008-Screenshot_2026-05-27_120632.png
happydays:81927755ba2f752d,1,https://imgix.dispenseapp.com/145c714690909516_1779823436634-534506708-435345345.avif
happydays:97ee7386d90d0b82,1,https://imgix.dispenseapp.com/145c714690909516_1779810198603-817855106-13546485.jpg
happydays:8640a28a3c3bd550,1,https://imgix.dispenseapp.com/145c714690909516_1779810044716-301746872-8979.jpg
happydays:e3528e3c0642ac07,1,https://imgix.dispenseapp.com/145c714690909516_1779808364482-985632738-1435354.png
happydays:25e96cb89b3e6018,1,https://imgix.dispenseapp.com/145c714690909516_1779407520451-335027302-215.jpeg
happydays:bf93e30217193140,1,https://imgix.dispenseapp.com/145c714690909516_1779462169930-908686555-4568458.png
happydays:e1af602960024329,1,https://imgix.dispenseapp.com/145c714690909516_1779404297253-541531061-448.avif
happydays:ab25a5f8c7d29f66,1,https://imgix.dispenseapp.com/145c714690909516_1779403915394-773567621-1566.avif
happydays:1c757b16e1b1a56c,1,https://imgix.dispenseapp.com/145c714690909516_1782132221065-788235447-3134.png
happydays:5b48a28821dd3943,1,https://imgix.dispenseapp.com/145c714690909516_1779385802170-515828790-Screenshot_2026-05-21_134932.png
happydays:3cdce39659e5f1f1,1,https://imgix.dispenseapp.com/145c714690909516_1779302861873-152151125-MFNY_BagelHole_S5_Chemdog_Rosin_Digital.jpg
happydays:40edc031b8fff835,1,https://imgix.dispenseapp.com/145c714690909516_1779306197525-330507801-89846.webp
happydays:94912d89791dc8f2,1,https://imgix.dispenseapp.com/145c714690909516_1779305667205-485262287-9998.webp
happydays:adb89be0f4e91cae,1,https://imgix.dispenseapp.com/145c714690909516_1779305596313-454472998-8888.webp
happydays:cd4bdbdb4b2d29e5,1,https://imgix.dispenseapp.com/145c714690909516_1779217877018-974242272-345345345.png
happydays:0153276faae0ab42,1,https://imgix.dispenseapp.com/145c714690909516_1788289692458-695564445-Jet_Fuel-_14G_Flower-_uX.png
happydays:7ada84bf1a767248,1,https://imgix.dispenseapp.com/145c714690909516_1779134534912-254410914-00113.avif
happydays:3abec9df6f441c9c,1,https://imgix.dispenseapp.com/145c714690909516_1779135109133-839308372-444587.jpg
happydays:e7bcd9a913ba044f,1,https://imgix.dispenseapp.com/145c714690909516_1779219773238-142636366-Screenshot_2026-05-19_153810.png
happydays:5b31c338c8f34ba6,1,https://imgix.dispenseapp.com/145c714690909516_1779219053640-636968920-Gastopia2.jpg
happydays:48a10c4dc7110434,1,https://imgix.dispenseapp.com/145c714690909516_1779219266742-842936160-Mule_Fuel.png
happydays:129cc2c056e26d1c,1,https://imgix.dispenseapp.com/145c714690909516_1779119753452-102553557-Screenshot_2026-05-18_115538.png
happydays:08f2eb0d8eef179b,1,https://imgix.dispenseapp.com/145c714690909516_1779218904656-230018255-Biscotto_glaze.jpeg
happydays:bb8f8e475e62d06a,1,https://imgix.dispenseapp.com/145c714690909516_1779116719590-915957263-154446.png
happydays:1930ad060e4ee53b,1,https://imgix.dispenseapp.com/145c714690909516_1779370360316-362882731-est._stay_happpy_green_(13).png
happydays:31e2525cdbab145a,1,https://imgix.dispenseapp.com/145c714690909516_1779370340080-110369863-est._stay_happpy_green_(13).png
happydays:4d5c0e6b0b836875,1,https://imgix.dispenseapp.com/145c714690909516_1779370315017-444654222-est._stay_happpy_green_(13).png
happydays:f725a18eac92b348,1,https://imgix.dispenseapp.com/145c714690909516_1784754228334-695009155-Crop_Top_-_Grey_Pink_Lettering.png
happydays:3f298106ac7c6392,1,https://imgix.dispenseapp.com/145c714690909516_1778790177351-874973538-12351.png
happydays:7d63754f8bda315c,1,https://imgix.dispenseapp.com/145c714690909516_1778768685164-835391768-1649.jfif
happydays:6daf58ab33b9e060,1,https://imgix.dispenseapp.com/145c714690909516_1778768594138-445283367-155548.jfif
happydays:9d45fff2f8d09751,1,https://imgix.dispenseapp.com/145c714690909516_1778692543246-550616908-8878.webp
happydays:f03fa07356eef280,1,https://imgix.dispenseapp.com/145c714690909516_1778693060533-855332180-9946.webp
happydays:d238f8da55d8dda7,1,https://imgix.dispenseapp.com/145c714690909516_1778505578926-512246324-444569.png
happydays:aa03542b748af87e,1,https://imgix.dispenseapp.com/145c714690909516_1778672566285-460511447-114445.png
happydays:9f393fab6ef2ce87,1,https://imgix.dispenseapp.com/145c714690909516_1778672721276-315168812-77887.png
happydays:f3689dc3967128af,1,https://imgix.dispenseapp.com/145c714690909516_1778672819751-687820195-1144.png
happydays:f09e834bb2b0b470,1,https://imgix.dispenseapp.com/145c714690909516_1779890712267-257336575-34435234.avif
happydays:74a6eb66ead6885f,1,https://imgix.dispenseapp.com/145c714690909516_1778680461622-927335301-314.png
happydays:1df0b138d375bbf9,1,https://imgix.dispenseapp.com/145c714690909516_1778596906613-272955738-11225.avif
happydays:f2f0bb6771d47497,1,https://imgix.dispenseapp.com/145c714690909516_1779201340005-919424689-35345345.avif
happydays:2d58b6260d9e97b0,1,https://imgix.dispenseapp.com/145c714690909516_1779201306866-806854616-45345345.jpg
happydays:f88456178b6145d3,1,https://imgix.dispenseapp.com/145c714690909516_1785503428425-536198728-atomicapple.JPG
happydays:b355f2cbc00e1524,1,https://imgix.dispenseapp.com/145c714690909516_1778521698647-670479866-11557.png
happydays:adaf8876cf49d639,1,https://imgix.dispenseapp.com/145c714690909516_1778266160911-443177600-Photoroom_20260508_143447.jpeg
happydays:e23f83e473c24984,1,https://imgix.dispenseapp.com/145c714690909516_1778271924589-243825880-IMG_1386-Heavyweight.png
happydays:ab4ad818ea5f6639,1,https://imgix.dispenseapp.com/145c714690909516_1785510935885-168733001-BLUEBERRY_KUSH_MINTS_-_BSRPRBBKM00008.jpg
happydays:d9698d95b6219809,1,https://imgix.dispenseapp.com/145c714690909516_1778272309635-679005299-IMG_1386-Heavyweight.png
happydays:719b4d05e288a255,1,https://imgix.dispenseapp.com/145c714690909516_1778272266325-816787555-IMG_1386-Heavyweight.png
happydays:5bb304a007ddf1fa,1,https://imgix.dispenseapp.com/145c714690909516_1777845255757-974869409-452.jpg
happydays:2e07c4acc71f64ac,1,https://imgix.dispenseapp.com/145c714690909516_1778272297468-5804314-IMG_1386-Heavyweight.png
happydays:1bff747338246150,1,https://imgix.dispenseapp.com/145c714690909516_1778263357050-882017126-Photoroom_20260508_123301.jpeg
happydays:ce0a890a9816f0fd,1,https://imgix.dispenseapp.com/145c714690909516_1778263327016-273850859-Photoroom_20260508_123345.jpeg
happydays:293ef655a02ca7ec,1,https://imgix.dispenseapp.com/145c714690909516_1778264014098-329211000-Photoroom_20260508_123449.jpeg
happydays:00153b9d6b952fca,1,https://imgix.dispenseapp.com/145c714690909516_1778264060513-533431990-Photoroom_20260508_123449.jpeg
happydays:d250e8f51f8cf2fe,1,https://imgix.dispenseapp.com/145c714690909516_1778244694203-661587487-7894.png
happydays:9fd64fc82c10bd1c,1,https://imgix.dispenseapp.com/145c714690909516_1778502002969-881769633-12225.jpg
happydays:1165883a798d3702,1,https://imgix.dispenseapp.com/145c714690909516_1778261127071-31375632-HIGHAF_Blue-Raz-Bag-and-gummies_01w.png
happydays:4fd76abd7c96c7f7,1,https://imgix.dispenseapp.com/145c714690909516_1778261034741-291039839-High-AF_-Blood-Orange-Bag-and-gummies_01w.png
happydays:a68837cb3251ddd1,1,https://imgix.dispenseapp.com/145c714690909516_1778261161484-908177840-HIGHAF_FRUIT-PUNCH-Bag-and-gummies_01w.png
happydays:446ddc8f09583ff0,1,https://imgix.dispenseapp.com/145c714690909516_1778261231672-298946068-High-AF_Strawberry-Bag-and-gumy_01w.png
happydays:4017c5eeeef5397c,1,https://imgix.dispenseapp.com/145c714690909516_1782246706547-352781739-HP_Margarita_FINAL_01.png
happydays:a86fb98d4ac3c6ee,1,https://imgix.dispenseapp.com/145c714690909516_1778163017143-420671196-LOUD_1g_Ion_Tank_-_Acapulco_Gold_(NY).png
happydays:faa1000c79f17043,1,https://imgix.dispenseapp.com/145c714690909516_1778075360483-37421991-456456456.png
happydays:59505de12b8f4923,1,https://imgix.dispenseapp.com/145c714690909516_1778288266962-798422173-Permanent_marker_(1).jpeg
happydays:13be6565367d8fd0,1,https://imgix.dispenseapp.com/145c714690909516_1778502501332-720331367-112236.jpeg
happydays:f5b939d099995f91,1,https://imgix.dispenseapp.com/145c714690909516_1778502689503-8719119-12456.jpeg
happydays:63b0b04c9a52fc6e,1,https://imgix.dispenseapp.com/145c714690909516_1778005216459-826458454-77889.jpg
happydays:d4fc24b2ad7fcfb2,1,https://imgix.dispenseapp.com/145c714690909516_1778288170622-595161159-Jokerz31.jpeg
happydays:3afe438e681d4a30,1,https://imgix.dispenseapp.com/145c714690909516_1777902248347-540541163-4325423526.avif
happydays:f41935e64f88e3c9,1,https://imgix.dispenseapp.com/145c714690909516_1777667975830-933896534-1g_PRELOAD_PREMIUM_Hybrid.png
happydays:4388747d0a6b39e7,1,https://imgix.dispenseapp.com/145c714690909516_1777652249815-713173215-546736756754.jpg
happydays:23135eaf491d3966,1,https://imgix.dispenseapp.com/145c714690909516_1777652261108-588792267-546736756754.jpg
happydays:4d2c2adebf5a4129,1,https://imgix.dispenseapp.com/145c714690909516_1777489140636-814953609-563456345634.jpg
happydays:9b66a9c57427d865,1,https://imgix.dispenseapp.com/145c714690909516_1777463813122-74853244-557.png
happydays:af073e845a8200e7,1,https://imgix.dispenseapp.com/145c714690909516_1777463278222-476910596-557.png
happydays:545b037d1a064b5e,1,https://imgix.dispenseapp.com/145c714690909516_1777463428933-709810735-557.png
happydays:9a64f7479b67defb,1,https://imgix.dispenseapp.com/145c714690909516_1777406510905-148222885-3452345243.avif
happydays:928a388098a6190a,1,https://imgix.dispenseapp.com/145c714690909516_1777388397629-785352325-4352345.jpg
happydays:3f0cec5f9e41b95a,1,https://imgix.dispenseapp.com/145c714690909516_1777377559819-380554567-45587.jpeg
happydays:790321e233e50793,1,https://imgix.dispenseapp.com/145c714690909516_1777391287358-294216031-Fortune_Cookie_-_7g_Flower.jpg
happydays:787e4e02ee47ac28,1,https://imgix.dispenseapp.com/145c714690909516_1777394914641-569203773-15448.jpg
happydays:7db4a4d335fa700b,1,https://imgix.dispenseapp.com/145c714690909516_1777391316814-935471426-Fortune_Cookie_-_3.5g_Flower.jpg
happydays:95ec55a54161d5ef,1,https://imgix.dispenseapp.com/145c714690909516_1778854808634-306377804-GMO_-_3.5g_Flower.jpg
happydays:6c8889b6217b48db,1,https://imgix.dispenseapp.com/145c714690909516_1777317471976-598770089-Nic_The_Bruiser_-_14g_Ground_Flower.jpg
happydays:f142bc3227987cc8,1,https://imgix.dispenseapp.com/145c714690909516_1777317418071-741298069-Lemon_Venom_-_14g_Ground_Flower.jpg
happydays:07fce129e607af6d,1,https://imgix.dispenseapp.com/145c714690909516_1777317344863-16833459-Chronic_Tonic_-_14g_Ground_Flower.jpg
happydays:3d098076fc0d6d53,1,https://imgix.dispenseapp.com/145c714690909516_1777317372691-736009035-Hella_Jelly_-_14g_Ground_Flower.jpg
happydays:f9b0ebaf0b0c148d,1,https://imgix.dispenseapp.com/145c714690909516_1777317394192-563706131-Kush_Cake_-_14g_Ground_Flower.jpg
happydays:4dbc8fc116c9ecc4,1,https://imgix.dispenseapp.com/145c714690909516_1777317493434-429911226-Super_Boof_-_14g_Ground_Flower.jpg
happydays:f6a0ee63e102c1f6,1,https://imgix.dispenseapp.com/145c714690909516_1777549993446-830998204-9978.png
happydays:96d98b243f4067f6,1,https://imgix.dispenseapp.com/145c714690909516_1777904756354-613278272-2342342.jpg
happydays:ab406cded3b53c95,1,https://imgix.dispenseapp.com/145c714690909516_1777049746035-566762277-Calamity_Jane__High_Noon.png
happydays:420d884e2eb7eb95,1,https://imgix.dispenseapp.com/145c714690909516_1777052972377-844028072-143524313451.webp
happydays:f8fca28efca0cfaa,1,https://imgix.dispenseapp.com/145c714690909516_1784754050429-806687288-Basic_Bowl_14mm.png
happydays:e2a2dd849913fe03,1,https://imgix.dispenseapp.com/145c714690909516_1776963317012-471930127-Photoroom_20260423_105957.jpeg
happydays:99e162243c314e53,1,https://imgix.dispenseapp.com/145c714690909516_1776963354881-133581574-Photoroom_20260423_125130.jpeg
happydays:bc1e9d711be17650,1,https://imgix.dispenseapp.com/145c714690909516_1777577165083-319086179-NY03853.avif
happydays:54a2ccc6f9e4af6f,1,https://imgix.dispenseapp.com/145c714690909516_1776259057626-524343027-0415202633333.png
happydays:562b7310e92b992a,1,https://imgix.dispenseapp.com/145c714690909516_1776802257727-538768112-CART_1G_SATIVA_-_WHITE_THUMBNAIL.png
happydays:5c0b11af0fed7a74,1,https://imgix.dispenseapp.com/145c714690909516_1776801286296-772166364-CART_1G_INDICA_-_GREEN_THUMBNAIL_(2).png
happydays:536fe2526b12f95a,1,https://imgix.dispenseapp.com/145c714690909516_1776802220861-358843092-AIO_1G_SATIVA_-_WHITE_THUMBNAIL.png
happydays:1ba464ef6bb4a3e0,1,https://imgix.dispenseapp.com/145c714690909516_1776802149184-261407482-AIO_1G_SATIVA_-_WHITE_THUMBNAIL.png
happydays:3ab633fc87d537b3,1,https://imgix.dispenseapp.com/145c714690909516_1776801722507-722791044-AIO_1G_HYBRID_-_WHITE_THUMBNAIL.png
happydays:30e5183037174475,1,https://imgix.dispenseapp.com/145c714690909516_1776785768930-573887598-1359.webp
happydays:68d8755211aeffb0,1,https://imgix.dispenseapp.com/145c714690909516_1776790701021-607629469-Screenshot_2026-04-21_125814.png
happydays:4ae90b31fc72a85c,1,https://imgix.dispenseapp.com/145c714690909516_1776773857236-842843468-456456456.jpg
happydays:d227b155be1fbd41,1,https://imgix.dispenseapp.com/145c714690909516_1776799850723-939713296-Macaroon_-_7g_Flower.jpg
happydays:0776063403619029,1,https://imgix.dispenseapp.com/145c714690909516_1776717474378-938449454-1354649.jpeg
happydays:a2a8d0f656c17818,1,https://imgix.dispenseapp.com/145c714690909516_1778263559522-223219361-Photoroom_20260508_123200.jpeg
happydays:2ceef0cdbaab8917,1,https://imgix.dispenseapp.com/145c714690909516_1776817036972-946846630-977.png
happydays:dfb1ee5b7f24d7e8,1,https://imgix.dispenseapp.com/145c714690909516_1776534763940-996461291-3423423423423424324.png
happydays:264e9beb95a7c2e6,1,https://imgix.dispenseapp.com/145c714690909516_1776352457085-193310647-342234234234.jpeg
happydays:2c74998403d60d14,1,https://imgix.dispenseapp.com/145c714690909516_1776438294054-629525950-56151651.avif
happydays:3349ac8622361849,1,https://imgix.dispenseapp.com/145c714690909516_1774041193859-676288774-987654.webp
happydays:64376795ba17076a,1,https://imgix.dispenseapp.com/145c714690909516_1776347689029-704015924-Screenshot_2026-04-16_094908.png
happydays:bb9a14695c491513,1,https://imgix.dispenseapp.com/145c714690909516_1776347633749-350719595-Screenshot_2026-04-16_094908.png
happydays:af173695fcbde756,1,https://imgix.dispenseapp.com/145c714690909516_1776347602167-871727260-Screenshot_2026-04-16_094908.png
happydays:ae69915eb9dc162c,1,https://imgix.dispenseapp.com/145c714690909516_1776476965435-238990888-7145.jpg
happydays:96c366fa8066b205,1,https://imgix.dispenseapp.com/145c714690909516_1776358646884-3294129-White_Diamonds_Hash.png
happydays:001b5e132c970022,1,https://imgix.dispenseapp.com/145c714690909516_1776353005590-28619789-32132151435.jpg
happydays:b541397e7dedeb23,1,https://imgix.dispenseapp.com/145c714690909516_1776256973387-540450357-415202624.png
happydays:64a280ed40c99bd8,1,https://imgix.dispenseapp.com/145c714690909516_1776172104595-676637585-222241.png
happydays:f7ae46a6220f8f51,1,https://imgix.dispenseapp.com/145c714690909516_1776174081213-499482523-4443.png
happydays:7e9aa396a8ad915e,1,https://imgix.dispenseapp.com/145c714690909516_1776453903132-10382520-465.JPG
happydays:6bf8abe7d7ca243b,1,https://imgix.dispenseapp.com/145c714690909516_1776453914963-685337510-1132.JPG
happydays:70b60fb0aaa02d72,1,https://imgix.dispenseapp.com/145c714690909516_1776112062504-47529594-Macaroon_-_3.5g_Flower.jpg
happydays:6b6562953cfeff73,1,https://imgix.dispenseapp.com/145c714690909516_1776111997573-158556055-Gorilla_Zkittlez_-_7g_Flower.jpg
happydays:c36cf3487dfde958,1,https://imgix.dispenseapp.com/145c714690909516_1776112034575-813976106-Gorilla_Zkittlez_-_28g_Flower.jpg
happydays:9446a11418eb0085,1,https://imgix.dispenseapp.com/145c714690909516_1775950376052-307045149-454.png
happydays:9f1cbf4f836178ce,1,https://imgix.dispenseapp.com/145c714690909516_1776167394887-228477682-7411.png
happydays:c583e0c2d35e56a7,1,https://imgix.dispenseapp.com/145c714690909516_1776173163385-854369634-1g_RELOAD_Indica.png
happydays:51e689f3c13f1c5f,1,https://imgix.dispenseapp.com/145c714690909516_1780509099952-754519490-251156.avif
happydays:7cb766bd1206d4d5,1,https://imgix.dispenseapp.com/145c714690909516_1787099952448-201250566-LemonCherryWafflezFX.png
happydays:983777574a4f37d5,1,https://imgix.dispenseapp.com/145c714690909516_1787099876026-119880471-GasMaskFX.png
happydays:372e087d2f0d3587,1,https://imgix.dispenseapp.com/145c714690909516_1787100236349-89783619-DevilAdeFX.png
happydays:84153e865f84eb1c,1,https://imgix.dispenseapp.com/145c714690909516_1775585518046-191575075-145548.png
happydays:a61856f599e1c496,1,https://imgix.dispenseapp.com/145c714690909516_1775834787666-833585562-Photoroom_20260410_111940.jpeg
happydays:261ef1ace699dff7,1,https://imgix.dispenseapp.com/145c714690909516_1775585284513-57821047-13455.png
happydays:4acbdbc2f8879d5a,1,https://imgix.dispenseapp.com/145c714690909516_1775583252644-291602813-135468.png
happydays:ddfbafec43bad8ac,1,https://imgix.dispenseapp.com/145c714690909516_1775584193821-787456618-132396.png
happydays:ee412d7f15de6ee5,1,https://imgix.dispenseapp.com/145c714690909516_1775583685329-694398350-88.png
happydays:346ff44634c75408,1,https://imgix.dispenseapp.com/145c714690909516_1775583922791-505415879-1323.png
happydays:6900b5471a54d647,1,https://imgix.dispenseapp.com/145c714690909516_1775753561845-718543105-1356.png
happydays:fac6993c235ba997,1,https://imgix.dispenseapp.com/145c714690909516_1775322758189-5937137-35135.jpg
happydays:97cb8b3bd99c1515,1,https://imgix.dispenseapp.com/145c714690909516_1775692693429-256207470-145.png
happydays:8eb298283ccaadda,1,https://imgix.dispenseapp.com/145c714690909516_1775692085416-377726352-9999.png
happydays:dc1dddc1298cff33,1,https://imgix.dispenseapp.com/145c714690909516_1775693660424-79204062-223.png
happydays:a43c963af4a8ec57,1,https://imgix.dispenseapp.com/145c714690909516_1775508188827-562085605-2134.jpeg
happydays:3497a34effbdbeef,1,https://imgix.dispenseapp.com/145c714690909516_1775478251937-148429179-135464.png
happydays:79a62a6a59752ccb,1,https://imgix.dispenseapp.com/145c714690909516_1775692335163-552031306-176.jpg
happydays:cd826faef7adb953,1,https://imgix.dispenseapp.com/145c714690909516_1778182346242-449295997-raw-classic-artesano-1-14-with-tray-paper-and-tips.png
happydays:d197e36fe40a9730,1,https://imgix.dispenseapp.com/145c714690909516_1775131015003-532759641-0112.jpg
happydays:d534719ce7fd2266,1,https://imgix.dispenseapp.com/145c714690909516_1775231009040-121451402-HOS3468.jpeg
happydays:7e24acbffbeb41aa,1,https://imgix.dispenseapp.com/145c714690909516_1775161963054-55024550-43654456.png
happydays:7e24acbffbeb41aa,2,https://imgix.dispenseapp.com/145c714690909516_1775161967441-643450629-56246243634.jpeg
happydays:94a742825cf922d8,1,https://imgix.dispenseapp.com/145c714690909516_1784750008834-513792096-8.png
happydays:d6cf95e9c686635c,1,https://imgix.dispenseapp.com/145c714690909516_1784750014677-556106254-8.png
happydays:2b6614655a1d13d2,1,https://imgix.dispenseapp.com/145c714690909516_1784750020820-709408331-8.png
happydays:e869fb467b62233c,1,https://imgix.dispenseapp.com/145c714690909516_1784749990863-526668613-8.png
happydays:8c0225e0d7095e76,1,https://imgix.dispenseapp.com/145c714690909516_1784750025945-29646802-8.png
happydays:65f05dc59a94a7dc,1,https://imgix.dispenseapp.com/145c714690909516_1784750071054-551036788-1.png
happydays:905f05c33848aea7,1,https://imgix.dispenseapp.com/145c714690909516_1784750065055-354769699-1.png
happydays:e2277fb3f06b3a37,1,https://imgix.dispenseapp.com/145c714690909516_1784750076139-854966345-1.png
happydays:9ca02c2708827bad,1,https://imgix.dispenseapp.com/145c714690909516_1784750057007-993764217-1.png
happydays:17966eb551f35bd9,1,https://dispense-images.imgix.net/default-accessories.png
happydays:0304d1777508c4a9,1,https://imgix.dispenseapp.com/145c714690909516_1775507458381-413066456-AYR-PreRoll-ATF-Circle.jpg
happydays:4c4d9ae783ded6d2,1,https://imgix.dispenseapp.com/145c714690909516_1775061456612-55073934-21354.png
happydays:4c4d9ae783ded6d2,2,https://imgix.dispenseapp.com/145c714690909516_1783627391298-518322856-658568856.jpg
happydays:b3ee1d796ce23632,1,https://imgix.dispenseapp.com/145c714690909516_1775061143627-294283109-1555.png
happydays:b3ee1d796ce23632,2,https://imgix.dispenseapp.com/145c714690909516_1783627486156-792123648-658568856.jpg
happydays:3cbcfa77e5d83bf7,1,https://imgix.dispenseapp.com/145c714690909516_1774983427077-212783712-12556.jpeg
happydays:04e2f4d1511e14b9,1,https://imgix.dispenseapp.com/145c714690909516_1776470053356-138287596-45165165.webp
happydays:04e2f4d1511e14b9,2,https://imgix.dispenseapp.com/145c714690909516_1776470115366-435928950-5615151.webp
happydays:04e2f4d1511e14b9,3,https://imgix.dispenseapp.com/145c714690909516_1776470153665-241238346-561515.webp
happydays:18e2d2c54f107df3,1,https://imgix.dispenseapp.com/145c714690909516_1776469980199-649811219-651651.webp
happydays:18e2d2c54f107df3,2,https://imgix.dispenseapp.com/145c714690909516_1776469983139-87274784-48948484.webp
happydays:18e2d2c54f107df3,3,https://imgix.dispenseapp.com/145c714690909516_1776470002073-745420889-84654654.webp
happydays:3122142c6656e4f2,1,https://imgix.dispenseapp.com/145c714690909516_1776469750756-312556547-561651561.webp
happydays:3122142c6656e4f2,2,https://imgix.dispenseapp.com/145c714690909516_1776469753715-200828357-654165465.webp
happydays:3122142c6656e4f2,3,https://imgix.dispenseapp.com/145c714690909516_1776469745886-527377489-65165165.webp
happydays:738eef63f988bb3f,1,https://imgix.dispenseapp.com/145c714690909516_1784561149385-646876785-3234234.webp
happydays:312a74790c59e8ad,1,https://imgix.dispenseapp.com/145c714690909516_1775233960175-790043632-997.png
happydays:312a74790c59e8ad,2,https://imgix.dispenseapp.com/145c714690909516_1775303706329-209335082-123.png
happydays:312a74790c59e8ad,3,https://imgix.dispenseapp.com/145c714690909516_1775303706336-900663636-1111111.png
happydays:0eeab9a283d8f25b,1,https://imgix.dispenseapp.com/145c714690909516_1775232726240-240066047-7779.png
happydays:0eeab9a283d8f25b,2,https://imgix.dispenseapp.com/145c714690909516_1775233640997-428182749-1111111.png
happydays:0eeab9a283d8f25b,3,https://imgix.dispenseapp.com/145c714690909516_1775232644791-60664111-1153.png
happydays:881f51fb22507532,1,https://imgix.dispenseapp.com/145c714690909516_1775233806834-462307732-333333.png
happydays:881f51fb22507532,2,https://imgix.dispenseapp.com/145c714690909516_1775233903824-811605807-4568.png
happydays:881f51fb22507532,3,https://imgix.dispenseapp.com/145c714690909516_1775233903843-955548444-1111111.png
happydays:2fc8118accfa607d,1,https://imgix.dispenseapp.com/145c714690909516_1774885901166-496901873-1564.avif
happydays:0676405504d4c458,1,https://imgix.dispenseapp.com/145c714690909516_1781898000688-698799254-99292923.png
happydays:0676405504d4c458,2,https://imgix.dispenseapp.com/145c714690909516_1781898000691-735024471-56745.png
happydays:0676405504d4c458,3,https://imgix.dispenseapp.com/145c714690909516_1781898000697-193281203-9879.png
happydays:7a64d8833d27845d,1,https://imgix.dispenseapp.com/145c714690909516_1774747155015-241511630-333.png
happydays:7a64d8833d27845d,2,https://imgix.dispenseapp.com/145c714690909516_1774747130019-541337952-222.png
happydays:7a64d8833d27845d,3,https://imgix.dispenseapp.com/145c714690909516_1781889136936-312419945-9879.png
happydays:b2669e5d437cf753,1,https://imgix.dispenseapp.com/145c714690909516_1774642748277-999081054-1313.png
happydays:ae19b6a410643098,1,https://imgix.dispenseapp.com/145c714690909516_1774642710363-137140305-548.png
happydays:f6da42ed63293e03,1,https://imgix.dispenseapp.com/145c714690909516_1774642649437-397235021-752.png
happydays:40259bc6efd4e1df,1,https://imgix.dispenseapp.com/145c714690909516_1774621890229-493661673-Live_Resin_Vape_Device_Render_Transparent_(1).png
happydays:3f29ec51de844a16,1,https://imgix.dispenseapp.com/145c714690909516_1774561463956-265856212-1469.png
happydays:dbd3fb36fa7f6d1c,1,https://imgix.dispenseapp.com/145c714690909516_1774561492203-537115683-32156.png
happydays:c189f87355b0d47a,1,https://imgix.dispenseapp.com/145c714690909516_1774562524632-617299518-1455.png
happydays:b97f5f9c0e3c1561,1,https://imgix.dispenseapp.com/145c714690909516_1774900042697-519415285-i145.png
happydays:11d9c1bb23a76fe0,1,https://imgix.dispenseapp.com/145c714690909516_1775155221838-203910669-BP938476
happydays:0f6b70bd19fe33e7,1,https://imgix.dispenseapp.com/145c714690909516_1782246361116-837838045-Strawberry_Shortcake_ROSIN.png
happydays:a7e72764a4a2ae77,1,https://imgix.dispenseapp.com/145c714690909516_1782246324301-185308306-WarheadZ.png
happydays:5433f6e0ebfeef91,1,https://imgix.dispenseapp.com/145c714690909516_1783021905829-294034772-Preroll-_Platinum_Kush_Breath-_Hybrid-_uX.png
happydays:3a24237e99e76a12,1,https://imgix.dispenseapp.com/145c714690909516_1777475189789-433259449-4.png
happydays:57f9a47847875ed6,1,https://imgix.dispenseapp.com/145c714690909516_1777475103295-925981299-3.png
happydays:8607969964f15697,1,https://imgix.dispenseapp.com/145c714690909516_1777475177419-741176345-4.png
happydays:e32027fcacb9de47,1,https://imgix.dispenseapp.com/145c714690909516_1777475183024-352850100-4.png
happydays:12218e568037f462,1,https://imgix.dispenseapp.com/145c714690909516_1779371343979-443436835-Burnout_Fleece_Shorts_-_Cherry.png
happydays:8f61391879f4bbe2,1,https://imgix.dispenseapp.com/145c714690909516_1779371334665-166936044-Burnout_Fleece_Shorts_-_Cherry.png
happydays:c6052f3edef65b51,1,https://imgix.dispenseapp.com/145c714690909516_1779371398403-981882637-Burnout_Fleece_Shorts_-_Cherry.png
happydays:11d2fd403cfd039f,1,https://imgix.dispenseapp.com/145c714690909516_1777475094199-940870195-3.png
happydays:0a4ec9b5aa84cdad,1,https://imgix.dispenseapp.com/145c714690909516_1779370951926-56563400-Burnout_Fleece_Shorts_-_Capri_Blue.png
happydays:951ea9619b5cdc6d,1,https://imgix.dispenseapp.com/145c714690909516_1779371000899-532600553-est._stay_happpy_green_(11).png
happydays:b62feb181a9f85e8,1,https://imgix.dispenseapp.com/145c714690909516_1779371014043-610335725-est._stay_happpy_green_(11).png
happydays:30ed88756f80cb7e,1,https://imgix.dispenseapp.com/145c714690909516_1779371243900-723761781-est._stay_happpy_green_(12).png
happydays:3111ad34190a625b,1,https://imgix.dispenseapp.com/145c714690909516_1779370990042-12026282-est._stay_happpy_green_(11).png
happydays:6500e519cc27143a,1,https://imgix.dispenseapp.com/145c714690909516_1779371238437-16617054-est._stay_happpy_green_(12).png
happydays:b1f31e8ac1dc23fe,1,https://imgix.dispenseapp.com/145c714690909516_1777475329544-653244045-6.png
happydays:1eba17d6f2dabcb5,1,https://imgix.dispenseapp.com/145c714690909516_1779371869225-442542339-6.png
happydays:6d866d69dcc8d3ca,1,https://imgix.dispenseapp.com/145c714690909516_1777475257612-705090700-7.png
happydays:8fe99c2d302733b6,1,https://imgix.dispenseapp.com/145c714690909516_1779371875884-264834760-6.png
happydays:6eece27a097e2f6f,1,https://imgix.dispenseapp.com/145c714690909516_1777475303335-949900692-5.png
happydays:bcbd852f17ba605a,1,https://imgix.dispenseapp.com/145c714690909516_1777475251208-347068337-7.png
happydays:7b4fcc53b0d09f35,1,https://imgix.dispenseapp.com/145c714690909516_1777475321373-790142053-6.png
happydays:83dceb38a8c48d0d,1,https://imgix.dispenseapp.com/145c714690909516_1774352693839-737225891-444588.jpg
happydays:5b2a08bff27639ff,1,https://imgix.dispenseapp.com/145c714690909516_1774287733236-390539752-15489.png
happydays:7de127519ecfdaae,1,https://imgix.dispenseapp.com/145c714690909516_1774381733751-870383500-bw723634.png
happydays:7fb567bb4da37057,1,https://imgix.dispenseapp.com/145c714690909516_1774381864858-883005145-ps2654.jpg
happydays:a6a5031c059fa86a,1,https://imgix.dispenseapp.com/145c714690909516_1785503585855-874253105-cosmiccereal.JPG
happydays:04e2e9be53bcf732,1,https://imgix.dispenseapp.com/145c714690909516_1775225077467-573516139-GDP_x_King_Louis!.png
happydays:c1b854adc66467ff,1,https://imgix.dispenseapp.com/145c714690909516_1769111809959-525950-454524242424242424.png
happydays:5ca31f4a8237b665,1,https://imgix.dispenseapp.com/145c714690909516_1774041073572-621030417-B987654.webp
happydays:612d59ee54a39ad1,1,https://imgix.dispenseapp.com/145c714690909516_1775155030085-422504009-HH394863.avif
happydays:c0ac32bf784fe32a,1,https://imgix.dispenseapp.com/145c714690909516_1775693795217-289939990-2225.jpg
happydays:de1fd8d750bf0217,1,https://imgix.dispenseapp.com/145c714690909516_1773948543083-367761569-4973.png
happydays:b9a852a42ecb6363,1,https://imgix.dispenseapp.com/145c714690909516_1773948817402-302776688-755.png
happydays:673c122837e2f155,1,https://imgix.dispenseapp.com/145c714690909516_1773949117896-321644408-999.png
happydays:9c29448adcec9493,1,https://imgix.dispenseapp.com/145c714690909516_1766596570704-106778582-Screenshot_2025-12-24_121601.png
happydays:a4d87fa7129ee710,1,https://imgix.dispenseapp.com/145c714690909516_1775227277985-639737594-BD697835.webp
happydays:441e6dcf1491e4d0,1,https://imgix.dispenseapp.com/145c714690909516_1775226890496-393133381-T38469.jpeg
happydays:01f5aa5e730e6808,1,https://imgix.dispenseapp.com/145c714690909516_1774290111491-951093816-Photoroom_20260320_223020.JPG
happydays:dc6674b2d75209a2,1,https://imgix.dispenseapp.com/145c714690909516_1773949807769-523431432-1234567895.jpg
happydays:8df55a8adb4fd823,1,https://imgix.dispenseapp.com/145c714690909516_1774017233101-76743415-307566.jpg
happydays:6bc9c60c60f2e430,1,https://imgix.dispenseapp.com/145c714690909516_1787700525103-419118864-BANANACONDAVALUE.webp
happydays:8dec18be380f8d5c,1,https://imgix.dispenseapp.com/145c714690909516_1773775811494-262685215-7891.avif
happydays:355247825db6ae3d,1,https://imgix.dispenseapp.com/145c714690909516_1773438956312-548247829-135.jpeg
happydays:ae03b3128543c48a,1,https://imgix.dispenseapp.com/145c714690909516_1773438880083-441727917-1354.jpeg
happydays:dbbf5acea5b13f38,1,https://imgix.dispenseapp.com/145c714690909516_1773430342081-492530152-original-867714DC-42F8-43B7-A882-F6C27473CCD3.jpeg
happydays:3966e29543e2c668,1,https://d1qjybsjlbmhj3.cloudfront.net/1773349153562-571788602-Jaunty%20%E2%80%93%20Rainbow%20Belts.jpg
happydays:fc77797419a1c325,1,https://imgix.dispenseapp.com/145c714690909516_1773082139093-877011979-2585.png
happydays:1c1b9ed159e0742b,1,https://imgix.dispenseapp.com/145c714690909516_1773082992998-849627659-489.jpg
happydays:1c0900921eae15e1,1,https://imgix.dispenseapp.com/145c714690909516_1773349889221-414941317-Gelato33-LiveResin-Vape.png
happydays:1a9991dc9444ae40,1,https://imgix.dispenseapp.com/145c714690909516_1773358747662-51372238-565.png
happydays:132b8ff7ec7fc310,1,https://imgix.dispenseapp.com/145c714690909516_1773147298037-171074205-2125.png
happydays:42c4926d86e9ff47,1,https://imgix.dispenseapp.com/145c714690909516_1773147322185-199804190-21258.png
happydays:2487279ddce231a6,1,https://imgix.dispenseapp.com/145c714690909516_1773403407706-624706811-55.png
happydays:b3d71ab6fa8fa5ad,1,https://imgix.dispenseapp.com/145c714690909516_1773403224723-597061868-95.png
happydays:2f7c6e90fac6946c,1,https://imgix.dispenseapp.com/145c714690909516_1773403007978-699990971-46.jpg
happydays:606575dc1cc21d4c,1,https://imgix.dispenseapp.com/145c714690909516_1773403076847-799681492-78.jpg
happydays:12ad0940785a587d,1,https://imgix.dispenseapp.com/145c714690909516_1773403568902-47575148-99.png
happydays:0db0bc75cde632ee,1,https://imgix.dispenseapp.com/145c714690909516_1773770982317-862073665-159.png
happydays:0a581316a37e31aa,1,https://imgix.dispenseapp.com/145c714690909516_1773769347722-33740977-888.png
happydays:6f7791ee6981123a,1,https://imgix.dispenseapp.com/145c714690909516_1773409608345-999931868-123.jpeg
happydays:0280530ac487faf0,1,https://imgix.dispenseapp.com/145c714690909516_1773409655341-330155874-1235.jpeg
happydays:4f061473b6439e54,1,https://imgix.dispenseapp.com/145c714690909516_1773251307244-953763678-3426435543.png
happydays:2187b903e97083b4,1,https://imgix.dispenseapp.com/145c714690909516_1773771107902-658548676-4657.png
happydays:2db6f6711b4e8883,1,https://imgix.dispenseapp.com/145c714690909516_1773414109428-98239387-14.jpg
happydays:c45690a8022f7ab3,1,https://imgix.dispenseapp.com/145c714690909516_1773419521178-538021623-trop_cherry_single_source_hash_house_of_sacci_1g.png
happydays:edbd021461034737,1,https://imgix.dispenseapp.com/145c714690909516_1773177522152-39488648-4325425234.webp
happydays:060cdb98bfe5b5e6,1,https://imgix.dispenseapp.com/145c714690909516_1773075190166-552482576-6894.jpg
happydays:1452bcf486548958,1,https://imgix.dispenseapp.com/145c714690909516_1779128096919-866585078-00887.png
happydays:6fec3016480fc70f,1,https://imgix.dispenseapp.com/145c714690909516_1779127870042-609695182-155467.png
happydays:da4d28428acb408e,1,https://imgix.dispenseapp.com/145c714690909516_1772896501098-97334913-TKS_-_Big_Apple.JPEG
happydays:d5a9a363147ca4b6,1,https://imgix.dispenseapp.com/145c714690909516_1772808780574-812217160-13254321424123.png
happydays:78cca2ff57adbe52,1,https://imgix.dispenseapp.com/145c714690909516_1772808939497-536494147-54434563636.png
happydays:91987a05e8303d4d,1,https://imgix.dispenseapp.com/145c714690909516_1784754072757-169915858-Bob_Marley_Papers.png
happydays:5e56e9e778108402,1,https://imgix.dispenseapp.com/145c714690909516_1703281886919-767482734-Flower___Florist_Farms___La_Bomba___3.5g.jpg
happydays:699082362c196fb2,1,https://imgix.dispenseapp.com/145c714690909516_1772658913028-997253406-12347.JPEG
happydays:78b1ab14e779caae,1,https://imgix.dispenseapp.com/145c714690909516_1772574629672-112757018-154798.png
happydays:dae1bcbd549d4cf3,1,https://imgix.dispenseapp.com/145c714690909516_1781101720422-42044329-Kush_Cake_-_28g_Flower.jpg
happydays:2e355d0c28d952f0,1,https://imgix.dispenseapp.com/145c714690909516_1772462020944-833770685-1758031338114-577476965-allgasogleal.avif
happydays:92facb8b4cf2e68b,1,https://imgix.dispenseapp.com/145c714690909516_1772467216047-836860153-IMG_9386.jpeg
happydays:6e1ece66dcbbc067,1,https://imgix.dispenseapp.com/145c714690909516_1772303062501-651790367-Blueberry_Muffin_3.5g.JPG
happydays:1486b39ff7151ef5,1,https://imgix.dispenseapp.com/145c714690909516_1772302860664-559851632-Buffalo_Cheese_3.5g.png
happydays:96388c1831648eca,1,https://imgix.dispenseapp.com/145c714690909516_1772303791159-125017422-monster_cookies_V002.png
happydays:ad3276524f219003,1,https://imgix.dispenseapp.com/145c714690909516_1772217198768-921501925-2345725262.png
happydays:3ac575edddd4c29e,1,https://imgix.dispenseapp.com/145c714690909516_1778182507853-243973507-download_(1).jpg
happydays:3ac575edddd4c29e,2,https://imgix.dispenseapp.com/145c714690909516_1778182507853-124292400-download.jpg
happydays:708135e9a49c0061,1,https://imgix.dispenseapp.com/145c714690909516_1771859280012-204029408-IP987876.png
happydays:1e2f97555d1f77cb,1,https://imgix.dispenseapp.com/145c714690909516_1772575855323-287986250-Live_Resin_Vape_Device_Render_Transparent.png
happydays:46f2445e8bbfb1c2,1,https://imgix.dispenseapp.com/145c714690909516_1776173220133-353459971-2g_RELOAD_Indica.png
happydays:69741352b226fb8b,1,https://imgix.dispenseapp.com/145c714690909516_1776173020009-440821092-2g_RELOAD_Indica.png
happydays:0cf02db19802b31f,1,https://imgix.dispenseapp.com/145c714690909516_1771937349809-453024587-53.jpg
happydays:0cf02db19802b31f,2,https://imgix.dispenseapp.com/145c714690909516_1772026652803-981106844-35415.png
happydays:42173055a2649ac0,1,https://imgix.dispenseapp.com/145c714690909516_1771591755560-844579007-125343.jpg
happydays:c8dd39918584abd7,1,https://imgix.dispenseapp.com/145c714690909516_1771592725463-123932376-301515.jpg
happydays:6a3697c57df38c09,1,https://imgix.dispenseapp.com/145c714690909516_1771604836032-322602670-output.auto.jpg
happydays:dd398260f9b7f27d,1,https://imgix.dispenseapp.com/145c714690909516_1771947961194-617914552-Banana_Creme_blunts.png
happydays:be54431ea0942401,1,https://imgix.dispenseapp.com/145c714690909516_1771608560486-68918696-Infused_Jelly_Pancakes_2pk_PRJ.png
happydays:86fc37de52d5b013,1,https://imgix.dispenseapp.com/145c714690909516_1756463038594-788291136-63363487424524.jpg
happydays:9e21450c08e1d4dd,1,https://imgix.dispenseapp.com/145c714690909516_1773769166443-878612572-6456.png
happydays:218363534a72ba50,1,https://imgix.dispenseapp.com/145c714690909516_1777903782330-67786852-56756764575674.avif
happydays:697d3c0fe04e66e8,1,https://imgix.dispenseapp.com/145c714690909516_1777904117299-391837433-567574567465.avif
happydays:3aeb559feeb294be,1,https://imgix.dispenseapp.com/145c714690909516_1786196275777-316003280-bananapiepaya.png
happydays:243e545e57226f37,1,https://imgix.dispenseapp.com/145c714690909516_1770835263413-821092193-Proxy_-Haze_-Profile_-Left.webp
happydays:4716eb6f143a43bf,1,https://imgix.dispenseapp.com/145c714690909516_1770745059268-366981290-1761745567335-274680035-2342344444243.jpg
happydays:965c77371676e773,1,https://imgix.dispenseapp.com/145c714690909516_1770727465528-882817732-35848652.png
happydays:4a572292dd35ff07,1,https://imgix.dispenseapp.com/145c714690909516_1781101777906-572750029-Jungle_Gemz_-_3.5g_Flower.jpg
happydays:753c3eaa6ea9cb81,1,https://imgix.dispenseapp.com/145c714690909516_1770732724832-39038239-648685.png
happydays:f731e74d01fb156f,1,https://imgix.dispenseapp.com/145c714690909516_1770382464440-626562899-IMG_0765.jpg
happydays:8d2e66225e6f7488,1,https://imgix.dispenseapp.com/145c714690909516_1779372045411-396088793-est._stay_happpy_green_(9).png
happydays:8d2e66225e6f7488,2,https://imgix.dispenseapp.com/145c714690909516_1770688834200-370480308-453456453453453.jfif
happydays:496927fce39573eb,1,https://imgix.dispenseapp.com/145c714690909516_1779372054726-11972051-est._stay_happpy_green_(9).png
happydays:30d3f1176c362a0c,1,https://imgix.dispenseapp.com/145c714690909516_1779372084546-602981067-est._stay_happpy_green_(9).png
happydays:6163421c116a4784,1,https://imgix.dispenseapp.com/145c714690909516_1779372071983-806350731-est._stay_happpy_green_(9).png
happydays:6163421c116a4784,2,https://imgix.dispenseapp.com/145c714690909516_1770688857726-756371585-453456453453453.jfif
happydays:b8a3a139569d74d2,1,https://imgix.dispenseapp.com/145c714690909516_1779372079893-739989244-est._stay_happpy_green_(9).png
happydays:06bf9f40a4d44c9e,1,https://imgix.dispenseapp.com/145c714690909516_1779370412389-904133219-est._stay_happpy_green_(10).png
happydays:06bf9f40a4d44c9e,2,https://imgix.dispenseapp.com/145c714690909516_1770688770384-316133509-453456453453453.jfif
happydays:ebafcec387562edd,1,https://imgix.dispenseapp.com/145c714690909516_1779370406799-40469672-est._stay_happpy_green_(10).png
happydays:2e7864ed00c654d5,1,https://imgix.dispenseapp.com/145c714690909516_1770647002983-202748797-232534265.png
happydays:dd66069ea6bf7686,1,https://imgix.dispenseapp.com/145c714690909516_1770647404906-72390433-6557764.png
happydays:d43be054d86b412d,1,https://imgix.dispenseapp.com/145c714690909516_1770647191984-618421327-897697697.png
happydays:09fcbe2f247f02e9,1,https://imgix.dispenseapp.com/145c714690909516_1770647260969-580189897-6347347.png
happydays:3188d6f9f3ca47bc,1,https://imgix.dispenseapp.com/145c714690909516_1770646928946-376786356-32453245634.png
happydays:b05bc074baac44aa,1,https://imgix.dispenseapp.com/145c714690909516_1770768305761-505663559-Sunny_Diesel.png
happydays:bfd3209bf51b831e,1,https://imgix.dispenseapp.com/145c714690909516_1770470631660-165144535-RYTHM-Concentrate-LiveRosin-INDICA-Tier2-Img1.png
happydays:b182c79b15c72115,1,https://imgix.dispenseapp.com/145c714690909516_1770470997164-741689445-RYTHM-Concentrate-LiveRosin-INDICA-Tier2-Img1.png
happydays:a012a1f2af77649f,1,https://imgix.dispenseapp.com/145c714690909516_1770472580354-813835723-RYTHM-VAPE-LiquidDiamonds-DurbanPoison-2g-Img1.png
happydays:0361dbce1da9d43e,1,https://imgix.dispenseapp.com/145c714690909516_1786991542677-925621435-gdfhdfgh.png
happydays:8ec6d193d31355f1,1,https://imgix.dispenseapp.com/145c714690909516_1770477283847-116683741-waferzlites.jpg
happydays:32a8bf8a09383282,1,https://imgix.dispenseapp.com/145c714690909516_1770474583108-432240897-213545484131.png
happydays:267585e3559ca06a,1,https://imgix.dispenseapp.com/145c714690909516_1770992206185-348774793-64656565.webp
happydays:267585e3559ca06a,2,https://imgix.dispenseapp.com/145c714690909516_1770992216669-363418016-5646546546.webp
happydays:267585e3559ca06a,3,https://imgix.dispenseapp.com/145c714690909516_1770992221136-774506179-5156465484.webp
happydays:267585e3559ca06a,4,https://imgix.dispenseapp.com/145c714690909516_1770992211100-634478664-351545346546.webp
happydays:f45044d6e8d9af90,1,https://imgix.dispenseapp.com/145c714690909516_1770307763234-695967969-1737753069183-334470306-45241524521.png
happydays:5f04856a94be6031,1,https://imgix.dispenseapp.com/145c714690909516_1770419605078-274862192-56165413201354352023132.jpg
happydays:0e118a5559711c03,1,https://imgix.dispenseapp.com/145c714690909516_1770298287007-820289087-Screenshot_2026-02-05_083000.png
happydays:0fea2497b5397c01,1,https://imgix.dispenseapp.com/145c714690909516_1770228301793-803567069-45745745.jpg
happydays:47dde4d6ae2f8b76,1,https://imgix.dispenseapp.com/145c714690909516_1770151830260-567554356-215454144.png
happydays:d1d7c9ecbb8bf2bb,1,https://imgix.dispenseapp.com/145c714690909516_1770141179631-57122448-34563456.png
happydays:81dfe84d629bdf45,1,https://imgix.dispenseapp.com/145c714690909516_1770132384879-839239382-IDH_5PK.png
happydays:222e7516b6892f8a,1,https://imgix.dispenseapp.com/145c714690909516_1770132429894-56735914-hybrid_5pk.png
happydays:d913e370f9cc6f74,1,https://imgix.dispenseapp.com/145c714690909516_1770130296050-982256597-45363457345.png
happydays:5480e1071a1bc737,1,https://imgix.dispenseapp.com/145c714690909516_1770049057038-82583322-Watermelon_RSO_600px.jpg
happydays:5480e1071a1bc737,2,https://imgix.dispenseapp.com/145c714690909516_1770049077268-960051408-BackWATERMELONjpg.jpg
happydays:237d2a678c424c0f,1,https://imgix.dispenseapp.com/145c714690909516_1766573768226-617443705-651651651651651651651651.jpg
happydays:97d8f6dfe3b60a4d,1,https://imgix.dispenseapp.com/145c714690909516_1771011477752-868255859-1762436586614-332007511-64534432423423423.jpg
happydays:8135c6bb24387f03,1,https://imgix.dispenseapp.com/145c714690909516_1781101817559-976159534-Grape_Cake_-_3.5g_Flower.jpg
happydays:d6912bf40c9bb4f8,1,https://imgix.dispenseapp.com/145c714690909516_1781101911229-839995331-Garlic_Budder_-_28g_Flower.jpg
happydays:032695a78083c3ba,1,https://imgix.dispenseapp.com/145c714690909516_1769777471670-177139744-34535345.png
happydays:fc2b294d533d9828,1,https://imgix.dispenseapp.com/145c714690909516_1769711499541-651109255-345345346344234.png
happydays:5090b89406464662,1,https://imgix.dispenseapp.com/145c714690909516_1769528419238-568875265-14142848752741.jpg
happydays:3222bc151da90eb8,1,https://imgix.dispenseapp.com/145c714690909516_1769528485396-649240699-4235635234243242.jpg
happydays:21f50d86d94db5ce,1,https://imgix.dispenseapp.com/145c714690909516_1769528365242-566267369-35345345667663.jpg
happydays:3630a919277d102c,1,https://imgix.dispenseapp.com/145c714690909516_1769289160118-93525598-NomNom-Black_Cherry_Bliss-Menu_Image.png
happydays:4119fc5c33105fe4,1,https://imgix.dispenseapp.com/145c714690909516_1769289508154-118576159-4.png
happydays:8f32b305559f1b9f,1,https://imgix.dispenseapp.com/145c714690909516_1770768229039-409410402-Blueberry_Gelato.png
happydays:e64156bec71c0402,1,https://imgix.dispenseapp.com/145c714690909516_1770768291661-840287988-Pink_Lemonade.png
happydays:f01f48f79328c7ce,1,https://imgix.dispenseapp.com/145c714690909516_1770768263683-49290966-Maui_Pineapple.png
happydays:d51860feecceac91,1,https://imgix.dispenseapp.com/145c714690909516_1770768299074-811759404-Purple_Punch.png
happydays:52f841e7b703326a,1,https://imgix.dispenseapp.com/145c714690909516_1770768240849-162545314-Cherry_Pie.png
happydays:ca8f86fb05fe1263,1,https://imgix.dispenseapp.com/145c714690909516_1769283405597-261983846-ANY_INDICA_CART.png
happydays:196e457fe67828c5,1,https://imgix.dispenseapp.com/145c714690909516_1769283113020-950098295-ANY_INDICA_CART.png
happydays:bcd0d3334efab21a,1,https://imgix.dispenseapp.com/145c714690909516_1769536835225-781188747-3453456653.png
happydays:caa283fbc27e3017,1,https://imgix.dispenseapp.com/145c714690909516_1769453757462-709721225-rf_blank.png
happydays:056d4275519cb637,1,https://imgix.dispenseapp.com/145c714690909516_1769866091758-880223336-Screenshot_2026-01-31_082805.png
happydays:6b60aa02d098dd7c,1,https://imgix.dispenseapp.com/145c714690909516_1769865904134-774851156-Screenshot_2026-01-31_082444.png
happydays:da709ed103c9b3bb,1,https://imgix.dispenseapp.com/145c714690909516_1782246856808-722412826-56456.avif
happydays:59468af14968841b,1,https://imgix.dispenseapp.com/145c714690909516_1768837755674-583854175-9a8f2907-0f79-4eca-8c97-d714c9c293bb.jpg
happydays:f110241938667297,1,https://imgix.dispenseapp.com/145c714690909516_1768928274214-858001206-Vape_Specs.png
happydays:f110241938667297,2,https://imgix.dispenseapp.com/145c714690909516_1768928271584-94279133-CC_Mint_Vape.png
happydays:c994e9f1338d53c8,1,https://imgix.dispenseapp.com/145c714690909516_1768865764580-238709952-Pistachio_-_Pre-Roll_Multipack.png
happydays:0b1f2cf88a26c1dd,1,https://imgix.dispenseapp.com/145c714690909516_1769866258285-569092-StrawD2g-Disposable-Mocks.png
happydays:15de434d91b35e21,1,https://imgix.dispenseapp.com/145c714690909516_1768599969596-958576714-2g_pr_x_b.png
happydays:6b5ad8f1f47ca573,1,https://imgix.dispenseapp.com/145c714690909516_1768829822186-86293956-king-palm-slim-5-pack_2e5b627f-1659-412d-9150-32094541275e.jpg
happydays:2559b5a198d42cf5,1,https://imgix.dispenseapp.com/145c714690909516_1768484311957-286140224-RainbowRuntz.jpg
happydays:ac609fdae97613e2,1,https://imgix.dispenseapp.com/145c714690909516_1768240604475-612982283-4564564564774564.jpg
happydays:a02ba2ebff0d0b44,1,https://imgix.dispenseapp.com/145c714690909516_1768240540396-252229514-46747474.jpg
happydays:f9e0970debe953de,1,https://imgix.dispenseapp.com/145c714690909516_1768240615134-449116526-8677563453535.jpg
happydays:6b36cf1070a60cc3,1,https://imgix.dispenseapp.com/145c714690909516_1768240588328-609644666-567657546332424.jpg
happydays:8fdf88108b9dd42f,1,https://imgix.dispenseapp.com/145c714690909516_1768228056748-360799510-7869767534556474.png
happydays:ec33c69aee4b2e5e,1,https://imgix.dispenseapp.com/145c714690909516_1768228074587-693570599-5675677563453535353333.png
happydays:d995dd4463af6e1d,1,https://imgix.dispenseapp.com/145c714690909516_1768228092903-288078745-66666666666.png
happydays:d69f33646db42d2f,1,https://imgix.dispenseapp.com/145c714690909516_1767885268949-36479574-10mg_blueberry.jpg
happydays:328b410737a4996b,1,https://imgix.dispenseapp.com/145c714690909516_1767883017305-222080747-c8f5156f40ae690dd245dfd42ce94df9.jpg
happydays:56b55355b7a6a7f9,1,https://imgix.dispenseapp.com/145c714690909516_1767883892594-938749422-c8f5156f40ae690dd245dfd42ce94df9.jpg
happydays:9dc7ab634dc843a2,1,https://imgix.dispenseapp.com/145c714690909516_1768218467290-257794350-Screenshot_2026-01-12_064713.png
happydays:718588d09423289f,1,https://imgix.dispenseapp.com/145c714690909516_1767821748592-96969889-MFNY_Live_Rosin_Concentrate_The_Belafonte_1g.jpg
happydays:d50ec77d1a450d6e,1,https://imgix.dispenseapp.com/145c714690909516_1767707302900-218668105-2346235423.png
happydays:5bbb255bf172e07c,1,https://imgix.dispenseapp.com/145c714690909516_1767737534813-699864136-67345763467.jpeg
happydays:01feec16ac0c5d10,1,https://imgix.dispenseapp.com/145c714690909516_1768308037281-392576318-RainbowCloud.webp
happydays:3632d05eba98f17f,1,https://imgix.dispenseapp.com/145c714690909516_1784562145195-600972647-23423424.avif
happydays:5eb12e43f932a691,1,https://imgix.dispenseapp.com/145c714690909516_1767004196527-237906746-453452482224.png
happydays:31b3e0e066bf70c3,1,https://imgix.dispenseapp.com/145c714690909516_1766573550194-911725709-51651651651651.jpg
happydays:64394439b7c7348a,1,https://imgix.dispenseapp.com/145c714690909516_1767005195454-344527059-35635635635636363636.jpg
happydays:c52d5cd513cca9ce,1,https://imgix.dispenseapp.com/145c714690909516_1767005322650-793882574-54666654646453.jpg
happydays:22fcb4fbaba765cf,1,https://imgix.dispenseapp.com/145c714690909516_1767005357363-149076797-34535345344663453.jpg
happydays:29c9fb854c5feca0,1,https://imgix.dispenseapp.com/145c714690909516_1767005269887-942150668-647467467747474747.jpg
happydays:bcbdaef285823ecb,1,https://imgix.dispenseapp.com/145c714690909516_1770756615524-91426428-40d8e6_1c2105a454c140c6b8f02471d1d9d638~mv2.avif
happydays:a75e9cb4ba3d9073,1,https://imgix.dispenseapp.com/145c714690909516_1766145833646-347259828-467474774.png
happydays:d9ba8f51199f9e38,1,https://imgix.dispenseapp.com/145c714690909516_1766058834880-693814057-4674747474774747.jpg
happydays:628f313e613402d9,1,https://imgix.dispenseapp.com/145c714690909516_1779127951784-827525615-11447.png
happydays:086139a059be3b2c,1,https://imgix.dispenseapp.com/145c714690909516_1779128003893-422934540-0022.png
happydays:2c10e8c565b32f5c,1,https://imgix.dispenseapp.com/145c714690909516_1766001046189-878212057-34523452345.png
happydays:fb7a38154644496b,1,https://imgix.dispenseapp.com/145c714690909516_1766000997663-20356075-234523453245.png
happydays:3111dc72bcea5a88,1,https://imgix.dispenseapp.com/145c714690909516_1765537660402-365622379-33453534566.png
happydays:cf8f5cad0eaeb8e0,1,https://imgix.dispenseapp.com/145c714690909516_1765403804408-665785345-2354154.jpg
happydays:0822e95c7d399731,1,https://imgix.dispenseapp.com/145c714690909516_1777903402734-211851313-12341321.avif
happydays:a420ae1d52bf555a,1,https://imgix.dispenseapp.com/145c714690909516_1765192340959-35399537-2345234524524352452435245.png
happydays:5ec9c35debc9b7f9,1,https://imgix.dispenseapp.com/145c714690909516_1765203152550-533809155-IMG_4037.jpg
happydays:5ec9c35debc9b7f9,2,https://imgix.dispenseapp.com/145c714690909516_1765203158870-665767681-IMG_4034.jpg
happydays:5ec9c35debc9b7f9,3,https://imgix.dispenseapp.com/145c714690909516_1765203156143-795440813-IMG_4035.jpg
happydays:f51ea5172050d0d1,1,https://imgix.dispenseapp.com/145c714690909516_1764968442062-919487254-3247365895.JPG
happydays:4a08bf5db21ef1e2,1,https://imgix.dispenseapp.com/145c714690909516_1764970800723-340281506-69897.JPG
happydays:fe63459feb2b06f7,1,https://imgix.dispenseapp.com/145c714690909516_1766420004978-353779861-347367673.jpg
happydays:3e2d2cec6983d9ee,1,https://imgix.dispenseapp.com/145c714690909516_1764758704324-428419198-4625253667647.png
happydays:e811f775b698d5f9,1,https://imgix.dispenseapp.com/145c714690909516_1764757953233-426194450-5652342.png
happydays:69da330245d9e1da,1,https://imgix.dispenseapp.com/145c714690909516_1784754370843-613375006-Wooden_Label_Skewers.png
happydays:f42177d629190782,1,https://imgix.dispenseapp.com/145c714690909516_1764858052269-330732490-67467467467477.png
happydays:cb956cf499df118f,1,https://imgix.dispenseapp.com/145c714690909516_1764691119930-627990681-234344444442.png
happydays:132f8301fb414cf2,1,https://imgix.dispenseapp.com/145c714690909516_1764670199528-421989074-4524524141242545245245241414141.jpeg
happydays:67040699f61de67a,1,https://imgix.dispenseapp.com/145c714690909516_1764070840304-130059987-6545653525246356356365636.png
happydays:d61b9a6a1d7b0e4d,1,https://imgix.dispenseapp.com/145c714690909516_1764105596650-548138783-456455775.jpg
happydays:d61b9a6a1d7b0e4d,2,https://imgix.dispenseapp.com/145c714690909516_1764105603979-406267312-5785858.jpg
happydays:ed8038be131f986e,1,https://imgix.dispenseapp.com/145c714690909516_1763986502577-471082409-4524484114124242.jpg
happydays:c2d60bc8a498a299,1,https://imgix.dispenseapp.com/145c714690909516_1763986358679-603545583-46746747433.jpg
happydays:a2c11385fd4a6c37,1,https://imgix.dispenseapp.com/145c714690909516_1763986436064-455641052-412842412848.jpg
happydays:0ecb7e2995101600,1,https://imgix.dispenseapp.com/145c714690909516_1764153857058-834543583-967575636363.png
happydays:0add36ed5bf84aa2,1,https://imgix.dispenseapp.com/145c714690909516_1764153395944-971064710-452428414248.png
happydays:84fd38f7d59fb6f0,1,https://imgix.dispenseapp.com/145c714690909516_1764109802997-998657303-black_est_stay_happy[1].png
happydays:eb3f8d869d313ed5,1,https://imgix.dispenseapp.com/145c714690909516_1764109818801-234155230-black_est_stay_happy[1].png
happydays:dc08f9c8f3e3ff18,1,https://imgix.dispenseapp.com/145c714690909516_1764109834201-794609063-black_est_stay_happy[1].png
happydays:b1408c2d52f029dc,1,https://imgix.dispenseapp.com/145c714690909516_1764109855055-295029684-black_est_stay_happy[1].png
happydays:aeeae845fac350c6,1,https://imgix.dispenseapp.com/145c714690909516_1764109387636-492178990-14[1].png
happydays:06e1481495ca0eee,1,https://imgix.dispenseapp.com/145c714690909516_1764109427171-618324100-14[1].png
happydays:215d8b48c1dfe53c,1,https://imgix.dispenseapp.com/145c714690909516_1764109403531-752522618-14[1].png
happydays:c9935b8670dbb305,1,https://imgix.dispenseapp.com/145c714690909516_1764109440532-924465430-14[1].png
happydays:6fd2dec2fef58d34,1,https://imgix.dispenseapp.com/145c714690909516_1764169581203-493773047-white_est_stay_happy[1].png
happydays:94c3164eae731d17,1,https://imgix.dispenseapp.com/145c714690909516_1764169594344-395387501-white_est_stay_happy[1].png
happydays:25a57ffc4e45563a,1,https://imgix.dispenseapp.com/145c714690909516_1777474996756-103847027-2.png
happydays:ad5612a120a06106,1,https://imgix.dispenseapp.com/145c714690909516_1777475006588-976297580-2.png
happydays:6cba14e07507f85b,1,https://imgix.dispenseapp.com/145c714690909516_1777475015608-215580052-2.png
happydays:f6aa482d5abafa96,1,https://imgix.dispenseapp.com/145c714690909516_1764169611570-904911540-white_est_stay_happy[1].png
happydays:c5b80d6532e22d15,1,https://imgix.dispenseapp.com/145c714690909516_1764169628192-886107963-white_est_stay_happy[1].png
happydays:d963a5a5b33ea39d,1,https://imgix.dispenseapp.com/145c714690909516_1777474897839-134344557-2.png
happydays:24e030d83c154205,1,https://imgix.dispenseapp.com/145c714690909516_1767013280284-672940818-5643576.png
happydays:226b02cfc154697a,1,https://imgix.dispenseapp.com/145c714690909516_1767013288375-854317391-5643576.png
happydays:b35dd02ad6c3e63a,1,https://imgix.dispenseapp.com/145c714690909516_1764109213573-836301846-11[1].png
happydays:7093697491de2f33,1,https://imgix.dispenseapp.com/145c714690909516_1767013295430-388175667-5643576.png
happydays:04a34ce89e69677f,1,https://imgix.dispenseapp.com/145c714690909516_1764166773813-538369695-midnight_toker[1].png
happydays:c0c26291605c9f11,1,https://imgix.dispenseapp.com/145c714690909516_1764166547065-780480328-midnight_toker[1].png
happydays:8b2f2a39edd26941,1,https://imgix.dispenseapp.com/145c714690909516_1764166784977-532905968-midnight_toker[1].png
happydays:9a97e1142f5a2e2d,1,https://imgix.dispenseapp.com/145c714690909516_1767013301877-790321259-5643576.png
happydays:0389e86ff904027b,1,https://imgix.dispenseapp.com/145c714690909516_1764109180008-858011446-11[1].png
happydays:b3b0720fe282c4e1,1,https://imgix.dispenseapp.com/145c714690909516_1769550176329-313010855-11.png
happydays:53f1eb8d3da508b7,1,https://imgix.dispenseapp.com/145c714690909516_1764109103351-324809700-11[1].png
happydays:3f7447cf7babd209,1,https://imgix.dispenseapp.com/145c714690909516_1764166801397-531168365-midnight_toker[1].png
happydays:aca0d75728424dfa,1,https://imgix.dispenseapp.com/145c714690909516_1769550158284-44144830-11.png
happydays:f5aece432e0d3d3f,1,https://imgix.dispenseapp.com/145c714690909516_1769550189462-908515718-11.png
happydays:c3b212e685bcb30f,1,https://imgix.dispenseapp.com/145c714690909516_1769550183973-31785319-11.png
happydays:44818465ae0c1170,1,https://imgix.dispenseapp.com/145c714690909516_1764109194349-127756959-11[1].png
happydays:07a71fd5814e1e4b,1,https://imgix.dispenseapp.com/145c714690909516_1764168071227-196146580-roll_model[1].png
happydays:7f6f878c6438f3b1,1,https://imgix.dispenseapp.com/145c714690909516_1764168085706-17800026-roll_model[1].png
happydays:e3a294d9b1e284b0,1,https://imgix.dispenseapp.com/145c714690909516_1764168124846-81579470-roll_model[1].png
happydays:33ceb502092f2734,1,https://imgix.dispenseapp.com/145c714690909516_1764166360098-178498219-lit_happens[1].png
happydays:7121bc8d7d51747d,1,https://imgix.dispenseapp.com/145c714690909516_1764168107396-904620669-roll_model[1].png
happydays:1569afc435f91786,1,https://imgix.dispenseapp.com/145c714690909516_1764166415824-150889835-lit_happens[1].png
happydays:f5a34d7d5d87342b,1,https://imgix.dispenseapp.com/145c714690909516_1765471549118-572215928-grey_you_matter[1].png
happydays:a7047e21382eb9d7,1,https://imgix.dispenseapp.com/145c714690909516_1764166387351-201222183-lit_happens[1].png
happydays:a7991597b8f42b8e,1,https://imgix.dispenseapp.com/145c714690909516_1769549040544-301606467-5.png
happydays:8dde40b539526e3e,1,https://imgix.dispenseapp.com/145c714690909516_1764166373197-632525527-lit_happens[1].png
happydays:0b4fa71bffa2e69b,1,https://imgix.dispenseapp.com/145c714690909516_1764167845256-527754547-preroll[1].png
happydays:08ec18e4b5012b74,1,https://imgix.dispenseapp.com/145c714690909516_1769549021415-943290239-5.png
happydays:255e99ded0def600,1,https://imgix.dispenseapp.com/145c714690909516_1769549047691-191495895-5.png
happydays:0433197919169072,1,https://imgix.dispenseapp.com/145c714690909516_1764167775281-730140112-preroll[1].png
happydays:1e8fa3bd5caf63f0,1,https://imgix.dispenseapp.com/145c714690909516_1764609459914-996930307-grey_you_matter[1].png
happydays:858dc783f8c31853,1,https://imgix.dispenseapp.com/145c714690909516_1764167749701-302531173-preroll[1].png
happydays:1ee9fbb63be1e5e5,1,https://imgix.dispenseapp.com/145c714690909516_1764609586394-344608038-grey_you_matter[1].png
happydays:4de8f49fd484a200,1,https://imgix.dispenseapp.com/145c714690909516_1769549055645-733308391-5.png
happydays:d59b35a2f333ae96,1,https://imgix.dispenseapp.com/145c714690909516_1764609556713-620004114-grey_you_matter[1].png
happydays:79b2f7cc551d1fbe,1,https://imgix.dispenseapp.com/145c714690909516_1764167817663-145844392-preroll[1].png
happydays:4b64abed4f55ae7d,1,https://imgix.dispenseapp.com/145c714690909516_1763724066222-248771226-53625321431431512.png
happydays:6ad0636e3811bedc,1,https://imgix.dispenseapp.com/145c714690909516_1703342593364-415028009-Screenshot_2023-12-23_093028.png
happydays:5986a093f1cbc912,1,https://imgix.dispenseapp.com/145c714690909516_1763658757790-874866745-34637347.png
happydays:26433feed7e56c4a,1,https://imgix.dispenseapp.com/145c714690909516_1767013736675-402091425-578567.png
happydays:26433feed7e56c4a,2,https://imgix.dispenseapp.com/145c714690909516_1767013754251-877359705-578567.png
happydays:ccb61ee70db37475,1,https://imgix.dispenseapp.com/145c714690909516_1767013730675-85986934-578567.png
happydays:ccb61ee70db37475,2,https://imgix.dispenseapp.com/145c714690909516_1767013747426-514993976-578567.png
happydays:876769bb96ca8214,1,https://imgix.dispenseapp.com/145c714690909516_1767013760823-674008832-578567.png
happydays:876769bb96ca8214,2,https://imgix.dispenseapp.com/145c714690909516_1767013742156-946682901-578567.png
happydays:f0e2afb7fa56c563,1,https://imgix.dispenseapp.com/145c714690909516_1763649906681-496624484-23423423444444.jpg
happydays:af40b1e943ae1869,1,https://imgix.dispenseapp.com/145c714690909516_1763465440184-542408813-4767474843.jpg
happydays:15d4b8a7fd375f89,1,https://imgix.dispenseapp.com/145c714690909516_1763465100279-287985396-53463462352525.jpg
happydays:970c4130a0fc7d45,1,https://imgix.dispenseapp.com/145c714690909516_1763481924643-457517613-2342342342344234234234.png
happydays:3ec552c751cee281,1,https://imgix.dispenseapp.com/145c714690909516_1764110396387-639134923-burnout_graphite_sweats[1].png
happydays:f3bf6c10ff8c3258,1,https://imgix.dispenseapp.com/145c714690909516_1764110381238-115801202-burnout_graphite_sweats[1].png
happydays:7005598858c6ba3a,1,https://imgix.dispenseapp.com/145c714690909516_1763393860597-514966923-222344234234.jpg
happydays:4afea3546606384d,1,https://imgix.dispenseapp.com/145c714690909516_1763393848905-809828106-23434442.jpg
happydays:31639c589fff3328,1,https://imgix.dispenseapp.com/145c714690909516_1763143401317-283924886-564685263.jpg
happydays:809dd0fbd21e0d78,1,https://imgix.dispenseapp.com/145c714690909516_1763138657486-928842389-43264244266.avif
happydays:5435559b3df0e3ff,1,https://imgix.dispenseapp.com/145c714690909516_1763036534624-674911622-23423423456523424.png
happydays:fd934a2b80747464,1,https://imgix.dispenseapp.com/145c714690909516_1763036295357-170779934-6475245525252523454.png
happydays:efdf9a967efd4dee,1,https://imgix.dispenseapp.com/145c714690909516_1782930800129-334416348-2342.png
happydays:7e2e2f03d32972fd,1,https://imgix.dispenseapp.com/145c714690909516_1782246170502-302749057-Goliath_PREROLL_INFUSED.png
happydays:46c2b1663cdbdbe2,1,https://imgix.dispenseapp.com/145c714690909516_1762880899824-716454372-2342342356763534.png
happydays:c2004e812dcf4fc1,1,https://imgix.dispenseapp.com/145c714690909516_1762880937281-519297102-2344545523542.png
happydays:6668ee3c389fe2f5,1,https://imgix.dispenseapp.com/145c714690909516_1762886561603-108594398-42524118841.jpg
happydays:a8237212cd1dfae4,1,https://imgix.dispenseapp.com/145c714690909516_1762856639906-573709674-355552.jpg
happydays:b605233963ceb993,1,https://imgix.dispenseapp.com/145c714690909516_1762858161006-747820331-2345452525.jpg
happydays:017d0771089ec5b9,1,https://imgix.dispenseapp.com/145c714690909516_1762857749297-301811079-43534234356532.jpg
happydays:9460750a972a1e65,1,https://imgix.dispenseapp.com/145c714690909516_1762773809505-122091743-51513514181818.JPG
happydays:b3914fe90b5f9da6,1,https://imgix.dispenseapp.com/145c714690909516_1762773594391-21861929-44245334821.jpg
happydays:36cd639d48d5da2c,1,https://imgix.dispenseapp.com/145c714690909516_1784561783489-742327730-345345.webp
happydays:7387670d23dc6ab2,1,https://imgix.dispenseapp.com/145c714690909516_1762436597774-575495821-3334532342.jpg
happydays:e572b4d3037040fa,1,https://imgix.dispenseapp.com/145c714690909516_1762436609787-289902390-55343453.jpg
happydays:44a8bafed79dec30,1,https://imgix.dispenseapp.com/145c714690909516_1762428795255-902481313-356452413413435.png
happydays:867376f648c7f4bd,1,https://imgix.dispenseapp.com/145c714690909516_1762428884016-315243897-453542424824.jpg
happydays:cf1d3f0bf5930e0a,1,https://imgix.dispenseapp.com/145c714690909516_1762343514416-887862005-897645352352.png
happydays:3fea28b6c60d5387,1,https://imgix.dispenseapp.com/145c714690909516_1762446124234-11307897-Screenshot_2025-11-06_112010.png
happydays:adaa57780d673b76,1,https://imgix.dispenseapp.com/145c714690909516_1762446864177-476483278-Screenshot_2025-11-06_112010.png
happydays:4c8a0fd662abb269,1,https://imgix.dispenseapp.com/145c714690909516_1762429966548-421719246-46535364.png
happydays:02828004fbe1fb37,1,https://imgix.dispenseapp.com/145c714690909516_1762252400512-125200190-23423432423534234234234.png
happydays:d0ff1d67cfa093fa,1,https://imgix.dispenseapp.com/145c714690909516_1761660120154-429906198-874656423524524525.jpg
happydays:d0ff1d67cfa093fa,2,https://imgix.dispenseapp.com/145c714690909516_1761660127887-576970655-9999997835676765345323.jpg
happydays:1545979293cf20d1,1,https://imgix.dispenseapp.com/145c714690909516_1761659994895-105313202-3453535456345324242342356523.jpg
happydays:1545979293cf20d1,2,https://imgix.dispenseapp.com/145c714690909516_1761660008435-516056837-4453535676765345323.jpg
happydays:544714e02e705ef1,1,https://imgix.dispenseapp.com/145c714690909516_1786112551736-411760367-boysenberry.jpg
happydays:544714e02e705ef1,2,https://imgix.dispenseapp.com/145c714690909516_1761659823842-151123966-4453535676765345323.jpg
happydays:dae65f55fdd14fb4,1,https://imgix.dispenseapp.com/145c714690909516_1761660251694-60798419-7773453453254242.jpg
happydays:dae65f55fdd14fb4,2,https://imgix.dispenseapp.com/145c714690909516_1761660273521-310078284-9999997835676765345323.jpg
happydays:ca3b1ee02af625dd,1,https://imgix.dispenseapp.com/145c714690909516_1770768315579-726359278-Temporary_Watermelon_Mojito_1g_infused_preroll.png
happydays:329aa8f95d7f76de,1,https://imgix.dispenseapp.com/145c714690909516_1770768282361-892653279-Pineapple_Splash.png
happydays:94e15cb00e001fba,1,https://imgix.dispenseapp.com/145c714690909516_1761936671599-416622936-47.png
happydays:7ebc195658e242ac,1,https://imgix.dispenseapp.com/145c714690909516_1761936748837-840229218-50.png
happydays:ca636ce5eb7e8628,1,https://imgix.dispenseapp.com/145c714690909516_1761937178579-933126379-fxgzdhdzbnzdn.png
happydays:550bbdc589d59bbb,1,https://imgix.dispenseapp.com/145c714690909516_1761937255575-126250706-hvnfznzdngnn.png
happydays:28b860609423ea38,1,https://imgix.dispenseapp.com/145c714690909516_1761310783334-94705578-2342343242366735232.png
happydays:7d141864a7d59dd0,1,https://imgix.dispenseapp.com/145c714690909516_1776947987903-296549193-1333.png
happydays:f6bb4a3c6054d631,1,https://imgix.dispenseapp.com/145c714690909516_1761217667964-101518565-7777674534555.png
happydays:4610ae6fcc8a2599,1,https://imgix.dispenseapp.com/145c714690909516_1761217656846-431211844-765436423524525.png
happydays:25278857aa537d6a,1,https://imgix.dispenseapp.com/145c714690909516_1761217721394-223218901-33333424234556234234.png
happydays:9dc9a854cba935a0,1,https://imgix.dispenseapp.com/145c714690909516_1761159259533-692180605-Cotton_Candy.jpg
happydays:39db236411f8e376,1,https://imgix.dispenseapp.com/145c714690909516_1785247711518-227704436-RENDER-AP-1G-FL-LDS-TRCH-S-18-AC.png
happydays:9861c763a61ca26d,1,https://imgix.dispenseapp.com/145c714690909516_1761041104518-510234846-34234242342342.png
happydays:5efb4e2bc002eabd,1,https://imgix.dispenseapp.com/145c714690909516_1761039873912-207674290-653542352345345.png
happydays:fc52b97f3eb2f37b,1,https://imgix.dispenseapp.com/145c714690909516_1765285921828-937341463-45687894564.PNG
happydays:fc52b97f3eb2f37b,2,https://imgix.dispenseapp.com/145c714690909516_1765285953538-237593809-9999999999999.PNG
happydays:dc571a2fad6a3ddb,1,https://imgix.dispenseapp.com/145c714690909516_1760699084070-406704333-234344444444444.png
happydays:dc571a2fad6a3ddb,2,https://imgix.dispenseapp.com/145c714690909516_1760699091589-842283984-9984819212154141.png
happydays:dc571a2fad6a3ddb,3,https://imgix.dispenseapp.com/145c714690909516_1760699411382-872982915-999999999999999999999999999999.png
happydays:3f0c44fe88e6532a,1,https://imgix.dispenseapp.com/145c714690909516_1760699028226-512738410-411414151514515131.png
happydays:3f0c44fe88e6532a,2,https://imgix.dispenseapp.com/145c714690909516_1760699400793-216223465-999999999999999999999999999999.png
happydays:fe18dbea593ad8a0,1,https://imgix.dispenseapp.com/145c714690909516_1760699463215-905328435-234344444444444.png
happydays:fe18dbea593ad8a0,2,https://imgix.dispenseapp.com/145c714690909516_1760699465204-679580247-14165165151233325.png
happydays:fe18dbea593ad8a0,3,https://imgix.dispenseapp.com/145c714690909516_1760699467166-530231335-999999999999999999999999999999.png
happydays:5f8eeb9cd641babf,1,https://imgix.dispenseapp.com/145c714690909516_1787065316437-869171719-CaliMelonHH.jpg
happydays:94d7a6e08cda7d8c,1,https://imgix.dispenseapp.com/145c714690909516_1787065291043-184566491-PinaColadaHH.jpg
happydays:b7e913af4cab2005,1,https://imgix.dispenseapp.com/145c714690909516_1787100633281-959793298-SweetDreamsFx.png
happydays:127c7938f5b2d165,1,https://imgix.dispenseapp.com/145c714690909516_1787100507711-546756250-GoodVibesFX.png
happydays:50d493c5682dce5f,1,https://imgix.dispenseapp.com/145c714690909516_1759960558017-996929971-RYTHM-Concentrate-Live-INDICA-500mg-1g-AnimalFace-Img1.png
happydays:4c213bad82474458,1,https://imgix.dispenseapp.com/145c714690909516_1759960098060-893401688-RYTHM-Vape-SOLVENTLESS-INDICA-500mg-img1.png
happydays:dad1dd1667ec9773,1,https://imgix.dispenseapp.com/145c714690909516_1762252965788-747712977-35345345345664534324.png
happydays:621b3b51b611a40f,1,https://imgix.dispenseapp.com/145c714690909516_1776944872563-515152858-4533.jpeg
happydays:e7717adae081469a,1,https://imgix.dispenseapp.com/145c714690909516_1761566599969-341988947-423624374873583476438.png
happydays:d5ad0da83b393030,1,https://imgix.dispenseapp.com/145c714690909516_1759495683898-47344372-23423565534234123123.png
happydays:3e490dc9eea258bf,1,https://imgix.dispenseapp.com/145c714690909516_1759496234817-35197285-586522354375244234.png
happydays:a50b1c856e470326,1,https://imgix.dispenseapp.com/145c714690909516_1759496371626-273952875-9875463546524243.png
happydays:3009d404d3d01776,1,https://imgix.dispenseapp.com/145c714690909516_1759496281574-684862650-9867563542342424234.png
happydays:f13216d46c78e3b4,1,https://imgix.dispenseapp.com/145c714690909516_1759420260022-263306422-2342555423432423412.png
happydays:91fc38b91efdc764,1,https://imgix.dispenseapp.com/145c714690909516_1759495891465-661362133-2345243534312312313123123.png
happydays:968e836d03f3ca8d,1,https://imgix.dispenseapp.com/145c714690909516_1759420385668-988417155-1212312344523412312312312.png
happydays:5c0b0fc23aef87aa,1,https://imgix.dispenseapp.com/145c714690909516_1760350392587-912196056-7545334234245353.png
happydays:2f4ef0e5fd181233,1,https://imgix.dispenseapp.com/145c714690909516_1756913585790-842929101-63634248248241787414.jpg
happydays:a5e12f027a75bd9e,1,https://imgix.dispenseapp.com/145c714690909516_1759242640304-848883932-Banana_Creme_prerolls.png
happydays:084ba35404f840bc,1,https://imgix.dispenseapp.com/145c714690909516_1759875649361-805934432-345642356235.png
happydays:13b03fb6119cd6a6,1,https://imgix.dispenseapp.com/145c714690909516_1759875678539-70611590-2g_sd_x_mw.png
happydays:776be34a438e7f2b,1,https://imgix.dispenseapp.com/145c714690909516_1759242177552-753689377-LC_infused_blunt.png
happydays:c91231ba1fc8d181,1,https://imgix.dispenseapp.com/145c714690909516_1759242589106-494653399-5464545745.png
happydays:b14a1477c574526c,1,https://imgix.dispenseapp.com/145c714690909516_1768834227581-337005486-Photoroom_20260119_094710.jpeg
happydays:5a464a1427eee452,1,https://imgix.dispenseapp.com/145c714690909516_1768834117216-13821080-Photoroom_20260119_094204.jpeg
happydays:a3967656f20f2c3e,1,https://imgix.dispenseapp.com/145c714690909516_1768834140883-419326649-Photoroom_20260119_094012.jpeg
happydays:86846ba126c14d5c,1,https://imgix.dispenseapp.com/145c714690909516_1758885647588-345980460-3454353424234234.png
happydays:c4e2e470cf5cee2b,1,https://imgix.dispenseapp.com/145c714690909516_1758832394215-198596398-HDD_Dube_Tube.jpg
happydays:68c7e2d2d7cbe127,1,https://imgix.dispenseapp.com/145c714690909516_1768834289530-590963281-Photoroom_20260119_094139.jpeg
happydays:1e4ae182c9221f21,1,https://imgix.dispenseapp.com/145c714690909516_1766422245289-674927565-514541651.png
happydays:7c454bebdaf19c0f,1,https://imgix.dispenseapp.com/145c714690909516_1758611750513-721242855-IMG_9547.png
happydays:2df980b03314a0e5,1,https://imgix.dispenseapp.com/145c714690909516_1758189830791-673328267-764552435.png
happydays:c75a5b12a9361985,1,https://imgix.dispenseapp.com/145c714690909516_1755083396923-624407304-165156165131351321313132151.jpg
happydays:1d96dbcec6a1de3e,1,https://imgix.dispenseapp.com/145c714690909516_1759326385713-463627791-wm_ll.png
happydays:457dbc7e451403a8,1,https://imgix.dispenseapp.com/145c714690909516_1787411587653-256093344-LAPopRockzBotanist.avif
happydays:06c098a950b694b3,1,https://imgix.dispenseapp.com/145c714690909516_1758031921579-387882090-141415181812515151515.png
happydays:2a536f240a927426,1,https://imgix.dispenseapp.com/145c714690909516_1758031823408-315621965-23423423455234234234234234234234.png
happydays:0d61f33198f03091,1,https://imgix.dispenseapp.com/145c714690909516_1758032005141-970363628-23423423532532523424234234234.png
happydays:7ee665388972188a,1,https://imgix.dispenseapp.com/145c714690909516_1758032113547-600621445-234234255554524234234234.png
happydays:60a6b350aec6030f,1,https://imgix.dispenseapp.com/145c714690909516_1758033913194-712358268-2424523543453452424532453.png
happydays:d82c3b607564a20f,1,https://imgix.dispenseapp.com/145c714690909516_1758144358050-439381531-BONG_1.png
happydays:5b019168f4e87b5f,1,https://imgix.dispenseapp.com/145c714690909516_1758144331846-936982489-BONG_2.png
happydays:781c3840e32acd69,1,https://imgix.dispenseapp.com/145c714690909516_1788289348761-450058027-Hash_Infused_Preroll-_Berries_and_Banana-_Indica-_uX.png
happydays:001eee3d02088fda,1,https://imgix.dispenseapp.com/145c714690909516_1758047085968-808069558-specimen.JPG
happydays:8f9846ca24870dba,1,https://imgix.dispenseapp.com/145c714690909516_1758047107119-961465627-sboof.JPG
happydays:10ffa320807c5d99,1,https://imgix.dispenseapp.com/145c714690909516_1758046906728-116260043-chimera.JPG
happydays:94872670d15abfe3,1,https://imgix.dispenseapp.com/145c714690909516_1758046885366-665434300-cap.JPG
happydays:004699b2a9265c10,1,https://imgix.dispenseapp.com/145c714690909516_1757947985709-533301988-67643543242342345634534.png
happydays:bf0db24849ae5d59,1,https://imgix.dispenseapp.com/145c714690909516_1757948134880-828854042-635421875242425421.png
happydays:4b742119948c5348,1,https://imgix.dispenseapp.com/145c714690909516_1784566162754-507963960-744565.jpeg
happydays:acd339d2b10d6999,1,https://imgix.dispenseapp.com/145c714690909516_1756989983550-788550313-RYTHM-Vape-Bag-DVP-2g-Sativa-Img1.png
happydays:3772ccc1c83fe2e9,1,https://imgix.dispenseapp.com/145c714690909516_1756989838658-375478240-RYTHM-Vape-Bag-DVP-2g-Sativa-Img1.png
happydays:e00cca23fea53198,1,https://imgix.dispenseapp.com/145c714690909516_1778182218230-905689608-Special_Blue_Black_Panther_Torch.jpg
happydays:615e5e3113419f36,1,https://imgix.dispenseapp.com/145c714690909516_1756989312614-9337783-3453454577777774563453.png
happydays:67f1bf0a6fc04066,1,https://imgix.dispenseapp.com/145c714690909516_1757413433510-877767669-577656342342565343.jpg
happydays:06a3e24bd85bdb81,1,https://imgix.dispenseapp.com/145c714690909516_1757413484697-399575557-678687564354243663756.jpg
happydays:ac0105aeccfed868,1,https://imgix.dispenseapp.com/145c714690909516_1756465038479-845027561-546666656332344242.png
happydays:4bd8d6a80bf76fdf,1,https://imgix.dispenseapp.com/145c714690909516_1756465314642-465148533-65168518155515151515156.png
happydays:502e706f18735810,1,https://imgix.dispenseapp.com/145c714690909516_1756466267056-401659712-465666456453242234.png
happydays:17f7fe3e962094ef,1,https://imgix.dispenseapp.com/145c714690909516_1756465224623-488641070-63636532788421451824.png
happydays:0503c377c2ebaff0,1,https://imgix.dispenseapp.com/145c714690909516_1757347859900-461790935-1.png
happydays:fa8690bebef8697c,1,https://imgix.dispenseapp.com/145c714690909516_1757347869149-249590349-2.png
happydays:646f65c6bf93ec37,1,https://imgix.dispenseapp.com/145c714690909516_1757006500416-208963318-45245242824242452524524214.jpg
happydays:c503eb774d6aeef4,1,https://imgix.dispenseapp.com/145c714690909516_1776950135697-472985553-484.png
happydays:edab440c1588a692,1,https://imgix.dispenseapp.com/145c714690909516_1764796467892-410615348-LESOESPRESSOIMG.jpg
happydays:40428fe5f974e4b2,1,https://imgix.dispenseapp.com/145c714690909516_1756203330554-263086832-2342435346454352342342342342.png
happydays:b985379db96fa8c5,1,https://imgix.dispenseapp.com/145c714690909516_1755860207110-242876295-3423423423423423442121212122.png
happydays:67047dd36ab2d7d0,1,https://imgix.dispenseapp.com/145c714690909516_1755790621864-201450198-2342342432432424234242423423423423432.png
happydays:342f939f5664c964,1,https://imgix.dispenseapp.com/145c714690909516_1784754019743-510995062-8in_Bong_Waterpipe.png
happydays:725224148029287f,1,https://imgix.dispenseapp.com/145c714690909516_1755515550550-88138618-234324234234234234.png
happydays:725224148029287f,2,https://imgix.dispenseapp.com/145c714690909516_1755515543430-965045844-33333333333324234.png
happydays:8a60938633ada493,1,https://imgix.dispenseapp.com/145c714690909516_1755187980841-931318033-4353453534645675643454345354.jpg
happydays:6a2d6498b55503a2,1,https://imgix.dispenseapp.com/145c714690909516_1755178749223-322941566-5415641651651651651.jpg
happydays:f58182689516857d,1,https://imgix.dispenseapp.com/145c714690909516_1760093739636-937181825-99764635546.png
happydays:b62e9ad1374aefde,1,https://imgix.dispenseapp.com/145c714690909516_1776802118644-660418475-CART_1G_SATIVA_-_WHITE_THUMBNAIL.png
happydays:153ad8256dfd43f2,1,https://imgix.dispenseapp.com/145c714690909516_1755082838443-988778680-4524524382482428278274.jpg
happydays:e6fdb66f70847b87,1,https://imgix.dispenseapp.com/145c714690909516_1769549887540-347433952-6.png
happydays:288c108b741aac59,1,https://imgix.dispenseapp.com/145c714690909516_1769549931292-678937965-6.png
happydays:9f2818a867950372,1,https://imgix.dispenseapp.com/145c714690909516_1769550063029-701878735-7.png
happydays:df101e8c1a265e45,1,https://imgix.dispenseapp.com/145c714690909516_1769549916084-991242409-6.png
happydays:aa25ef5c33990527,1,https://imgix.dispenseapp.com/145c714690909516_1769549879892-632531242-6.png
happydays:feddac7b74a08517,1,https://imgix.dispenseapp.com/145c714690909516_1769549908817-66898577-6.png
happydays:f1f75b630fdd2495,1,https://imgix.dispenseapp.com/145c714690909516_1769549894783-697188845-6.png
happydays:8a01e9503af47fd7,1,https://imgix.dispenseapp.com/145c714690909516_1769550078161-544236521-7.png
happydays:2e856d8d0951fbd7,1,https://imgix.dispenseapp.com/145c714690909516_1769550032608-139199629-7.png
happydays:39a08ac2847dde33,1,https://imgix.dispenseapp.com/145c714690909516_1769550055224-867665677-7.png
happydays:5ba69903b6793a60,1,https://imgix.dispenseapp.com/145c714690909516_1769550083630-436995399-7.png
happydays:5822d84c24434656,1,https://imgix.dispenseapp.com/145c714690909516_1769550070980-984969981-7.png
happydays:58896f6cf49eef4e,1,https://imgix.dispenseapp.com/145c714690909516_1754653652943-973072207-345345345556766745634.png
happydays:3f7d19e994aa1a9a,1,https://imgix.dispenseapp.com/145c714690909516_1754653659699-952071795-345345345556766745634.png
happydays:b22949ad5a459262,1,https://imgix.dispenseapp.com/145c714690909516_1754653481722-913306610-2342342343556346345353.png
happydays:188010b3026e2bf3,1,https://imgix.dispenseapp.com/145c714690909516_1754653201248-824270733-345345335345345534.png
happydays:9ef83d004d106ffe,1,https://imgix.dispenseapp.com/145c714690909516_1754653663667-588219690-345345345556766745634.png
happydays:36097d05cf7e5d5d,1,https://imgix.dispenseapp.com/145c714690909516_1754653656248-652221824-345345345556766745634.png
happydays:f2a8f380e6cffccd,1,https://imgix.dispenseapp.com/145c714690909516_1754653649780-696370866-345345345556766745634.png
happydays:3e9e1556b3538c84,1,https://imgix.dispenseapp.com/145c714690909516_1754653211633-777432519-345345335345345534.png
happydays:ce7813cabf1079cb,1,https://imgix.dispenseapp.com/145c714690909516_1754653644505-955002734-345345345556766745634.png
happydays:aa3aeb43607d0f53,1,https://imgix.dispenseapp.com/145c714690909516_1754653206051-341016087-345345335345345534.png
happydays:3afd3c29e5fcb11c,1,https://imgix.dispenseapp.com/145c714690909516_1754653477094-230439420-2342342343556346345353.png
happydays:25c76649cf245ac7,1,https://imgix.dispenseapp.com/145c714690909516_1754653464645-388650604-2342342343556346345353.png
happydays:b519e3a213c4bde6,1,https://imgix.dispenseapp.com/145c714690909516_1754653473156-439436423-2342342343556346345353.png
happydays:fdce0d71dd74d6bf,1,https://imgix.dispenseapp.com/145c714690909516_1754653459496-842612214-2342342343556346345353.png
happydays:b11d9dd22097e991,1,https://imgix.dispenseapp.com/145c714690909516_1754653468717-824835318-2342342343556346345353.png
happydays:5e0416d972d6c189,1,https://imgix.dispenseapp.com/145c714690909516_1755688566864-963635245-2344324235532424.png
happydays:3a05ad517e6e2d43,1,https://imgix.dispenseapp.com/145c714690909516_1754317556512-427050039-35636356746753654344444.jpg
happydays:7b05606bbbf10a22,1,https://imgix.dispenseapp.com/145c714690909516_1754316604629-832838433-234324235346463454543423423.jpg
happydays:6bc49a79665db21d,1,https://imgix.dispenseapp.com/145c714690909516_1754053002559-333898667-23432432534534534523423.jpg
happydays:74e9bb6e4ffd0965,1,https://imgix.dispenseapp.com/145c714690909516_1754053571368-396909073-4526525642525243524.jpg
happydays:d89ee93942406670,1,https://imgix.dispenseapp.com/145c714690909516_1754053386538-219818428-23423423543253454353433453.jpg
happydays:04d27ca788738bd7,1,https://imgix.dispenseapp.com/145c714690909516_1754053493516-291558790-23423455325324234324234.jpg
happydays:7292d2c84a6d9392,1,https://imgix.dispenseapp.com/145c714690909516_1783541412028-949664672-4449.png
happydays:f732044c06511df6,1,https://imgix.dispenseapp.com/145c714690909516_1755273586065-158886847-4564565464577745654634535345.png
happydays:9dee28fbfd2cd162,1,https://imgix.dispenseapp.com/145c714690909516_1754306309531-313282308-414524524214528258757.png
happydays:cbf02abb41b452c6,1,https://imgix.dispenseapp.com/145c714690909516_1754305922120-806809165-452452452345324523452.png
happydays:c23318dc991b8555,1,https://imgix.dispenseapp.com/145c714690909516_1754306207884-470810184-5324534521424824124.png
happydays:ac4be2c08ceaf24f,1,https://imgix.dispenseapp.com/145c714690909516_1754306321262-498872095-414524524214528258757.png
happydays:8cda97e13858488d,1,https://imgix.dispenseapp.com/145c714690909516_1754306303586-737624506-414524524214528258757.png
happydays:1ed799ab30f3c84d,1,https://imgix.dispenseapp.com/145c714690909516_1754306292499-244678873-414524524214528258757.png
happydays:fc2cb89188cccf98,1,https://imgix.dispenseapp.com/145c714690909516_1754305936741-300490829-452452452345324523452.png
happydays:62d7aac5f159a58c,1,https://imgix.dispenseapp.com/145c714690909516_1754306298291-124656300-414524524214528258757.png
happydays:6936e276c051ac31,1,https://imgix.dispenseapp.com/145c714690909516_1754306315543-843319977-414524524214528258757.png
happydays:98e9d73babada040,1,https://imgix.dispenseapp.com/145c714690909516_1754306194253-728253893-5324534521424824124.png
happydays:98e9d73babada040,2,https://imgix.dispenseapp.com/145c714690909516_1754306202220-895117492-5324534521424824124.png
happydays:04c867a710a5678a,1,https://imgix.dispenseapp.com/145c714690909516_1754306213408-531346434-5324534521424824124.png
happydays:243315d85f3ac6df,1,https://imgix.dispenseapp.com/145c714690909516_1754305914898-341578153-452452452345324523452.png
happydays:c78a8f4966a2a0d1,1,https://imgix.dispenseapp.com/145c714690909516_1754305929130-37507954-452452452345324523452.png
happydays:61e069529543d148,1,https://imgix.dispenseapp.com/145c714690909516_1754305943506-296765863-452452452345324523452.png
happydays:9fdd562f9379bc38,1,https://imgix.dispenseapp.com/145c714690909516_1754305950245-145922716-452452452345324523452.png
happydays:9de3e388c0e13a0d,1,https://imgix.dispenseapp.com/145c714690909516_1754306218643-47058861-5324534521424824124.png
happydays:f1c46039fe126a1c,1,https://imgix.dispenseapp.com/145c714690909516_1754306224137-161746151-5324534521424824124.png
happydays:82f5e68afbeb580b,1,https://imgix.dispenseapp.com/145c714690909516_1753707629370-393472588-542452451245254.png
happydays:82f5e68afbeb580b,2,https://imgix.dispenseapp.com/145c714690909516_1753707635548-908387978-452542877857852.png
happydays:86bec0dcd560f8fe,1,https://imgix.dispenseapp.com/145c714690909516_1767385922741-808413627-CNC_STEAMROLLER.png
happydays:05e630a7aa8884f5,1,https://imgix.dispenseapp.com/145c714690909516_1754653376182-687026024-23434324325342642352345.png
happydays:387027d8e233d0f3,1,https://imgix.dispenseapp.com/145c714690909516_1754476826967-935815428-2342323432543464356345324.png
happydays:22810394887960d7,1,https://imgix.dispenseapp.com/145c714690909516_1754476838589-195984523-2342323432543464356345324.png
happydays:17abd7fa3b4a7432,1,https://imgix.dispenseapp.com/145c714690909516_1754653402215-958262090-23434324325342642352345.png
happydays:3396c869ed20e4f5,1,https://imgix.dispenseapp.com/145c714690909516_1754653391176-149868419-23434324325342642352345.png
happydays:f35055e03406511f,1,https://imgix.dispenseapp.com/145c714690909516_1754653381523-2361416-23434324325342642352345.png
happydays:22eed2e4ea269ab8,1,https://imgix.dispenseapp.com/145c714690909516_1754653396157-666288497-23434324325342642352345.png
happydays:5c2beb3d92470874,1,https://imgix.dispenseapp.com/145c714690909516_1754653386466-556022017-23434324325342642352345.png
happydays:ee24da8ae713c97d,1,https://imgix.dispenseapp.com/145c714690909516_1754476833737-454257734-2342323432543464356345324.png
happydays:31636c2c4f5c743c,1,https://imgix.dispenseapp.com/145c714690909516_1754477174284-851733652-45254245248248242453453454141.png
happydays:dda86bd166c59c53,1,https://imgix.dispenseapp.com/145c714690909516_1754477191846-368564131-45254245248248242453453454141.png
happydays:596617a0c636626e,1,https://imgix.dispenseapp.com/145c714690909516_1754477179157-903050246-45254245248248242453453454141.png
happydays:b6cd250c9a8c62f4,1,https://imgix.dispenseapp.com/145c714690909516_1754477168309-26590213-45254245248248242453453454141.png
happydays:aebee34ac0d325be,1,https://imgix.dispenseapp.com/145c714690909516_1754477184465-878420139-45254245248248242453453454141.png
happydays:900c53ddbb055b8d,1,https://imgix.dispenseapp.com/145c714690909516_1754477198899-699779866-45254245248248242453453454141.png
happydays:ae3a50bbe3efcfa4,1,https://imgix.dispenseapp.com/145c714690909516_1753888091131-907269461-234234235467578664536.png
happydays:575a7e6b6688c8de,1,https://imgix.dispenseapp.com/145c714690909516_1753354335818-186687827-36343421824852482442.png
happydays:00b6cfe48053a99f,1,https://imgix.dispenseapp.com/145c714690909516_1753354212540-264538434-452452542542452452542.png
happydays:5da3a1d5ea4aae53,1,https://imgix.dispenseapp.com/145c714690909516_1753354896000-574333592-2354534532423457567657.png
happydays:41ed9fcd1968744d,1,https://imgix.dispenseapp.com/145c714690909516_1764970967045-912391468-3512531.JPG
happydays:2b7c01fd65cee269,1,https://imgix.dispenseapp.com/145c714690909516_1775824403338-89056049-8887.png
happydays:ac389c66bf93bc33,1,https://imgix.dispenseapp.com/145c714690909516_1752773633358-856784193-4524524532453431.jpg
happydays:d0a482df117f73ce,1,https://imgix.dispenseapp.com/145c714690909516_1752773603611-699067498-452452428242842452.jpg
happydays:67828371e83125e6,1,https://imgix.dispenseapp.com/145c714690909516_1756737097074-254348486-1561651561651651561561651.png
happydays:22ca80098d8d7c6e,1,https://imgix.dispenseapp.com/145c714690909516_1752591570673-888963461-AlienOG-All-In-One-Vape.png
happydays:a561beb71a15f251,1,https://imgix.dispenseapp.com/145c714690909516_1756463199990-17156796-1111111111111111111111111111111111111111111524.jpg
happydays:79daf1d37b63b628,1,https://d1qjybsjlbmhj3.cloudfront.net/1751568584521-640396539-032165165153.png
happydays:cddff4b0a93431c3,1,https://imgix.dispenseapp.com/145c714690909516_1751290449216-6566222-LostFarm.NY.SL.NA.ProductMenu_wGummies.jpg
happydays:788bfd32121db00b,1,https://imgix.dispenseapp.com/145c714690909516_1753813842217-60772711-651651651651651651.jpg
happydays:f18d29cfe05f6a23,1,https://imgix.dispenseapp.com/145c714690909516_1751366494437-331366924-452452542322114.png
happydays:ef1bad5dbd593bc6,1,https://imgix.dispenseapp.com/145c714690909516_1751035160346-518141045-0005484654131.png
happydays:ef1bad5dbd593bc6,2,https://imgix.dispenseapp.com/145c714690909516_1751035171244-981499340-11321464846.png
happydays:b2e379d9be7d7f2f,1,https://imgix.dispenseapp.com/145c714690909516_1750933382922-702611308-456445654654645654654645.png
happydays:bff3d80b865e88f7,1,https://imgix.dispenseapp.com/145c714690909516_1755597256689-838964695-14141412424452452452452452452.png
happydays:ce55614f3bb88825,1,https://imgix.dispenseapp.com/145c714690909516_1750268295263-362829521-Picture_1.png
happydays:5932b8f5da518527,1,https://imgix.dispenseapp.com/145c714690909516_1750268454133-890392632-4.png
happydays:81344850639cd326,1,https://imgix.dispenseapp.com/145c714690909516_1750268282385-614692521-Picture_1.png
happydays:57d800ee33bc8e50,1,https://imgix.dispenseapp.com/145c714690909516_1750268251836-598715221-Picture_1.png
happydays:419521e3fbc00089,1,https://imgix.dispenseapp.com/145c714690909516_1750268414623-918368943-4.png
happydays:6c756e6ba314b361,1,https://imgix.dispenseapp.com/145c714690909516_1750268274140-954192986-Picture_1.png
happydays:9f789c2506eaf751,1,https://imgix.dispenseapp.com/145c714690909516_1750268340649-754525412-6.png
happydays:2dd5220871081e35,1,https://imgix.dispenseapp.com/145c714690909516_1750268320360-150957349-6.png
happydays:42b21ccfb06f1db5,1,https://imgix.dispenseapp.com/145c714690909516_1750268443727-946946731-4.png
happydays:f8346916d0ef2226,1,https://imgix.dispenseapp.com/145c714690909516_1750268069096-116483206-Picture_3.png
happydays:68002fc98061d8a1,1,https://imgix.dispenseapp.com/145c714690909516_1750267900290-118450370-Picture_3.png
happydays:75da56338e3b8c0c,1,https://imgix.dispenseapp.com/145c714690909516_1750268076734-609258090-Picture_3.png
happydays:6724e75de48c2ea1,1,https://imgix.dispenseapp.com/145c714690909516_1750267873428-418326592-5.png
happydays:a18dd6b6baa87802,1,https://imgix.dispenseapp.com/145c714690909516_1750267907042-817454119-Picture_3.png
happydays:bcf59c52114e3db6,1,https://imgix.dispenseapp.com/145c714690909516_1750267847165-329618559-5.png
happydays:38e5d47aba114c66,1,https://imgix.dispenseapp.com/145c714690909516_1750267783474-908351164-5.png
happydays:19be51e2fc143b96,1,https://imgix.dispenseapp.com/145c714690909516_1750353534532-142481554-26.png
happydays:27486aa8a42c5dad,1,https://imgix.dispenseapp.com/145c714690909516_1749674033695-849676857-3_(1).png
happydays:69411055d4e4d795,1,https://imgix.dispenseapp.com/145c714690909516_1749674042802-470168739-3_(1).png
happydays:cc90446533465447,1,https://imgix.dispenseapp.com/145c714690909516_1749674009393-70485629-3_(1).png
happydays:7fe1a53bb6cbd88c,1,https://imgix.dispenseapp.com/145c714690909516_1777903450563-559504823-565245.avif
happydays:308ef244d9ae83aa,1,https://imgix.dispenseapp.com/145c714690909516_1777904163909-284263414-543636546456.avif
happydays:8691c22cddf560e7,1,https://imgix.dispenseapp.com/145c714690909516_1777903728751-566612638-53462456345.avif
happydays:b3bf5a2e914e2df1,1,https://imgix.dispenseapp.com/145c714690909516_1749055639570-839885366-156878781515.png
happydays:22e56144cb7e4625,1,https://imgix.dispenseapp.com/145c714690909516_1748869252508-737086479-234523452356.png
happydays:87f5cd1d64857ed6,1,https://imgix.dispenseapp.com/145c714690909516_1748869236792-883145769-325625634653.png
happydays:447ecf5331504290,1,https://imgix.dispenseapp.com/145c714690909516_1748869221145-159878383-345645634563.png
happydays:c36751e1020f5ea7,1,https://imgix.dispenseapp.com/145c714690909516_1748869271605-20599172-345645634563.png
happydays:d42c2f6eee2f11ad,1,https://imgix.dispenseapp.com/145c714690909516_1748947508969-669181737-5756757567567567567.png
happydays:82a748716834ae07,1,https://imgix.dispenseapp.com/145c714690909516_1748633073897-560082762-234234324324555.jpg
happydays:5137b95e445f5ed8,1,https://imgix.dispenseapp.com/145c714690909516_1748638963775-11653575-99062234126666.png
happydays:a61a2c818278ee18,1,https://imgix.dispenseapp.com/145c714690909516_1748704424613-636741551-453453525.png
happydays:6b96767b5b4125f0,1,https://imgix.dispenseapp.com/145c714690909516_1750527190364-686581320-235425423553.jpg
happydays:2b08704bb4b5cc93,1,https://imgix.dispenseapp.com/145c714690909516_1748615374786-71860291-34143124113223.png
happydays:42af36349963d6a3,1,https://imgix.dispenseapp.com/145c714690909516_1740572868979-269269276-333333333354.jpg
happydays:4d3de2f701ce47ee,1,https://imgix.dispenseapp.com/145c714690909516_1740572965287-326312787-22222222223.jpg
happydays:59fe0930606b3bbe,1,https://imgix.dispenseapp.com/145c714690909516_1751636113208-607010530-54654646546546.png
happydays:0261f7ad7332efe8,1,https://imgix.dispenseapp.com/145c714690909516_1748382975438-373262868-165746841131.png
happydays:a78092576e352110,1,https://imgix.dispenseapp.com/145c714690909516_1748515042057-275560248-6336378745242.jpg
happydays:af3fe7c0b438d27b,1,https://imgix.dispenseapp.com/145c714690909516_1748515053751-21154012-6363482452452.jpg
happydays:3f57bd574d522a5e,1,https://imgix.dispenseapp.com/145c714690909516_1747663910122-944304603-23423411234.png
happydays:a8c90ae2925ae30a,1,https://d1qjybsjlbmhj3.cloudfront.net/1747959871236-716680389-Jack%20Herer.png
happydays:8dbdef78e217f41a,1,https://imgix.dispenseapp.com/145c714690909516_1747937954559-802941263-2.png
happydays:a0910a25b96b5e07,1,https://imgix.dispenseapp.com/145c714690909516_1747938217667-981197607-2.png
happydays:65a37f56c3ae6111,1,https://imgix.dispenseapp.com/145c714690909516_1747938301565-289326489-1.png
happydays:14d2b5b2b2462464,1,https://imgix.dispenseapp.com/145c714690909516_1747938284922-741942771-1.png
happydays:019ecafd14ba2643,1,https://imgix.dispenseapp.com/145c714690909516_1747938328962-115086984-1.png
happydays:ee8604d584e6b110,1,https://imgix.dispenseapp.com/145c714690909516_1747937963901-77428082-2.png
happydays:c538668ec55a615f,1,https://imgix.dispenseapp.com/145c714690909516_1747938228225-979933202-2.png
happydays:f617569fa02601d9,1,https://imgix.dispenseapp.com/145c714690909516_1747937944426-273879746-2.png
happydays:951b07dc0bbabec8,1,https://imgix.dispenseapp.com/145c714690909516_1747938275792-155126575-1.png
happydays:4c63b875cc29fd33,1,https://imgix.dispenseapp.com/145c714690909516_1747938309621-778638592-1.png
happydays:eb76c9054fc4d1e0,1,https://imgix.dispenseapp.com/145c714690909516_1747938293711-997837100-1.png
happydays:07fa990c716dc6d2,1,https://imgix.dispenseapp.com/145c714690909516_1747938207064-691911619-2.png
happydays:f24cd3edcc03f276,1,https://imgix.dispenseapp.com/145c714690909516_1748270933572-576628240-4524524884214.jpg
happydays:462e2479e0b46746,1,https://imgix.dispenseapp.com/145c714690909516_1787102112071-745888216-GreenCrackFXPR.png
happydays:112e68eb532cd285,1,https://imgix.dispenseapp.com/145c714690909516_1787101226529-213551360-WhiteWidowFx.png
happydays:a3bc4bd283949e26,1,https://imgix.dispenseapp.com/145c714690909516_1787101321750-123153133-LiftOffFx.png
happydays:b32b49e5c6a10b5e,1,https://imgix.dispenseapp.com/145c714690909516_1787102147364-690636942-WhiteTruffleFxPR.png
happydays:e55448b8067baa9d,1,https://imgix.dispenseapp.com/145c714690909516_1787102007132-501657375-GlitterBombFxPR.png
happydays:45e9794635750ef7,1,https://imgix.dispenseapp.com/145c714690909516_1787101142227-656795612-ChillOutFx.png
happydays:bf46bb6affcc6652,1,https://imgix.dispenseapp.com/145c714690909516_1747767515374-420409895-4524523434452.png
happydays:b9ac89755bf475cb,1,https://imgix.dispenseapp.com/145c714690909516_1747662100275-61190100-45245248478.jpg
happydays:c871aa9a9ad09bd7,1,https://imgix.dispenseapp.com/145c714690909516_1747604462212-109801527-10.png
happydays:d4ebd2419bea0694,1,https://imgix.dispenseapp.com/145c714690909516_1747604450896-145815003-8.png
happydays:f9e89d27cc2fdbe2,1,https://imgix.dispenseapp.com/145c714690909516_1747604439323-230352995-12.png
happydays:6834a0bd32b619de,1,https://imgix.dispenseapp.com/145c714690909516_1747439443876-610165743-2465465656335435.png
happydays:594338781c270b42,1,https://imgix.dispenseapp.com/145c714690909516_1747439512455-288622768-1445687899.png
happydays:e7c72261db43e935,1,https://imgix.dispenseapp.com/145c714690909516_1747439565828-630429841-2344111143563.png
happydays:f0e1090667b315db,1,https://imgix.dispenseapp.com/145c714690909516_1747439519953-332142855-1445687899.png
happydays:f961ed33c922fd97,1,https://imgix.dispenseapp.com/145c714690909516_1747395507101-120504858-54241788877.png
happydays:9843c8b420548262,1,https://imgix.dispenseapp.com/145c714690909516_1747327394732-219080137-Trop_Cherry_Flower.jpg
happydays:08c5f22b2d5b0ed8,1,https://imgix.dispenseapp.com/145c714690909516_1748117726250-387029674-414562152626.png
happydays:8976ed4a6b0782cd,1,https://imgix.dispenseapp.com/145c714690909516_1747237115708-786929151-12.png
happydays:71d5c3ea5efc474e,1,https://imgix.dispenseapp.com/145c714690909516_1747237129344-265706008-8.png
happydays:240c3d8b95cbb3ad,1,https://imgix.dispenseapp.com/145c714690909516_1747237156736-179735776-11.png
happydays:cc7b6cfbd10224c1,1,https://imgix.dispenseapp.com/145c714690909516_1747237102669-951850386-8.png
happydays:6db69465bdb4f36b,1,https://imgix.dispenseapp.com/145c714690909516_1747237145809-732153641-10.png
happydays:6cc144fa8bfac482,1,https://imgix.dispenseapp.com/145c714690909516_1747146159614-897329212-45245248584877.png
happydays:6cc144fa8bfac482,2,https://imgix.dispenseapp.com/145c714690909516_1747146162202-398189622-45251242452452.jpg
happydays:e021a05dd029b615,1,https://imgix.dispenseapp.com/145c714690909516_1746615020444-949804971-4928731314.png
happydays:e021a05dd029b615,2,https://imgix.dispenseapp.com/145c714690909516_1747146169722-243005291-45251242452452.jpg
happydays:63b669b027cb8796,1,https://imgix.dispenseapp.com/145c714690909516_1746615147092-370274761-633634884141.png
happydays:0b48318061ce9558,1,https://imgix.dispenseapp.com/145c714690909516_1746808928749-399978334-234234324123.jpg
happydays:41e72a1aa8899092,1,https://imgix.dispenseapp.com/145c714690909516_1746788976536-583500801-452452458884.png
happydays:41e72a1aa8899092,2,https://imgix.dispenseapp.com/145c714690909516_1746788992646-247147233-2342311123.png
happydays:431064d3691d5f48,1,https://imgix.dispenseapp.com/145c714690909516_1747046783168-20896991-452452428484.png
happydays:f0d2f706d612e311,1,https://imgix.dispenseapp.com/145c714690909516_1746788478489-197855942-95925626512651.png
happydays:dd5793fa7d5dd6da,1,https://imgix.dispenseapp.com/145c714690909516_1746786680666-309474214-3453455322234.png
happydays:c3278859e6f9e011,1,https://imgix.dispenseapp.com/145c714690909516_1746788548548-751506375-515198165165.png
happydays:9c574c6b0e833d24,1,https://imgix.dispenseapp.com/145c714690909516_1746729499944-654061140-6787843.jpg
happydays:9c574c6b0e833d24,2,https://imgix.dispenseapp.com/145c714690909516_1746826336704-715215364-87908065875.png
happydays:72b15faccdeb5a0f,1,https://imgix.dispenseapp.com/145c714690909516_1746899257695-827517348-8.png
happydays:fd082d857922e0d7,1,https://imgix.dispenseapp.com/145c714690909516_1746899495213-772282080-12.png
happydays:85a50b98aa086885,1,https://imgix.dispenseapp.com/145c714690909516_1746899473073-21811237-11.png
happydays:c4c8b408e4c6e947,1,https://imgix.dispenseapp.com/145c714690909516_1746899409479-657508756-8.png
happydays:39f1ddec3ac9ce65,1,https://imgix.dispenseapp.com/145c714690909516_1746906160847-854050513-6455722222222.webp
happydays:03e0a67af26f1691,1,https://imgix.dispenseapp.com/145c714690909516_1746655779705-783409274-43635635435235.jpg
happydays:ac9c8e5f9204a2e6,1,https://imgix.dispenseapp.com/145c714690909516_1746655742205-739121467-343563626236.jpg
happydays:b61efdd841a12edb,1,https://imgix.dispenseapp.com/145c714690909516_1746038780345-378787691-653756375.jpg
happydays:2b321ada99b0ddc9,1,https://imgix.dispenseapp.com/145c714690909516_1745862844207-215748675-63634521452452.png
happydays:9ed03b9fadf9c5e8,1,https://imgix.dispenseapp.com/145c714690909516_1751562649311-43623857-4141414142452452848.png
happydays:8e450cfd59b1750c,1,https://imgix.dispenseapp.com/145c714690909516_1745862764851-556563989-3453455345345345.png
happydays:1ce27b2586d34dfc,1,https://imgix.dispenseapp.com/145c714690909516_1745787769865-898092375-6876878674.png
happydays:b1f64f3b20bf51ad,1,https://imgix.dispenseapp.com/145c714690909516_1780331517071-955251212-1567.jpeg
happydays:9ce9993e64f27798,1,https://imgix.dispenseapp.com/145c714690909516_1746887324702-551175781-675613212121.webp
happydays:96bd7b31b0e622c4,1,https://imgix.dispenseapp.com/145c714690909516_1745326844132-77968304-222222222223.png
happydays:43fb75738c83f005,1,https://imgix.dispenseapp.com/145c714690909516_1745440127927-616198762-234234234432.png
happydays:68e0eaaf7648ceea,1,https://imgix.dispenseapp.com/145c714690909516_1745439962035-166402571-23424234234.jpg
happydays:05edd4deaf7d7f00,1,https://imgix.dispenseapp.com/145c714690909516_1760625432948-121302741-Maui_Wowie_copy.jpg
happydays:c669453c5e51679a,1,https://imgix.dispenseapp.com/145c714690909516_1782132176209-600107234-4643.png
happydays:7a1f26e94190bd5c,1,https://imgix.dispenseapp.com/145c714690909516_1751554253515-409683183-234234332432432432423423432.jpg
happydays:ee4cd4271c3bdb32,1,https://imgix.dispenseapp.com/145c714690909516_1744890276308-124895709-63634214278.jpg
happydays:acb1b81732680e2d,1,https://imgix.dispenseapp.com/145c714690909516_1744888604718-710382822-452542414.jpg
happydays:a824070fc51c07a3,1,https://imgix.dispenseapp.com/145c714690909516_1745005467855-371370955-65763434734.png
happydays:ca4034c2d66e1fd5,1,https://imgix.dispenseapp.com/145c714690909516_1744889085208-550097260-453245343453.jpg
happydays:f795049d435702c2,1,https://imgix.dispenseapp.com/145c714690909516_1763382248948-622158178-2343444444423.png
happydays:986cae6d3095e25b,1,https://imgix.dispenseapp.com/145c714690909516_1744926713498-723184657-234141.png
happydays:e5a5ed46a820400f,1,https://imgix.dispenseapp.com/145c714690909516_1744890270883-905090965-63634214278.jpg
happydays:0a16441ddae87c32,1,https://imgix.dispenseapp.com/145c714690909516_1749810054253-289268604-52452482482.png
happydays:712f43e8d29b01c5,1,https://imgix.dispenseapp.com/145c714690909516_1744220727885-227259283-234234234234423434234324234234.jpg
happydays:1ece22532681f9b5,1,https://imgix.dispenseapp.com/145c714690909516_1760963105829-59504404-452452532241.png
happydays:c4ee9511691e9e58,1,https://imgix.dispenseapp.com/145c714690909516_1743981324501-105590828-6875418641.png
happydays:01a21da7a9b63ca1,1,https://imgix.dispenseapp.com/145c714690909516_1743980849392-286697016-23746876854.png
happydays:ed2d6dedf2c731a4,1,https://imgix.dispenseapp.com/145c714690909516_1751138667180-736185581-021545413.jpg
happydays:9dd91508b2ba912b,1,https://imgix.dispenseapp.com/145c714690909516_1743681750745-455941372-346545745.png
happydays:3be63efcf6e9d7cb,1,https://imgix.dispenseapp.com/145c714690909516_1746980434854-115070070-39.png
happydays:3be63efcf6e9d7cb,2,https://imgix.dispenseapp.com/145c714690909516_1746980437962-109838288-40.png
happydays:3be63efcf6e9d7cb,3,https://imgix.dispenseapp.com/145c714690909516_1746980427544-574799188-46.png
happydays:3be63efcf6e9d7cb,4,https://imgix.dispenseapp.com/145c714690909516_1746980442965-480439180-43.png
happydays:19c175ca15adf5f5,1,https://imgix.dispenseapp.com/145c714690909516_1746906441613-420627133-46.png
happydays:a946c00bf99ad4fc,1,https://imgix.dispenseapp.com/145c714690909516_1746906291839-987388886-46.png
happydays:07d1c97506ad3de1,1,https://imgix.dispenseapp.com/145c714690909516_1743510490861-395116188-23432423432423434234423.png
happydays:bdebcdc9582da527,1,https://imgix.dispenseapp.com/145c714690909516_1743510449074-441638022-111111212312312312.png
happydays:382baee4f203f66d,1,https://imgix.dispenseapp.com/145c714690909516_1743510379251-248391918-111111212312312312.png
happydays:92b9ba007677b708,1,https://imgix.dispenseapp.com/145c714690909516_1762253887295-38287458-111111111111111111114142.png
happydays:e6f18c6a8eca9e34,1,https://imgix.dispenseapp.com/145c714690909516_1784982545036-579439631-leancones.jpg
happydays:850cd1ee05d3e18a,1,https://imgix.dispenseapp.com/145c714690909516_1743517824849-581237457-347346736.png
happydays:d379508d10b4c1cb,1,https://imgix.dispenseapp.com/145c714690909516_1743517810014-534739665-56736783.png
happydays:26ef3ae69951884c,1,https://imgix.dispenseapp.com/145c714690909516_1744053749738-815594285-13331112212111111111.png
happydays:ba909ce958331261,1,https://imgix.dispenseapp.com/145c714690909516_1744053694585-783924721-2343242341112112.png
happydays:3f7aa79be961a36a,1,https://imgix.dispenseapp.com/145c714690909516_1782906558953-518014129-9462.png
happydays:2a69a79d672ab497,1,https://imgix.dispenseapp.com/145c714690909516_1742999084420-132609697-32312434231.png
happydays:4511ea35cf7d6ddd,1,https://imgix.dispenseapp.com/145c714690909516_1742999030899-366340563-41414142245.png
happydays:cb530fbb08547c01,1,https://imgix.dispenseapp.com/145c714690909516_1742911797615-265084637-4142424241411111.jpg
happydays:e7da2cb0b8a6a1f9,1,https://imgix.dispenseapp.com/145c714690909516_1746909409081-64022104-nantuket_gray_(2).png
happydays:1276bc18cb08f54b,1,https://imgix.dispenseapp.com/145c714690909516_1746909351468-825685830-nantuket_gray_(2).png
happydays:a3050e6f968e09f2,1,https://imgix.dispenseapp.com/145c714690909516_1746909339868-156498717-nantuket_gray_(2).png
happydays:a086ee124ab72c9e,1,https://imgix.dispenseapp.com/145c714690909516_1742939844075-655940471-9874458.png
happydays:dca92c965e23db67,1,https://imgix.dispenseapp.com/145c714690909516_1742939892451-101498992-57645674567.png
happydays:5870d3faf44f0fb1,1,https://imgix.dispenseapp.com/145c714690909516_1742939681706-439992713-3566456.png
happydays:c331de6ddca03c17,1,https://imgix.dispenseapp.com/145c714690909516_1742816548910-805809298-63634141.png
happydays:3ea970001b4e1c5c,1,https://imgix.dispenseapp.com/145c714690909516_1742827392669-16002960-452363563.png
happydays:9bc2cdc11743bc3e,1,https://imgix.dispenseapp.com/145c714690909516_1742901225847-742478251-234234234234234.png
happydays:db7860a04f7189fe,1,https://imgix.dispenseapp.com/145c714690909516_1742901286452-179597321-23434423423423353532324.png
happydays:9b98ccf2fa0a81f1,1,https://imgix.dispenseapp.com/145c714690909516_1743785186842-456892860-2343342431111211.png
happydays:a771eddff00297bd,1,https://imgix.dispenseapp.com/145c714690909516_1742901353524-374087843-232423423412143445.png
happydays:e965e11f7459f0a9,1,https://imgix.dispenseapp.com/145c714690909516_1742500776486-650655085-IMG_7508.jpeg
happydays:d1c044c204bd0b38,1,https://imgix.dispenseapp.com/145c714690909516_1742471142818-66984804-34534534545435345345345.png
happydays:853a8a8933f5717b,1,https://imgix.dispenseapp.com/145c714690909516_1742391946258-388581123-4141245345.png
happydays:d361d2886c2ab6a7,1,https://imgix.dispenseapp.com/145c714690909516_1744247578003-324274824-657651564.png
happydays:0a73783254c97fe4,1,https://imgix.dispenseapp.com/145c714690909516_1745610618253-153686065-354746531.png
happydays:674094021ee3ac5d,1,https://imgix.dispenseapp.com/145c714690909516_1742340811552-555627828-Jaunty-StrawberryMeltz-Badder.png
happydays:09b7c683af5400a3,1,https://imgix.dispenseapp.com/145c714690909516_1742467913566-933293570-453245354414.png
happydays:5530c62ae3b44346,1,https://imgix.dispenseapp.com/145c714690909516_1742468123304-923747111-899808908908.png
happydays:59210e8eb47a3d31,1,https://imgix.dispenseapp.com/145c714690909516_1742468117692-457039296-899808908908.png
happydays:9a37c80925f0bdb2,1,https://imgix.dispenseapp.com/145c714690909516_1741980972180-889696424-122143432453.png
happydays:09ba4830e0b04962,1,https://imgix.dispenseapp.com/145c714690909516_1743785221823-557941219-11212443543242423.png
happydays:f30bd086d4fda16d,1,https://imgix.dispenseapp.com/145c714690909516_1741861167123-111535916-234234234235555.png
happydays:c67659056096827f,1,https://imgix.dispenseapp.com/145c714690909516_1760094722701-190855159-74674675544234252345425.png
happydays:4fe5ff48f7927fd7,1,https://imgix.dispenseapp.com/145c714690909516_1760094575735-137471131-758432563452534.png
happydays:5ad2684a8c72c03e,1,https://imgix.dispenseapp.com/145c714690909516_1741860602751-795739129-23432411111111.jpg
happydays:f9d0a56dc75481ee,1,https://imgix.dispenseapp.com/145c714690909516_1741781671234-633965919-2343412354455.jpg
happydays:d6352f45e52267e2,1,https://imgix.dispenseapp.com/145c714690909516_1741781778534-957623628-1122452453.jpg
happydays:17958501c9c54cbc,1,https://imgix.dispenseapp.com/145c714690909516_1746094761959-48406251-234234241231232.png
happydays:4e8034f0600c255a,1,https://imgix.dispenseapp.com/145c714690909516_1741733627773-437007398-raw_ks.png
happydays:a4a3ea44006e14c7,1,https://imgix.dispenseapp.com/145c714690909516_1741618763323-809572205-789688965856.jpg
happydays:fa086935948f4932,1,https://imgix.dispenseapp.com/145c714690909516_1741702450849-457790325-414141222254.jpg
happydays:729e57da7b46e8b0,1,https://imgix.dispenseapp.com/145c714690909516_1758803129129-333138795-23423423423555234232.png
happydays:392a3d030cf4818b,1,https://imgix.dispenseapp.com/145c714690909516_1741350913939-776355410-34545342222232354.png
happydays:11f174ba23972862,1,https://imgix.dispenseapp.com/145c714690909516_1745772498869-915828930-42566363634634.png
happydays:5f90be72a824f5e0,1,https://imgix.dispenseapp.com/145c714690909516_1741202206173-353370217-2343242234.png
happydays:8bb6c09dfbc120fa,1,https://imgix.dispenseapp.com/145c714690909516_1740753769151-597005203-234344434423.jpg
happydays:fba7cc116b5b629c,1,https://imgix.dispenseapp.com/145c714690909516_1740753791348-75388798-666654.jpg
happydays:9190c349a7e2f6c4,1,https://imgix.dispenseapp.com/145c714690909516_1765285779317-859711485-345684984.PNG
happydays:9190c349a7e2f6c4,2,https://imgix.dispenseapp.com/145c714690909516_1765285805368-26628694-9999999999999.PNG
happydays:2ef3d6009cee69e2,1,https://imgix.dispenseapp.com/145c714690909516_1765276731305-850691419-789625252.PNG
happydays:2ef3d6009cee69e2,2,https://imgix.dispenseapp.com/145c714690909516_1765276734411-655750268-9999899999999999999999999999999.PNG
happydays:c79012f645c78427,1,https://imgix.dispenseapp.com/145c714690909516_1740493579890-619831224-45245245245245254.png
happydays:f08cfcb375c61969,1,https://imgix.dispenseapp.com/145c714690909516_1740758915005-700322989-45353534531121.jpg
happydays:2e1fe437123a4b39,1,https://imgix.dispenseapp.com/145c714690909516_1740495022527-170411961-636354520.png
happydays:68b3c461f71a646e,1,https://imgix.dispenseapp.com/145c714690909516_1740572917251-151636561-111111111111212.jpg
happydays:9724a8bf2f8be946,1,https://imgix.dispenseapp.com/145c714690909516_1740572810982-156882357-234234234234.jpg
happydays:057f0998842d1610,1,https://imgix.dispenseapp.com/145c714690909516_1740414460679-492332883-chambers_0000_Pivot-Onyx_-2-Pack_-3D-Chamber_-Open.webp
happydays:30964a503dc5ad6a,1,https://imgix.dispenseapp.com/145c714690909516_1762780538999-887750640-34534545555435.jpeg
happydays:e9d95d5c53a75363,1,https://imgix.dispenseapp.com/145c714690909516_1769685559331-890545761-11.jpg
happydays:7f0bd3c96467a150,1,https://imgix.dispenseapp.com/145c714690909516_1740401696457-702643092-111414141422.jpg
happydays:ef97ac3b2c3d5d3c,1,https://imgix.dispenseapp.com/145c714690909516_1740095483755-795706044-578578568.jpg
happydays:aee9f405677a5897,1,https://imgix.dispenseapp.com/145c714690909516_1785510852951-201483792-ICE_CREAM_SUNDAE_3.5_JAR_-_BSRICS00003.jpg
happydays:0e3be4d7965c2a76,1,https://imgix.dispenseapp.com/145c714690909516_1739617912122-822693054-galactic_gas_-_disposable.jpeg
happydays:1bb47b637c63e490,1,https://imgix.dispenseapp.com/145c714690909516_1739618001505-141845242-raspberry_kush_-_disposable.jpeg
happydays:446aa177c7fc49e1,1,https://imgix.dispenseapp.com/145c714690909516_1739618117419-926845877-tiger's_blood_-_disposable.jpeg
happydays:ae0da4956ea52a12,1,https://imgix.dispenseapp.com/145c714690909516_1739618250547-865830428-alien_og_-_510_thread.jpeg
happydays:9e0c7461c980fc68,1,https://imgix.dispenseapp.com/145c714690909516_1739618345455-847990509-jealousy_-_510_thread.jpeg
happydays:6d453f4b067d68b3,1,https://imgix.dispenseapp.com/145c714690909516_1739909390519-128055470-414141414142.png
happydays:8dd383bb0330a9ab,1,https://imgix.dispenseapp.com/145c714690909516_1755775230194-183676784-3543424524142142414414.PNG
happydays:8dd383bb0330a9ab,2,https://imgix.dispenseapp.com/145c714690909516_1755775230239-245275007-8757851414.PNG
happydays:8dd383bb0330a9ab,3,https://imgix.dispenseapp.com/145c714690909516_1755775244668-962663393-524248884848241414141.png
happydays:842c51dc4a8e37ff,1,https://imgix.dispenseapp.com/145c714690909516_1739548524970-130325415-1212342543545.png
happydays:842c51dc4a8e37ff,2,https://imgix.dispenseapp.com/145c714690909516_1739548527475-227143907-4.png
happydays:9ca3503a5981aca0,1,https://imgix.dispenseapp.com/145c714690909516_1784566335913-808278935-234223424.png
happydays:b4df72deaefe1a3b,1,https://imgix.dispenseapp.com/145c714690909516_1774556658890-119767426-6.png
happydays:6dbe13ee23921112,1,https://imgix.dispenseapp.com/145c714690909516_1746903293894-554362878-dip_dye_hoodie.png
happydays:6b1bca1d6745b204,1,https://imgix.dispenseapp.com/145c714690909516_1746904072375-594492885-dip_dye_shorts.png
happydays:77255e99e0f66183,1,https://imgix.dispenseapp.com/145c714690909516_1746904117910-375761248-blue_crop.png
happydays:ebf9d4d3756e1f45,1,https://imgix.dispenseapp.com/145c714690909516_1746904133093-56925230-blue_crop.png
happydays:9168adaee51ba8f1,1,https://imgix.dispenseapp.com/145c714690909516_1746904148323-961547953-blue_crop.png
happydays:8506ea40e7c9319e,1,https://imgix.dispenseapp.com/145c714690909516_1746904217863-991406104-blue_crop.png
happydays:596eeaef7e4a5e8c,1,https://imgix.dispenseapp.com/145c714690909516_1746904452176-359566100-coffee_crop.png
happydays:94fbe554b7588fff,1,https://imgix.dispenseapp.com/145c714690909516_1746904434730-641834986-coffee_crop.png
happydays:859ac9b6da23196c,1,https://imgix.dispenseapp.com/145c714690909516_1746904414176-38954961-coffee_crop.png
happydays:b58c788427ce385d,1,https://imgix.dispenseapp.com/145c714690909516_1738668571495-33414647-1232333431243434.png
happydays:c69c4d721ba87dd9,1,https://imgix.dispenseapp.com/145c714690909516_1739273286891-647363331-12121234445.png
happydays:75439f467e397f2b,1,https://imgix.dispenseapp.com/145c714690909516_1739267422923-976594523-tangie_dream_-_510_thread.jpeg
happydays:d368bd38da4c6b3f,1,https://imgix.dispenseapp.com/145c714690909516_1739267471486-315542242-king_louis_xiii_-_disposable.jpeg
happydays:ec1f925696fc8a1c,1,https://imgix.dispenseapp.com/145c714690909516_1739051774210-573690083-Orange_14g_(Acapulco_Gold).png
happydays:72952d8efb654f98,1,https://imgix.dispenseapp.com/145c714690909516_1739051812415-84908094-Cream_3.5_(Super_Lemon_Haze).png
happydays:a434ed7548981e41,1,https://imgix.dispenseapp.com/145c714690909516_1739051787093-556326534-Green_3.5_(Jack_Herer).png
happydays:6312201b62bc8f33,1,https://imgix.dispenseapp.com/145c714690909516_1738668009293-928745149-12334122343.png
happydays:60356f14b29c7531,1,https://imgix.dispenseapp.com/145c714690909516_1738667902380-123627104-2342341212.png
happydays:10757e2e3b2532f1,1,https://imgix.dispenseapp.com/145c714690909516_1738668791336-173512230-999879676.png
happydays:6ab11211d699a150,1,https://imgix.dispenseapp.com/145c714690909516_1738668471268-485730776-2342341213424.png
happydays:21cae26a382a6811,1,https://imgix.dispenseapp.com/145c714690909516_1738771766661-296527260-234234123444.png
happydays:e05607a3b63a4267,1,https://imgix.dispenseapp.com/145c714690909516_1733503513262-185500641-16_Tall_Colour_Changing_Moe_Money_Tube_Triple_Donut.jpeg
happydays:48c7a4f704acdc2f,1,https://imgix.dispenseapp.com/145c714690909516_1787065268906-488650102-BlackCherryHH.jpg
happydays:31abec79f78a864b,1,https://imgix.dispenseapp.com/145c714690909516_1746902879325-148830463-3.png
happydays:66aebc765bb5dc94,1,https://imgix.dispenseapp.com/145c714690909516_1747938485446-240685910-1_(1).png
happydays:b9917cf40e313cac,1,https://imgix.dispenseapp.com/145c714690909516_1746903103240-210307640-4.png
happydays:b9917cf40e313cac,2,https://imgix.dispenseapp.com/145c714690909516_1746903091477-542924535-5.png
happydays:d3880f2bc3e2c28d,1,https://imgix.dispenseapp.com/145c714690909516_1746903117298-98869327-5.png
happydays:d3880f2bc3e2c28d,2,https://imgix.dispenseapp.com/145c714690909516_1746903122601-324624130-4.png
happydays:8127c7087dc72d47,1,https://imgix.dispenseapp.com/145c714690909516_1739274886057-144282355-1232144.png
happydays:b54089f51dd1deb7,1,https://imgix.dispenseapp.com/145c714690909516_1739274909522-321270555-54523.png
happydays:f84b038f6d3dfc5f,1,https://imgix.dispenseapp.com/145c714690909516_1737984237537-537011615-123334445543.jpg
happydays:b0d426a5b7bdf1e6,1,https://imgix.dispenseapp.com/145c714690909516_1737984162972-164341349-123221223.jpg
happydays:5032a244b95ff2c3,1,https://imgix.dispenseapp.com/145c714690909516_1763463983987-52383949-8434514254.jpg
happydays:66e265ecc96af270,1,https://imgix.dispenseapp.com/145c714690909516_1737747566042-115496887-121212312341254124.jpg
happydays:1f61dd3da789e14b,1,https://imgix.dispenseapp.com/145c714690909516_1746985886683-674604907-20250511_134507.jpg
happydays:1f61dd3da789e14b,2,https://imgix.dispenseapp.com/145c714690909516_1746985889589-951645170-20250511_134457.jpg
happydays:1f61dd3da789e14b,3,https://imgix.dispenseapp.com/145c714690909516_1746985892344-875719048-20250511_134440.jpg
happydays:670f810390715ea8,1,https://imgix.dispenseapp.com/145c714690909516_1760093706001-315748019-36345321428424141.png
happydays:d0a245ab068353a5,1,https://imgix.dispenseapp.com/145c714690909516_1757425614886-876036131-White_Widow_3.5g
happydays:6074a53a02d09e86,1,https://imgix.dispenseapp.com/145c714690909516_1750528039776-830540102-1212222487984.png
happydays:ef75de7f00b24970,1,https://imgix.dispenseapp.com/145c714690909516_1737302571450-518543394-Yellow_Label_(Maui_Wowie).png
happydays:bd2def35005a7ce8,1,https://imgix.dispenseapp.com/145c714690909516_1737302455401-758579330-Yellow_3.5_(Maui_Wowie).png
happydays:5b1cd8f47e7fd52e,1,https://imgix.dispenseapp.com/145c714690909516_1737302370728-660474839-Orange_3.5_(Acapulco_Gold).png
happydays:fb767a00d050c619,1,https://imgix.dispenseapp.com/145c714690909516_1737302323251-560117686-Purple_3.5_(Northern_Lights).png
happydays:19a7a2bfaa68bf10,1,https://imgix.dispenseapp.com/145c714690909516_1737302624383-705628388-Purple_Label_(Northern_Lights).png
happydays:5e0637c37f878680,1,https://imgix.dispenseapp.com/145c714690909516_1741735051709-34511430-raw114b.png
happydays:9d1137492f170ef5,1,https://imgix.dispenseapp.com/145c714690909516_1746980912651-417566140-20250427_124932.jpg
happydays:06c84912b004703f,1,https://imgix.dispenseapp.com/145c714690909516_1746980942328-531165885-20250427_124630.jpg
happydays:97db018bfe4e0006,1,https://imgix.dispenseapp.com/145c714690909516_1760094337005-225834692-999654234245435.png
happydays:9cc023e42578e683,1,https://imgix.dispenseapp.com/145c714690909516_1746524764238-612265599-452451111412.jpg
happydays:9cc023e42578e683,2,https://imgix.dispenseapp.com/145c714690909516_1746524744207-948740836-93687787411.jpg
happydays:9cc023e42578e683,3,https://imgix.dispenseapp.com/145c714690909516_1746524744267-405339263-141424634141.jpg
happydays:7ac7b0b8a42cb51e,1,https://imgix.dispenseapp.com/145c714690909516_1737637017835-913827452-45242542345333.jpg
happydays:b284a55f0fc4a94e,1,https://imgix.dispenseapp.com/145c714690909516_1735933514507-41433317-Pineapple_Splash_Infused_Prerolls.jpg
happydays:2fbc3360094f0b00,1,https://imgix.dispenseapp.com/145c714690909516_1735932571437-258156540-Maui_Waui_mini_blunts.jpg
happydays:3a0f2984fc989493,1,https://imgix.dispenseapp.com/145c714690909516_1735933308392-615703620-Grape_Cookies_Infused_Prerolls.jpg
happydays:cd057cdc4e640dac,1,https://imgix.dispenseapp.com/145c714690909516_1735933586005-869439237-Maui_Waui_Infused_prerolls.jpg
happydays:9b428eda144a6f9d,1,https://imgix.dispenseapp.com/145c714690909516_1736103688460-75829066-Blueberry_Muffin_Space_Ballers.png
happydays:526a576fa6a00368,1,https://imgix.dispenseapp.com/145c714690909516_1736220614293-619569039-GRAPE_BUBBLY_MOONROCKS.png
happydays:e00082aa70608b03,1,https://imgix.dispenseapp.com/145c714690909516_1737704108764-1645304-leal_1g_pre-roll.jpeg
happydays:290a704562a320e7,1,https://imgix.dispenseapp.com/145c714690909516_1763463936232-353007412-35665365466664.jpg
happydays:e0ede842a3fdad7a,1,https://imgix.dispenseapp.com/145c714690909516_1763463946123-986970104-64767562352.jpg
happydays:1e7bbc17fe629c85,1,https://imgix.dispenseapp.com/145c714690909516_1763464018847-480185022-42148414.jpg
happydays:63e08cae9adbdd8e,1,https://imgix.dispenseapp.com/145c714690909516_1737703916372-460752882-leal_1g_pre-roll.jpeg
happydays:e10b2d81b73e931f,1,https://imgix.dispenseapp.com/145c714690909516_1736253301445-856780381-53345.png
happydays:530d962526d7cd8b,1,https://imgix.dispenseapp.com/145c714690909516_1744054124164-764982899-112124454523.png
happydays:872066eb1d461650,1,https://imgix.dispenseapp.com/145c714690909516_1734463680714-207509512-121234444.png
happydays:b2cdb0c31ccd5c0c,1,https://imgix.dispenseapp.com/145c714690909516_1734463717950-401442668-11111111111112.png
happydays:241c8b4cd1a4329d,1,https://imgix.dispenseapp.com/145c714690909516_1734463553856-343987010-414157522.png
happydays:39b7e43c32b40b41,1,https://imgix.dispenseapp.com/145c714690909516_1734463797086-278319938-45224524533.png
happydays:7e4b1e4a0b7f548d,1,https://imgix.dispenseapp.com/145c714690909516_1734615529125-615450458-414122245456.jpg
happydays:890350240d9e40ce,1,https://imgix.dispenseapp.com/145c714690909516_1743595895220-591996234-1232331313453.png
happydays:e5a1ea8cb55f0273,1,https://imgix.dispenseapp.com/145c714690909516_1733831721582-828620103-4141755455.png
happydays:43e0c1c31e8e8674,1,https://imgix.dispenseapp.com/145c714690909516_1734375533959-212521579-1212334444.jpg
happydays:0ba2bb8a7860ab80,1,https://imgix.dispenseapp.com/145c714690909516_1734092616788-96154837-234234234112.jpeg
happydays:66e131df562ec92c,1,https://imgix.dispenseapp.com/145c714690909516_1746984135114-131549082-20250511_130027.jpg
happydays:66e131df562ec92c,2,https://imgix.dispenseapp.com/145c714690909516_1746984130281-117409675-20250511_130135.jpg
happydays:c88d3b34c51f9b32,1,https://imgix.dispenseapp.com/145c714690909516_1733957152538-401527582-2016-New-Portable-Metal-Smoking-Pipe-Tobacco-Herb-Pipes-Detachable-Leaf-Herb-Pipes-New-Gift-Mill.avif
happydays:0b7d4192c0ccc90d,1,https://imgix.dispenseapp.com/145c714690909516_1733504101113-294267598-15_Tall_Smoke_Power_To_The_Flower_Dual_Chamber_Hex_Beaker_Base_Water_Pipe.jpeg
happydays:079088d217a03569,1,https://imgix.dispenseapp.com/145c714690909516_1733519303058-692326818-16516516516516.jpg
happydays:299805909e167047,1,https://imgix.dispenseapp.com/145c714690909516_1733502218074-363929008-f231428b-3106-4d36-be56-e0d02ee94606_1000x.webp
happydays:3276d041eca4243f,1,https://imgix.dispenseapp.com/145c714690909516_1733322897024-679578933-666664542.jpg
happydays:9fe0bf53e0559c72,1,https://imgix.dispenseapp.com/145c714690909516_1733407941904-334008539-232323111112.PNG
happydays:7ad4ec2bfb37519d,1,https://imgix.dispenseapp.com/145c714690909516_1733408049320-102352823-323111221212.PNG
happydays:64c0a0dfb3c5bf27,1,https://imgix.dispenseapp.com/145c714690909516_1733408258998-647054797-2323231112.PNG
happydays:5d46714181be3fcf,1,https://imgix.dispenseapp.com/145c714690909516_1733408001143-227248844-33323112.PNG
happydays:2b5232d548fde576,1,https://imgix.dispenseapp.com/145c714690909516_1733408221463-269493638-23232332211112.PNG
happydays:f1d1f04047d065f3,1,https://imgix.dispenseapp.com/145c714690909516_1784561585936-479647552-67576.webp
happydays:430343c69bed8c5c,1,https://imgix.dispenseapp.com/145c714690909516_1778181570617-880641965-raw-black-ks-3pk.jpg
happydays:c0bd357016684415,1,https://d1qjybsjlbmhj3.cloudfront.net/1784561487602-32092879-8796.webp
happydays:af0eb98f347178ea,1,https://imgix.dispenseapp.com/145c714690909516_1744740328118-499477995-3576754.png
happydays:f8526210dec967cd,1,https://imgix.dispenseapp.com/145c714690909516_1733406656828-645588921-111111111121.png
happydays:46d95c24bc1a1f5b,1,https://imgix.dispenseapp.com/145c714690909516_1765286048727-962175309-789456123.PNG
happydays:46d95c24bc1a1f5b,2,https://imgix.dispenseapp.com/145c714690909516_1765286059844-58390893-9999999999999.PNG
happydays:65094bfec8f19f01,1,https://imgix.dispenseapp.com/145c714690909516_1732986917723-234404606-Gift_Card.png
happydays:33b3cfb8e98da27d,1,https://imgix.dispenseapp.com/145c714690909516_1732986881186-948193709-Gift_Card.png
happydays:d34ee7300a986db0,1,https://imgix.dispenseapp.com/145c714690909516_1732986949310-625504240-Gift_Card.png
happydays:485a15bd738ebd00,1,https://imgix.dispenseapp.com/145c714690909516_1746456118732-651789981-FF-CDT-Cart-PineappleExpress_040325.png
happydays:2711412b500e8af0,1,https://imgix.dispenseapp.com/145c714690909516_1760094090920-826467867-88854534533222.png
happydays:3cc7d133c562b245,1,https://imgix.dispenseapp.com/145c714690909516_1732753386029-997640234-New_York_Honey_1g_AIO_Pen_-_Blue_Dream.png
happydays:0082f131b0abff34,1,https://imgix.dispenseapp.com/145c714690909516_1732753130818-63056542-New_York_Honey_2g_Refill_Dab_Dart_-_Grape_Ape.png
happydays:d2d8fccc96ff76a5,1,https://imgix.dispenseapp.com/145c714690909516_1733519569454-34478857-Gift_Card.png
happydays:ab3bf50a43cac772,1,https://imgix.dispenseapp.com/145c714690909516_1732647127667-458834029-1212121212121.png
happydays:d67218ad7874456f,1,https://imgix.dispenseapp.com/145c714690909516_1747046623562-480612711-7452452877582.png
happydays:5e6f092cb8c3fc15,1,https://imgix.dispenseapp.com/145c714690909516_1732701769844-880848740-IMG_8959.png
happydays:6ccdb989dee330ab,1,https://imgix.dispenseapp.com/145c714690909516_1732724408586-13329119-4524523458888.jpg
happydays:6b17f3c016e53a9d,1,https://imgix.dispenseapp.com/145c714690909516_1732105782990-420273930-524524533.jpg
happydays:c8e23110dbd50b1e,1,https://imgix.dispenseapp.com/145c714690909516_1732105811963-52894746-525248874.jpg
happydays:8e3210e20352b40e,1,https://imgix.dispenseapp.com/145c714690909516_1773677479975-824439136-blazy.jpg
happydays:a804b78574054a23,1,https://imgix.dispenseapp.com/145c714690909516_1778182013038-382681642-Untitled_design_(2).png
happydays:56f56c13703f6044,1,https://imgix.dispenseapp.com/145c714690909516_1732297339916-376992531-brass-pipe-screens-5-pack__31488.jpg
happydays:b2da2078c744a6a3,1,https://imgix.dispenseapp.com/145c714690909516_1746902223883-829342232-Burnout_color_1.png
happydays:ad5519f6fe3f4fb3,1,https://imgix.dispenseapp.com/145c714690909516_1778182748738-753843870-1746902223883-829342232-Burnout_color_1.png
happydays:cd1c15454623b3a1,1,https://imgix.dispenseapp.com/145c714690909516_1732118820317-538122539-4141878.png
happydays:5b2ec3c9904f00b5,1,https://imgix.dispenseapp.com/145c714690909516_1732118852319-851455939-63634884.png
happydays:04e3a3e092e53eef,1,https://imgix.dispenseapp.com/145c714690909516_1732032775278-128828029-555555555454.jpg
happydays:5dfbd0d225a6318b,1,https://imgix.dispenseapp.com/145c714690909516_1787065364631-401545876-StrawberryHH.jpg
happydays:487868ff731cf8fd,1,https://imgix.dispenseapp.com/145c714690909516_1731170848774-787569851-PeakProOnyxLeft3Quarter3DXL.webp
happydays:4ee9098921ab1445,1,https://imgix.dispenseapp.com/145c714690909516_1732630499917-100372909-4524524523453245.jpg
happydays:ee4f73b11605f2b1,1,https://imgix.dispenseapp.com/145c714690909516_1730928057851-205434755-444444443213.png
happydays:e2d2be2665f0811c,1,https://imgix.dispenseapp.com/145c714690909516_1730928119507-526869674-45244111.png
happydays:43d8df079a686a67,1,https://imgix.dispenseapp.com/145c714690909516_1730929296341-360699601-8967865.jpg
happydays:caac76e5f123fffb,1,https://imgix.dispenseapp.com/145c714690909516_1730929242569-519098232-6345345352.jpg
happydays:e8ebd20f646d131d,1,https://imgix.dispenseapp.com/145c714690909516_1730910629736-205726663-452452463.png
happydays:be10bcece9e668ed,1,https://imgix.dispenseapp.com/145c714690909516_1730910761360-241968972-6363452.png
happydays:25b095337a4415e2,1,https://imgix.dispenseapp.com/145c714690909516_1731964735445-198361232-4141414178.jpg
happydays:d74ffa9fde5f4ca5,1,https://imgix.dispenseapp.com/145c714690909516_1731964902995-736192761-636363485.jpg
happydays:6f39823eb3e9786f,1,https://imgix.dispenseapp.com/145c714690909516_1731090876963-397054774-66666645.jpg
happydays:0a9a213cf264e1e8,1,https://imgix.dispenseapp.com/145c714690909516_1731964761811-415326887-6664558.jpg
happydays:3a638fbb712a39b5,1,https://imgix.dispenseapp.com/145c714690909516_1731090838474-259922710-4588745444.jpg
happydays:f48da5be8f4ea6dd,1,https://imgix.dispenseapp.com/145c714690909516_1731964777117-190038153-666645458.jpg
happydays:01b09f68c9a1d88b,1,https://imgix.dispenseapp.com/145c714690909516_1731090854444-964065960-66666664.jpg
happydays:fda1aacc02c6ec60,1,https://imgix.dispenseapp.com/145c714690909516_1731090889462-457411827-522545488.jpg
happydays:c0bc5631cd374e04,1,https://imgix.dispenseapp.com/145c714690909516_1732630586586-570299855-52525254548.jpg
happydays:f8a47b2caa4a4a8c,1,https://imgix.dispenseapp.com/145c714690909516_1730294148501-362752491-66645.jpg
happydays:6a42d89c3e586bcd,1,https://imgix.dispenseapp.com/145c714690909516_1730294183928-789073571-905452.jpg
happydays:2b87a9139b74cbf7,1,https://imgix.dispenseapp.com/145c714690909516_1730294123142-66008551-7856452.jpg
happydays:493ebc98eea334ae,1,https://imgix.dispenseapp.com/145c714690909516_1730294113328-108139905-646454.jpg
happydays:34a27af65ef64019,1,https://imgix.dispenseapp.com/145c714690909516_1729865140401-383223102-45212.jpg
happydays:592a680f4c42da48,1,https://imgix.dispenseapp.com/145c714690909516_1729865418100-216237982-4534204112.jpg
happydays:c76cbf4bda869e81,1,https://imgix.dispenseapp.com/145c714690909516_1730206877885-931288823-23453453222.jpg
happydays:fdde3406ef6b0f7a,1,https://imgix.dispenseapp.com/145c714690909516_1738756438448-386965842-452133333453.png
happydays:41013f1686764b5f,1,https://imgix.dispenseapp.com/145c714690909516_1729778402439-126023923-684168516516516315.png
happydays:4c3b613aa1ed0cf2,1,https://imgix.dispenseapp.com/145c714690909516_1749810191672-430259816-82452452523453.png
happydays:f52260e0c485ed61,1,https://imgix.dispenseapp.com/145c714690909516_1729164481411-421232799-45345201.png
happydays:50558d20d1a34b0c,1,https://imgix.dispenseapp.com/145c714690909516_1753960712225-566882178-76856756746535345345.png
happydays:9eb863b318036465,1,https://imgix.dispenseapp.com/145c714690909516_1741190000038-514492982-41142123453.png
happydays:1d03c6cb3832d9fa,1,https://imgix.dispenseapp.com/145c714690909516_1728568450619-509274012-121542.jpg
happydays:043d09a0c8271162,1,https://imgix.dispenseapp.com/145c714690909516_1728568569591-249701841-524784.jpg
happydays:b0a88eb6e3e8ce1f,1,https://imgix.dispenseapp.com/145c714690909516_1730991454740-390183965-636345.jpg
happydays:f08e2e36014360d6,1,https://imgix.dispenseapp.com/145c714690909516_1747995479747-801889179-45248841.jpg
happydays:795dbe91a720c6a0,1,https://imgix.dispenseapp.com/145c714690909516_1728568890493-431621969-4524.jpg
happydays:ed429d4cef9fbffd,1,https://imgix.dispenseapp.com/145c714690909516_1728568949236-714832431-98754.jpg
happydays:78e05b97da04b698,1,https://imgix.dispenseapp.com/145c714690909516_1728328193685-806436445-99.jpg
happydays:a11fa6643d5d7989,1,https://imgix.dispenseapp.com/145c714690909516_1728327904315-704361559-45454545454545.jpg
happydays:337af4e9f49aa10c,1,https://imgix.dispenseapp.com/145c714690909516_1747941485664-460302717-Silcone_with_glass_Bowl.avif
happydays:e9e07003575b9be0,1,https://imgix.dispenseapp.com/145c714690909516_1736344361163-196442949-12312332232333.png
happydays:02150d95ac70d626,1,https://imgix.dispenseapp.com/145c714690909516_1727951255160-505194147-IMG_6887.jpeg
happydays:586179b995c3f893,1,https://imgix.dispenseapp.com/145c714690909516_1727951291671-83512222-IMG_6888.jpeg
happydays:3645459ec09a4c29,1,https://imgix.dispenseapp.com/145c714690909516_1727951220304-812249133-IMG_6886.jpeg
happydays:4249f2563ea0df29,1,https://imgix.dispenseapp.com/145c714690909516_1727951173898-604452607-IMG_6885.jpeg
happydays:fa374231b08bddd6,1,https://imgix.dispenseapp.com/145c714690909516_1727467465127-401096245-AERIS_Clear_-_Product_Photos_Square_500x.webp
happydays:a67ef1a2849b7aa9,1,https://imgix.dispenseapp.com/145c714690909516_1747046469213-556758825-452452452898957857.jpg
happydays:9f025b9234d92b52,1,https://imgix.dispenseapp.com/145c714690909516_1727350872262-877085718-2341.jpg
happydays:662b3b9afaf84167,1,https://imgix.dispenseapp.com/145c714690909516_1784213782612-38780211-88554.png
happydays:900ad8574105f617,1,https://imgix.dispenseapp.com/145c714690909516_1726513439361-454810767-CORE_Blush_HERO-shadow_800_2048x.webp
happydays:e286024053c0fbb1,1,https://imgix.dispenseapp.com/145c714690909516_1726327266249-180807146-Kompact_Mini_Black.webp
happydays:b1ea07c6f34110e6,1,https://imgix.dispenseapp.com/145c714690909516_1773089277431-53612229-AYR-10mg-Beverages-OrangeCreamsicle-Circle.jpg
happydays:d2c0b1d50b2f4b47,1,https://imgix.dispenseapp.com/145c714690909516_1725908304193-880598086-RELOAD_CLASSIC_1g_Hybrid_Packaging_w_Unit_T.png
happydays:785425656ac7cc4a,1,https://imgix.dispenseapp.com/145c714690909516_1726056012347-2265663-453453.png
happydays:2dec67ffe613c139,1,https://imgix.dispenseapp.com/145c714690909516_1769685142712-338040045-45654532424.jpg
happydays:18934d8d1ae0c828,1,https://imgix.dispenseapp.com/145c714690909516_1769685327166-679302973-54645666.jpg
happydays:f587ae64e071adbb,1,https://imgix.dispenseapp.com/145c714690909516_1730294160134-535798752-55555554.jpg
happydays:bde663d5b6984c87,1,https://imgix.dispenseapp.com/145c714690909516_1730294173487-582548938-10502454.jpg
happydays:539be125e65789f5,1,https://imgix.dispenseapp.com/145c714690909516_1725022880280-104610184-RELOAD_CLASSIC_2g_Indica_Packaging_w_Unit.png
happydays:d23de68c422e4a2b,1,https://imgix.dispenseapp.com/145c714690909516_1725023329584-701058514-RELOAD_FUSION_2g_TT_Packaging_w_Unit.png
happydays:1d4bce47273be0da,1,https://imgix.dispenseapp.com/145c714690909516_1725021989932-612435466-RELOAD_FUSION_2g_LL_Packaging_w_Unit.png
happydays:7a55f4cfc066bc85,1,https://imgix.dispenseapp.com/145c714690909516_1725022419404-278002886-RELOAD_FUSION_2g_MM_Packaging_w_Unit.png
happydays:cffb2db3f9ca94b7,1,https://imgix.dispenseapp.com/145c714690909516_1739983063198-229703889-414111414222.png
happydays:3921f1ce4245f3e0,1,https://imgix.dispenseapp.com/145c714690909516_1725416799209-809068057-IMG_5681.webp
happydays:d9007a5d24187f52,1,https://imgix.dispenseapp.com/145c714690909516_1755273616183-875683857-3453534656646345325435345.png
happydays:08c73f482cfa24cf,1,https://imgix.dispenseapp.com/145c714690909516_1703275306813-136188851-NC_BLUE_DREAM_8TH_11_16_23-jar-360x360.jpg
happydays:bb92ed54880e69ba,1,https://imgix.dispenseapp.com/145c714690909516_1725060664636-543258254-IMG_5430.jpeg
happydays:a052b59fbe02f31c,1,https://imgix.dispenseapp.com/145c714690909516_1724873811949-402568505-HDD_Digital_Battery.jpg
happydays:e3743fc528c0de0e,1,https://imgix.dispenseapp.com/145c714690909516_1723834430871-443209730-AOG.png
happydays:574df3abfb68ec83,1,https://imgix.dispenseapp.com/145c714690909516_1723733200563-382709169-smokiezsweetsingle.jpg
happydays:f2e9b006dd7d2651,1,https://imgix.dispenseapp.com/145c714690909516_1723733307257-181341035-smokiezsweetsingleSOUR.jpg
happydays:e657ebf4c13c05e9,1,https://d1qjybsjlbmhj3.cloudfront.net/1760093933298-438884954-6345242841425454.png
happydays:1cacc305b6bfdceb,1,https://imgix.dispenseapp.com/145c714690909516_1723043557194-910399561-cherry_berry.jpg
happydays:c4c1aeedeca1a27a,1,https://imgix.dispenseapp.com/145c714690909516_1722981672766-415362657-AERISBattery_500x.webp
happydays:fdf16e04901ef951,1,https://imgix.dispenseapp.com/145c714690909516_1761242283041-671207790-Wyld-10ct_Box-US_Fruit-Blood_Orange-Gummies-Clean.png
happydays:1067bf8e8c217ce4,1,https://imgix.dispenseapp.com/145c714690909516_1722875331751-78728942-peach.jpg
happydays:b5382631bc62e8b3,1,https://imgix.dispenseapp.com/145c714690909516_1732621965248-812099073-343421112.jpg
happydays:f9bbf276a2754169,1,https://imgix.dispenseapp.com/145c714690909516_1732630539091-410637664-414114771.jpg
happydays:64ff400cdb16476a,1,https://imgix.dispenseapp.com/145c714690909516_1722484655342-608031487-IMG_3113.jpeg
happydays:0fdc3c6cdbb527e2,1,https://imgix.dispenseapp.com/145c714690909516_1765285486846-267178386-00000000000000.PNG
happydays:0fdc3c6cdbb527e2,2,https://imgix.dispenseapp.com/145c714690909516_1765285358736-757484659-23541351563.PNG
happydays:ef514b1aa3d7fa09,1,https://imgix.dispenseapp.com/145c714690909516_1765286997249-384694769-444555888777.PNG
happydays:ef514b1aa3d7fa09,2,https://imgix.dispenseapp.com/145c714690909516_1765287020636-616751384-9999999999999.PNG
happydays:6ac7097fe54d045e,1,https://imgix.dispenseapp.com/145c714690909516_1751032765878-831414867-342234242.jpg
happydays:7dd3d25e26a055ca,1,https://imgix.dispenseapp.com/145c714690909516_1722606153667-60803521-WYLD_SA.jpg
happydays:4548e0bfedf1ffb0,1,https://imgix.dispenseapp.com/145c714690909516_1761242390531-142446374-34746746.png
happydays:b765631f306ec49a,1,https://imgix.dispenseapp.com/145c714690909516_1761242493150-921403800-3474367437.png
happydays:70a42c7bd7f258ed,1,https://imgix.dispenseapp.com/145c714690909516_1722605943141-801483505-HB_JPG.jpg
happydays:35bd0fe4b3f68e4d,1,https://imgix.dispenseapp.com/145c714690909516_1722606167397-690130753-WYLD_SC.jpg
happydays:72b7fe3a05e8ac6b,1,https://imgix.dispenseapp.com/145c714690909516_1761242704415-975299714-3453453453.png
happydays:1536fa9b0afd258c,1,https://imgix.dispenseapp.com/145c714690909516_1722606140590-945633862-WYLD_RAZZ.jpg
happydays:4fcb3bc66c8504d1,1,https://imgix.dispenseapp.com/145c714690909516_1761242429579-644250033-Wyld-10ct_Box-US_Fruit-Elderberry-Gummies-Clean.png
happydays:7e8449951bba579f,1,https://imgix.dispenseapp.com/145c714690909516_1761242640518-882331815-563476347567.png
happydays:01b4782bfd7d9692,1,https://imgix.dispenseapp.com/145c714690909516_1761242531735-177359062-34736457.png
happydays:64269afe64f9283a,1,https://imgix.dispenseapp.com/145c714690909516_1746911519309-799669284-56057456747.png
happydays:a2ebe87977ec9cc5,1,https://imgix.dispenseapp.com/145c714690909516_1715357399359-763554363-Lip-Incense-Holder-3-scaled.jpg
happydays:3d7804916afe6122,1,https://imgix.dispenseapp.com/145c714690909516_1744927117535-935470328-54354431.png
happydays:e62c1f43b8f12c88,1,https://imgix.dispenseapp.com/145c714690909516_1721409215995-156881196-HelixMaritimeAngle_600x.webp
happydays:c19f8f03b9717163,1,https://imgix.dispenseapp.com/145c714690909516_1781795375664-732735467-57658.avif
happydays:405ac9de4494c49e,1,https://imgix.dispenseapp.com/145c714690909516_1721672887350-475468364-AYRVapeATFquare.png
happydays:289d47b1e8de9eec,1,https://imgix.dispenseapp.com/145c714690909516_1721672826555-184131799-AYRVapCerealMilk.png
happydays:94bf7da9dcbcfcd9,1,https://imgix.dispenseapp.com/145c714690909516_1739274669631-476783680-11111111111112.jpg
happydays:3c939b2b0667c9a7,1,https://imgix.dispenseapp.com/145c714690909516_1720826810606-591868395-Iven_WPA.webp
happydays:fc32353894750af5,1,https://imgix.dispenseapp.com/145c714690909516_1746911278671-893239336-9780988443766525.webp
happydays:e0b48b25b7bd529d,1,https://imgix.dispenseapp.com/145c714690909516_1721137364993-838023517-durban.jpg
happydays:e8052823b9d1f00f,1,https://imgix.dispenseapp.com/145c714690909516_1720778504337-246428257-jaunty_-_mango_sunrise_gummies_10_pack.jpeg
happydays:1ad6bdf2d6865af1,1,https://imgix.dispenseapp.com/145c714690909516_1770064141121-840005961-Happy-Hounds-Calm-Chews.png
happydays:293dc4fb8f1a9bf6,1,https://imgix.dispenseapp.com/145c714690909516_1719350345675-676674697-IMG_3117.png
happydays:a9bb28ca6c745789,1,https://imgix.dispenseapp.com/145c714690909516_1719350458883-303838785-IMG_3118.png
happydays:00cb580c457c5a53,1,https://imgix.dispenseapp.com/145c714690909516_1732648113028-45719911-2342134143234.png
happydays:e5710408f5b7fa7d,1,https://imgix.dispenseapp.com/145c714690909516_1719350293605-445293249-IMG_3116.png
happydays:571bb9931f4dbf14,1,https://imgix.dispenseapp.com/145c714690909516_1750376942689-760542267-SS_Screen_2.jpg
happydays:36346c60ed1ee9de,1,https://imgix.dispenseapp.com/145c714690909516_1739274731713-607219197-12124445.jpg
happydays:bcec75dbea78b770,1,https://imgix.dispenseapp.com/145c714690909516_1747993782647-46578144-4524282887.jpg
happydays:0a1cedadc3523793,1,https://imgix.dispenseapp.com/145c714690909516_1718268956511-923115206-IMG_2411.png
happydays:10c68ac01178b931,1,https://imgix.dispenseapp.com/145c714690909516_1736348517481-245282927-452452333345.png
happydays:9e7cbefd3effb669,1,https://imgix.dispenseapp.com/145c714690909516_1717084961902-767804571-Black_ume_Spoon.jpg
happydays:8525d27c35fb10f5,1,https://imgix.dispenseapp.com/145c714690909516_1717037036690-38745200-IMG_0356.png
happydays:cb70556fe629db0a,1,https://imgix.dispenseapp.com/145c714690909516_1746900386994-724135621-caps.png
happydays:d7e62fcc39c71ecb,1,https://imgix.dispenseapp.com/145c714690909516_1716309023046-151549739-Vapecharger.jpg
happydays:0bd7ba784bb6e647,1,https://imgix.dispenseapp.com/145c714690909516_1716248248792-902747599-IMG_1297.jpeg
happydays:84cd0db3f316c620,1,https://imgix.dispenseapp.com/145c714690909516_1716248294675-25445889-IMG_1294.jpeg
happydays:79889a0b2ebb1382,1,https://imgix.dispenseapp.com/145c714690909516_1716248262784-573490668-IMG_1295.jpeg
happydays:e7a4281337fdd0eb,1,https://imgix.dispenseapp.com/145c714690909516_1715979264207-887013095-bdream.png
happydays:a43506b1c6481b57,1,https://imgix.dispenseapp.com/145c714690909516_1739273715949-962209993-1122144.jpg
happydays:ab80fb1f12b2d75e,1,https://imgix.dispenseapp.com/145c714690909516_1715119549301-470081877-blisstins.jpg
happydays:fb618506fa5d941f,1,https://imgix.dispenseapp.com/145c714690909516_1782133073900-256649134-77797.png
happydays:b3009175f285da1d,1,https://imgix.dispenseapp.com/145c714690909516_1782906444162-901019191-31344.png
happydays:3ddf8e2c63fcdc07,1,https://imgix.dispenseapp.com/145c714690909516_1715396569679-605949628-IMG_0918.webp
happydays:6ed35ceea5e46756,1,https://imgix.dispenseapp.com/145c714690909516_1715396541424-975439484-IMG_0919.webp
happydays:11492257e32ed1cf,1,https://imgix.dispenseapp.com/145c714690909516_1715396480540-406311105-IMG_0917.webp
happydays:945f045542d39352,1,https://imgix.dispenseapp.com/145c714690909516_1741733913478-90637133-rawtips.png
happydays:b2f9f6acefb60b03,1,https://imgix.dispenseapp.com/145c714690909516_1714444406339-940576122-IMG_0326.webp
happydays:ddcdafb7cae90563,1,https://imgix.dispenseapp.com/145c714690909516_1762785324686-469836131-1516541.jpg
happydays:ddcdafb7cae90563,2,https://imgix.dispenseapp.com/145c714690909516_1762785339801-818945398-252626541.png
happydays:972fe074335b9315,1,https://imgix.dispenseapp.com/145c714690909516_1714008034817-872255419-IMG_0141.webp
happydays:a3364ffb6605a21a,1,https://imgix.dispenseapp.com/145c714690909516_1713376560548-367774577-HelixGunmetalAngle_c0b408c5-77a5-4dc8-a307-c814d3fc46e5_720x.webp
happydays:7d7e1c2e88de54d6,1,https://imgix.dispenseapp.com/145c714690909516_1713376861535-921813857-PipeGunmetalOpen_79c90c40-9073-4245-a044-cde77dee17c5.webp
happydays:b415c9e16ac2bb0a,1,https://imgix.dispenseapp.com/145c714690909516_1713376330870-733519171-CoreSolsticeProductShotsSunset.webp
happydays:ce3ec2d17d8b2b42,1,https://imgix.dispenseapp.com/145c714690909516_1712082642249-418229317-OP6_warming.png
happydays:7fc94663d5f7cd4c,1,https://imgix.dispenseapp.com/145c714690909516_1712082767680-748913963-OP6.jpg
happydays:23d47bddc5622d94,1,https://imgix.dispenseapp.com/145c714690909516_1712180837651-140887691-CC_Drooler_PR.jpg
happydays:7d96847fa27cb4df,1,https://imgix.dispenseapp.com/145c714690909516_1711982226885-921161591-CC-TRIO_CHIMECARD.jpg
happydays:3528a7ca1a5be320,1,https://imgix.dispenseapp.com/145c714690909516_1711982076993-490136757-CC-_CREAM_AM.jpg
happydays:26bb098498a097b1,1,https://imgix.dispenseapp.com/145c714690909516_1711982169166-945770832-CC-CREAM_PM.jpg
happydays:a3a56186fe7a3c63,1,https://imgix.dispenseapp.com/145c714690909516_1751032825591-179471423-8797944651.jpg
happydays:84df7deb8a3eacc3,1,https://imgix.dispenseapp.com/145c714690909516_1751032579237-82019473-615165132123.png
happydays:5d81440c9f5b4a81,1,https://imgix.dispenseapp.com/145c714690909516_1751032809785-555200684-11548979848.jpg
happydays:cd161e3b2e8ed0d0,1,https://imgix.dispenseapp.com/145c714690909516_1751032617841-77733219-34445487.png
happydays:41167b263cd46695,1,https://imgix.dispenseapp.com/145c714690909516_1746795305414-264944012-9864653432542.jpeg
happydays:64d7b630dc34f161,1,https://imgix.dispenseapp.com/145c714690909516_1711833162632-584339619-DogWalkers-Infused-MiniShowDogs-SATIVA-Play-5-Pack-Img1.png
happydays:de68da2ec3231bae,1,https://imgix.dispenseapp.com/145c714690909516_1716218876851-235871163-NY-MAT-FLDefault-28g.png
happydays:dcfd2511a07976ac,1,https://imgix.dispenseapp.com/145c714690909516_1766158457441-239440681-Stress_Free_Mind__Relief_Gummies_3_(1).jpeg
happydays:9742b4918bba0f8e,1,https://imgix.dispenseapp.com/145c714690909516_1766159768405-298918642-65165165165151.jpg
happydays:159ea6c92886cf36,1,https://imgix.dispenseapp.com/145c714690909516_1746900559442-54600613-46.png
happydays:159ea6c92886cf36,2,https://imgix.dispenseapp.com/145c714690909516_1746900588256-878757710-43.png
happydays:159ea6c92886cf36,3,https://imgix.dispenseapp.com/145c714690909516_1746900595090-478932028-45.png
happydays:159ea6c92886cf36,4,https://imgix.dispenseapp.com/145c714690909516_1746900576464-472772039-39.png
happydays:159ea6c92886cf36,5,https://imgix.dispenseapp.com/145c714690909516_1746900581688-955674487-40.png
happydays:1102c57cbaad9388,1,https://imgix.dispenseapp.com/145c714690909516_1741738272686-547136333-ksc20.png
happydays:c2242e64fbe8bc85,1,https://imgix.dispenseapp.com/145c714690909516_1710602811803-744129894-FOYCBD_01-24-24_Nighttime_01.jpg
happydays:f5733db1e351dc9b,1,https://imgix.dispenseapp.com/145c714690909516_1710603016078-826879428-FOYCBD_01-24-24_Daytime_01.jpg
happydays:4f19145c7a702ba1,1,https://imgix.dispenseapp.com/145c714690909516_1715951935958-470478643-IMG_1191.jpeg
happydays:3784be68b306ac39,1,https://imgix.dispenseapp.com/145c714690909516_1710431922154-574725955-boosttt.jpg
happydays:b47a6448742cc597,1,https://imgix.dispenseapp.com/145c714690909516_1710953844671-465826908-sit.png
happydays:f8e7bdaac33b4ae7,1,https://imgix.dispenseapp.com/145c714690909516_1709925745230-233344342-caramelsss.png
happydays:7cb3d8192962bd08,1,https://imgix.dispenseapp.com/145c714690909516_1709840428266-346168470-hybridpro.png
happydays:9afa75d48d1b28c8,1,https://imgix.dispenseapp.com/145c714690909516_1748130240075-125079692-20250524_193504.jpg
happydays:d660eae5a3bd7f68,1,https://imgix.dispenseapp.com/145c714690909516_1711424989572-247262260-doubble_chamber_bubbler.PNG
happydays:6de3a71f736ca786,1,https://imgix.dispenseapp.com/145c714690909516_1748123812834-249759100-564521435646.png
happydays:c215aab0685a5bfd,1,https://imgix.dispenseapp.com/145c714690909516_1772810754714-768882658-23567.webp
happydays:b02a814f203093d2,1,https://imgix.dispenseapp.com/145c714690909516_1739272735145-468899198-4141111141.png
happydays:fe257f803122ada4,1,https://imgix.dispenseapp.com/145c714690909516_1706309347676-148621736-IMG_3640.jpg
happydays:eb867e6e31990980,1,https://imgix.dispenseapp.com/145c714690909516_1772150067020-351644377-51651561.jpeg
happydays:eb867e6e31990980,2,https://imgix.dispenseapp.com/145c714690909516_1772150070473-542034461-35154651.jpeg
happydays:1b4b7dfb2e69084c,1,https://imgix.dispenseapp.com/145c714690909516_1706309062401-492362700-IMG_3645.jpg
happydays:e1df73dc2a6b0db8,1,https://imgix.dispenseapp.com/145c714690909516_1746910192657-973910580-30.png
happydays:0ae359e8618a48df,1,https://imgix.dispenseapp.com/145c714690909516_1746097433755-804686363-123455432312.png
happydays:1180083d583ba983,1,https://imgix.dispenseapp.com/145c714690909516_1739274758845-11234355-123344.jpg
happydays:9c1e772ace5aed51,1,https://imgix.dispenseapp.com/145c714690909516_1724159409437-377987288-AIO_Golden_Ticket.png
happydays:bb001702ae174496,1,https://imgix.dispenseapp.com/145c714690909516_1781795052956-388484736-954875.avif
happydays:c8b81f51d7fc9723,1,https://imgix.dispenseapp.com/145c714690909516_1781795231279-170785941-2834950.avif
happydays:ee6a088503abe7f6,1,https://imgix.dispenseapp.com/145c714690909516_1724159472625-444390099-Refill_Dab_Dart_Super_Lemon_Haze__2.0.png
happydays:2093e4db813feb3f,1,https://imgix.dispenseapp.com/145c714690909516_1724159392874-343901235-AIO_Blueberry_Muffin_2.0.png
happydays:99a57f3c07246f4d,1,https://imgix.dispenseapp.com/145c714690909516_1715951901313-766062651-IMG_1193.jpeg
happydays:7e494b0c0da98353,1,https://imgix.dispenseapp.com/145c714690909516_1715951866681-777328219-IMG_1194.jpeg
happydays:c8ec2ed9f145db36,1,https://imgix.dispenseapp.com/145c714690909516_1706386281626-536258109-diamondvaporizer_bluedream_reload_3D.jpg
happydays:cf948bbebf7520a2,1,https://imgix.dispenseapp.com/145c714690909516_1715921532159-451200681-1g_Rechargeable_Vapes_-_Maui_Waui.png
happydays:29ec863d5d847dd4,1,https://imgix.dispenseapp.com/145c714690909516_1703697584556-505790257-Canna_Clinicals__Canna_Drops__Unwind.png
happydays:7792bd0e6b97c354,1,https://imgix.dispenseapp.com/145c714690909516_1703299632391-145002704-Canna_Clinicals__Canna_Caps__Max_Strength.png
happydays:267e159af1750eb9,1,https://imgix.dispenseapp.com/145c714690909516_1715951883452-604830861-IMG_1195.jpeg
happydays:05b028b76e515b8d,1,https://imgix.dispenseapp.com/145c714690909516_1769684842722-781017249-3332423424.jpg
happydays:6b4223f590689dd2,1,https://imgix.dispenseapp.com/145c714690909516_1769685630023-459900363-345545345345345.jpg
happydays:edfbcac0f67ebf6e,1,https://imgix.dispenseapp.com/145c714690909516_1703299835635-646437685-Canna_Clinicals__Canna_Drops__Max_Strength.png
happydays:0ec66b403ba15455,1,https://imgix.dispenseapp.com/145c714690909516_1715951956223-608364308-IMG_1196.jpeg
happydays:c30ddb83beccb5e7,1,https://imgix.dispenseapp.com/145c714690909516_1769685713831-523385129-651651651.jpg
happydays:d5f148836460d143,1,https://imgix.dispenseapp.com/145c714690909516_1769685792700-650375578-859854636.jpg
happydays:7135855747ce1554,1,https://imgix.dispenseapp.com/145c714690909516_1769684826501-785062898-34534545553.jpg
happydays:12f275abfc5dcddd,1,https://imgix.dispenseapp.com/145c714690909516_1724159489239-63690886-Refill_Dab_Dart_Wedding_Crasher_Dart_2.0.png
happydays:91745f999497dcfa,1,https://imgix.dispenseapp.com/145c714690909516_1728441074846-865096832-SpaceBuds_Blueberry_Muffin_.webp
happydays:6c8963a26c103420,1,https://imgix.dispenseapp.com/145c714690909516_1728465072729-731982503-Warrior_Balm.jpeg
happydays:a6606d797654c936,1,https://imgix.dispenseapp.com/145c714690909516_1703276896237-257655206-MFNY-510Cart-LiveResin-Mylar-HoneyBanana.png
happydays:2dcb5546dc36efd5,1,https://imgix.dispenseapp.com/145c714690909516_1703305225004-701566747-MFNY-Concentrates-LiveResin-HoneyBanana.png
happydays:030b0c068d993aee,1,https://imgix.dispenseapp.com/145c714690909516_1751993430826-592590683-414142782452145245.jpg
happydays:b0f7a23480818451,1,https://imgix.dispenseapp.com/145c714690909516_1716299202796-881490926-IMG_1357.webp
happydays:020d11432857b76f,1,https://imgix.dispenseapp.com/145c714690909516_1751636480899-490849128-63542414842145254.png
happydays:414408243ce56d62,1,https://imgix.dispenseapp.com/145c714690909516_1716299441571-427420622-IMG_1360.webp
happydays:9d40e8e33d160c83,1,https://imgix.dispenseapp.com/145c714690909516_1716299563329-821436187-IMG_1359.webp
happydays:ec117e9cf1400c45,1,https://imgix.dispenseapp.com/145c714690909516_1716299285433-404684548-IMG_1356.webp
happydays:2a97e9e5f3c75d11,1,https://imgix.dispenseapp.com/145c714690909516_1716299185110-841417514-IMG_1355.webp
happydays:32a355630c274e75,1,https://imgix.dispenseapp.com/145c714690909516_1749723176656-191914202-452141748485424.jpg
happydays:97b757777793d9a4,1,https://imgix.dispenseapp.com/145c714690909516_1706902808720-978367482-lights_out.png
happydays:f9c3b9b0943a9401,1,https://imgix.dispenseapp.com/145c714690909516_1706902804555-831702540-protab_indica.png
happydays:09955432af8efb63,1,https://imgix.dispenseapp.com/145c714690909516_1703361323052-244995126-leal_preroll.jpg
happydays:26f583b4e0cd9f01,1,https://imgix.dispenseapp.com/145c714690909516_1703361393626-226509859-leal_preroll.jpg
happydays:79dfa6c871c71083,1,https://imgix.dispenseapp.com/145c714690909516_1754936159742-552586813-452452452452445241114141414.png
happydays:f412f0bbf6c7f2b2,1,https://imgix.dispenseapp.com/145c714690909516_1754936163774-828750246-4524524524524452411141414141414141442.png
happydays:d17195e4befd501d,1,https://imgix.dispenseapp.com/145c714690909516_1728938078886-570080287-12121212344.png
happydays:8d0296e10abe3ba4,1,https://imgix.dispenseapp.com/145c714690909516_1728938066813-910772765-3123122.png
happydays:4b4fbd1e67ad537a,1,https://imgix.dispenseapp.com/145c714690909516_1703444406629-121112108-Smokiez_NY_100mg-THC_Peach_w-Candy_1920px.jpg
happydays:16cb7f4fbeaf1b82,1,https://imgix.dispenseapp.com/145c714690909516_1710948820817-279936285-bluedream.png
happydays:ee28575100f5de72,1,https://imgix.dispenseapp.com/145c714690909516_1703444354964-685532657-Smokiez_NY_100mg-THC_Blue-Raspberry_w-Candy_1920px.jpg
happydays:63f0e4cc01b7562b,1,https://imgix.dispenseapp.com/145c714690909516_1714445618670-264390160-IMG_0327.jpeg
happydays:b93f9da507ef77f9,1,https://imgix.dispenseapp.com/145c714690909516_1703444313154-85540236-Smokiez_NY_100mg-THC_Indica_Blackberry_Candy_1920px.jpg
happydays:19094b9317b67fe8,1,https://imgix.dispenseapp.com/145c714690909516_1715940013726-298379872-IMG_1177.webp
happydays:00b221187416b837,1,https://imgix.dispenseapp.com/145c714690909516_1781626942709-65947800-8854.png
happydays:ffc96d1aba8613c8,1,https://imgix.dispenseapp.com/145c714690909516_1762784932235-31123692-Blueberry_RSO_600px.jpg
happydays:7fb563f090d112c7,1,https://imgix.dispenseapp.com/145c714690909516_1715951916397-576582144-IMG_1192.jpeg
happydays:250852e931a24151,1,https://imgix.dispenseapp.com/145c714690909516_1749723350648-817544208-5416516519818525252.jpg
happydays:03652977e5248a08,1,https://imgix.dispenseapp.com/145c714690909516_1705172797834-790723411-HH-NY-power-puffs-GIGGLE.png
happydays:a6b7d966d8d6658e,1,https://imgix.dispenseapp.com/145c714690909516_1754936154116-234456311-452452452452445241114141414141.png
happydays:91cae1c9846e7db3,1,https://imgix.dispenseapp.com/145c714690909516_1741736731815-91266395-rhc.png
happydays:4eebe7a632dc46a8,1,https://imgix.dispenseapp.com/145c714690909516_1704228516799-322823464-mp076-_01_.jpg
happydays:a8d879010f91390d,1,https://imgix.dispenseapp.com/145c714690909516_1741737060351-398212795-rcc.png
happydays:15a8e9c8332c57a8,1,https://imgix.dispenseapp.com/145c714690909516_1744247918328-892722248-6878653415674.png
happydays:28a47773360bb7a3,1,https://d1qjybsjlbmhj3.cloudfront.net/1704157490340-474619798-Ooze-Slim-Twist-Pen-Vape-Battery-%E2%80%93-Lucky-Gold-Product.png
happydays:a537688b1e74808f,1,https://imgix.dispenseapp.com/145c714690909516_1705959569324-341141979-go_beans_tin.png
happydays:18ae16a6f4ac2410,1,https://d1qjybsjlbmhj3.cloudfront.net/1704157708787-511207428-GP001-3%E2%80%B3-Glass-Pipes-Assorted-1-clean.png
happydays:166d0891d8cb1019,1,https://imgix.dispenseapp.com/145c714690909516_1705959515932-3328392-chill.png
happydays:5366d3ac009766c7,1,https://imgix.dispenseapp.com/145c714690909516_1705959537873-520067902-genius.png
happydays:c81b4ee8a55ea8de,1,https://imgix.dispenseapp.com/145c714690909516_1705959446976-276984292-go.png
happydays:85fcbad2c8a9bd10,1,https://imgix.dispenseapp.com/145c714690909516_1705959479800-762543042-love.png
happydays:19bccf7f56866b73,1,https://imgix.dispenseapp.com/145c714690909516_1747941604840-762615418-extendible_Jar.webp
happydays:f09fbca55e3c26f6,1,https://imgix.dispenseapp.com/145c714690909516_1711425554258-543032707-ooze_container_honeypot.PNG
happydays:fd387f302c417b6a,1,https://imgix.dispenseapp.com/145c714690909516_1747941455127-698462080-Silcone_Bowl.avif
happydays:82d4ed92eebcb976,1,https://imgix.dispenseapp.com/145c714690909516_1705959496202-302251448-boost.png
happydays:b623b25fbb62b030,1,https://imgix.dispenseapp.com/145c714690909516_1746455279874-75222169-36356365.png
happydays:ec49cb55c14a2f8e,1,https://imgix.dispenseapp.com/145c714690909516_1746455371753-873312536-34634675.png
happydays:42ba763e7e8c2e32,1,https://imgix.dispenseapp.com/145c714690909516_1782906644344-327478847-6461.png
happydays:9215b5f0cedb21d4,1,https://imgix.dispenseapp.com/145c714690909516_1782906731395-220374746-31331.png
happydays:31533605547934e5,1,https://imgix.dispenseapp.com/145c714690909516_1747994715233-390083662-453253339678.png
happydays:55197cb7a2081bdd,1,https://imgix.dispenseapp.com/145c714690909516_1739274703031-464442300-767676767.jpg
happydays:afb412c6498fde25,1,https://imgix.dispenseapp.com/145c714690909516_1739274580816-678330071-3333545.jpg
happydays:ede466aada511fea,1,https://imgix.dispenseapp.com/145c714690909516_1747994842918-873310999-45245324844.png
happydays:5b0b219b70bbe81b,1,https://imgix.dispenseapp.com/145c714690909516_1760093975598-629990373-999654324545245343.png
happydays:c378bad6b838e893,1,https://imgix.dispenseapp.com/145c714690909516_1703343886463-768822300-bangin_blueberry.webp
happydays:fcc2f9f8be0a9b43,1,https://imgix.dispenseapp.com/145c714690909516_1739274530917-581648161-434342355.jpg
happydays:5ba7d8157224bf7b,1,https://imgix.dispenseapp.com/145c714690909516_1703343990098-451147540-gorilla_glu_vape.webp
happydays:701f881eb27623ff,1,https://imgix.dispenseapp.com/145c714690909516_1716251130391-601753686-IMG_1311.jpeg
happydays:1045be790c95b669,1,https://imgix.dispenseapp.com/145c714690909516_1716251141933-309064125-IMG_1314.jpeg
happydays:f46bd27e8ee3986f,1,https://imgix.dispenseapp.com/145c714690909516_1703343960114-794360183-strawberry_pom.webp
happydays:586c0093948c472e,1,https://imgix.dispenseapp.com/145c714690909516_1716251163280-356460035-IMG_1312.jpeg
happydays:0445c66ded187c51,1,https://imgix.dispenseapp.com/145c714690909516_1703343978688-244206098-citrus_crush.webp
happydays:2d622788cbdfb420,1,https://imgix.dispenseapp.com/145c714690909516_1716250676368-324847761-IMG_1304.jpeg
happydays:9fcd56e5e6efc6d2,1,https://imgix.dispenseapp.com/145c714690909516_1760093297263-436335718-45254245348854141545.png
happydays:57d20ff3eb9bdad9,1,https://imgix.dispenseapp.com/145c714690909516_1716250731846-177589313-IMG_1306.jpeg
