id,product_id,title,sku,available,price,compare_at_price,option1,option2,option3,featured_image,weight_value,weight_unit,inventory_quantity,thc_percent,coa_url
9realms:49163083415889,9realms:9366431859025,🍑 Peach,9R-V-C-1,False,40.0,40.0,🍑 Peach,,,https://cdn.shopify.com/s/files/1/0679/0581/4826/files/9R_DIFFUSER_CLASSIC_V2_1_front_peach.jpg?v=1785148208,,,,,
9realms:49163089805649,9realms:9366431859025,🍐 Guava,9R-V-C-2,True,40.0,40.0,🍐 Guava,,,https://cdn.shopify.com/s/files/1/0679/0581/4826/files/9R_DIFFUSER_CLASSIC_V2_1_front_guava.jpg?v=1785147692,,,,,
9realms:49163089838417,9realms:9366431859025,🥭 Mango,9R-V-C-3,True,40.0,40.0,🥭 Mango,,,https://cdn.shopify.com/s/files/1/0679/0581/4826/files/9R_DIFFUSER_CLASSIC_V2_1_front_mango.jpg?v=1785148196,,,,,
9realms:50056429306193,9realms:9804786008401,Default Title,9R-ED-C,True,35.0,35.0,Default Title,,,,,,,,
9realms:49798346801489,9realms:9729472135505,3 PCS.,9R-F-PR-CLASSIC-3,True,35.0,35.0,3 PCS.,,,https://cdn.shopify.com/s/files/1/0679/0581/4826/files/9R_PRE-ROLLS_CLASSIC_3pcs_open_new.jpg?v=1785152751,,,,,
9realms:49798346834257,9realms:9729472135505,5 PCS.,9R-F-PR-CLASSIC-5,True,45.0,45.0,5 PCS.,,,https://cdn.shopify.com/s/files/1/0679/0581/4826/files/9R_PRE-ROLLS_CLASSIC_5pcs_open_new.jpg?v=1785153104,,,,,
9realms:49238637216081,9realms:9400720490833,3G,9R-F-H-V2-3,True,30.0,30.0,3G,,,https://cdn.shopify.com/s/files/1/0679/0581/4826/files/NEW-9R-GELATO-Flower-3g.jpg?v=1785159154,,,,,
9realms:49238637248849,9realms:9400720490833,5G,9R-F-H-V2-5,True,45.0,45.0,5G,,,https://cdn.shopify.com/s/files/1/0679/0581/4826/files/NEW-9R-GELATO-Flower-5g.jpg?v=1785159148,,,,,
9realms:49238637281617,9realms:9400720490833,10G,9R-F-H-V2-10,True,70.0,70.0,10G,,,https://cdn.shopify.com/s/files/1/0679/0581/4826/files/NEW-9R-GELATO-Flower-10g.jpg?v=1785159159,,,,,
9realms:47760193028433,9realms:8879704375633,3G,9R-F-TP-10-3,True,35.0,35.0,3G,,,https://cdn.shopify.com/s/files/1/0679/0581/4826/files/NEW-9R-LEMON-COOKIES-Flower-3g.jpg?v=1785154966,,,,,
9realms:47760193061201,9realms:8879704375633,5G,9R-F-TP-10-5,True,55.0,55.0,5G,,,https://cdn.shopify.com/s/files/1/0679/0581/4826/files/NEW-9R-LEMON-COOKIES-Flower-5g.jpg?v=1785155205,,,,,
9realms:47760193093969,9realms:8879704375633,10G,9R-F-TP-10-10,True,85.0,85.0,10G,,,https://cdn.shopify.com/s/files/1/0679/0581/4826/files/NEW-9R-LEMON-COOKIES-Flower-10g.jpg?v=1785155213,,,,,
9realms:47760223011153,9realms:8879710732625,3G,9R-F-H2-20-3,True,35.0,35.0,3G,,,https://cdn.shopify.com/s/files/1/0679/0581/4826/files/NEW-9R-OG-KUSH-Flower-3g.jpg?v=1785157910,,,,,
9realms:47760223043921,9realms:8879710732625,5G,9R-F-H2-20-5,True,50.0,50.0,5G,,,https://cdn.shopify.com/s/files/1/0679/0581/4826/files/NEW-9R-OG-KUSH-Flower-5g.jpg?v=1785157917,,,,,
9realms:47760223076689,9realms:8879710732625,10G,9R-F-H2-20-10,True,75.0,75.0,10G,,,https://cdn.shopify.com/s/files/1/0679/0581/4826/files/NEW-9R-OG-KUSH-Flower-10g.jpg?v=1785157905,,,,,
9realms:49798492553553,9realms:9729511063889,3 PCS.,9R-F-PR-PRO-3,True,35.0,35.0,3 PCS.,,,https://cdn.shopify.com/s/files/1/0679/0581/4826/files/9R_PRE-ROLLS_PRO_3pcs_open_new.jpg?v=1785153960,,,,,
9realms:49798492586321,9realms:9729511063889,5 PCS.,9R-F-PR-PRO-5,True,50.0,50.0,5 PCS.,,,https://cdn.shopify.com/s/files/1/0679/0581/4826/files/9R_PRE-ROLLS_PRO_5pcs_open_new.jpg?v=1785153954,,,,,
9realms:51454497489233,9realms:10231936123217,3G,9R-F-H-V2-PH-3,True,35.0,35.0,3G,,,https://cdn.shopify.com/s/files/1/0679/0581/4826/files/9R-PURPLE-HAZE-Flower-3g.jpg?v=1785158704,,,,,
9realms:51454497522001,9realms:10231936123217,5G,9R-F-H-V2-PH-5,True,55.0,55.0,5G,,,https://cdn.shopify.com/s/files/1/0679/0581/4826/files/9R-PURPLE-HAZE-Flower-5g.jpg?v=1785158710,,,,,
9realms:51454497554769,9realms:10231936123217,10G,9R-F-H-V2-PH-10,True,80.0,80.0,10G,,,https://cdn.shopify.com/s/files/1/0679/0581/4826/files/9R-PURPLE-HAZE-Flower-10g.jpg?v=1785158718,,,,,
9realms:50652492071249,9realms:9981068673361,3G,9R-F-H-V2-X-3,True,35.0,35.0,3G,,,https://cdn.shopify.com/s/files/1/0679/0581/4826/files/NEW-9R-SILVER-Haze-Flower-3g.jpg?v=1785935057,,,,,
9realms:50652492104017,9realms:9981068673361,5G,9R-F-H-V2-X-5,True,55.0,55.0,5G,,,https://cdn.shopify.com/s/files/1/0679/0581/4826/files/NEW-9R-SILVER-Haze-Flower-5g.jpg?v=1785935066,,,,,
9realms:50652492136785,9realms:9981068673361,10G,9R-F-H-V2-X-10,True,80.0,80.0,10G,,,https://cdn.shopify.com/s/files/1/0679/0581/4826/files/NEW-9R-SILVER-Haze-Flower-10g.jpg?v=1785935040,,,,,
9realms:53420688015697,9realms:9312086982993,150MG,9R-ED-SVRT,True,25.0,25.0,150MG,,,,,,,,
9realms:53420688048465,9realms:9312086982993,300MG,9R-ED-SVRT-MAX,True,40.0,40.0,300MG,,,https://cdn.shopify.com/s/files/1/0679/0581/4826/files/Nine_Realms_SVART_MAX_THC_Gummies_product_photo.jpg?v=1785141352,,,,,
9realms:47760195912017,9realms:8879705162065,3G,9R-F-TP-5-3,False,35.0,35.0,3G,,,https://cdn.shopify.com/s/files/1/0679/0581/4826/files/NEW-9R-WHITE-WIDOW-Flower-3g.jpg?v=1770033749,,,,,
9realms:47760195944785,9realms:8879705162065,5G,9R-F-TP-5-5,False,50.0,50.0,5G,,,https://cdn.shopify.com/s/files/1/0679/0581/4826/files/NEW-9R-WHITE-WIDOW-Flower-5g.jpg?v=1770033745,,,,,
9realms:47760195977553,9realms:8879705162065,10G,9R-F-TP-5-10,False,75.0,75.0,10G,,,https://cdn.shopify.com/s/files/1/0679/0581/4826/files/NEW-9R-WHITE-WIDOW-Flower-10g.jpg?v=1770033753,,,,,
9realms:50859808358737,9realms:10050377908561,🍑 Peach,C-BDL-P,False,90.0,110.0,🍑 Peach,,,,,,,,
9realms:50859808391505,9realms:10050377908561,🍐 Guava,C-BDL-G,True,90.0,110.0,🍐 Guava,,,,,,,,
9realms:50859808424273,9realms:10050377908561,🥭 Mango,C-BDL-M,True,90.0,110.0,🥭 Mango,,,,,,,,
9realms:50859830903121,9realms:10050383315281,Default Title,F-BDL,True,145.0,155.0,Default Title,,,,,,,,
9realms:50859817697617,9realms:10050379022673,Default Title,G-BDL,True,80.0,100.0,Default Title,,,,,,,,
9realms:50859814388049,9realms:10050378662225,🫐 Blueberry,L-BDL-B,False,85.0,100.0,🫐 Blueberry,,,,,,,,
9realms:50859814420817,9realms:10050378662225,🥭 Mango,L-BDL-M,False,85.0,100.0,🥭 Mango,,,,,,,,
9realms:50859814453585,9realms:10050378662225,🍓 Strawberry,L-BDL-S,False,85.0,100.0,🍓 Strawberry,,,,,,,,
9realms:50859825037649,9realms:10050380857681,Default Title,PRE-BDL,True,105.0,105.0,Default Title,,,,,,,,
9realms:50859813175633,9realms:10050378531153,🍍 Pineapple,P-BDL-P,False,95.0,115.0,🍍 Pineapple,,,,,,,,
9realms:50859813208401,9realms:10050378531153,🍌 Banana,P-BDL-B,True,95.0,115.0,🍌 Banana,,,,,,,,
9realms:47760203153745,9realms:8879706669393,3G,9R-F-H1-20-3,True,35.0,35.0,3G,,,https://cdn.shopify.com/s/files/1/0679/0581/4826/files/NEW-9R-ICE-CHEESE-Flower-3g.jpg?v=1770032032,,,,,
9realms:47760203186513,9realms:8879706669393,5G,9R-F-H1-20-5,True,50.0,50.0,5G,,,https://cdn.shopify.com/s/files/1/0679/0581/4826/files/NEW-9R-ICE-CHEESE-Flower-5g.jpg?v=1768635019,,,,,
9realms:47760203219281,9realms:8879706669393,10G,9R-F-H1-20-10,False,75.0,75.0,10G,,,https://cdn.shopify.com/s/files/1/0679/0581/4826/files/NEW-9R-ICE-CHEESE-Flower-10g.jpg?v=1770032038,,,,,
9realms:49798296174929,9realms:9729466007889,3 PCS.,9R-F-PR-LIGHT-3,True,35.0,35.0,3 PCS.,,,https://cdn.shopify.com/s/files/1/0679/0581/4826/files/9R_PRE-ROLLS_LIGHT_3pcs_open_new.jpg?v=1785153618,,,,,
9realms:49798296207697,9realms:9729466007889,5 PCS.,9R-F-PR-LIGHT-5,True,45.0,45.0,5 PCS.,,,https://cdn.shopify.com/s/files/1/0679/0581/4826/files/9R_PRE-ROLLS_LIGHT_5pcs_open_new.jpg?v=1785153613,,,,,
9realms:49163181719889,9realms:9366470492497,🫐 Blueberry,9R-V-L-1,False,35.0,35.0,🫐 Blueberry,,,https://cdn.shopify.com/s/files/1/0679/0581/4826/files/9R_DIFFUSER_LIGHT_V2_1_front_blueberry.jpg?v=1783346716,,,,,
9realms:49163181785425,9realms:9366470492497,🥭 Mango,9R-V-L-2,False,35.0,35.0,🥭 Mango,,,https://cdn.shopify.com/s/files/1/0679/0581/4826/files/9R_DIFFUSER_LIGHT_V2_1_front_mango.jpg?v=1783346740,,,,,
9realms:49163181850961,9realms:9366470492497,🍓 Strawberry,9R-V-L-3,False,35.0,35.0,🍓 Strawberry,,,https://cdn.shopify.com/s/files/1/0679/0581/4826/files/9R_DIFFUSER_LIGHT_V2_1_front_strawberry.jpg?v=1783346703,,,,,
9realms:50317163004241,9realms:9882885816657,🍈  Melon,9R-V-P-2,False,50.0,50.0,🍈  Melon,,,https://cdn.shopify.com/s/files/1/0679/0581/4826/files/3.1pro.jpg?v=1785149656,,,,,
9realms:50317163037009,9realms:9882885816657,🍍 Pineapple,9R-V-P-1,False,50.0,50.0,🍍 Pineapple,,,https://cdn.shopify.com/s/files/1/0679/0581/4826/files/2.1pro.jpg?v=1785149661,,,,,
9realms:50317163069777,9realms:9882885816657,🍌 Banana,9R-V-P-3,True,50.0,50.0,🍌 Banana,,,https://cdn.shopify.com/s/files/1/0679/0581/4826/files/1.1pro.jpg?v=1785148488,,,,,
9realms:52921967837521,9realms:10605691830609,3G,9R-H-P-3,True,30.0,30.0,3G,,,https://cdn.shopify.com/s/files/1/0679/0581/4826/files/PRO_Piatella_Hash_3G.jpg?v=1785146128,,,,,
9realms:52921967870289,9realms:10605691830609,5G,9R-H-P-5,True,45.0,45.0,5G,,,https://cdn.shopify.com/s/files/1/0679/0581/4826/files/PRO_Piatella_Hash_5G.jpg?v=1785146775,,,,,
9realms:52921967903057,9realms:10605691830609,10G,9R-H-P-10,True,80.0,80.0,10G,,,https://cdn.shopify.com/s/files/1/0679/0581/4826/files/PROPiatellahashpackage.jpg?v=1785146783,,,,,
9realms:52921809568081,9realms:10605644382545,3G,9R-H-C-3,True,30.0,30.0,3G,,,https://cdn.shopify.com/s/files/1/0679/0581/4826/files/CLASSIC_Dry_Sift_Hash_3G.jpg?v=1785143927,,,,,
9realms:52921809600849,9realms:10605644382545,5G,9R-H-C-5,True,45.0,45.0,5G,,,https://cdn.shopify.com/s/files/1/0679/0581/4826/files/CLASSIC_Dry_Sift_Hash_5G.jpg?v=1785144390,,,,,
9realms:52921809633617,9realms:10605644382545,10G,9R-H-C-10,True,80.0,80.0,10G,,,https://cdn.shopify.com/s/files/1/0679/0581/4826/files/CLASSICdrysifthashpackage.jpg?v=1785144420,,,,,
9realms:52921365889361,9realms:10605489193297,3G,9R-H-L-3,True,30.0,30.0,3G,,,https://cdn.shopify.com/s/files/1/0679/0581/4826/files/LIGHT_Static_Sift_Hash_3G.jpg?v=1785144741,,,,,
9realms:52921365922129,9realms:10605489193297,5G,9R-H-L-5,True,45.0,45.0,5G,,,https://cdn.shopify.com/s/files/1/0679/0581/4826/files/LIGHT_Static_Sift_Hash_5G.jpg?v=1785145635,,,,,
9realms:52921365954897,9realms:10605489193297,10G,9R-H-L-10,True,80.0,80.0,10G,,,https://cdn.shopify.com/s/files/1/0679/0581/4826/files/LIGHTSTATICHASHPackage.jpg?v=1785145800,,,,,
9realms:50056412037457,9realms:9804779585873,Default Title,9R-ED-L,True,30.0,30.0,Default Title,,,,,,,,
9realms:50056496054609,9realms:9804806226257,Default Title,9R-ED-P,True,35.0,35.0,Default Title,,,,,,,,
happydays:5e078927f56c500b,happydays:5e078927f56c500b,28g,HD-5e078927f56c500b,True,298.8,332,28g,,,https://imgix.dispenseapp.com/145c714690909516_1788457612435-283022594-MAC1_Flower.JPG,28,grams,50,22.6,
happydays:1176cd7a2ebbd375,happydays:1176cd7a2ebbd375,7g,HD-1176cd7a2ebbd375,True,82.8,92,7g,,,https://imgix.dispenseapp.com/145c714690909516_1788457352077-942947415-Cap_Junkly_Quarter.jpeg,7,grams,47,26.5,
happydays:9323927bbd4772ad,happydays:9323927bbd4772ad,3g,HD-9323927bbd4772ad,True,32,32,3g,,,https://imgix.dispenseapp.com/145c714690909516_1788459308523-682637921-56234.avif,3,grams,88,30.7,
happydays:a75a0a585f82fd5a,happydays:a75a0a585f82fd5a,3.5g,HD-a75a0a585f82fd5a,True,50,50,3.5g,,,https://imgix.dispenseapp.com/145c714690909516_1788474204529-310997667-MW_PRODUCT_-_Animal_Face.JPG,3.5,grams,24,26.41,
happydays:2a52b821cafd7d79,happydays:2a52b821cafd7d79,3.5g,HD-2a52b821cafd7d79,True,50,50,3.5g,,,https://imgix.dispenseapp.com/145c714690909516_1788474023852-516243009-MW_PRODUCT_-_White_Zlushie_Closeup.JPG,3.5,grams,47,27.49,
happydays:83dc4ccc6034d636,happydays:83dc4ccc6034d636,3.5g,HD-83dc4ccc6034d636,True,50,50,3.5g,,,https://imgix.dispenseapp.com/145c714690909516_1788473788127-657743990-MW_PRODUCT_-_The_Queen.png,3.5,grams,24,27.19,
happydays:eba5c93496dd3ab6,happydays:eba5c93496dd3ab6,2g,HD-eba5c93496dd3ab6,True,74.7,83,2g,,,https://imgix.dispenseapp.com/145c714690909516_1788451095450-103843963-5768785.png,2,grams,40,82.75,
happydays:ba8ce16e21e20d3f,happydays:ba8ce16e21e20d3f,2.5g,HD-ba8ce16e21e20d3f,True,30,30,2.5g,,,https://imgix.dispenseapp.com/145c714690909516_1788458904075-147609807-GRUNTZ5pk.jpg,2.5,grams,50,34.62,
happydays:659700cd7d43d7b1,happydays:659700cd7d43d7b1,1g,HD-659700cd7d43d7b1,True,45,50,1g,,,https://imgix.dispenseapp.com/145c714690909516_1788450931036-755351288-65475467.png,1,grams,19,83.45,
happydays:91b856dd7891619d,happydays:91b856dd7891619d,1g,HD-91b856dd7891619d,True,27,36,1g,,,https://imgix.dispenseapp.com/145c714690909516_1788461088347-14382945-Pine_express_use_this_one.png,1,grams,58,89.92,
happydays:860a4b7339cde9fd,happydays:860a4b7339cde9fd,14g,HD-860a4b7339cde9fd,True,49,49,14g,,,https://imgix.dispenseapp.com/145c714690909516_1788458743053-795943935-INFUSEDGROUNDFLOWERSMOAKLAND.jpg,14,grams,46,29.2,
happydays:23481910402bb528,happydays:23481910402bb528,14g,HD-23481910402bb528,True,49,49,14g,,,https://imgix.dispenseapp.com/145c714690909516_1788458801983-42230437-INFUSEDGROUNDFLOWERSMOAKLAND.jpg,14,grams,45,32.5,
happydays:725428fa60077625,happydays:725428fa60077625,1g,HD-725428fa60077625,True,27,36,1g,,,https://imgix.dispenseapp.com/145c714690909516_1788461067497-78968745-234234234234234234_use_this.png,1,grams,54,92.63,
happydays:4f21ee0fd983f08e,happydays:4f21ee0fd983f08e,3.5g,HD-4f21ee0fd983f08e,True,30,30,3.5g,,,https://imgix.dispenseapp.com/145c714690909516_1788353032040-592542105-PineappleCandy.png,3.5,grams,56,30.13,
happydays:cf5e98bd04055a76,happydays:cf5e98bd04055a76,1g,HD-cf5e98bd04055a76,True,10,10,1g,,,https://imgix.dispenseapp.com/145c714690909516_1788352779901-752239252-CHOPSTICKSSOURD.jpg,1,grams,140,19.6,
happydays:a30da33c4e314930,happydays:a30da33c4e314930,7g,HD-a30da33c4e314930,True,40,40,7g,,,https://imgix.dispenseapp.com/145c714690909516_1788380510061-774445805-SKUNKHEPWORTH.avif,7,grams,22,26.19,
happydays:b1ef62785f530b8a,happydays:b1ef62785f530b8a,2.5g,HD-b1ef62785f530b8a,True,22.4,28,2.5g,,,https://imgix.dispenseapp.com/145c714690909516_1788356630400-347857577-AJSOURD5PK.png,2.5,grams,32,29.76,
happydays:73ef75bc92caec30,happydays:73ef75bc92caec30,1g,HD-73ef75bc92caec30,True,12.8,16,1g,,,https://imgix.dispenseapp.com/145c714690909516_1788356914891-417056809-AJSOURD2PK.png,1,grams,46,29.76,
happydays:1da6dc8a0a46f4af,happydays:1da6dc8a0a46f4af,2.5g,HD-1da6dc8a0a46f4af,True,43,43,2.5g,,,https://imgix.dispenseapp.com/145c714690909516_1788372307484-36440849-PINACOLADA5PKJEETER.jpg,2.5,grams,49,35.13,
happydays:b650bf678c50a551,happydays:b650bf678c50a551,2.5g,HD-b650bf678c50a551,True,43,43,2.5g,,,https://imgix.dispenseapp.com/145c714690909516_1788373980281-971494419-SUGARPLUMJEETER.png,2.5,grams,47,38.57,
happydays:ece5365eb7bf2f7c,happydays:ece5365eb7bf2f7c,1g,HD-ece5365eb7bf2f7c,True,20,20,1g,,,https://imgix.dispenseapp.com/145c714690909516_1788378167736-98324052-BERRYWHITE1G.avif,1,grams,72,37.5,
happydays:dde6124fd9a2d781,happydays:dde6124fd9a2d781,2.5g,HD-dde6124fd9a2d781,True,43,43,2.5g,,,https://imgix.dispenseapp.com/145c714690909516_1788373454151-154697376-BUBBAGJEETER.png,2.5,grams,47,34.47,
happydays:b8ec1032092726f8,happydays:b8ec1032092726f8,14g,HD-b8ec1032092726f8,True,60,60,14g,,,https://imgix.dispenseapp.com/145c714690909516_1788281347627-323894819-WHITEHOTGUAVARTR.jpg,14,grams,15,28.5,
happydays:a7b245fc2b863def,happydays:a7b245fc2b863def,14g,HD-a7b245fc2b863def,True,76.5,90,14g,,,https://imgix.dispenseapp.com/145c714690909516_1788291440965-495135524-56_(1).png,14,grams,67,31.49,
happydays:acc41defe413fd2b,happydays:acc41defe413fd2b,1g,HD-acc41defe413fd2b,True,42.5,50,1g,,,https://imgix.dispenseapp.com/145c714690909516_1788289654462-162656808-PlatKushDadHsh.png,1,grams,45,63.69,
happydays:788cbfe085f36663,happydays:788cbfe085f36663,1g,HD-788cbfe085f36663,True,42.5,50,1g,,,https://imgix.dispenseapp.com/145c714690909516_1788289545766-567586367-60.png,1,grams,47,56.31,
happydays:ae6e8cf28432944e,happydays:ae6e8cf28432944e,14g,HD-ae6e8cf28432944e,True,76.5,90,14g,,,https://imgix.dispenseapp.com/145c714690909516_1788290630918-163345416-58.png,14,grams,32,34.13,
happydays:350aa515df985965,happydays:350aa515df985965,14g,HD-350aa515df985965,True,76.5,90,14g,,,https://imgix.dispenseapp.com/145c714690909516_1788287554199-306464970-GARLICCOOKIES14G.png,14,grams,87,28.88,
happydays:646fcd9c12adb3a6,happydays:646fcd9c12adb3a6,100mg,HD-646fcd9c12adb3a6,True,18,20,100mg,,,https://imgix.dispenseapp.com/145c714690909516_1786643627761-687223752-SuperSourLemonade.png,100,milligrams,48,,
happydays:ce4dcf0ea2ca2e14,happydays:ce4dcf0ea2ca2e14,100mg,HD-ce4dcf0ea2ca2e14,True,18,20,100mg,,,https://imgix.dispenseapp.com/145c714690909516_1786635583939-117277354-StrawberryFieldsJaunty.png,100,milligrams,42,,
happydays:72dd00ac362b6168,happydays:72dd00ac362b6168,100mg,HD-72dd00ac362b6168,True,18,20,100mg,,,https://imgix.dispenseapp.com/145c714690909516_1786636386542-72255240-BlueberryStacks.png,100,milligrams,40,,
happydays:2f6ac7fc40648342,happydays:2f6ac7fc40648342,100mg,HD-2f6ac7fc40648342,True,18,20,100mg,,,https://imgix.dispenseapp.com/145c714690909516_1786643591122-421943193-SourOrchardJaunty.png,100,milligrams,50,,
happydays:72924afde5f5b2a7,happydays:72924afde5f5b2a7,14g,HD-72924afde5f5b2a7,True,80,80,14g,,,https://imgix.dispenseapp.com/145c714690909516_1788218325078-930232845-MoonbeamGelato14gIsh.png,14,grams,4,28.17,
happydays:5a6c6b74cc68abf1,happydays:5a6c6b74cc68abf1,28g,HD-5a6c6b74cc68abf1,True,130,130,28g,,,https://imgix.dispenseapp.com/145c714690909516_1788262911919-531052220-moonbeam_28.avif,28,grams,33,26.58,
happydays:ec9991c425d0f1e8,happydays:ec9991c425d0f1e8,14g,HD-ec9991c425d0f1e8,True,80,80,14g,,,https://imgix.dispenseapp.com/145c714690909516_1788262985463-624994038-1788218325078-930232845-MoonbeamGelato14gIsh.png,14,grams,13,22.44,
happydays:7efa9623deb5aa97,happydays:7efa9623deb5aa97,28g,HD-7efa9623deb5aa97,True,130,130,28g,,,https://imgix.dispenseapp.com/145c714690909516_1788262925623-847949492-la_pop_rocks_28.avif,28,grams,40,23.82,
happydays:7d7fda5dd5a31b00,happydays:7d7fda5dd5a31b00,28g,HD-7d7fda5dd5a31b00,True,130,130,28g,,,https://imgix.dispenseapp.com/145c714690909516_1788264657856-130966211-LarryBurger28Ish.png,28,grams,22,29.25,
happydays:5d8706e688ac5d47,happydays:5d8706e688ac5d47,1g,HD-5d8706e688ac5d47,True,7,7,1g,,,https://imgix.dispenseapp.com/145c714690909516_1788277123616-695150757-LEALPREROLL.avif,1,grams,73,22.5,
happydays:4dfb915756df2f8d,happydays:4dfb915756df2f8d,1g,HD-4dfb915756df2f8d,True,10,10,1g,,,https://imgix.dispenseapp.com/145c714690909516_1788193607099-943414699-24356456.avif,1,grams,17,21.7,
happydays:85dbc4a9016a3a0a,happydays:85dbc4a9016a3a0a,3g,HD-85dbc4a9016a3a0a,True,110,110,3g,,,https://imgix.dispenseapp.com/145c714690909516_1787933209578-654270977-SATxIND.png,3,grams,1,85.71,
happydays:d525aefcd6bfd6ed,happydays:d525aefcd6bfd6ed,3.5g,HD-d525aefcd6bfd6ed,True,36.5044,36.5044,3.5g,,,https://imgix.dispenseapp.com/145c714690909516_1787919873085-19324211-5555555.jpg,3.5,grams,14,30.1,
happydays:f868d093aa101274,happydays:f868d093aa101274,3.5g,HD-f868d093aa101274,True,36.5044,36.5044,3.5g,,,https://imgix.dispenseapp.com/145c714690909516_1787919889006-629384337-unnamed_(1).jpg,3.5,grams,27,25.27,
happydays:5e1c3c0d7a1b9e55,happydays:5e1c3c0d7a1b9e55,Papers,HD-5e1c3c0d7a1b9e55,True,2.5,2.5,,,,https://imgix.dispenseapp.com/145c714690909516_1787858810508-183044837-5647546745.jpg,,,197,,
happydays:84c9a2e8accad517,happydays:84c9a2e8accad517,2g,HD-84c9a2e8accad517,True,74.7,83,2g,,,https://imgix.dispenseapp.com/145c714690909516_1787855663169-53248485-Fernway_-_Honeycrisp_-_Traveler_PRO_-_All_in_One_-_2.0g_-_Sativa_-_Recycling_Badge_-_White_Background_-_Menu_Photo.png,2,grams,33,83.25,
happydays:6817452a19c4ca0c,happydays:6817452a19c4ca0c,1g,HD-6817452a19c4ca0c,True,50,50,1g,,,https://imgix.dispenseapp.com/145c714690909516_1787854360360-621317737-657457.jpg,1,grams,6,65.22,
happydays:aeff868dc8d16d85,happydays:aeff868dc8d16d85,1g,HD-aeff868dc8d16d85,True,60,60,1g,,,https://imgix.dispenseapp.com/145c714690909516_1787854144521-722931251-8757687.jpg,1,grams,11,70.04,
happydays:bc7125e791b2ed40,happydays:bc7125e791b2ed40,4g,HD-bc7125e791b2ed40,True,58.5,65,4g,,,https://imgix.dispenseapp.com/145c714690909516_1787848358692-630855864-54643634.png,4,grams,32,44.69,
happydays:6ea03bbc1ac214ee,happydays:6ea03bbc1ac214ee,4g,HD-6ea03bbc1ac214ee,True,58.5,65,4g,,,https://imgix.dispenseapp.com/145c714690909516_1787855725266-526100668-HYBRID_5_PACK.JPG,4,grams,30,45.94,
happydays:b0f8d622507ef55e,happydays:b0f8d622507ef55e,1g,HD-b0f8d622507ef55e,True,72.5044,72.5044,1g,,,https://imgix.dispenseapp.com/145c714690909516_1787777979355-913812270-BISCOTTIPIE.png,1,grams,27,74.6,
happydays:bcd4aac7877779fa,happydays:bcd4aac7877779fa,3.5g,HD-bcd4aac7877779fa,True,41,41,3.5g,,,https://imgix.dispenseapp.com/145c714690909516_1787849575939-924918651-GARYPAYTON.png,3.5,grams,40,25.46,
happydays:00a388cb3aef2ae5,happydays:00a388cb3aef2ae5,3.5g,HD-00a388cb3aef2ae5,True,41,41,3.5g,,,https://imgix.dispenseapp.com/145c714690909516_1787849565692-502501467-frostedkush.png,3.5,grams,29,27.8,
happydays:3403dcb4b120edd8,happydays:3403dcb4b120edd8,3.5g,HD-3403dcb4b120edd8,True,41,41,3.5g,,,https://imgix.dispenseapp.com/145c714690909516_1787849542334-522714296-bluelimeade.png,3.5,grams,110,28.11,
happydays:c526f172b6205673,happydays:c526f172b6205673,3.5g,HD-c526f172b6205673,True,41,41,3.5g,,,https://imgix.dispenseapp.com/145c714690909516_1787849555574-743677886-bluberrymalasada.png,3.5,grams,10,25.42,
happydays:0c5e083618eb0a1e,happydays:0c5e083618eb0a1e,2g,HD-0c5e083618eb0a1e,True,70,70,2g,,,https://imgix.dispenseapp.com/145c714690909516_1787767424207-365255097-564345654.webp,2,grams,34,82.29,
happydays:4fa016fabff7a4b6,happydays:4fa016fabff7a4b6,2g,HD-4fa016fabff7a4b6,True,70,70,2g,,,https://imgix.dispenseapp.com/145c714690909516_1787767293108-500933840-4355254.webp,2,grams,36,84.8,
happydays:928e832d9e09df7c,happydays:928e832d9e09df7c,14g,HD-928e832d9e09df7c,True,80,90,14g,,,https://imgix.dispenseapp.com/145c714690909516_1787767942677-653135827-NY_-_CHERRY_BOMB_-_THUMBNAIL_-_WHITE.png,14,grams,24,26.02,
happydays:a0e5441b6b64a64e,happydays:a0e5441b6b64a64e,14g,HD-a0e5441b6b64a64e,True,85,95,14g,,,https://imgix.dispenseapp.com/145c714690909516_1787768354297-520980558-132453245.jpg,14,grams,14,28.76,
happydays:36297705a614c829,happydays:36297705a614c829,4g,HD-36297705a614c829,True,32,32,4g,,,https://imgix.dispenseapp.com/145c714690909516_1787766587271-932284004-54365436.jpg,4,grams,65,17.8,
happydays:337d376c2d9c2bb8,happydays:337d376c2d9c2bb8,1g,HD-337d376c2d9c2bb8,True,60,70,1g,,,https://imgix.dispenseapp.com/145c714690909516_1787769774070-132092050-JETTY_NY_SLVTLS_MINI_TANK_SATIVA_(2).png,1,grams,20,72.9,
happydays:381eba114de0a139,happydays:381eba114de0a139,1g,HD-381eba114de0a139,True,25,25,1g,,,https://imgix.dispenseapp.com/145c714690909516_1787766369076-709250810-34565433.webp,1,grams,96,39.3,
happydays:cf1633ff74238135,happydays:cf1633ff74238135,1g,HD-cf1633ff74238135,True,10,10,1g,,,https://imgix.dispenseapp.com/145c714690909516_1787765869023-35855784-3456546.avif,1,grams,67,21.5,
happydays:816e44760fd2f2e3,happydays:816e44760fd2f2e3,1g,HD-816e44760fd2f2e3,True,10,10,1g,,,https://imgix.dispenseapp.com/145c714690909516_1787766745578-633379613-543463456.avif,1,grams,49,23.2,
happydays:7256a8e9c35fbc3a,happydays:7256a8e9c35fbc3a,100mg,HD-7256a8e9c35fbc3a,True,22,22,100mg,,,https://imgix.dispenseapp.com/145c714690909516_1787746122377-796292240-images_(1).jpg,100,milligrams,6,,
happydays:abb6e4db2efe51ad,happydays:abb6e4db2efe51ad,3.5g,HD-abb6e4db2efe51ad,True,44,44,3.5g,,,https://imgix.dispenseapp.com/145c714690909516_1787660663658-235224574-BreakfastOfChampsRG.webp,3.5,grams,49,30.6,
happydays:1af242875d1cc285,happydays:1af242875d1cc285,3.5g,HD-1af242875d1cc285,True,53,53,3.5g,,,https://imgix.dispenseapp.com/145c714690909516_1787661110812-416236457-MandarinButterRG.webp,3.5,grams,52,26.24,
happydays:abf6a2e773223941,happydays:abf6a2e773223941,3.5g,HD-abf6a2e773223941,True,53,53,3.5g,,,https://imgix.dispenseapp.com/145c714690909516_1787700983634-500440860-WHITECHOCCHIP.webp,3.5,grams,42,28.22,
happydays:a86d3907a108f69e,happydays:a86d3907a108f69e,28g,HD-a86d3907a108f69e,True,160,160,28g,,,https://dispense-images.imgix.net/064865d0-c1b6-11ed-be70-f13c7db4e3ea.png,28,grams,9,27.96,
happydays:b2065372869bcec8,happydays:b2065372869bcec8,3.5g,HD-b2065372869bcec8,True,30,30,3.5g,,,https://dispense-images.imgix.net/064865d0-c1b6-11ed-be70-f13c7db4e3ea.png,3.5,grams,11,30.13,
happydays:640fc6862e6aad38,happydays:640fc6862e6aad38,2g,HD-640fc6862e6aad38,True,72,90,2g,,,https://imgix.dispenseapp.com/145c714690909516_1787598375070-585995087-BrownieScout2g.png,2,grams,22,78.61,
happydays:518c7c73b1584a53,happydays:518c7c73b1584a53,1g,HD-518c7c73b1584a53,True,44,55,1g,,,https://imgix.dispenseapp.com/145c714690909516_1787596027270-699923394-e8996c47-757d-38a8-9f3c-304255836aff,1,grams,35,83.2,
happydays:72810eec6547c953,happydays:72810eec6547c953,2.25g,HD-72810eec6547c953,True,40,40,2.25g,,,https://imgix.dispenseapp.com/145c714690909516_1787595634345-414302399-output.auto.jpg,2.25,grams,48,44.68,
happydays:4a47859120f19d21,happydays:4a47859120f19d21,100mg,HD-4a47859120f19d21,True,18,18,100mg,,,https://imgix.dispenseapp.com/145c714690909516_1787595823614-477920786-STRAWBERRYSUPERNOVA.JPG,100,milligrams,31,,
happydays:e7aed4870f394b8b,happydays:e7aed4870f394b8b,1.75g,HD-e7aed4870f394b8b,True,28,28,1.75g,,,https://imgix.dispenseapp.com/145c714690909516_1787594862369-397412433-LEMONFRESH5PK.png,1.75,grams,44,28.42,
happydays:a5248af896782157,happydays:a5248af896782157,3.5g,HD-a5248af896782157,True,62,62,3.5g,,,https://imgix.dispenseapp.com/145c714690909516_1787591024949-888787900-WizardZoap35.jpg,3.5,grams,21,22.9,
happydays:50f416925a42ef46,happydays:50f416925a42ef46,3.5g,HD-50f416925a42ef46,True,62,62,3.5g,,,https://imgix.dispenseapp.com/145c714690909516_1787591267979-105070638-WizardNYer35.jpg,3.5,grams,11,27.37,
happydays:a36ed198be192751,happydays:a36ed198be192751,4.2g,HD-a36ed198be192751,True,55,55,4.2g,,,https://imgix.dispenseapp.com/145c714690909516_1788116847285-945042768-SATIVA12PACK.png,4.2,grams,10,28.11,
happydays:80d94a8be014d314,happydays:80d94a8be014d314,Batteries,HD-80d94a8be014d314,True,10,10,,,,https://imgix.dispenseapp.com/145c714690909516_1787587331537-63673814-20c25c37-b13e-4a5f-a83a-4352ef888447.webp,,,69,,
happydays:a503d9493bfc2f1f,happydays:a503d9493bfc2f1f,1g,HD-a503d9493bfc2f1f,True,36,45,1g,,,https://imgix.dispenseapp.com/145c714690909516_1787595268355-151776409-Rythm1gLRCart.avif,1,grams,62,85.15,
happydays:adefea63854579dd,happydays:adefea63854579dd,2g,HD-adefea63854579dd,True,56,70,2g,,,https://imgix.dispenseapp.com/145c714690909516_1787595637804-998661501-Rythm2gLR.jpg,2,grams,11,78.82,
happydays:7eaf7f04a276e418,happydays:7eaf7f04a276e418,1.75g,HD-7eaf7f04a276e418,True,32,32,1.75g,,,https://imgix.dispenseapp.com/145c714690909516_1787593851180-750997653-DOGWALKERS.FANTASY.MELONZ5PK.png,1.75,grams,34,20.64,
happydays:c1a0c4d6d0ad69aa,happydays:c1a0c4d6d0ad69aa,3.5g,HD-c1a0c4d6d0ad69aa,True,55,55,3.5g,,,https://imgix.dispenseapp.com/145c714690909516_1787593059094-869596107-JOHNSMACKNROLLKOA.png,3.5,grams,33,42.95,
happydays:a7a0b9177ff0ae27,happydays:a7a0b9177ff0ae27,0.75g,HD-a7a0b9177ff0ae27,True,15,15,0.75g,,,https://imgix.dispenseapp.com/145c714690909516_1787595414974-1671249-Photoroom_20260824_134023.jpeg,0.75,grams,23,,
happydays:c697b11f80f97316,happydays:c697b11f80f97316,3.5g,HD-c697b11f80f97316,True,55,55,3.5g,,,https://imgix.dispenseapp.com/145c714690909516_1787593098107-883897621-BLUELOBSTERKOA.jpeg,3.5,grams,23,42.98,
happydays:586779af864f412d,happydays:586779af864f412d,7g,HD-586779af864f412d,True,59,59,7g,,,https://imgix.dispenseapp.com/145c714690909516_1787251855857-308556549-Subway_Sesh.png,7,grams,40,23.9,
happydays:7e606127efd7c1f4,happydays:7e606127efd7c1f4,2g,HD-7e606127efd7c1f4,True,69.6,87,2g,,,https://imgix.dispenseapp.com/145c714690909516_1787408585108-636116811-CactusChiller2gAIO.avif,2,grams,11,82,
happydays:33cd7106dfd69f54,happydays:33cd7106dfd69f54,1g,HD-33cd7106dfd69f54,True,40,40,1g,,,https://imgix.dispenseapp.com/145c714690909516_1787397338029-129872642-FruitKingLRVapeCart.jpg,1,grams,57,69.47,
happydays:df32f360c2e86bb8,happydays:df32f360c2e86bb8,1.3g,HD-df32f360c2e86bb8,True,20,24,1.3g,,,https://imgix.dispenseapp.com/145c714690909516_1787336622122-80526403-WaferzTrainWreck.png,1.3,grams,13,36.55,
happydays:91318fc4bfdff223,happydays:91318fc4bfdff223,1.4g,HD-91318fc4bfdff223,True,5.85,6.5,1.4g,,,https://imgix.dispenseapp.com/145c714690909516_1787326654799-725347064-CANDYCANDYxRITZCARLTON2pk.jpeg,1.4,grams,141,34.03,
happydays:128959c8796d8595,happydays:128959c8796d8595,7g,HD-128959c8796d8595,True,55,55,7g,,,https://imgix.dispenseapp.com/145c714690909516_1787322694695-525494171-56547.jpg,7,grams,32,22.51,
happydays:fe9f9e564dfa70f1,happydays:fe9f9e564dfa70f1,7g,HD-fe9f9e564dfa70f1,True,55,55,7g,,,https://imgix.dispenseapp.com/145c714690909516_1787323007550-817120636-56547.jpg,7,grams,4,27.12,
happydays:9db133fef4798783,happydays:9db133fef4798783,7g,HD-9db133fef4798783,True,55,55,7g,,,https://imgix.dispenseapp.com/145c714690909516_1787322713809-379542753-56547.jpg,7,grams,20,27.18,
happydays:0ee4d46af4138c6d,happydays:0ee4d46af4138c6d,300mg,HD-0ee4d46af4138c6d,True,36,36,300mg,,,https://imgix.dispenseapp.com/145c714690909516_1787325685870-617484195-Screenshot_2026-08-21_112121.png,300,milligrams,26,,
happydays:57a635105926c3c0,happydays:57a635105926c3c0,300mg,HD-57a635105926c3c0,True,36,36,300mg,,,https://imgix.dispenseapp.com/145c714690909516_1787325466673-365896675-Screenshot_2026-08-21_111734.png,300,milligrams,23,,
happydays:954acd7e5102ff5f,happydays:954acd7e5102ff5f,1g,HD-954acd7e5102ff5f,True,12,12,1g,,,https://imgix.dispenseapp.com/145c714690909516_1787336430664-5328746-REDOPRTUBE.jpeg,1,grams,10,35.74,
happydays:02c05b67e1cbe4c2,happydays:02c05b67e1cbe4c2,3.5g,HD-02c05b67e1cbe4c2,True,50,50,3.5g,,,https://imgix.dispenseapp.com/145c714690909516_1787324428160-439486261-6567.png,3.5,grams,60,33.4,
happydays:544e9440e6d98483,happydays:544e9440e6d98483,Apparel,TieDyeBandana08.19.26,True,5,5,,,,https://imgix.dispenseapp.com/145c714690909516_1787234899242-941466115-Happy_Days_Dog_Bandana.png,,,986,,
happydays:7180311b0bdbe08c,happydays:7180311b0bdbe08c,1g,HD-7180311b0bdbe08c,True,86.5044,86.5044,1g,,,https://imgix.dispenseapp.com/145c714690909516_1787247830723-418699726-FrozenBiscottiPie.webp,1,grams,23,73.9,
happydays:37a45249b3acc3e9,happydays:37a45249b3acc3e9,3.5g,HD-37a45249b3acc3e9,True,34,40,3.5g,,,https://imgix.dispenseapp.com/145c714690909516_1787163916770-179045935-67547654.webp,3.5,grams,45,28.39,
happydays:ebd52565fe5aa170,happydays:ebd52565fe5aa170,0.5g,HD-ebd52565fe5aa170,True,50,50,0.5g,,,https://imgix.dispenseapp.com/145c714690909516_1787168373724-652041887-5648654.webp,0.5,grams,10,70.96,
happydays:bece29692aa06950,happydays:bece29692aa06950,0.5g,HD-bece29692aa06950,True,50,50,0.5g,,,https://imgix.dispenseapp.com/145c714690909516_1787168458569-299876161-5648654.webp,0.5,grams,5,72.43,
happydays:450c9c8ba7d9b5f4,happydays:450c9c8ba7d9b5f4,100mg,850038234195,True,20.4,24,100mg,,,https://imgix.dispenseapp.com/145c714690909516_1787249378001-631512323-Florist_Farms___Live_Resin_Infused_Gummies___Peach_Elderflower.png,100,milligrams,8,,
happydays:faf1b905f2da6c80,happydays:faf1b905f2da6c80,100mg,850038234195,True,20.4,24,100mg,,,https://imgix.dispenseapp.com/145c714690909516_1787249546860-624505417-Florist_Farms___Live_Resin_Infused_Gummies___Lemon_Lavender.png,100,milligrams,11,,
happydays:951e38c94ab9268a,happydays:951e38c94ab9268a,100mg,850038234195,True,20.4,24,100mg,,,https://imgix.dispenseapp.com/145c714690909516_1787249624248-572245740-Florist_Farms___Live_Resin_Infused_Gummies___Cranberry_Orange.png,100,milligrams,7,,
happydays:21ed71fd9cfe1870,happydays:21ed71fd9cfe1870,1g,HD-21ed71fd9cfe1870,True,41.25,55,1g,,,https://imgix.dispenseapp.com/145c714690909516_1787168516093-542785273-UKCheeseBadder.webp,1,grams,72,74.39,
happydays:084d419f68663d89,happydays:084d419f68663d89,1g,HD-084d419f68663d89,True,45,60,1g,,,https://imgix.dispenseapp.com/145c714690909516_1787168576265-672585589-UKCheeseAIO.webp,1,grams,114,72.82,
happydays:558a115a18c0fff0,happydays:558a115a18c0fff0,30mg,HD-558a115a18c0fff0,True,3.712,4.95,30mg,,,https://imgix.dispenseapp.com/145c714690909516_1787167280720-736199311-46374.webp,30,milligrams,169,,
happydays:3adff5706b35ea5b,happydays:3adff5706b35ea5b,100mg,HD-3adff5706b35ea5b,True,25,25,100mg,,,https://imgix.dispenseapp.com/145c714690909516_1787170502781-912965582-SourLem.jpg,100,milligrams,10,,
happydays:d9d7a14e18c74c27,happydays:d9d7a14e18c74c27,3.5g,HD-d9d7a14e18c74c27,True,30,30,3.5g,,,https://imgix.dispenseapp.com/145c714690909516_1787141232288-529334996-AgentOrangeBOTANIST.png,3.5,grams,45,26.05,
happydays:22b13d899b6a17ab,happydays:22b13d899b6a17ab,1g,HD-22b13d899b6a17ab,True,60,70,1g,,,https://imgix.dispenseapp.com/145c714690909516_1787138735646-977401173-JettyHybridTank.png,1,grams,11,83.7,
happydays:9c153c7d8fbe3eed,happydays:9c153c7d8fbe3eed,1g,HD-9c153c7d8fbe3eed,True,58.260000000000005,68.26,1g,,,https://imgix.dispenseapp.com/145c714690909516_1787139746706-959380158-IndicaCartJetty.png,1,grams,4,82.9,
happydays:80bc899f81b25065,happydays:80bc899f81b25065,1g,HD-80bc899f81b25065,True,60,70,1g,,,https://imgix.dispenseapp.com/145c714690909516_1787139416801-327684466-JettyHybridTank.png,1,grams,13,79.2,
happydays:a2e37e017a8775ee,happydays:a2e37e017a8775ee,1g,HD-a2e37e017a8775ee,True,60,60,1g,,,https://imgix.dispenseapp.com/145c714690909516_1787141780293-218810744-BlastedJelly001.webp,1,grams,30,84.72,
happydays:1741433b39649caf,happydays:1741433b39649caf,1g,HD-1741433b39649caf,True,60,60,1g,,,https://imgix.dispenseapp.com/145c714690909516_1787142017613-691065765-BlastedJelly001.webp,1,grams,23,88.34,
happydays:91229145aaf8a31c,happydays:91229145aaf8a31c,100mg,HD-91229145aaf8a31c,True,30,30,100mg,,,https://imgix.dispenseapp.com/145c714690909516_1787080147742-881507803-unnamed_(3).jpg,100,milligrams,19,,
happydays:7e70e3a6b7a65362,happydays:7e70e3a6b7a65362,100mg,HD-7e70e3a6b7a65362,True,50,50,100mg,,,https://imgix.dispenseapp.com/145c714690909516_1787080226494-46160894-unnamed_(4).jpg,100,milligrams,19,,
happydays:5b4f2acceee52204,happydays:5b4f2acceee52204,100mg,HD-5b4f2acceee52204,True,30,30,100mg,,,https://imgix.dispenseapp.com/145c714690909516_1787080022042-808766340-unnamed_(2).jpg,100,milligrams,20,,
happydays:746cc29e0f4f1a9e,happydays:746cc29e0f4f1a9e,1g,HD-746cc29e0f4f1a9e,True,12,14,1g,,,https://imgix.dispenseapp.com/145c714690909516_1787078685128-746258698-1784294759052-279688639-53465436354.jpeg,1,grams,61,27.28,
happydays:4f79958746b0b1f1,happydays:4f79958746b0b1f1,3.5g,HD-4f79958746b0b1f1,True,40,40,3.5g,,,https://imgix.dispenseapp.com/145c714690909516_1787155529006-850356805-BouketHybrid.avif,3.5,grams,12,27.33,
happydays:bffa1fa114db709e,happydays:bffa1fa114db709e,7g,HD-bffa1fa114db709e,True,55,55,7g,,,https://imgix.dispenseapp.com/145c714690909516_1787079169537-12197354-1781050445977-151081829-887.jpg,7,grams,13,27.2,
happydays:9039c654f5212a42,happydays:9039c654f5212a42,7g,HD-9039c654f5212a42,True,55,55,7g,,,https://imgix.dispenseapp.com/145c714690909516_1787079157351-161019408-1781050445977-151081829-887.jpg,7,grams,9,28.41,
happydays:1a3eb582ac1bb58f,happydays:1a3eb582ac1bb58f,2g,HD-1a3eb582ac1bb58f,True,45,60,2g,,,https://imgix.dispenseapp.com/145c714690909516_1787058939952-863876201-SourDream2g.jpg,2,grams,30,88.17,
happydays:042091cdfbe19bf1,happydays:042091cdfbe19bf1,2g,HD-042091cdfbe19bf1,True,45,60,2g,,,https://imgix.dispenseapp.com/145c714690909516_1787058842673-128766392-KiwiLatto.jpg,2,grams,26,90.78,
happydays:9dea2ce77383aedf,happydays:9dea2ce77383aedf,2g,HD-9dea2ce77383aedf,True,40.5,54,2g,,,https://imgix.dispenseapp.com/145c714690909516_1787059664802-396051848-BlueRazSlusshie.jpg,2,grams,12,88.32,
happydays:d88a7800c3b1e5d6,happydays:d88a7800c3b1e5d6,2g,HD-d88a7800c3b1e5d6,True,45,60,2g,,,https://imgix.dispenseapp.com/145c714690909516_1787058564752-427769623-GrapeGod2g.jpg,2,grams,35,89.94,
happydays:0a18032873f6ae9b,happydays:0a18032873f6ae9b,2g,HD-0a18032873f6ae9b,True,40.5,54,2g,,,https://imgix.dispenseapp.com/145c714690909516_1787059497894-684241487-BananaOG.jpg,2,grams,43,85.12,
happydays:201cec0d376d85d5,happydays:201cec0d376d85d5,1.25g,HD-201cec0d376d85d5,True,12,12,1.25g,,,https://imgix.dispenseapp.com/145c714690909516_1787068448726-924150497-unnamed_(1).jpg,1.25,grams,69,23.89,
happydays:c9a9a7219a893285,happydays:c9a9a7219a893285,0.5g,HD-c9a9a7219a893285,True,32,40,0.5g,,,https://imgix.dispenseapp.com/145c714690909516_1786986030332-89751836-RYTHM-Vape-SOLVENTLESS-SATIVA-500mg-img1-8acc2bcf-242e-47ba-9643-10c94476fd07.png,0.5,grams,58,75.62,
happydays:98b57f3b67f5d335,happydays:98b57f3b67f5d335,2.25g,HD-98b57f3b67f5d335,True,40,40,2.25g,,,https://imgix.dispenseapp.com/145c714690909516_1786991290798-687177447-DogWalkers-Infused-MiniShowDogs-HYBRID-Stay-12-Pack-Img1.png,2.25,grams,67,39.74,
happydays:93a19c0228bbb2ba,happydays:93a19c0228bbb2ba,2g,HD-93a19c0228bbb2ba,True,68,85,2g,,,https://imgix.dispenseapp.com/145c714690909516_1786990690976-483479658-e8996c47-757d-38a8-9f3c-304255836aff,2,grams,51,83.33,
happydays:8e678f04b5deca78,happydays:8e678f04b5deca78,28g,HD-8e678f04b5deca78,True,100,100,28g,,,https://imgix.dispenseapp.com/145c714690909516_1786990905619-788043217-unnamed.jpg,28,grams,19,20.16,
happydays:ebd4088c3e363d06,happydays:ebd4088c3e363d06,1g,HD-ebd4088c3e363d06,True,32,40,1g,,,https://imgix.dispenseapp.com/145c714690909516_1787066368785-526773752-images.jpg,1,grams,5,83.88,
happydays:fa52e48975ecf9a6,happydays:fa52e48975ecf9a6,2g,HD-fa52e48975ecf9a6,True,84,105,2g,,,https://imgix.dispenseapp.com/145c714690909516_1786985677380-886849759-dd834f0a62f75146_a0334582-2dec-4052-afdd-085879ea10b4.avif,2,grams,60,76.65,
happydays:e4706ca6f69fcb9f,happydays:e4706ca6f69fcb9f,2g,HD-e4706ca6f69fcb9f,True,72,90,2g,,,https://imgix.dispenseapp.com/145c714690909516_1786985754073-568400031-RYTHM-Concentrate-LiveRosin-HYBRID-Tier3-Img1.webp,2,grams,37,75.34,
happydays:ece80a469f0b7bf2,happydays:ece80a469f0b7bf2,1g,HD-ece80a469f0b7bf2,True,60,75,1g,,,https://imgix.dispenseapp.com/145c714690909516_1786985817872-950334207-RYTHM-Concentrate-LiveRosin-HYBRID-Tier1-Img1.webp,1,grams,70,74.44,
happydays:dac4cf170b75ad84,happydays:dac4cf170b75ad84,1g,HD-dac4cf170b75ad84,True,70,70,1g,,,https://imgix.dispenseapp.com/145c714690909516_1786732922821-497102257-1_CHEETAH_-_1G_LIVE_ROSIN_-_BLACK.png,1,grams,20,72.45,
happydays:556671e382196b5c,happydays:556671e382196b5c,1g,HD-556671e382196b5c,True,70,70,1g,,,https://imgix.dispenseapp.com/145c714690909516_1786732603158-411249766-1_CHEETAH_-_1G_LIVE_ROSIN_-_LIME_GREEN.png,1,grams,8,74.34,
happydays:275e1c8b24321f5d,happydays:275e1c8b24321f5d,1g,HD-275e1c8b24321f5d,True,70,70,1g,,,https://imgix.dispenseapp.com/145c714690909516_1786732874439-450672104-1_CHEETAH_-_1G_LIVE_ROSIN_-_BLACK.png,1,grams,19,73.86,
happydays:781e3d3c8b53b34b,happydays:781e3d3c8b53b34b,1g,HD-781e3d3c8b53b34b,True,70,70,1g,,,https://imgix.dispenseapp.com/145c714690909516_1786733659852-170634764-1_CHEETAH_-_1G_LIVE_ROSIN_-_BLACK_(1).png,1,grams,21,72.5,
happydays:6e3e1971a820414e,happydays:6e3e1971a820414e,1g,HD-6e3e1971a820414e,True,13,13,1g,,,https://imgix.dispenseapp.com/145c714690909516_1786732876105-77845998-Major1GramPrerollSingle.jpg,1,grams,13,23.23,
happydays:02de68aa72e96ab7,happydays:02de68aa72e96ab7,1g,HD-02de68aa72e96ab7,True,13,13,1g,,,https://imgix.dispenseapp.com/145c714690909516_1786733642533-196041284-Major1GramPrerollSingle.jpg,1,grams,6,22.76,
happydays:842d90ab0d048db5,happydays:842d90ab0d048db5,1g,HD-842d90ab0d048db5,True,12,12,1g,,,https://imgix.dispenseapp.com/145c714690909516_1786734254649-542025715-Photoroom_20260814_150041.jpeg,1,grams,27,26.39,
happydays:8b1f53f9e2ea2b6a,happydays:8b1f53f9e2ea2b6a,28g,HD-8b1f53f9e2ea2b6a,True,130,130,28g,,,https://imgix.dispenseapp.com/145c714690909516_1786723246172-816414181-IndicaNextStop.jpeg,28,grams,28,28.26,
happydays:af0472ccf23887e0,happydays:af0472ccf23887e0,28g,HD-af0472ccf23887e0,True,130,130,28g,,,https://imgix.dispenseapp.com/145c714690909516_1786723226034-854462965-HybridNextStop.jpeg,28,grams,20,24.4,
happydays:b3a18ecda6d64df7,happydays:b3a18ecda6d64df7,2.5g,HD-b3a18ecda6d64df7,True,30,30,2.5g,,,https://imgix.dispenseapp.com/145c714690909516_1786734734589-355581117-Photoroom_20260814_150947.jpeg,2.5,grams,6,25.12,
happydays:d51e3014a0df32ca,happydays:d51e3014a0df32ca,28g,HD-d51e3014a0df32ca,True,130,130,28g,,,https://imgix.dispenseapp.com/145c714690909516_1786723238863-700880543-NextStopSativa.jpeg,28,grams,66,27.9,
happydays:0e955241db5f9703,happydays:0e955241db5f9703,1g,HD-0e955241db5f9703,True,80,80,1g,,,https://imgix.dispenseapp.com/145c714690909516_1786725267561-344833744-SlushPop1gReload.avif,1,grams,25,89.22,
happydays:8dda1b55bed167aa,happydays:8dda1b55bed167aa,28g,HD-8dda1b55bed167aa,True,164,164,28g,,,https://imgix.dispenseapp.com/145c714690909516_1786723444431-638009537-QuietTimesAfghanKush.JPG,28,grams,9,30.11,
happydays:b28a1ccdc88a73fb,happydays:b28a1ccdc88a73fb,1g,HD-b28a1ccdc88a73fb,True,10,10,1g,,,https://imgix.dispenseapp.com/145c714690909516_1786717289510-199101696-STRAWNANA_-_BSRPRSTRW00001.jpg,1,grams,85,32.73,
happydays:88b7d75f0cb71234,happydays:88b7d75f0cb71234,1g,HD-88b7d75f0cb71234,True,100,100,1g,,,https://imgix.dispenseapp.com/145c714690909516_1787248956700-674198191-1786646711856-119790996-ColdWaterRosinSchroon.jpg,1,grams,12,76.85,
happydays:dff218a647418f5f,happydays:dff218a647418f5f,1g,HD-dff218a647418f5f,True,100,100,1g,,,https://imgix.dispenseapp.com/145c714690909516_1787249001500-185520005-1786646711856-119790996-ColdWaterRosinSchroon.jpg,1,grams,19,73.11,
happydays:067b5eba52e5ea80,happydays:067b5eba52e5ea80,100mg,HD-067b5eba52e5ea80,True,18,20,100mg,,,https://imgix.dispenseapp.com/145c714690909516_1786635363713-545637490-OrangeSwirlGummies.png,100,milligrams,16,,
happydays:c4aa698c0871cfe9,happydays:c4aa698c0871cfe9,100mg,HD-c4aa698c0871cfe9,True,18,20,100mg,,,https://imgix.dispenseapp.com/145c714690909516_1786643565437-872896330-DreamberryJaunty.png,100,milligrams,36,,
happydays:47d9897ad217f95a,happydays:47d9897ad217f95a,1g,HD-47d9897ad217f95a,True,48,60,1g,,,https://imgix.dispenseapp.com/145c714690909516_1786711908620-738747723-TropicalZJaunty.png,1,grams,30,73.09,
happydays:7545c7ba5ece4bd0,happydays:7545c7ba5ece4bd0,7g,HD-7545c7ba5ece4bd0,True,59,59,7g,,,https://imgix.dispenseapp.com/145c714690909516_1786643850902-275349735-RipVanWinkle.webp,7,grams,25,22.61,
happydays:707a2c5789a0446f,happydays:707a2c5789a0446f,1g,HD-707a2c5789a0446f,True,76,76,1g,,,https://imgix.dispenseapp.com/145c714690909516_1786646711856-119790996-ColdWaterRosinSchroon.jpg,1,grams,36,73.62,
happydays:aa9531d2ae56cccb,happydays:aa9531d2ae56cccb,1g,HD-aa9531d2ae56cccb,True,45,50,1g,,,https://imgix.dispenseapp.com/145c714690909516_1786647786752-750469127-Fernway_-_Pumpkin_Spice_-_Traveler_PRO_-_All_in_One_-_1.0g_-_Hybrid_-_SmartPack_-_White_Background_-_Menu_Photo.png,1,grams,15,80.3,
happydays:c7bf44144e21f91c,happydays:c7bf44144e21f91c,1g,HD-c7bf44144e21f91c,True,20,20,1g,,,https://imgix.dispenseapp.com/145c714690909516_1786647451106-944853324-LooseCannonSourTangie.jpg,1,grams,59,31.9,
happydays:1644cfb7b295cd12,happydays:1644cfb7b295cd12,2.5g,HD-1644cfb7b295cd12,True,50,50,2.5g,,,https://imgix.dispenseapp.com/145c714690909516_1786562913828-351286735-8a995d3eea3c08b9_1781273258935-312628754-state_of_mind_5_pack.avif,2.5,grams,12,37.2,
happydays:5b5cacea287a2c78,happydays:5b5cacea287a2c78,3.5g,TW09,True,30,30,3.5g,,,https://imgix.dispenseapp.com/145c714690909516_1786468584599-858115512-BHFC_PRODUCT_PHOTOS_Panama_Red_1x1_-_25.JPG,3.5,grams,191,31.57,
happydays:4844123d066a923e,happydays:4844123d066a923e,3.5g,HD-4844123d066a923e,True,30,30,3.5g,,,https://imgix.dispenseapp.com/145c714690909516_1786646767803-440683219-Photoroom_20260813_143757.jpeg,3.5,grams,33,21.33,
happydays:57f6645abaf19339,happydays:57f6645abaf19339,3.5g,HD-57f6645abaf19339,True,30,30,3.5g,,,https://imgix.dispenseapp.com/145c714690909516_1786646755198-425797916-Photoroom_20260813_143846.jpeg,3.5,grams,46,23.12,
happydays:b83b904dd1677317,happydays:b83b904dd1677317,1g,HD-b83b904dd1677317,True,27,36,1g,,,https://imgix.dispenseapp.com/145c714690909516_1786627016664-773299824-BlueDreamCartHalara.jpeg,1,grams,54,89.77,
happydays:eee36dacd674353d,happydays:eee36dacd674353d,1g,HD-eee36dacd674353d,True,30,40,1g,,,https://imgix.dispenseapp.com/145c714690909516_1786626874131-99161459-PineappleExpressHalara.avif,1,grams,55,82.84,
happydays:9584088072a5ff01,happydays:9584088072a5ff01,1g,HD-9584088072a5ff01,True,30,40,1g,,,https://imgix.dispenseapp.com/145c714690909516_1786626866933-403805792-MauiHalara.avif,1,grams,80,82.58,
happydays:07666ba7f601a891,happydays:07666ba7f601a891,1g,HD-07666ba7f601a891,True,30,40,1g,,,https://imgix.dispenseapp.com/145c714690909516_1786626859682-732158086-GDPHalara.avif,1,grams,47,83.77,
happydays:fbe097e037579dea,happydays:fbe097e037579dea,1g,HD-fbe097e037579dea,True,30,40,1g,,,https://imgix.dispenseapp.com/145c714690909516_1786626848902-52860025-apricotHalara.jpeg,1,grams,22,83.71,
happydays:cee046d8b6622019,happydays:cee046d8b6622019,1g,HD-cee046d8b6622019,True,30,40,1g,,,https://imgix.dispenseapp.com/145c714690909516_1786627072762-445781445-BlueDreamHalaraAIO.avif,1,grams,82,83.72,
happydays:9712be6bb5fc1a4c,happydays:9712be6bb5fc1a4c,2.5g,HD-9712be6bb5fc1a4c,True,65,65,2.5g,,,https://imgix.dispenseapp.com/145c714690909516_1786550781570-927652252-sushiHashFivePK.png,2.5,grams,17,36.3,
happydays:7b2c2a2bf48a8d6a,happydays:7b2c2a2bf48a8d6a,14g,HD-7b2c2a2bf48a8d6a,True,85,95,14g,,,https://imgix.dispenseapp.com/145c714690909516_1786645172339-310028679-NY_-_LA_POP_ROCKZ_-_THUMBNAIL_-_WHITE.jpg,14,grams,54,26.35,
happydays:b2538daa94515c79,happydays:b2538daa94515c79,1g,HD-b2538daa94515c79,True,45,60,1g,,,https://imgix.dispenseapp.com/145c714690909516_1786538336226-436372177-CandyRainMFNYAIO.webp,1,grams,52,73.39,
happydays:d8f330b078b43570,happydays:d8f330b078b43570,1g,HD-d8f330b078b43570,True,45,60,1g,,,https://imgix.dispenseapp.com/145c714690909516_1786538157585-705319874-SourDieselAIO.webp,1,grams,69,75.56,
happydays:eb7d75e40bc6b38f,happydays:eb7d75e40bc6b38f,1g,HD-eb7d75e40bc6b38f,True,45.5,45.5,1g,,,https://imgix.dispenseapp.com/145c714690909516_1786648114524-739447175-JETTY_NY_HTHC_MINI_TANK_ACAPULCO_GOLD.png,1,grams,27,88.6,
happydays:51c3757dc3634b52,happydays:51c3757dc3634b52,4g,HD-51c3757dc3634b52,True,28.7965,28.7965,4g,,,https://imgix.dispenseapp.com/145c714690909516_1786647596359-140182696-JuanRollMapleCannon.jpg,4,grams,54,23.5,
happydays:f7c60416b5d8713c,happydays:f7c60416b5d8713c,Apparel,080726-LeafCamoT-Shirt-L,True,34,34,,,,https://imgix.dispenseapp.com/145c714690909516_1786126677833-951596557-LeafCamoTshirt.png,,,19,,
happydays:6030fce149c52802,happydays:6030fce149c52802,Apparel,080726-CamoCrop-T-Shirt-L,True,34,34,,,,https://imgix.dispenseapp.com/145c714690909516_1786126648823-803785744-CamoCrop.png,,,7,,
happydays:85d8e0a8dae2e5b6,happydays:85d8e0a8dae2e5b6,Apparel,080726-CamoCrop-T-Shirt-M,True,34,34,,,,https://imgix.dispenseapp.com/145c714690909516_1786126655969-189390031-CamoCrop.png,,,12,,
happydays:0419b6cc00b5416f,happydays:0419b6cc00b5416f,Apparel,080726-LeafCamoT-Shirt-XL,True,34,34,,,,https://imgix.dispenseapp.com/145c714690909516_1786126683935-701837352-LeafCamoTshirt.png,,,22,,
happydays:fdb104cdd9d64bef,happydays:fdb104cdd9d64bef,Apparel,080726-CamoCrop-T-Shirt-XL,True,34,34,,,,https://imgix.dispenseapp.com/145c714690909516_1786126668428-949537910-CamoCrop.png,,,6,,
happydays:564cbfd3d4578664,happydays:564cbfd3d4578664,Apparel,080726-CamoCrop-T-Shirt-S,True,34,34,,,,https://imgix.dispenseapp.com/145c714690909516_1786126661968-594809665-CamoCrop.png,,,22,,
happydays:7334b2c5ab640e8b,happydays:7334b2c5ab640e8b,Apparel,080726-LeafCamoT-Shirt-XXL,True,34,34,,,,https://imgix.dispenseapp.com/145c714690909516_1786126689809-452379406-LeafCamoTshirt.png,,,15,,
happydays:6715ebe752168b07,happydays:6715ebe752168b07,1g,HD-6715ebe752168b07,True,60,70,1g,,,https://imgix.dispenseapp.com/145c714690909516_1786544272651-584217997-99794.avif,1,grams,14,81.9,
happydays:8c623459ad8b5907,happydays:8c623459ad8b5907,1g,HD-8c623459ad8b5907,True,60,70,1g,,,https://imgix.dispenseapp.com/145c714690909516_1786543687148-422367137-99794.avif,1,grams,80,78.4,
happydays:84299ecdaa587c23,happydays:84299ecdaa587c23,100mg,HD-84299ecdaa587c23,True,30,30,100mg,,,https://imgix.dispenseapp.com/145c714690909516_1786540172036-975928912-BlueberrySnoozy.webp,100,milligrams,34,,
happydays:be1f60c176452d24,happydays:be1f60c176452d24,100mg,HD-be1f60c176452d24,True,30,30,100mg,,,https://imgix.dispenseapp.com/145c714690909516_1786539849590-84898395-WatermelonSnoozy.webp,100,milligrams,61,,
happydays:7345917203ead217,happydays:7345917203ead217,10mg,HD-7345917203ead217,True,5,5,10mg,,,https://imgix.dispenseapp.com/145c714690909516_1786540626603-596873382-WEEDWATERKIWILEMONADE.png,10,milligrams,57,,
happydays:ad8876163fcfaa97,happydays:ad8876163fcfaa97,10mg,HD-ad8876163fcfaa97,True,5,5,10mg,,,https://imgix.dispenseapp.com/145c714690909516_1786562702198-201028156-PL.webp,10,milligrams,60,,
happydays:f01a0ba4f0777d84,happydays:f01a0ba4f0777d84,4.5g,HD-f01a0ba4f0777d84,True,22.5,30,4.5g,,,https://imgix.dispenseapp.com/145c714690909516_1786467229497-446739731-388c74e1afd202427211645340a81cb7.jpg,4.5,grams,69,15.71,
happydays:065c52fa6c1fab22,happydays:065c52fa6c1fab22,2g,HD-065c52fa6c1fab22,True,72,90,2g,,,https://imgix.dispenseapp.com/145c714690909516_1786458243945-830688782-RYTHM-Concentrate-Tube-LIVE-SATIVA-1g-Img1.png,2,grams,62,79.4,
happydays:57f0d115085d0293,happydays:57f0d115085d0293,5.4g,HD-57f0d115085d0293,True,80,80,5.4g,,,https://imgix.dispenseapp.com/145c714690909516_1786460790032-790251368-HybridDogWalkers12pk.png,5.4,grams,4,45.58,
happydays:78c564cc84bd670b,happydays:78c564cc84bd670b,1g,HD-78c564cc84bd670b,True,40,50,1g,,,https://imgix.dispenseapp.com/145c714690909516_1786467618805-461203982-RYTHM-VAPE-LiquidDiamonds-BlueDream-2g-Img1-85746d60-6df3-4ff5-a020-cef783a0479f.png,1,grams,68,92.99,
happydays:e36dd31eee486eb2,happydays:e36dd31eee486eb2,1g,HD-e36dd31eee486eb2,True,60,75,1g,,,https://imgix.dispenseapp.com/145c714690909516_1786392953490-74222966-rythm_rosin_tier1.avif,1,grams,21,80.02,
happydays:1747527da2b7c21f,happydays:1747527da2b7c21f,0.5g,HD-1747527da2b7c21f,True,32,40,0.5g,,,https://imgix.dispenseapp.com/145c714690909516_1786467664486-891338909-images.jpg,0.5,grams,36,78.7,
happydays:a1906b3a782e16b9,happydays:a1906b3a782e16b9,3.5g,HD-a1906b3a782e16b9,True,40,50,3.5g,,,https://imgix.dispenseapp.com/145c714690909516_1786461428923-817334924-SativaHybridRythmEigth.png,3.5,grams,77,28.54,
happydays:128be6d1365b15c8,happydays:128be6d1365b15c8,2g,HD-128be6d1365b15c8,True,65,65,2g,,,https://imgix.dispenseapp.com/145c714690909516_1786200538975-49582186-IceCreamMintzKingsRoad.png,2,grams,23,76.19,
happydays:9ba73d06acd34574,happydays:9ba73d06acd34574,2g,HD-9ba73d06acd34574,True,65,65,2g,,,https://imgix.dispenseapp.com/145c714690909516_1786200532508-830977707-BlueDreamKingsroad.png,2,grams,19,76.72,
happydays:aa337704b35b200c,happydays:aa337704b35b200c,3.5g,HD-aa337704b35b200c,True,57.6,64,3.5g,,,https://imgix.dispenseapp.com/145c714690909516_1786467116493-576120110-67687.jpeg,3.5,grams,19,26.1,
happydays:0b192b04cfb9288b,happydays:0b192b04cfb9288b,28g,HD-0b192b04cfb9288b,True,298.8,332,28g,,,https://imgix.dispenseapp.com/145c714690909516_1786210883676-819805973-IMG_5946.JPG,28,grams,8,26.1,
happydays:8bd63e1b5dda2ce8,happydays:8bd63e1b5dda2ce8,1g,HD-8bd63e1b5dda2ce8,True,13.5,15,1g,,,https://imgix.dispenseapp.com/145c714690909516_1786211006212-813374075-IMG_5948.JPG,1,grams,124,25.2,
happydays:e69cb326f55481ca,happydays:e69cb326f55481ca,1g,HD-e69cb326f55481ca,True,13.5,15,1g,,,https://imgix.dispenseapp.com/145c714690909516_1786210501642-760529919-Pink_Zugar_Preroll_(1).HEIC,1,grams,150,26.9,
happydays:9e4fe2bb10a258b1,happydays:9e4fe2bb10a258b1,3.5g,HD-9e4fe2bb10a258b1,True,48.6,54,3.5g,,,https://imgix.dispenseapp.com/145c714690909516_1786210645042-536609824-Pink_Zugar_Nugg.HEIC,3.5,grams,148,28.1,
happydays:0bfbd24c22a1f7d7,happydays:0bfbd24c22a1f7d7,14g,HD-0bfbd24c22a1f7d7,True,163.8,182,14g,,,https://imgix.dispenseapp.com/145c714690909516_1786210875065-88340270-IMG_5946.JPG,14,grams,1,25.2,
happydays:750c893e29e0bc0d,happydays:750c893e29e0bc0d,2g,HD-750c893e29e0bc0d,True,65,65,2g,,,https://imgix.dispenseapp.com/145c714690909516_1786124908786-439658637-64565.png,2,grams,12,88.5,
happydays:d8da7ec627f3455f,happydays:d8da7ec627f3455f,1g,HD-d8da7ec627f3455f,True,86.5044,86.5044,1g,,,https://imgix.dispenseapp.com/145c714690909516_1786109622524-288360513-GMO.png,1,grams,62,75,
happydays:fd0f881d5abc00ee,happydays:fd0f881d5abc00ee,4g,HD-fd0f881d5abc00ee,True,58.5,65,4g,,,https://imgix.dispenseapp.com/145c714690909516_1786113997067-937044662-1779407886989-567708784-261.jpg,4,grams,90,47.42,
happydays:e3a9d77132fd4f37,happydays:e3a9d77132fd4f37,1g,HD-e3a9d77132fd4f37,True,38.25,45,1g,,,https://imgix.dispenseapp.com/145c714690909516_1786119603388-112429993-785878.avif,1,grams,25,50.45,
happydays:41266e3a75f584a4,happydays:41266e3a75f584a4,3.5g,HD-41266e3a75f584a4,True,39,39,3.5g,,,https://imgix.dispenseapp.com/145c714690909516_1786119256064-43100386-896789.jpg,3.5,grams,43,41.74,
happydays:24d0b7439d6dd1f5,happydays:24d0b7439d6dd1f5,3.5g,HD-24d0b7439d6dd1f5,True,32,32,3.5g,,,https://imgix.dispenseapp.com/145c714690909516_1786036301683-290303738-lemoncherrygelato.jpeg,3.5,grams,19,24.43,
happydays:7d384c34594dbaa5,happydays:7d384c34594dbaa5,1g,HD-7d384c34594dbaa5,True,45.5,45.5,1g,,,https://imgix.dispenseapp.com/145c714690909516_1786030836375-653290777-JETTY_NY_HTHC_MINI_TANK_JACK.png,1,grams,31,90.1,
happydays:1ad0fd67257c2404,happydays:1ad0fd67257c2404,14g,HD-1ad0fd67257c2404,True,80,90,14g,,,https://imgix.dispenseapp.com/145c714690909516_1785931929429-202318162-1232_(1).png,14,grams,3,28.89,
happydays:17379f75dcddc178,happydays:17379f75dcddc178,2g,HD-17379f75dcddc178,True,78,78,2g,,,https://imgix.dispenseapp.com/145c714690909516_1785956490778-373432133-Photoroom_20260805_144453.jpeg,2,grams,173,92.16,
happydays:3d241952c4de9b90,happydays:3d241952c4de9b90,2g,HD-3d241952c4de9b90,True,78,78,2g,,,https://imgix.dispenseapp.com/145c714690909516_1785956541571-681223086-unnamed.jpg,2,grams,28,96.89,
happydays:33e98470e60ec015,happydays:33e98470e60ec015,2g,HD-33e98470e60ec015,True,78,78,2g,,,https://imgix.dispenseapp.com/145c714690909516_1785956504988-928432917-Photoroom_20260805_144620.jpeg,2,grams,221,94.29,
happydays:4a93a3f87f5b1099,happydays:4a93a3f87f5b1099,2g,HD-4a93a3f87f5b1099,True,78,78,2g,,,https://imgix.dispenseapp.com/145c714690909516_1785956524130-731329466-Photoroom_20260805_144339.jpeg,2,grams,173,94.88,
happydays:2a74d4b1730927b1,happydays:2a74d4b1730927b1,2g,HD-2a74d4b1730927b1,True,78,78,2g,,,https://imgix.dispenseapp.com/145c714690909516_1785956474044-408819037-Photoroom_20260805_144556.jpeg,2,grams,106,96.58,
happydays:828f9ae82c7e8c32,happydays:828f9ae82c7e8c32,3.5g,HD-828f9ae82c7e8c32,True,52.5,52.5,3.5g,,,https://imgix.dispenseapp.com/145c714690909516_1785864631979-442438869-roemergenericjar.avif,3.5,grams,31,17.66,
happydays:a46fff3678965089,happydays:a46fff3678965089,2.5g,HD-a46fff3678965089,True,29.75,35,2.5g,,,https://imgix.dispenseapp.com/145c714690909516_1786103859752-156833622-greasemonkeyPR.png,2.5,grams,25,18.46,
happydays:e970c627dca0aeb7,happydays:e970c627dca0aeb7,2.5g,HD-e970c627dca0aeb7,True,29.75,35,2.5g,,,https://imgix.dispenseapp.com/145c714690909516_1786105116295-399180699-BlooiusVuitton.png,2.5,grams,16,22.43,
happydays:6e6529888fac1681,happydays:6e6529888fac1681,2.5g,HD-6e6529888fac1681,True,29.75,35,2.5g,,,https://imgix.dispenseapp.com/145c714690909516_1786104480785-115835109-PresidentialKush.png,2.5,grams,22,19.29,
happydays:d6347560e6220f8b,happydays:d6347560e6220f8b,2.5g,HD-d6347560e6220f8b,True,29.75,35,2.5g,,,https://imgix.dispenseapp.com/145c714690909516_1786105411730-990157367-OreozPR.png,2.5,grams,32,32.27,
happydays:13b8305227e10ba1,happydays:13b8305227e10ba1,3.5g,HD-13b8305227e10ba1,True,52.5,52.5,3.5g,,,https://imgix.dispenseapp.com/145c714690909516_1786103061748-377163905-oreoz.png,3.5,grams,49,29.33,
happydays:115beab511bcf8a2,happydays:115beab511bcf8a2,1g,HD-115beab511bcf8a2,True,22,22,1g,,,https://imgix.dispenseapp.com/145c714690909516_1781631017712-452293276-134324214.avif,1,grams,69,37.33,
happydays:108d750ed317e796,happydays:108d750ed317e796,1g,HD-108d750ed317e796,True,25,25,1g,,,https://imgix.dispenseapp.com/145c714690909516_1785930512900-471537931-peach_mango.avif,1,grams,44,35.55,
happydays:2db07ce1d1f633ca,happydays:2db07ce1d1f633ca,3.5g,HD-2db07ce1d1f633ca,True,52.5,52.5,3.5g,,,https://imgix.dispenseapp.com/145c714690909516_1785864557844-374442567-roemergenericjar.avif,3.5,grams,32,18.9,
happydays:13f5d2cd0ff6c96d,happydays:13f5d2cd0ff6c96d,3.5g,HD-13f5d2cd0ff6c96d,True,52.5,52.5,3.5g,,,https://imgix.dispenseapp.com/145c714690909516_1785864537577-143136073-roemergenericjar.avif,3.5,grams,29,18.97,
happydays:40372160711725e3,happydays:40372160711725e3,2g,HD-40372160711725e3,True,20,20,2g,,,https://imgix.dispenseapp.com/145c714690909516_1785862144165-870732833-BRICKTripleStack.webp,2,grams,36,26.1,
happydays:ee971fa94204cb95,happydays:ee971fa94204cb95,3.5g,HD-ee971fa94204cb95,True,53,53,3.5g,,,https://imgix.dispenseapp.com/145c714690909516_1785857789779-333213062-midnightorgy.webp,3.5,grams,77,24.39,
happydays:904db27ac3f0914b,happydays:904db27ac3f0914b,1g,HD-904db27ac3f0914b,True,48,60,1g,,,https://imgix.dispenseapp.com/145c714690909516_1785861941236-993074877-Screenshot_2026-08-04_124532.png,1,grams,24,73.81,
happydays:594b1e4df89b7c89,happydays:594b1e4df89b7c89,10mg,HD-594b1e4df89b7c89,True,5,5,10mg,,,https://imgix.dispenseapp.com/145c714690909516_1786034445306-253211237-Screenshot_2026-08-06_123935.png,10,milligrams,52,,
happydays:19c776557b68fefa,happydays:19c776557b68fefa,84g,HD-19c776557b68fefa,True,150,150,84g,,,https://imgix.dispenseapp.com/145c714690909516_1785773824421-602631413-203034.jpeg,84,grams,28,23.55,
happydays:6fe8e5aea9a9db1e,happydays:6fe8e5aea9a9db1e,28g,HD-6fe8e5aea9a9db1e,True,100,100,28g,,,https://imgix.dispenseapp.com/145c714690909516_1785773763636-318966066-87865.jpeg,28,grams,19,23.09,
happydays:aa69571ca706fb0c,happydays:aa69571ca706fb0c,1g,HD-aa69571ca706fb0c,True,9,9,1g,,,https://imgix.dispenseapp.com/145c714690909516_1785778823849-180453454-809e33e9-0d42-4b14-8f71-276c13ce8519.png,1,grams,12,22.6,
happydays:6a42ffbfee348505,happydays:6a42ffbfee348505,28g,HD-6a42ffbfee348505,True,175,175,28g,,,https://imgix.dispenseapp.com/145c714690909516_1785770134601-198904809-redberryruntz.jpeg,28,grams,9,24.99,
happydays:5eb61e51cb8f872b,happydays:5eb61e51cb8f872b,7g,HD-5eb61e51cb8f872b,True,75,75,7g,,,https://imgix.dispenseapp.com/145c714690909516_1785769871832-590588239-sweetsorbet.jpeg,7,grams,23,28.36,
happydays:f1745aa0dfa7824a,happydays:f1745aa0dfa7824a,3.5g,HD-f1745aa0dfa7824a,True,122,122,3.5g,,,https://imgix.dispenseapp.com/145c714690909516_1785596136947-855250947-kingsroadresinBallerJar.jpg,3.5,grams,30,65.6,
happydays:c937ca922d19cd91,happydays:c937ca922d19cd91,3.75g,HD-c937ca922d19cd91,True,36,40,3.75g,,,https://imgix.dispenseapp.com/145c714690909516_1785758382930-184615659-cherryvolcano.png,3.75,grams,14,38.6,
happydays:e5c49adcbefa5951,happydays:e5c49adcbefa5951,10mg,HD-e5c49adcbefa5951,True,5,5,10mg,,,https://imgix.dispenseapp.com/145c714690909516_1785245577316-15815052-sunrisenyhoney.png,10,milligrams,92,,
happydays:747bde0b4c995029,happydays:747bde0b4c995029,1g,HD-747bde0b4c995029,True,10,10,1g,,,https://imgix.dispenseapp.com/145c714690909516_1785510756617-597243628-TKO_-_BSRPRTKO00001.jpg,1,grams,42,23.67,
happydays:fffd3bce97f69305,happydays:fffd3bce97f69305,1g,HD-fffd3bce97f69305,True,6.5,6.5,1g,,,https://imgix.dispenseapp.com/145c714690909516_1785510671482-532398106-RED_BULLZ_-_PCRB00001.jpg,1,grams,42,23.25,
happydays:be5a796aa1c35e02,happydays:be5a796aa1c35e02,1g,HD-be5a796aa1c35e02,True,6.5,6.5,1g,,,https://imgix.dispenseapp.com/145c714690909516_1785510644049-869195352-DREAMCICLE_-_PCDCL00001.jpg,1,grams,148,25.83,
happydays:574581ead3e7b0ab,happydays:574581ead3e7b0ab,14g,HD-574581ead3e7b0ab,True,160,160,14g,,,https://imgix.dispenseapp.com/145c714690909516_1785504732432-924266069-tropz14g.jpeg,14,grams,3,23.01,
happydays:0b1e396ccb8bb3a7,happydays:0b1e396ccb8bb3a7,14g,HD-0b1e396ccb8bb3a7,True,160,160,14g,,,https://imgix.dispenseapp.com/145c714690909516_1785504528237-762921198-chrome14g.jpeg,14,grams,11,26.93,
happydays:c4026e0089afd3cc,happydays:c4026e0089afd3cc,14g,HD-c4026e0089afd3cc,True,160,160,14g,,,https://imgix.dispenseapp.com/145c714690909516_1785504444483-87559508-ambrozia14g.jpeg,14,grams,5,24.36,
happydays:d59cf27301bba6e4,happydays:d59cf27301bba6e4,14g,HD-d59cf27301bba6e4,True,160,160,14g,,,https://imgix.dispenseapp.com/145c714690909516_1785503344764-323805128-bksattellite.JPG,14,grams,1,28.75,
happydays:dcf9a961749f4d8d,happydays:dcf9a961749f4d8d,14g,HD-dcf9a961749f4d8d,True,160,160,14g,,,https://imgix.dispenseapp.com/145c714690909516_1785504213295-861487947-planetaryOG.jpg,14,grams,8,28.98,
happydays:c7faf592bc45d4c1,happydays:c7faf592bc45d4c1,14g,HD-c7faf592bc45d4c1,True,160,160,14g,,,https://imgix.dispenseapp.com/145c714690909516_1785504824709-738122432-xeno14g.jpg,14,grams,5,24.41,
happydays:0684c8d1616362e5,happydays:0684c8d1616362e5,3.5g,HD-0684c8d1616362e5,True,60,60,3.5g,,,https://imgix.dispenseapp.com/145c714690909516_1785498912668-774233635-ambrozia.png,3.5,grams,18,30.97,
happydays:34ff9bb9927bb39a,happydays:34ff9bb9927bb39a,7g,HD-34ff9bb9927bb39a,True,70,70,7g,,,https://imgix.dispenseapp.com/145c714690909516_1785445942643-503566850-darrylstrawberry.jpg,7,grams,30,24.21,
happydays:4b85bc91e17fad78,happydays:4b85bc91e17fad78,3.5g,HD-4b85bc91e17fad78,True,28,28,3.5g,,,https://imgix.dispenseapp.com/145c714690909516_1785443309250-69055026-1937.png,3.5,grams,34,25.44,
happydays:036c048fd2fc7801,happydays:036c048fd2fc7801,3.5g,HD-036c048fd2fc7801,True,40,40,3.5g,,,https://imgix.dispenseapp.com/145c714690909516_1785502985804-769465203-hybridbouket.avif,3.5,grams,179,33.03,
happydays:07461992fc6cdfc1,happydays:07461992fc6cdfc1,3.5g,HD-07461992fc6cdfc1,True,50,50,3.5g,,,https://imgix.dispenseapp.com/145c714690909516_1785505042003-733571774-lionorder.avif,3.5,grams,38,28.09,
happydays:09ddf515594a8501,happydays:09ddf515594a8501,100mg,HD-09ddf515594a8501,True,20,20,100mg,,,https://imgix.dispenseapp.com/145c714690909516_1785504609361-342281177-bedroomberrychews.jpeg,100,milligrams,69,,
happydays:022afdc7758ed7b5,happydays:022afdc7758ed7b5,Other Accessories,HD-022afdc7758ed7b5,True,5.75,5.75,,,,https://imgix.dispenseapp.com/145c714690909516_1785506118025-300201298-zippo.JPG,,,8,,
happydays:65e9addb482bae3d,happydays:65e9addb482bae3d,10mg,HD-65e9addb482bae3d,True,4.5,5,10mg,,,https://imgix.dispenseapp.com/145c714690909516_1785416800773-356903180-cranraspberry.avif,10,milligrams,174,,
happydays:e693bc9731e753f1,happydays:e693bc9731e753f1,10mg,HD-e693bc9731e753f1,True,4.5,5,10mg,,,https://imgix.dispenseapp.com/145c714690909516_1785416635006-446429359-grapefruit.webp,10,milligrams,309,,
happydays:82b146f0ddabd831,happydays:82b146f0ddabd831,10mg,HD-82b146f0ddabd831,True,4.5,5,10mg,,,https://imgix.dispenseapp.com/145c714690909516_1785416520165-35817500-wildcherrycyclingfrog.webp,10,milligrams,117,,
happydays:76158c4b974d0f09,happydays:76158c4b974d0f09,10mg,HD-76158c4b974d0f09,True,4.5,5,10mg,,,https://imgix.dispenseapp.com/145c714690909516_1785416584303-617594280-blackcurrant.webp,10,milligrams,266,,
happydays:d80a461e78c9500f,happydays:d80a461e78c9500f,1g,HD-d80a461e78c9500f,True,12.75,15,1g,,,https://imgix.dispenseapp.com/145c714690909516_1785418987520-896081100-Florist_Farms___Candy_Jack___Live_Resin_Infused___Pre-Roll___1G_Single.png,1,grams,66,30.94,
happydays:e43a279800b5b471,happydays:e43a279800b5b471,3g,HD-e43a279800b5b471,True,37.5,50,3g,,,https://imgix.dispenseapp.com/145c714690909516_1785350181419-859489670-MFNY_Live_Resin_Mini_Prerolls_Hash_Burger_x_Hash_Burger_Resin_.75g_Four_Pack.png,3,grams,28,43.25,
happydays:eed4816abeb5cdc9,happydays:eed4816abeb5cdc9,1g,HD-eed4816abeb5cdc9,True,43.5,58,1g,,,https://imgix.dispenseapp.com/145c714690909516_1785350027640-244778406-MFNY_Live_Resin_510_Vape_Cart_Candy_Rain_1g.jpg,1,grams,38,67.05,
happydays:e7f2f93f45dc8bb2,happydays:e7f2f93f45dc8bb2,2g,HD-e7f2f93f45dc8bb2,True,67.5,90,2g,,,https://imgix.dispenseapp.com/145c714690909516_1785352064889-115661384-MFNY_Live_Resin_Concentrate_Classics_Sour_Diesel_2g.png,2,grams,4,69.14,
happydays:9291ef81f978b37f,happydays:9291ef81f978b37f,1g,HD-9291ef81f978b37f,True,41.25,55,1g,,,https://imgix.dispenseapp.com/145c714690909516_1785349077287-198985368-MFNY_Live_Resin_Concentrate_Superboof_1g.png,1,grams,38,74.19,
happydays:839f941c20bb4efa,happydays:839f941c20bb4efa,1g,HD-839f941c20bb4efa,True,43.5,58,1g,,,https://imgix.dispenseapp.com/145c714690909516_1785349900208-876732271-MFNY_Live_Resin_510_Vape_Cart_Blueberry_2.0_1g.png,1,grams,25,66.71,
happydays:b2113c88c3b82456,happydays:b2113c88c3b82456,1g,HD-b2113c88c3b82456,True,58.260000000000005,68.26,1g,,,https://imgix.dispenseapp.com/145c714690909516_1785340507992-499369854-pressureinparadise.png,1,grams,27,78.3,
happydays:271e7454069cc52b,happydays:271e7454069cc52b,1g,HD-271e7454069cc52b,True,58.260000000000005,68.26,1g,,,https://imgix.dispenseapp.com/145c714690909516_1785327748547-589304714-sunsetsqueeze.png,1,grams,11,76.4,
happydays:4ace5e10f86b1610,happydays:4ace5e10f86b1610,1g,HD-4ace5e10f86b1610,True,60,70,1g,,,https://imgix.dispenseapp.com/145c714690909516_1785327584230-853592849-hybridjettytank.png,1,grams,87,78.1,
happydays:a8b9f0012e76bd14,happydays:a8b9f0012e76bd14,1g,HD-a8b9f0012e76bd14,True,60,70,1g,,,https://imgix.dispenseapp.com/145c714690909516_1785327903319-220901111-italiansoda.png,1,grams,70,68.2,
happydays:c1152bd8ae16a7ff,happydays:c1152bd8ae16a7ff,3.5g,HD-c1152bd8ae16a7ff,True,30,30,3.5g,,,https://imgix.dispenseapp.com/145c714690909516_1785326870471-943452362-wizardjewel.png,3.5,grams,83,28.98,
happydays:77f728a1ca80f7bf,happydays:77f728a1ca80f7bf,14g,HD-77f728a1ca80f7bf,True,80,90,14g,,,https://imgix.dispenseapp.com/145c714690909516_1785327225158-370949295-wizardjewel.png,14,grams,35,28.26,
happydays:c84f225a6b80763c,happydays:c84f225a6b80763c,14g,HD-c84f225a6b80763c,True,85,95,14g,,,https://imgix.dispenseapp.com/145c714690909516_1785327054527-646197004-wizardjewel.png,14,grams,37,28.93,
happydays:9b71be330460a256,happydays:9b71be330460a256,1.3g,HD-9b71be330460a256,True,34.7,34.7,1.3g,,,https://imgix.dispenseapp.com/145c714690909516_1785326040914-178503097-chickenwafflez.png,1.3,grams,13,43.1,
happydays:b64e5898c145558c,happydays:b64e5898c145558c,1.3g,HD-b64e5898c145558c,True,34.7,34.7,1.3g,,,https://imgix.dispenseapp.com/145c714690909516_1785326377325-995755448-galacticgusher.png,1.3,grams,10,41.34,
happydays:bce0e0150b540df1,happydays:bce0e0150b540df1,1.5g,HD-bce0e0150b540df1,True,56,70,1.5g,,,https://imgix.dispenseapp.com/145c714690909516_1785258734210-866887422-SPACECANDY.jpg,1.5,grams,59,93.14,
happydays:4f6a905c57d0ea08,happydays:4f6a905c57d0ea08,1.5g,HD-4f6a905c57d0ea08,True,44,55,1.5g,,,https://imgix.dispenseapp.com/145c714690909516_1785258776042-413436857-CAKEBATTER.jpg,1.5,grams,58,89.28,
happydays:b50d66e6cceb6e12,happydays:b50d66e6cceb6e12,1g,HD-b50d66e6cceb6e12,True,22,22,1g,,,https://imgix.dispenseapp.com/145c714690909516_1777903963486-965595700-53262563562.avif,1,grams,6,36.93,
happydays:d8eec3a8bc9b8a19,happydays:d8eec3a8bc9b8a19,1g,HD-d8eec3a8bc9b8a19,True,22,22,1g,,,https://imgix.dispenseapp.com/145c714690909516_1777994508269-22624160-4353652435.avif,1,grams,46,46.63,
happydays:27eaeac0cde6dc00,happydays:27eaeac0cde6dc00,1g,HD-27eaeac0cde6dc00,True,22,22,1g,,,https://imgix.dispenseapp.com/145c714690909516_1785252196878-942657336-1764968871-bluedream-preroll.png,1,grams,59,40.71,
happydays:dd6f154f4622859d,happydays:dd6f154f4622859d,3.5g,HD-dd6f154f4622859d,True,30,40,3.5g,,,https://imgix.dispenseapp.com/145c714690909516_1785250975258-429738021-376537.jpeg,3.5,grams,19,18.39,
happydays:6808bd621feff564,happydays:6808bd621feff564,14g,HD-6808bd621feff564,True,50,50,14g,,,https://imgix.dispenseapp.com/145c714690909516_1785184260987-564142368-Jungle_Gemz_-_14g_Ground_Flower.jpg,14,grams,18,20.3,
happydays:c18fc1befb4c824c,happydays:c18fc1befb4c824c,14g,HD-c18fc1befb4c824c,True,50,50,14g,,,https://imgix.dispenseapp.com/145c714690909516_1785184331920-604161862-Stank_Breath_-_14g_Ground_Flower.jpg,14,grams,41,20,
happydays:39801bd03cb9c17c,happydays:39801bd03cb9c17c,1g,HD-39801bd03cb9c17c,True,60,75,1g,,,https://imgix.dispenseapp.com/145c714690909516_1785179747005-842571416-RYTHM-Concentrate-LiveRosin-HYBRID-Tier1-Img1_(2).png,1,grams,32,75.69,
happydays:134a54ed54ae8294,happydays:134a54ed54ae8294,2g,HD-134a54ed54ae8294,True,56,70,2g,,,https://imgix.dispenseapp.com/145c714690909516_1785180983984-358597730-RYTHM-Vape-Bag-DVP-2g-Sativa-Img1_(1).png,2,grams,65,88.49,
happydays:9495edb034f3f691,happydays:9495edb034f3f691,1g,HD-9495edb034f3f691,True,56,70,1g,,,https://imgix.dispenseapp.com/145c714690909516_1785180020774-599975213-RYTHM-Concentrate-LiveRosin-INDICA-Tier2-Img1.png,1,grams,29,75.64,
happydays:8e9aba7a80699c39,happydays:8e9aba7a80699c39,2g,HD-8e9aba7a80699c39,True,84,105,2g,,,https://imgix.dispenseapp.com/145c714690909516_1785180472168-789433595-RYTHM-Concentrate-LiveRosin-INDICA-Tier2-Img1.png,2,grams,25,76.8,
happydays:cf0fefd02ae6ae75,happydays:cf0fefd02ae6ae75,5.4g,HD-cf0fefd02ae6ae75,True,80,80,5.4g,,,https://imgix.dispenseapp.com/145c714690909516_1785179093841-64616686-DogWalkers-Infused-MiniShowDogs-SATIVA-Play-PreRoll-img2.png,5.4,grams,12,41.06,
happydays:35c1ccb5aef69461,happydays:35c1ccb5aef69461,10mg,HD-35c1ccb5aef69461,True,22,22,10mg,,,https://imgix.dispenseapp.com/145c714690909516_1785157419836-380723962-2314324134.webp,10,milligrams,33,,
happydays:cf98f04e014c72ef,happydays:cf98f04e014c72ef,Papers,716165281702,True,3,3,,,,https://imgix.dispenseapp.com/145c714690909516_1784982132727-761989980-masterpiecepapers.jpg,,,30,,
happydays:20acb5eaa9fd3e45,happydays:20acb5eaa9fd3e45,1g,HD-20acb5eaa9fd3e45,True,55,55,1g,,,https://imgix.dispenseapp.com/145c714690909516_1784981881093-622311993-kushberry1greload.avif,1,grams,12,77.41,
happydays:62a980440d66fd07,happydays:62a980440d66fd07,1g,HD-62a980440d66fd07,True,18,18,1g,,,https://imgix.dispenseapp.com/145c714690909516_1784921702316-120170543-longislanddiesel.jpeg,1,grams,2,33.3,
happydays:068a14cfcd6771d5,happydays:068a14cfcd6771d5,2g,HD-068a14cfcd6771d5,True,120,120,2g,,,https://imgix.dispenseapp.com/145c714690909516_1784914595161-174102775-GMOT3.png,2,grams,13,70.7,
happydays:96d367388fba1572,happydays:96d367388fba1572,3.5g,HD-96d367388fba1572,True,36,36,3.5g,,,https://imgix.dispenseapp.com/145c714690909516_1784833629188-615980321-Blockberry.jpg,3.5,grams,8,25.63,
happydays:5fc2addbea551c8d,happydays:5fc2addbea551c8d,3.6g,HD-5fc2addbea551c8d,True,40,40,3.6g,,,https://imgix.dispenseapp.com/145c714690909516_1784894603886-321533214-1varietypack.png,3.6,grams,60,31.03,
happydays:9fbe770d07cf1863,happydays:9fbe770d07cf1863,14g,605468419236,True,80,80,14g,,,https://imgix.dispenseapp.com/145c714690909516_1784893504653-628542639-1megasquirt.png,14,grams,14,26.08,
happydays:5513c6a0797390a7,happydays:5513c6a0797390a7,14g,605468412466,True,80,80,14g,,,https://imgix.dispenseapp.com/145c714690909516_1784816910183-398194990-8821.png,14,grams,16,29.48,
happydays:228d92212433151e,happydays:228d92212433151e,3.5g,HD-228d92212433151e,True,45,45,3.5g,,,https://imgix.dispenseapp.com/145c714690909516_1784824216236-580879444-97466.JPEG,3.5,grams,20,38.86,
happydays:c04b6dfb6a682e07,happydays:c04b6dfb6a682e07,1g,HD-c04b6dfb6a682e07,True,25,25,1g,,,https://imgix.dispenseapp.com/145c714690909516_1784733196086-667002348-23423423424.png,1,grams,119,40.9,
happydays:6271f6937ec8619e,happydays:6271f6937ec8619e,1g,HD-6271f6937ec8619e,True,25,25,1g,,,https://imgix.dispenseapp.com/145c714690909516_1784733206268-622732575-23423423424.png,1,grams,65,42.3,
happydays:f921341a43536acc,happydays:f921341a43536acc,3.5g,HD-f921341a43536acc,True,62,62,3.5g,,,https://imgix.dispenseapp.com/145c714690909516_1784640928660-18841975-8421.webp,3.5,grams,20,24.09,
happydays:1896a18650b33b71,happydays:1896a18650b33b71,3.5g,HD-1896a18650b33b71,True,62,62,3.5g,,,https://imgix.dispenseapp.com/145c714690909516_1784641488542-815353310-884564.webp,3.5,grams,16,23.52,
happydays:dcea0be0e3f4a8e4,happydays:dcea0be0e3f4a8e4,14g,HD-dcea0be0e3f4a8e4,True,80,90,14g,,,https://imgix.dispenseapp.com/145c714690909516_1784734834876-713424753-84564.png,14,grams,84,30.18,
happydays:59ca33caba23e28a,happydays:59ca33caba23e28a,14g,HD-59ca33caba23e28a,True,85,95,14g,,,https://imgix.dispenseapp.com/145c714690909516_1784734950599-646906223-1354647.png,14,grams,42,23.85,
happydays:aac6ba439ab71524,happydays:aac6ba439ab71524,14g,HD-aac6ba439ab71524,True,80,90,14g,,,https://imgix.dispenseapp.com/145c714690909516_1784734743389-430821909-4464.png,14,grams,36,22.36,
happydays:cc6001aa83337df6,happydays:cc6001aa83337df6,7g,HD-cc6001aa83337df6,True,50,50,7g,,,https://imgix.dispenseapp.com/145c714690909516_1784745499458-309511030-43254325.avif,7,grams,105,22.6,
happydays:1f7986713d606b43,happydays:1f7986713d606b43,3.5g,HD-1f7986713d606b43,True,49.4598,54.9558,3.5g,,,https://imgix.dispenseapp.com/145c714690909516_1784640263736-630254265-11121.PNG,3.5,grams,279,26.26,
happydays:e8579dbbfb6cf969,happydays:e8579dbbfb6cf969,3.5g,HD-e8579dbbfb6cf969,True,49.4598,54.9558,3.5g,,,https://imgix.dispenseapp.com/145c714690909516_1784639860225-171037396-11131.jpg,3.5,grams,262,21.73,
happydays:58a4ac53bf5600ed,happydays:58a4ac53bf5600ed,3.5g,HD-58a4ac53bf5600ed,True,53.1,53.1,3.5g,,,https://imgix.dispenseapp.com/145c714690909516_1784645233486-10186581-9114.png,3.5,grams,41,26.13,
happydays:1f0f67ab8a178002,happydays:1f0f67ab8a178002,3.5g,HD-1f0f67ab8a178002,True,53.1,53.1,3.5g,,,https://imgix.dispenseapp.com/145c714690909516_1784644219890-935586626-8843.png,3.5,grams,50,29.19,
happydays:226bafa2c039d25d,happydays:226bafa2c039d25d,Papers,810134921986,True,3,3,,,,https://imgix.dispenseapp.com/145c714690909516_1784560853495-778605646-987079878.jpg,,,185,,
happydays:47e57838c0f63ce8,happydays:47e57838c0f63ce8,28g,HD-47e57838c0f63ce8,True,164,164,28g,,,https://imgix.dispenseapp.com/145c714690909516_1784305325548-735807382-_DSC9323.JPG,28,grams,13,28.22,
happydays:1f3408835305c257,happydays:1f3408835305c257,3.5g,HD-1f3408835305c257,True,40,40,3.5g,,,https://imgix.dispenseapp.com/145c714690909516_1784293379390-636124017-1235432532.avif,3.5,grams,83,27.06,
happydays:6be626daabdebb14,happydays:6be626daabdebb14,1g,HD-6be626daabdebb14,True,12,14,1g,,,https://imgix.dispenseapp.com/145c714690909516_1784294759052-279688639-53465436354.jpeg,1,grams,62,27.53,
happydays:5aa0ace1b21a1185,happydays:5aa0ace1b21a1185,3.5g,HD-5aa0ace1b21a1185,True,50,50,3.5g,,,https://imgix.dispenseapp.com/145c714690909516_1784293047782-83405749-5436546345.png,3.5,grams,31,30.38,
happydays:dacfa25a4b48d410,happydays:dacfa25a4b48d410,3.5g,HD-dacfa25a4b48d410,True,34,34,3.5g,,,https://imgix.dispenseapp.com/145c714690909516_1784234123045-561546829-Bonfire_-_Ice_Cream_Cake.JPG,3.5,grams,27,25.92,
happydays:e2d49e1140f1dacd,happydays:e2d49e1140f1dacd,3.5g,HD-e2d49e1140f1dacd,True,45,45,3.5g,,,https://imgix.dispenseapp.com/145c714690909516_1784215700600-524455506-7368553.jpeg,3.5,grams,23,21.88,
happydays:4e4caa997993cc62,happydays:4e4caa997993cc62,7g,HD-4e4caa997993cc62,True,75,75,7g,,,https://imgix.dispenseapp.com/145c714690909516_1784215331300-924281165-3465976.jpeg,7,grams,32,27.91,
happydays:cf890eb8c642836e,happydays:cf890eb8c642836e,3.5g,HD-cf890eb8c642836e,True,45,45,3.5g,,,https://imgix.dispenseapp.com/145c714690909516_1784215514365-561027654-938485.jpeg,3.5,grams,8,21.37,
happydays:0b9d32ce211c3a23,happydays:0b9d32ce211c3a23,3.5g,HD-0b9d32ce211c3a23,True,30,30,3.5g,,,https://imgix.dispenseapp.com/145c714690909516_1784138498463-912329555-NY_-_GENERIC_HYBRID_-_THUMBNAIL_-_GREEN.png,3.5,grams,45,25.47,
happydays:254667d28ffb617e,happydays:254667d28ffb617e,2.5g,HD-254667d28ffb617e,True,43,43,2.5g,,,https://imgix.dispenseapp.com/145c714690909516_1784142163992-769939328-934865.jpeg,2.5,grams,99,36.43,
happydays:3485de9c9d8e3f0c,happydays:3485de9c9d8e3f0c,1g,HD-3485de9c9d8e3f0c,True,20,20,1g,,,https://imgix.dispenseapp.com/145c714690909516_1784306077903-678250457-845.png,1,grams,43,33.02,
happydays:d179d599a7c7538a,happydays:d179d599a7c7538a,3.5g,HD-d179d599a7c7538a,True,56,56,3.5g,,,https://imgix.dispenseapp.com/145c714690909516_1784894794785-251966100-ninjafruit.png,3.5,grams,62,25.58,
happydays:61a65ab73dc0abff,happydays:61a65ab73dc0abff,3g,HD-61a65ab73dc0abff,True,40,40,3g,,,https://imgix.dispenseapp.com/145c714690909516_1784135644496-129572147-79741.avif,3,grams,22,35.44,
happydays:7bada65f652cbd47,happydays:7bada65f652cbd47,3.5g,HD-7bada65f652cbd47,True,56,56,3.5g,,,https://imgix.dispenseapp.com/145c714690909516_1784895022796-824386827-gellybanger.png,3.5,grams,89,23.52,
happydays:637f6a2ed8a24b5f,happydays:637f6a2ed8a24b5f,1.5g,PR-CLK-0002,True,12.8,16,1.5g,,,https://imgix.dispenseapp.com/145c714690909516_1781203771513-971454423-32452345345.png,1.5,grams,69,33.76,
happydays:6abd4f8cc9b0d859,happydays:6abd4f8cc9b0d859,3.5g,850074036371,True,31.5044,31.5044,3.5g,,,https://imgix.dispenseapp.com/145c714690909516_1784141343255-140629498-3874687.jpeg,3.5,grams,17,32.68,
happydays:d8047e8581091dd0,happydays:d8047e8581091dd0,Papers,051497315535,True,3,3,,,,https://imgix.dispenseapp.com/145c714690909516_1784561692633-223053328-24234233.webp,,,186,,
happydays:b1a8115522f06d34,happydays:b1a8115522f06d34,Papers,716165297314,True,10,10,,,,https://imgix.dispenseapp.com/145c714690909516_1784982268935-724977224-blackcones20pk114.jpg,,,37,,
happydays:9e416d18544b8c45,happydays:9e416d18544b8c45,3.5g,HD-9e416d18544b8c45,True,31.5,35,3.5g,,,https://imgix.dispenseapp.com/145c714690909516_1783810772811-503733162-475.jpg,3.5,grams,34,29.4,
happydays:f679718b923c6885,happydays:f679718b923c6885,1g,HD-f679718b923c6885,True,40,40,1g,,,https://imgix.dispenseapp.com/145c714690909516_1783815019150-114482370-913.jpg,1,grams,68,78.73,
happydays:4b285d88ce6b7076,happydays:4b285d88ce6b7076,3.5g,HD-4b285d88ce6b7076,True,31.5,35,3.5g,,,https://imgix.dispenseapp.com/145c714690909516_1783812406139-211041591-2221.jpg,3.5,grams,20,23.03,
happydays:fe9477ea125b329c,happydays:fe9477ea125b329c,3.5g,HD-fe9477ea125b329c,True,19.8,22,3.5g,,,https://imgix.dispenseapp.com/145c714690909516_1783963712371-74569670-Photoroom_20260713_132423.jpeg,3.5,grams,33,24.48,
happydays:049c2f17e38a43ae,happydays:049c2f17e38a43ae,1g,HD-049c2f17e38a43ae,True,41.6,52,1g,,,https://imgix.dispenseapp.com/145c714690909516_1784140035374-162597784-345435.png,1,grams,10,82.75,
happydays:fc58b213ae962b96,happydays:fc58b213ae962b96,2g,HD-fc58b213ae962b96,True,69.6,87,2g,,,https://imgix.dispenseapp.com/145c714690909516_1783709217833-87713011-45757357.png,2,grams,1,85.01,
happydays:332a8394bdce288b,happydays:332a8394bdce288b,4.5g,HD-332a8394bdce288b,True,40,40,4.5g,,,https://imgix.dispenseapp.com/145c714690909516_1783688502812-455008902-5551.png,4.5,grams,19,21.92,
happydays:a7e35137921581c6,happydays:a7e35137921581c6,4.5g,HD-a7e35137921581c6,True,40,40,4.5g,,,https://imgix.dispenseapp.com/145c714690909516_1783688328365-853149981-9487.png,4.5,grams,20,20.39,
happydays:17ac6104ecd0bae7,happydays:17ac6104ecd0bae7,1g,HD-17ac6104ecd0bae7,True,64,80,1g,,,https://imgix.dispenseapp.com/145c714690909516_1783604455165-956187764-88456.png,1,grams,15,75.79,
happydays:41872ff59d33ddc9,happydays:41872ff59d33ddc9,2.5g,HD-41872ff59d33ddc9,True,25,25,2.5g,,,https://imgix.dispenseapp.com/145c714690909516_1783632701100-440323768-345345.png,2.5,grams,57,26.3,
happydays:3232502cd40486f1,happydays:3232502cd40486f1,1g,HD-3232502cd40486f1,True,49.5,55,1g,,,https://imgix.dispenseapp.com/145c714690909516_1786195960247-668191464-BlueDreamFernway.avif,1,grams,14,81.55,
happydays:9b307c4b9e4f8d68,happydays:9b307c4b9e4f8d68,1g,HD-9b307c4b9e4f8d68,True,45,50,1g,,,https://imgix.dispenseapp.com/145c714690909516_1783623797040-367436969-Fernway_-_Night_Cap_-_510_-_1.0g_-_Indica_-_SmartPack_-_White_Background_-_Menu_Photo.png,1,grams,13,80.16,
happydays:dbaf10cd6ddb0b0e,happydays:dbaf10cd6ddb0b0e,1g,HD-dbaf10cd6ddb0b0e,True,49.5,55,1g,,,https://imgix.dispenseapp.com/145c714690909516_1783624008112-706205295-Fernway_-_Wedding_Cake_LIVE_-_510_-_1.0g_-_Hybrid_-_SmartPack_-_White_Background_-_Menu_Photo.png,1,grams,22,77.82,
happydays:126491048e1d6a94,happydays:126491048e1d6a94,0.5g,HD-126491048e1d6a94,True,32,40,0.5g,,,https://imgix.dispenseapp.com/145c714690909516_1783605875516-123964062-Screenshot_2026-07-09_100402.png,0.5,grams,43,79.67,
happydays:2e5caf1d84a78b00,happydays:2e5caf1d84a78b00,1g,HD-2e5caf1d84a78b00,True,60,75,1g,,,https://imgix.dispenseapp.com/145c714690909516_1783813235824-850978656-2145.jpg,1,grams,43,79.07,
happydays:22eb37c5f42d5344,happydays:22eb37c5f42d5344,2g,HD-22eb37c5f42d5344,True,56,70,2g,,,https://imgix.dispenseapp.com/145c714690909516_1784045429936-409609450-1314.avif,2,grams,89,86.27,
happydays:5c2e74b80c9c44ee,happydays:5c2e74b80c9c44ee,3.5g,HD-5c2e74b80c9c44ee,True,32,32,3.5g,,,https://imgix.dispenseapp.com/145c714690909516_1783622908954-964108148-45679.jfif,3.5,grams,6,24.38,
happydays:b2db8b42a8155ffe,happydays:b2db8b42a8155ffe,Batteries,HD-b2db8b42a8155ffe,True,20,20,,,,https://imgix.dispenseapp.com/145c714690909516_1783542855299-377566528-885.webp,,,12,,
happydays:f0ce4bcce68af80c,happydays:f0ce4bcce68af80c,3.5g,HD-f0ce4bcce68af80c,True,30,30,3.5g,,,https://imgix.dispenseapp.com/145c714690909516_1783543377295-128505046-8851.jpg,3.5,grams,47,21.8,
happydays:f06ff26e84ca5259,happydays:f06ff26e84ca5259,1g,HD-f06ff26e84ca5259,True,93.5044,93.5044,1g,,,https://imgix.dispenseapp.com/145c714690909516_1783972947844-114753654-345345345.png,1,grams,5,92.66,
happydays:82540b83a9653469,happydays:82540b83a9653469,3.5g,HD-82540b83a9653469,True,30,30,3.5g,,,https://imgix.dispenseapp.com/145c714690909516_1783540673172-762920470-46478.jpg,3.5,grams,10,25.52,
happydays:b0a7c0db2fb3746a,happydays:b0a7c0db2fb3746a,1g,HD-b0a7c0db2fb3746a,True,45,45,1g,,,https://imgix.dispenseapp.com/145c714690909516_1783539749742-463347307-977.webp,1,grams,40,85.11,
happydays:27f626442e7f5c41,happydays:27f626442e7f5c41,1g,HD-27f626442e7f5c41,True,60,70,1g,,,https://imgix.dispenseapp.com/145c714690909516_1783539240193-821628817-1647.avif,1,grams,21,85.09,
happydays:88187368cfab9f3d,happydays:88187368cfab9f3d,Dab Accessories,HD-88187368cfab9f3d,True,450,450,,,,https://imgix.dispenseapp.com/145c714690909516_1783449807236-640749406-777.webp,,,21,,
happydays:53cfee374cbe2f5b,happydays:53cfee374cbe2f5b,Dab Accessories,HD-53cfee374cbe2f5b,True,100,100,,,,https://imgix.dispenseapp.com/145c714690909516_1783451040240-459222273-797.webp,,,1,,
happydays:b4cca42ffcf180d9,happydays:b4cca42ffcf180d9,Dab Accessories,HD-b4cca42ffcf180d9,True,60,60,,,,https://imgix.dispenseapp.com/145c714690909516_1783450424202-79912074-4544.webp,,,29,,
happydays:128981d08f332436,happydays:128981d08f332436,1g,HD-128981d08f332436,True,12,12,1g,,,https://imgix.dispenseapp.com/145c714690909516_1783448995176-149924416-947.jpg,1,grams,1,30.79,
happydays:d6e7a765d952385f,happydays:d6e7a765d952385f,3.5g,HD-d6e7a765d952385f,True,40,40,3.5g,,,https://imgix.dispenseapp.com/145c714690909516_1783448220573-47347761-847.JPEG,3.5,grams,6,27,
happydays:bc12c228e39abb7c,happydays:bc12c228e39abb7c,3.5g,HD-bc12c228e39abb7c,True,40,40,3.5g,,,https://imgix.dispenseapp.com/145c714690909516_1783448266646-961420921-97461.avif,3.5,grams,245,26.36,
happydays:151c4becb0c4fa4f,happydays:151c4becb0c4fa4f,3.5g,HD-151c4becb0c4fa4f,True,40,40,3.5g,,,https://imgix.dispenseapp.com/145c714690909516_1783448132287-703154553-97461.avif,3.5,grams,105,30.8,
happydays:5ae4cf47cff1b8d5,happydays:5ae4cf47cff1b8d5,1g,HD-5ae4cf47cff1b8d5,True,14,14,1g,,,https://imgix.dispenseapp.com/145c714690909516_1783436604890-332891701-23456256.png,1,grams,61,28.26,
happydays:be17b7bd42dc8386,happydays:be17b7bd42dc8386,3.5g,HD-be17b7bd42dc8386,True,30,40,3.5g,,,https://imgix.dispenseapp.com/145c714690909516_1783430139346-332511094-94994.jpg,3.5,grams,54,23.3,
happydays:395e033277dc3359,happydays:395e033277dc3359,1g,HD-395e033277dc3359,True,60,70,1g,,,https://imgix.dispenseapp.com/145c714690909516_1783343561432-575476028-99794.avif,1,grams,65,83.4,
happydays:32b8021676216d56,happydays:32b8021676216d56,1g,HD-32b8021676216d56,True,60,70,1g,,,https://imgix.dispenseapp.com/145c714690909516_1783343591390-199267800-33316.avif,1,grams,10,83.4,
happydays:c417176d2121dd45,happydays:c417176d2121dd45,1.3g,HD-c417176d2121dd45,True,20,24,1.3g,,,https://imgix.dispenseapp.com/145c714690909516_1783089334697-873287072-79974.jpg,1.3,grams,71,36.46,
happydays:68f08c37c5799615,happydays:68f08c37c5799615,1.3g,HD-68f08c37c5799615,True,20,24,1.3g,,,https://imgix.dispenseapp.com/145c714690909516_1783089418087-751629756-888585.png,1.3,grams,37,39.6,
happydays:6f95984bb03b2862,happydays:6f95984bb03b2862,2g,HD-6f95984bb03b2862,True,56,80,2g,,,https://imgix.dispenseapp.com/145c714690909516_1783342963079-810484969-46457.avif,2,grams,37,77.44,
happydays:34a33d7edc74759b,happydays:34a33d7edc74759b,3.5g,HD-34a33d7edc74759b,True,27,30,3.5g,,,https://imgix.dispenseapp.com/145c714690909516_1783451853521-345501797-Photoroom_20260707_151105.jpeg,3.5,grams,47,42,
happydays:566b745e38a63063,happydays:566b745e38a63063,3.5g,HD-566b745e38a63063,True,50,50,3.5g,,,https://imgix.dispenseapp.com/145c714690909516_1783102373879-300038740-7974.JPG,3.5,grams,28,27.57,
happydays:1c075d1d0c6ef144,happydays:1c075d1d0c6ef144,14g,HD-1c075d1d0c6ef144,True,49,49,14g,,,https://imgix.dispenseapp.com/145c714690909516_1784313337953-546045699-957646.jpeg,14,grams,84,28.2,
happydays:0025bc083098337e,happydays:0025bc083098337e,1g,HD-0025bc083098337e,True,45,45,1g,,,https://imgix.dispenseapp.com/145c714690909516_1782941593468-394243702-7997.jpg,1,grams,11,82.85,
happydays:e133bef238bc84b8,happydays:e133bef238bc84b8,1g,HD-e133bef238bc84b8,True,50,50,1g,,,https://imgix.dispenseapp.com/145c714690909516_1783018099995-871318440-X_werwer.jpg,1,grams,1,79.78,
happydays:338b3683fac1f1f9,happydays:338b3683fac1f1f9,3.5g,HD-338b3683fac1f1f9,True,25,30,3.5g,,,https://imgix.dispenseapp.com/145c714690909516_1782927720364-376796040-234234234.png,3.5,grams,102,23.51,
happydays:84beecac92044a61,happydays:84beecac92044a61,7g,HD-84beecac92044a61,True,50,50,7g,,,https://imgix.dispenseapp.com/145c714690909516_1782930788698-701983701-1764776722726-346411749-34543535555.png,7,grams,57,24.07,
happydays:deb7b76e93e4b48b,happydays:deb7b76e93e4b48b,100mg,HD-deb7b76e93e4b48b,True,18.75,25,100mg,,,https://imgix.dispenseapp.com/145c714690909516_1782925511742-958313618-651584854184185165.png,100,milligrams,26,,
happydays:beb33eeead7602f4,happydays:beb33eeead7602f4,2g,HD-beb33eeead7602f4,True,75,75,2g,,,https://imgix.dispenseapp.com/145c714690909516_1782930191074-146649722-AYR-Vape-BombPopz-2.0-Clear.png,2,grams,49,89.52,
happydays:0a8abbd0ae855329,happydays:0a8abbd0ae855329,0.5g,HD-0a8abbd0ae855329,True,50,50,0.5g,,,https://imgix.dispenseapp.com/145c714690909516_1784139142133-81947924-32132132.png,0.5,grams,15,74.1,
happydays:2021a6395156f215,happydays:2021a6395156f215,1g,HD-2021a6395156f215,True,30,40,1g,,,https://imgix.dispenseapp.com/145c714690909516_1784144893646-111245481-847348.jpeg,1,grams,70,97.99,
happydays:d79b976a5deca3e7,happydays:d79b976a5deca3e7,14g,HD-d79b976a5deca3e7,True,150,150,14g,,,https://dispense-images.imgix.net/7e637a10-c372-11ed-a41a-77827306bccf.png,14,grams,13,30.72,
happydays:7620cd2628dfab45,happydays:7620cd2628dfab45,14g,HD-7620cd2628dfab45,True,76.5,90,14g,,,https://imgix.dispenseapp.com/145c714690909516_1782843153319-534698217-Blueberry_AK-_14G_Flower-_uX.png,14,grams,52,29.23,
happydays:62c8f0d6f9e74bff,happydays:62c8f0d6f9e74bff,14g,HD-62c8f0d6f9e74bff,True,76.5,90,14g,,,https://imgix.dispenseapp.com/145c714690909516_1782843103555-913491027-Mac_1-_14G_Flower-_uX.png,14,grams,5,27.43,
happydays:28d8b95364fbec03,happydays:28d8b95364fbec03,1g,HD-28d8b95364fbec03,True,10.2,12,1g,,,https://imgix.dispenseapp.com/145c714690909516_1788290574856-381770863-Preroll-_Wild_Berry_Fusion-_Indica-_uX.png,1,grams,15,20.2,
happydays:fbb95b4891700572,happydays:fbb95b4891700572,2g,HD-fbb95b4891700572,True,60,80,2g,,,https://imgix.dispenseapp.com/145c714690909516_1782844037965-709281273-trytryetr.avif,2,grams,45,79.71,
happydays:a8c9aa0fc9951ab3,happydays:a8c9aa0fc9951ab3,1g,HD-a8c9aa0fc9951ab3,True,10.2,12,1g,,,https://imgix.dispenseapp.com/145c714690909516_1788290002412-776571321-Preroll-_Black_Orchard-_Indica-_uX.png,1,grams,44,20.03,
happydays:141b616dcf13c635,happydays:141b616dcf13c635,3.5g,HD-141b616dcf13c635,True,50,50,3.5g,,,https://imgix.dispenseapp.com/145c714690909516_1782759469539-544472697-34534535.png,3.5,grams,59,25.25,
happydays:df68f744dc1bdfb4,happydays:df68f744dc1bdfb4,1g,HD-df68f744dc1bdfb4,True,15,15,1g,,,https://imgix.dispenseapp.com/145c714690909516_1782759292108-943143124-345345345.png,1,grams,47,21.67,
happydays:b6090772944cd127,happydays:b6090772944cd127,1g,HD-b6090772944cd127,True,15,15,1g,,,https://imgix.dispenseapp.com/145c714690909516_1782759299601-689569718-345345345.png,1,grams,87,28.78,
happydays:528fa82c9d996e38,happydays:528fa82c9d996e38,1g,HD-528fa82c9d996e38,True,15,15,1g,,,https://imgix.dispenseapp.com/145c714690909516_1782759340540-804192787-345345345.png,1,grams,150,26.89,
happydays:1b036aea2b4fcbb1,happydays:1b036aea2b4fcbb1,3.5g,HD-1b036aea2b4fcbb1,True,50,50,3.5g,,,https://imgix.dispenseapp.com/145c714690909516_1782759351534-238751262-34534535.png,3.5,grams,40,25.32,
happydays:2cf801dc68985f7a,happydays:2cf801dc68985f7a,28g,HD-2cf801dc68985f7a,True,128,160,28g,,,https://imgix.dispenseapp.com/145c714690909516_1782759877585-978169625-99794.jpeg,28,grams,24,25.7,
happydays:65d18978ef04838b,happydays:65d18978ef04838b,14g,HD-65d18978ef04838b,True,50,50,14g,,,https://imgix.dispenseapp.com/145c714690909516_1782759781374-553102039-9979.jpeg,14,grams,10,24.9,
happydays:9930eb187a3e7d1a,happydays:9930eb187a3e7d1a,1g,HD-9930eb187a3e7d1a,True,29.75,35,1g,,,https://imgix.dispenseapp.com/145c714690909516_1782906517510-673170629-7744.png,1,grams,21,82.82,
happydays:fcf280655efefcc1,happydays:fcf280655efefcc1,2g,HD-fcf280655efefcc1,True,60,80,2g,,,https://imgix.dispenseapp.com/145c714690909516_1782494074656-5328573-34515143.avif,2,grams,41,79.82,
happydays:94119caaec4f5af2,happydays:94119caaec4f5af2,1g,HD-94119caaec4f5af2,True,32,40,1g,,,https://imgix.dispenseapp.com/145c714690909516_1782505279738-189899678-9356739.avif,1,grams,83,70.99,
happydays:9b27015de0a2871b,happydays:9b27015de0a2871b,Apparel,05-16-26GreyCropZip-M,True,60,60,,,,https://imgix.dispenseapp.com/145c714690909516_1784754240037-626203741-Crop_Top_-_Grey_Pink_Lettering.png,,,12,,
happydays:f907e94b82061f42,happydays:f907e94b82061f42,Apparel,05-16-26GreyCropZip-L,True,60,60,,,,https://imgix.dispenseapp.com/145c714690909516_1784754237019-241242211-Crop_Top_-_Grey_Pink_Lettering.png,,,7,,
happydays:c7271f787714373e,happydays:c7271f787714373e,1g,HD-c7271f787714373e,True,6.75,6.75,1g,,,https://imgix.dispenseapp.com/145c714690909516_1782501047213-193375492-MELON_COLLIE_-_PCMC00001.jpg,1,grams,544,29.9,
happydays:33f7e9f44d30950a,happydays:33f7e9f44d30950a,1g,HD-33f7e9f44d30950a,True,6.5,6.5,1g,,,https://imgix.dispenseapp.com/145c714690909516_1782501061032-931464021-SANGRIA_SLUSHIE_-_PCSS00001.jpg,1,grams,382,22.4,
happydays:dc092f069569ce12,happydays:dc092f069569ce12,3.5g,HD-dc092f069569ce12,True,40,40,3.5g,,,https://imgix.dispenseapp.com/145c714690909516_1787100430625-332615801-SuperGirlFX.png,3.5,grams,60,30.47,
happydays:6eaa91b769f5652e,happydays:6eaa91b769f5652e,3.5g,HD-6eaa91b769f5652e,True,50,50,3.5g,,,https://imgix.dispenseapp.com/145c714690909516_1783964395207-981323746-878678.jpeg,3.5,grams,25,22.6,
happydays:b5ea81ff45d527ff,happydays:b5ea81ff45d527ff,3.5g,HD-b5ea81ff45d527ff,True,26.1,26.1,3.5g,,,https://imgix.dispenseapp.com/145c714690909516_1782478923600-37347409-1._GREENS__SUNSET-SHERBET-ecom.png,3.5,grams,18,34.65,
happydays:7975a4d1f9c4b975,happydays:7975a4d1f9c4b975,3.5g,HD-7975a4d1f9c4b975,True,26.1,26.1,3.5g,,,https://imgix.dispenseapp.com/145c714690909516_1782479048187-263922563-1._GREENS__SUPREME-ecom.png,3.5,grams,27,31.34,
happydays:ecea166c8b43122c,happydays:ecea166c8b43122c,3.5g,HD-ecea166c8b43122c,True,26.1,26.1,3.5g,,,https://imgix.dispenseapp.com/145c714690909516_1782479213537-135576075-1._GREENS__BLACK-RUNTZ-ecom.png,3.5,grams,87,31.58,
happydays:9e0a2bf527581aab,happydays:9e0a2bf527581aab,3.5g,HD-9e0a2bf527581aab,True,50,50,3.5g,,,https://imgix.dispenseapp.com/145c714690909516_1782404233658-441251209-MW_PRODUCT_-_Blueberry_Blitz.png,3.5,grams,15,27.11,
happydays:860eddbe53858c6d,happydays:860eddbe53858c6d,3.5g,HD-860eddbe53858c6d,True,40,40,3.5g,,,https://imgix.dispenseapp.com/145c714690909516_1782411788248-395062138-4352454.png,3.5,grams,31,30.26,
happydays:0cf521098ba1d7e3,happydays:0cf521098ba1d7e3,3.5g,HD-0cf521098ba1d7e3,True,36,36,3.5g,,,https://imgix.dispenseapp.com/145c714690909516_1782820357275-739864831-1131.png,3.5,grams,85,27.51,
happydays:b625a0b3cf05ca20,happydays:b625a0b3cf05ca20,4g,HD-b625a0b3cf05ca20,True,58.5,65,4g,,,https://imgix.dispenseapp.com/145c714690909516_1782572344216-524450996-654656.JPG,4,grams,9,44.78,
happydays:ff867fcc49790ee1,happydays:ff867fcc49790ee1,2g,HD-ff867fcc49790ee1,True,67.5,75,2g,,,https://imgix.dispenseapp.com/145c714690909516_1782397702932-295469952-4532452345.jpg,2,grams,31,77.52,
happydays:5b76032703c3eb31,happydays:5b76032703c3eb31,1g,HD-5b76032703c3eb31,True,60,60,1g,,,https://imgix.dispenseapp.com/145c714690909516_1782334400100-294653323-4444444.avif,1,grams,25,73.86,
happydays:e3335234c53d4242,happydays:e3335234c53d4242,3.5g,HD-e3335234c53d4242,True,50,50,3.5g,,,https://imgix.dispenseapp.com/145c714690909516_1782326213737-880998118-64641.webp,3.5,grams,53,27.42,
happydays:987ad51914533f3f,happydays:987ad51914533f3f,1g,HD-987ad51914533f3f,True,70,70,1g,,,https://imgix.dispenseapp.com/145c714690909516_1782335633087-437040360-Head_&_Heal___1_Gram_RSO_Dablicator.png,1,grams,21,,
happydays:1a5f356e0ea13375,happydays:1a5f356e0ea13375,2.5g,HD-1a5f356e0ea13375,True,55,55,2.5g,,,https://imgix.dispenseapp.com/145c714690909516_1782326145904-436614233-9494.png,2.5,grams,49,48.53,
happydays:9fb683e2701b8bde,happydays:9fb683e2701b8bde,1g,HD-9fb683e2701b8bde,True,60,70,1g,,,https://imgix.dispenseapp.com/145c714690909516_1782132039020-334064545-4646.png,1,grams,37,78.4,
happydays:bfc45bdaa756fb4d,happydays:bfc45bdaa756fb4d,1g,HD-bfc45bdaa756fb4d,True,58.260000000000005,68.26,1g,,,https://imgix.dispenseapp.com/145c714690909516_1782335937076-710152337-JETTY_NY_SOLVENTLESS_CART_HYBRID_1G.png,1,grams,6,80.1,
happydays:7426ddef6849f1ee,happydays:7426ddef6849f1ee,7g,HD-7426ddef6849f1ee,True,85,85,7g,,,https://imgix.dispenseapp.com/145c714690909516_1782130728507-509381943-464.webp,7,grams,45,26.78,
happydays:2eabca23d04a02d3,happydays:2eabca23d04a02d3,3.5g,HD-2eabca23d04a02d3,True,46,46,3.5g,,,https://imgix.dispenseapp.com/145c714690909516_1782130324455-343329113-7979.webp,3.5,grams,64,30.01,
happydays:a1a68ce20ce38607,happydays:a1a68ce20ce38607,3.5g,HD-a1a68ce20ce38607,True,45,45,3.5g,,,https://imgix.dispenseapp.com/145c714690909516_1782221922722-153032728-316456.jpg,3.5,grams,33,28.81,
happydays:8ff994e1dad5d1db,happydays:8ff994e1dad5d1db,1g,850060650949,True,20,20,1g,,,https://imgix.dispenseapp.com/145c714690909516_1782244978461-792507244-43563456324.avif,1,grams,14,33.32,
happydays:bc30f67a9261189e,happydays:bc30f67a9261189e,2g,HD-bc30f67a9261189e,True,60,80,2g,,,https://imgix.dispenseapp.com/145c714690909516_1782245792023-263582808-34543543.avif,2,grams,8,84.34,
happydays:ed276b83b92dff2d,happydays:ed276b83b92dff2d,100mg,HD-ed276b83b92dff2d,True,24,30,100mg,,,https://imgix.dispenseapp.com/145c714690909516_1782245401394-966723884-HP_Fireball_FINAL_01w.png,100,milligrams,11,,
happydays:3cf7fbc0a20c9444,happydays:3cf7fbc0a20c9444,100mg,HD-3cf7fbc0a20c9444,True,24,30,100mg,,,https://imgix.dispenseapp.com/145c714690909516_1782245352529-571681105-HP_CrownApple_FINAL_01w.png,100,milligrams,32,,
happydays:01a4b7220106d2af,happydays:01a4b7220106d2af,1g,HD-01a4b7220106d2af,True,45,45,1g,,,https://imgix.dispenseapp.com/145c714690909516_1782142630423-671681023-5463456345.png,1,grams,7,86.9,
happydays:5780b22afad9e4e7,happydays:5780b22afad9e4e7,1g,HD-5780b22afad9e4e7,True,45,45,1g,,,https://imgix.dispenseapp.com/145c714690909516_1782142781928-200067790-654565.png,1,grams,11,87.34,
happydays:20f6d4bdb9fe6dea,happydays:20f6d4bdb9fe6dea,1g,HD-20f6d4bdb9fe6dea,True,55,55,1g,,,https://imgix.dispenseapp.com/145c714690909516_1782142879479-290758510-345345435345.png,1,grams,6,85.09,
happydays:bb25d9b61f140d94,happydays:bb25d9b61f140d94,Vaporizers,840005603307,True,350,350,,,,https://imgix.dispenseapp.com/145c714690909516_1782141423813-922893349-21341234.png,,,5,,
happydays:6c46630d0252fe0f,happydays:6c46630d0252fe0f,Vaporizers,840005603352,True,250,250,,,,https://imgix.dispenseapp.com/145c714690909516_1782141884315-429439192-34523452.png,,,2,,
happydays:21d608196e02a348,happydays:21d608196e02a348,Vaporizers,840005603284,True,350,350,,,,https://imgix.dispenseapp.com/145c714690909516_1782141027833-269736071-8768767.png,,,3,,
happydays:7b641e5b3a32c450,happydays:7b641e5b3a32c450,Vaporizers,840005603376,True,250,250,,,,https://imgix.dispenseapp.com/145c714690909516_1782141711007-793350641-21341234.png,,,1,,
happydays:689253f0a4e70048,happydays:689253f0a4e70048,1g,HD-689253f0a4e70048,True,60,60,1g,,,https://imgix.dispenseapp.com/145c714690909516_1781972231268-573096649-9464.avif,1,grams,6,71.44,
happydays:16a3af3579465bd6,happydays:16a3af3579465bd6,7g,HD-16a3af3579465bd6,True,82.8,92,7g,,,https://imgix.dispenseapp.com/145c714690909516_1781900390374-787999438-36754674567.jpg,7,grams,4,19.6,
happydays:d7d939aa9db2c3a3,happydays:d7d939aa9db2c3a3,14g,HD-d7d939aa9db2c3a3,True,147.6,164,14g,,,https://imgix.dispenseapp.com/145c714690909516_1781900366759-350135924-5675467567.jpg,14,grams,74,20,
happydays:ad58656401db5197,happydays:ad58656401db5197,7g,HD-ad58656401db5197,True,43.6,43.6,7g,,,https://imgix.dispenseapp.com/145c714690909516_1785777413646-773516436-234234234234234234234.jpg,7,grams,43,28.58,
happydays:992c69e236e7cc70,happydays:992c69e236e7cc70,0.5g,HD-992c69e236e7cc70,True,8.5,8.5,0.5g,,,https://imgix.dispenseapp.com/145c714690909516_1781956229837-382040816-6446.png,0.5,grams,80,26.72,
happydays:66b263eec832b178,happydays:66b263eec832b178,0.5g,HD-66b263eec832b178,True,8.5,8.5,0.5g,,,https://imgix.dispenseapp.com/145c714690909516_1781957197178-771320455-444.png,0.5,grams,27,33.79,
happydays:db65e117d58a7362,happydays:db65e117d58a7362,0.5g,HD-db65e117d58a7362,True,8.5,8.5,0.5g,,,https://imgix.dispenseapp.com/145c714690909516_1781956269699-200820812-7997.png,0.5,grams,123,32.02,
happydays:655a3c9b6408cd48,happydays:655a3c9b6408cd48,1g,HD-655a3c9b6408cd48,True,60,75,1g,,,https://imgix.dispenseapp.com/145c714690909516_1781961538390-434411049-316.png,1,grams,20,78.31,
happydays:10e9351450f26fae,happydays:10e9351450f26fae,3.5g,HD-10e9351450f26fae,True,32,32,3.5g,,,https://imgix.dispenseapp.com/145c714690909516_1781793158317-336954963-95467.jpeg,3.5,grams,52,26.47,
happydays:fd380d8ad4060e6d,happydays:fd380d8ad4060e6d,1g,HD-fd380d8ad4060e6d,True,9.5,9.5,1g,,,https://imgix.dispenseapp.com/145c714690909516_1781793174228-231260984-34534534345354.png,1,grams,66,25.07,
happydays:dda5faf89aec652a,happydays:dda5faf89aec652a,1g,HD-dda5faf89aec652a,True,9.5,9.5,1g,,,https://imgix.dispenseapp.com/145c714690909516_1781793024442-827845284-34535435.png,1,grams,214,25.42,
happydays:df1cfc068ef09818,happydays:df1cfc068ef09818,1g,HD-df1cfc068ef09818,True,43.5,58,1g,,,https://imgix.dispenseapp.com/145c714690909516_1781727829144-703274327-MFNY_Live_Resin_510_Vape_Cart_Honey_Banana_1g.jpg,1,grams,48,80.28,
happydays:524654b771668e00,happydays:524654b771668e00,1g,HD-524654b771668e00,True,43.5,58,1g,,,https://imgix.dispenseapp.com/145c714690909516_1781727896949-315861005-MFNY_Live_Resin_510_Vape_Cart_Hash_Burger_1g.png,1,grams,39,75.33,
happydays:7235a2cd6304df42,happydays:7235a2cd6304df42,7g,HD-7235a2cd6304df42,True,40,40,7g,,,https://imgix.dispenseapp.com/145c714690909516_1781731164284-687009284-2353245243.avif,7,grams,37,24.04,
happydays:76ba18bd4e515bd1,happydays:76ba18bd4e515bd1,3.5g,HD-76ba18bd4e515bd1,True,25,30,3.5g,,,https://imgix.dispenseapp.com/145c714690909516_1781731314835-331196746-546567.jpeg,3.5,grams,65,24.25,
happydays:720b07cef61aea7f,happydays:720b07cef61aea7f,1g,HD-720b07cef61aea7f,True,60,70,1g,,,https://imgix.dispenseapp.com/145c714690909516_1781717722258-886053123-8765678.png,1,grams,91,83.8,
happydays:5162f5147175cad8,happydays:5162f5147175cad8,1g,HD-5162f5147175cad8,True,60,70,1g,,,https://imgix.dispenseapp.com/145c714690909516_1781717558789-299180365-65363456.png,1,grams,39,83,
happydays:8434922e7c9ecf8f,happydays:8434922e7c9ecf8f,1g,HD-8434922e7c9ecf8f,True,60,70,1g,,,https://imgix.dispenseapp.com/145c714690909516_1781717688612-383263215-8678.png,1,grams,27,84.7,
happydays:d804fcd1c2ab51b5,happydays:d804fcd1c2ab51b5,1g,HD-d804fcd1c2ab51b5,True,36,45,1g,,,https://imgix.dispenseapp.com/145c714690909516_1781630589617-57084945-564564564.png,1,grams,87,83.01,
happydays:2913013f17ec6ae2,happydays:2913013f17ec6ae2,3.5g,HD-2913013f17ec6ae2,True,36,36,3.5g,,,https://imgix.dispenseapp.com/145c714690909516_1781635228327-468858325-87456.JPG,3.5,grams,4,22.36,
happydays:4a2ed8813883d290,happydays:4a2ed8813883d290,3.5g,770301703015,True,44,44,3.5g,,,https://imgix.dispenseapp.com/145c714690909516_1781629801913-350100653-8988879.jpg,3.5,grams,16,31.51,
happydays:73bade783117248a,happydays:73bade783117248a,3.5g,HD-73bade783117248a,True,54.9558,54.9558,3.5g,,,https://imgix.dispenseapp.com/145c714690909516_1781556537776-182095466-94654.jpg,3.5,grams,43,32.98,
happydays:1fda6f29cc85d8b3,happydays:1fda6f29cc85d8b3,1g,HD-1fda6f29cc85d8b3,True,45,45,1g,,,https://imgix.dispenseapp.com/145c714690909516_1781543048829-379141538-5645645645.png,1,grams,75,88.03,
happydays:c5ecc4caafabdd01,happydays:c5ecc4caafabdd01,1g,HD-c5ecc4caafabdd01,True,55,55,1g,,,https://imgix.dispenseapp.com/145c714690909516_1781545156949-956068814-515646.png,1,grams,41,84.2,
happydays:faf69703d8dbb42b,happydays:faf69703d8dbb42b,1g,HD-faf69703d8dbb42b,True,67,67,1g,,,https://imgix.dispenseapp.com/145c714690909516_1781549634553-129299421-1643.png,1,grams,25,81.04,
happydays:4c0c24ffbaf8c66b,happydays:4c0c24ffbaf8c66b,1g,HD-4c0c24ffbaf8c66b,True,67,67,1g,,,https://imgix.dispenseapp.com/145c714690909516_1781549389192-284955933-3549.png,1,grams,41,80.41,
happydays:3a4eb6f9d3de5240,happydays:3a4eb6f9d3de5240,1g,HD-3a4eb6f9d3de5240,True,55,55,1g,,,https://imgix.dispenseapp.com/145c714690909516_1781626080342-457598089-8755.png,1,grams,25,78.9,
happydays:7726f1c98c5575ff,happydays:7726f1c98c5575ff,100mg,HTTPS://1A4.COM/5LO1I9DSNOG49E70RJVU,True,39.9912,39.9912,100mg,,,https://imgix.dispenseapp.com/145c714690909516_1781532431004-149118087-1531453.png,100,milligrams,18,,
happydays:88d6d51325702977,happydays:88d6d51325702977,3.5g,HD-88d6d51325702977,True,36,45,3.5g,,,https://imgix.dispenseapp.com/145c714690909516_1782143940979-393482316-456745676.png,3.5,grams,70,24.9,
happydays:bbe0625e1651f7b3,happydays:bbe0625e1651f7b3,3.5g,HD-bbe0625e1651f7b3,True,36,45,3.5g,,,https://imgix.dispenseapp.com/145c714690909516_1782144084957-371562224-3563456.png,3.5,grams,37,26.8,
happydays:6096b7e8502d3eed,happydays:6096b7e8502d3eed,3.5g,HD-6096b7e8502d3eed,True,36,45,3.5g,,,https://imgix.dispenseapp.com/145c714690909516_1782143893057-613524318-98708.png,3.5,grams,4,21.5,
happydays:20ace51525f454aa,happydays:20ace51525f454aa,3.5g,HD-20ace51525f454aa,True,36,45,3.5g,,,https://imgix.dispenseapp.com/145c714690909516_1782143976444-290512888-5746.png,3.5,grams,3,20.2,
happydays:bf1c4c31a15b3833,happydays:bf1c4c31a15b3833,3.5g,HD-bf1c4c31a15b3833,True,36,45,3.5g,,,https://imgix.dispenseapp.com/145c714690909516_1782144012497-21757183-5786785678.png,3.5,grams,24,29.4,
happydays:896cea5218d659cc,happydays:896cea5218d659cc,3.5g,HD-896cea5218d659cc,True,36,45,3.5g,,,https://imgix.dispenseapp.com/145c714690909516_1782143766814-214591398-564563456.png,3.5,grams,30,19.3,
happydays:a3e59d2b7b7a16d8,happydays:a3e59d2b7b7a16d8,100mg,HD-a3e59d2b7b7a16d8,True,22.5,30,100mg,,,https://imgix.dispenseapp.com/145c714690909516_1778676603053-774845486-LostFarm.NY.PP.MP.ProductMenu_wGummies.jpg,100,milligrams,10,,
happydays:123d41342e4543f3,happydays:123d41342e4543f3,1g,HD-123d41342e4543f3,True,60,60,1g,,,https://imgix.dispenseapp.com/145c714690909516_1781279411731-860759092-Blank_Jar_1.jpg,1,grams,11,77.4,
happydays:ee959411ceedf6f7,happydays:ee959411ceedf6f7,3.5g,HD-ee959411ceedf6f7,True,45,45,3.5g,,,https://imgix.dispenseapp.com/145c714690909516_1781292991837-852497965-384756.jpg,3.5,grams,45,28.99,
happydays:d5c4070746c54310,happydays:d5c4070746c54310,1g,HD-d5c4070746c54310,True,10,10,1g,,,https://imgix.dispenseapp.com/145c714690909516_1781278364961-974637948-42342342.png,1,grams,51,21,
happydays:7500b6c07be67323,happydays:7500b6c07be67323,14g,HD-7500b6c07be67323,True,80,90,14g,,,https://imgix.dispenseapp.com/145c714690909516_1781275298271-362423108-345345345345345.png,14,grams,10,27.88,
happydays:349c4abc0ce54d64,happydays:349c4abc0ce54d64,3.5g,HD-349c4abc0ce54d64,True,30,30,3.5g,,,https://imgix.dispenseapp.com/145c714690909516_1781293613963-514680773-5674556.png,3.5,grams,30,26.83,
happydays:e5f21dc0f2e14139,happydays:e5f21dc0f2e14139,2g,HD-e5f21dc0f2e14139,True,74.7,83,2g,,,https://imgix.dispenseapp.com/145c714690909516_1781192962968-270731551-Fernway_-_Key_Lime_-_Traveler_PRO_-_All_in_One_-_2.0g_-_Sativa_-_SmartPack_-_White_Background_-_Menu_Photo.png,2,grams,40,89.86,
happydays:427258b7fd46be75,happydays:427258b7fd46be75,3.5g,WF-CLK-0002,True,28,35,3.5g,,,https://imgix.dispenseapp.com/145c714690909516_1781203104088-808244579-523453452352345.webp,3.5,grams,35,26.51,
happydays:03a93516124a3c09,happydays:03a93516124a3c09,100mg,810031350223,True,28,28,100mg,,,https://imgix.dispenseapp.com/145c714690909516_1781722533071-837246998-35154.jpg,100,milligrams,94,,
happydays:03f8b051a193cb42,happydays:03f8b051a193cb42,Papers,HD-03f8b051a193cb42,True,3,3,,,,https://imgix.dispenseapp.com/145c714690909516_1784562266172-927142720-2342342.png,,,4,,
happydays:7b819f6ec449d68c,happydays:7b819f6ec449d68c,1g,HD-7b819f6ec449d68c,True,48.75,65,1g,,,https://imgix.dispenseapp.com/145c714690909516_1781123685894-825599823-MFNY_Live_Resin_510_Vape_Cart_Classics_Sour_Diesel_1g_TwoFer.png,1,grams,23,69.64,
happydays:73b3365fd2beac0f,happydays:73b3365fd2beac0f,1g,HD-73b3365fd2beac0f,True,41.25,55,1g,,,https://imgix.dispenseapp.com/145c714690909516_1781123835059-706565158-MFNY_Live_Resin_Concentrate_Classics_Shishkaberry_1g.jpg,1,grams,27,75.78,
happydays:7fd227986e26e0c6,happydays:7fd227986e26e0c6,100mg,HD-7fd227986e26e0c6,True,20,20,100mg,,,https://imgix.dispenseapp.com/145c714690909516_1781289662717-500800892-232344.jpeg,100,milligrams,15,,
happydays:968987e9584eda72,happydays:968987e9584eda72,1g,HD-968987e9584eda72,True,40,40,1g,,,https://imgix.dispenseapp.com/145c714690909516_1781295539846-616335132-4565477.jpeg,1,grams,54,77.99,
happydays:6bfecb449761d178,happydays:6bfecb449761d178,1g,HD-6bfecb449761d178,True,40,40,1g,,,https://imgix.dispenseapp.com/145c714690909516_1781295483275-374370487-989677.jpeg,1,grams,24,76.22,
happydays:740968bc8cde15fa,happydays:740968bc8cde15fa,3.5g,HD-740968bc8cde15fa,True,40,40,3.5g,,,https://imgix.dispenseapp.com/145c714690909516_1781035530652-37005685-11364.JPEG,3.5,grams,5,30.39,
happydays:06589069d8bdcc1b,happydays:06589069d8bdcc1b,1g,HD-06589069d8bdcc1b,True,54,60,1g,,,https://imgix.dispenseapp.com/145c714690909516_1781027974021-535098535-Screenshot_2026-06-09_135924.png,1,grams,10,73.92,
happydays:4787fdb57fbb8e9c,happydays:4787fdb57fbb8e9c,3.5g,HD-4787fdb57fbb8e9c,True,40,40,3.5g,,,https://imgix.dispenseapp.com/145c714690909516_1788116924147-695589480-BOUKETINDICA.avif,3.5,grams,3,28.8,
happydays:6dd2b340b2388bfb,happydays:6dd2b340b2388bfb,1.8g,https://www.urbanxtracts.com/authenticity-chain,True,27.2,32,1.8g,,,https://imgix.dispenseapp.com/145c714690909516_1782245614881-597586594-Jerry_Garcia_Tube_-_Indica.png,1.8,grams,46,36.27,
happydays:b1dc5384d34fc1c0,happydays:b1dc5384d34fc1c0,1.8g,https://www.urbanxtracts.com/authenticity-chain,True,27.2,32,1.8g,,,https://imgix.dispenseapp.com/145c714690909516_1782245637218-324156572-Jerry_Garcia_Tube_-_Sativa.png,1.8,grams,82,36.81,
happydays:8089462f4e2beea4,happydays:8089462f4e2beea4,2g,HD-8089462f4e2beea4,True,60,80,2g,,,https://imgix.dispenseapp.com/145c714690909516_1781023436655-377234009-5345324523453145.png,2,grams,34,83.06,
happydays:7e9ea754c82b6e48,happydays:7e9ea754c82b6e48,14g,HD-7e9ea754c82b6e48,True,60,60,14g,,,https://imgix.dispenseapp.com/145c714690909516_1781049905284-304577780-6265.jpg,14,grams,9,21.59,
happydays:7eee6ba4402b57da,happydays:7eee6ba4402b57da,1g,HD-7eee6ba4402b57da,True,75,75,1g,,,https://imgix.dispenseapp.com/145c714690909516_1781049269592-799129168-1613.jpeg,1,grams,14,66.3,
happydays:f13fb69569e85f43,happydays:f13fb69569e85f43,1g,HD-f13fb69569e85f43,True,17,17,1g,,,https://imgix.dispenseapp.com/145c714690909516_1780938736583-809009763-2342342.avif,1,grams,41,33.31,
happydays:1f5bdac44e77d512,happydays:1f5bdac44e77d512,1g,HD-1f5bdac44e77d512,True,17,17,1g,,,https://imgix.dispenseapp.com/145c714690909516_1780938721582-569622859-2342342.avif,1,grams,43,28.86,
happydays:50ac348f9f53f699,happydays:50ac348f9f53f699,1g,HD-50ac348f9f53f699,True,17,17,1g,,,https://imgix.dispenseapp.com/145c714690909516_1780938748599-772879984-2342342.avif,1,grams,12,30.1,
happydays:6c7da447aa5668b2,happydays:6c7da447aa5668b2,2g,HTTPS://1A4.COM/13U2YPUQ3SDUMASXX9KU0Y,True,65,65,2g,,,https://imgix.dispenseapp.com/145c714690909516_1780930388037-647287548-234234234234.png,2,grams,86,90.27,
happydays:5a80e4a673460bd8,happydays:5a80e4a673460bd8,2g,HTTPS://1A4.COM/13U2YPUQ3SDUMASXX9J6DD,True,70,70,2g,,,https://imgix.dispenseapp.com/145c714690909516_1780930029803-973215659-324234234.png,2,grams,57,90,
happydays:282484d73b85ff8f,happydays:282484d73b85ff8f,2g,HTTPS://1A4.COM/13U2YPUQ3SDUMASXX4FT36,True,65,65,2g,,,https://imgix.dispenseapp.com/145c714690909516_1780930297084-160799818-35434534.png,2,grams,41,85.55,
happydays:127476380c570904,happydays:127476380c570904,1g,HD-127476380c570904,True,75,75,1g,,,https://imgix.dispenseapp.com/145c714690909516_1780681745710-562239123-Screenshot_2026-06-05_134853.png,1,grams,21,73.2,
happydays:4523e8ba19e35e80,happydays:4523e8ba19e35e80,7g,AVL-7-TDV,True,50,50,7g,,,https://imgix.dispenseapp.com/145c714690909516_1780685414565-392221603-153467.jpg,7,grams,9,35.68,
happydays:fbabfb3b9661451c,happydays:fbabfb3b9661451c,4g,HD-fbabfb3b9661451c,True,58.5,65,4g,,,https://imgix.dispenseapp.com/145c714690909516_1780608925043-962456555-0431.webp,4,grams,14,43.31,
happydays:9209d427fd516bb0,happydays:9209d427fd516bb0,3.5g,HD-9209d427fd516bb0,True,50,50,3.5g,,,https://imgix.dispenseapp.com/145c714690909516_1780606757759-190193334-43545324.PNG,3.5,grams,34,25.59,
happydays:573be4c8215def0d,happydays:573be4c8215def0d,1g,HD-573be4c8215def0d,True,60,70,1g,,,https://imgix.dispenseapp.com/145c714690909516_1780590505376-934703909-15486.png,1,grams,45,81.2,
happydays:c1629fd9ea8856b1,happydays:c1629fd9ea8856b1,2g,HD-c1629fd9ea8856b1,True,65,65,2g,,,https://imgix.dispenseapp.com/145c714690909516_1780506426121-916619802-Screenshot_2026-06-03_130652.png,2,grams,64,84.17,
happydays:2b9feee91cb86bd7,happydays:2b9feee91cb86bd7,Apparel,06-03-26WhiteLeafCamoShorts-M,True,39.99,39.99,,,,https://imgix.dispenseapp.com/145c714690909516_1784754287947-75936300-White_Camo_Shorts.png,,,10,,
happydays:2423c33305af44fe,happydays:2423c33305af44fe,Apparel,06-03-26WhiteLeafCamoShorts-XL,True,39.99,39.99,,,,https://imgix.dispenseapp.com/145c714690909516_1784754299274-705538148-White_Camo_Shorts.png,,,2,,
happydays:e80db17ddcbcb3e7,happydays:e80db17ddcbcb3e7,Apparel,06-03-26WhiteLeafCamoShorts-L,True,39.99,39.99,,,,https://imgix.dispenseapp.com/145c714690909516_1784754295198-577596471-White_Camo_Shorts.png,,,3,,
happydays:065349493447c7d1,happydays:065349493447c7d1,Apparel,06-03-26WhiteLeafCamoShorts-XXL,True,39.99,39.99,,,,https://imgix.dispenseapp.com/145c714690909516_1784754305251-644144864-White_Camo_Shorts.png,,,10,,
happydays:418f829373f4e957,happydays:418f829373f4e957,Apparel,06-03-26WhiteLeafCamoShorts-S,True,39.99,39.99,,,,https://imgix.dispenseapp.com/145c714690909516_1784754281658-629150297-White_Camo_Shorts.png,,,6,,
happydays:80a75837cc8f6ce8,happydays:80a75837cc8f6ce8,2g,720140165277,True,75,75,2g,,,https://imgix.dispenseapp.com/145c714690909516_1780506419000-296236665-3434234234.jpg,2,grams,25,87.64,
happydays:d67564ed02a79b2c,happydays:d67564ed02a79b2c,2g,720140165222,True,75,75,2g,,,https://imgix.dispenseapp.com/145c714690909516_1780506308498-304029735-324234.jpg,2,grams,26,88.66,
happydays:bee0152b2d7d44ff,happydays:bee0152b2d7d44ff,10mg,720140165390,True,6,6,10mg,,,https://imgix.dispenseapp.com/145c714690909516_1766596398482-331908659-Screenshot_2025-12-24_121158.png,10,milligrams,90,,
happydays:776a51243872693d,happydays:776a51243872693d,Papers,HD-776a51243872693d,True,6,6,,,,https://imgix.dispenseapp.com/145c714690909516_1741736578478-82744233-raw.webp,,,388,,
happydays:a34249b69c7b0bdd,happydays:a34249b69c7b0bdd,3.5g,HD-a34249b69c7b0bdd,True,21,28,3.5g,,,https://imgix.dispenseapp.com/145c714690909516_1780690492166-466140786-45668.jpg,3.5,grams,23,22.91,
happydays:2ab0e08d30cf50fb,happydays:2ab0e08d30cf50fb,1.5g,HD-2ab0e08d30cf50fb,True,56,70,1.5g,,,https://imgix.dispenseapp.com/145c714690909516_1780424158321-27919097-6487.png,1.5,grams,34,92.36,
happydays:c151608daf0c98f3,happydays:c151608daf0c98f3,1g,770275702755,True,14,14,1g,,,https://imgix.dispenseapp.com/145c714690909516_1780416873496-610016956-34534535.webp,1,grams,45,31.62,
happydays:f0cc6e743c6ec8b3,happydays:f0cc6e743c6ec8b3,3.5g,670119701190,True,53,53,3.5g,,,https://imgix.dispenseapp.com/145c714690909516_1780417086107-513680010-345345.webp,3.5,grams,74,27.22,
happydays:5d9e2fed6220b558,happydays:5d9e2fed6220b558,3.5g,850050317531,True,31.5044,31.5044,3.5g,,,https://imgix.dispenseapp.com/145c714690909516_1780077058000-584939292-836795.jpg,3.5,grams,5,25.59,
happydays:968088a35b2b9590,happydays:968088a35b2b9590,2g,051226TF-T2,True,69.6,87,2g,,,https://imgix.dispenseapp.com/145c714690909516_1780068917095-977611298-736548.png,2,grams,35,84.93,
happydays:f8153d1ee4a0e19d,happydays:f8153d1ee4a0e19d,1g,850076950651,True,60,60,1g,,,https://imgix.dispenseapp.com/145c714690909516_1779992659240-132834971-83465.jpg,1,grams,3,73.24,
happydays:8b94f6b775d989ee,happydays:8b94f6b775d989ee,1g,HD-8b94f6b775d989ee,True,33,33,1g,,,https://imgix.dispenseapp.com/145c714690909516_1779900977517-475959342-1354.jpg,1,grams,40,41.15,
happydays:9bc05fe86a886808,happydays:9bc05fe86a886808,2g,HD-9bc05fe86a886808,True,70,70,2g,,,https://imgix.dispenseapp.com/145c714690909516_1779898630163-408969348-Screenshot_2026-05-27_121700.png,2,grams,46,80.93,
happydays:a1d9dee0792df79b,happydays:a1d9dee0792df79b,2g,HD-a1d9dee0792df79b,True,65,65,2g,,,https://imgix.dispenseapp.com/145c714690909516_1779898843420-513987487-Screenshot_2026-05-27_122036.png,2,grams,36,84.29,
happydays:c6817a89d6cb7f4e,happydays:c6817a89d6cb7f4e,2g,HD-c6817a89d6cb7f4e,True,65,65,2g,,,https://imgix.dispenseapp.com/145c714690909516_1779898005041-525999008-Screenshot_2026-05-27_120632.png,2,grams,41,83.77,
happydays:81927755ba2f752d,happydays:81927755ba2f752d,1g,HD-81927755ba2f752d,True,7,7,1g,,,https://imgix.dispenseapp.com/145c714690909516_1779823436634-534506708-435345345.avif,1,grams,47,18.2,
happydays:97ee7386d90d0b82,happydays:97ee7386d90d0b82,1g,810220980224,True,55,55,1g,,,https://imgix.dispenseapp.com/145c714690909516_1779810198603-817855106-13546485.jpg,1,grams,8,73.72,
happydays:8640a28a3c3bd550,happydays:8640a28a3c3bd550,1g,810220980279,True,45,45,1g,,,https://imgix.dispenseapp.com/145c714690909516_1779810044716-301746872-8979.jpg,1,grams,4,66.62,
happydays:e3528e3c0642ac07,happydays:e3528e3c0642ac07,1g,810029765398,True,30,40,1g,,,https://imgix.dispenseapp.com/145c714690909516_1779808364482-985632738-1435354.png,1,grams,35,90.77,
happydays:25e96cb89b3e6018,happydays:25e96cb89b3e6018,3.5g,HD-25e96cb89b3e6018,True,45,50,3.5g,,,https://imgix.dispenseapp.com/145c714690909516_1779407520451-335027302-215.jpeg,3.5,grams,50,28,
happydays:bf93e30217193140,happydays:bf93e30217193140,3.5g,HD-bf93e30217193140,True,22.5,25,3.5g,,,https://imgix.dispenseapp.com/145c714690909516_1779462169930-908686555-4568458.png,3.5,grams,27,23.96,
happydays:e1af602960024329,happydays:e1af602960024329,3.5g,HD-e1af602960024329,True,35,35,3.5g,,,https://imgix.dispenseapp.com/145c714690909516_1779404297253-541531061-448.avif,3.5,grams,19,27.74,
happydays:ab25a5f8c7d29f66,happydays:ab25a5f8c7d29f66,3.5g,HD-ab25a5f8c7d29f66,True,35,35,3.5g,,,https://imgix.dispenseapp.com/145c714690909516_1779403915394-773567621-1566.avif,3.5,grams,5,28.13,
happydays:1c757b16e1b1a56c,happydays:1c757b16e1b1a56c,3.5g,HD-1c757b16e1b1a56c,True,35,35,3.5g,,,https://imgix.dispenseapp.com/145c714690909516_1782132221065-788235447-3134.png,3.5,grams,36,20.54,
happydays:5b48a28821dd3943,happydays:5b48a28821dd3943,2g,HD-5b48a28821dd3943,True,70,70,2g,,,https://imgix.dispenseapp.com/145c714690909516_1779385802170-515828790-Screenshot_2026-05-21_134932.png,2,grams,86,82.58,
happydays:3cdce39659e5f1f1,happydays:3cdce39659e5f1f1,2.5g,HD-3cdce39659e5f1f1,True,48.75,65,2.5g,,,https://imgix.dispenseapp.com/145c714690909516_1779302861873-152151125-MFNY_BagelHole_S5_Chemdog_Rosin_Digital.jpg,2.5,grams,7,42.94,
happydays:40edc031b8fff835,happydays:40edc031b8fff835,Dab Accessories,810208270101,True,150,150,,,,https://imgix.dispenseapp.com/145c714690909516_1779306197525-330507801-89846.webp,,,41,,
happydays:94912d89791dc8f2,happydays:94912d89791dc8f2,Dab Accessories,810208270149,True,250,250,,,,https://imgix.dispenseapp.com/145c714690909516_1779305667205-485262287-9998.webp,,,13,,
happydays:adb89be0f4e91cae,happydays:adb89be0f4e91cae,Dab Accessories,810208270170,True,250,250,,,,https://imgix.dispenseapp.com/145c714690909516_1779305596313-454472998-8888.webp,,,13,,
happydays:cd4bdbdb4b2d29e5,happydays:cd4bdbdb4b2d29e5,1g,040826MH-1000,True,45.6,57,1g,,,https://imgix.dispenseapp.com/145c714690909516_1779217877018-974242272-345345345.png,1,grams,8,83.74,
happydays:0153276faae0ab42,happydays:0153276faae0ab42,14g,HD-0153276faae0ab42,True,76.5,90,14g,,,https://imgix.dispenseapp.com/145c714690909516_1788289692458-695564445-Jet_Fuel-_14G_Flower-_uX.png,14,grams,102,29.48,
happydays:7ada84bf1a767248,happydays:7ada84bf1a767248,1g,HD-7ada84bf1a767248,True,7,7,1g,,,https://imgix.dispenseapp.com/145c714690909516_1779134534912-254410914-00113.avif,1,grams,97,20.4,
happydays:3abec9df6f441c9c,happydays:3abec9df6f441c9c,14g,HD-3abec9df6f441c9c,True,50,50,14g,,,https://imgix.dispenseapp.com/145c714690909516_1779135109133-839308372-444587.jpg,14,grams,40,25.2,
happydays:e7bcd9a913ba044f,happydays:e7bcd9a913ba044f,3.5g,HD-e7bcd9a913ba044f,True,50,50,3.5g,,,https://imgix.dispenseapp.com/145c714690909516_1779219773238-142636366-Screenshot_2026-05-19_153810.png,3.5,grams,36,29.57,
happydays:5b31c338c8f34ba6,happydays:5b31c338c8f34ba6,3.5g,HD-5b31c338c8f34ba6,True,50,50,3.5g,,,https://imgix.dispenseapp.com/145c714690909516_1779219053640-636968920-Gastopia2.jpg,3.5,grams,20,26.03,
happydays:48a10c4dc7110434,happydays:48a10c4dc7110434,3.5g,HD-48a10c4dc7110434,True,50,50,3.5g,,,https://imgix.dispenseapp.com/145c714690909516_1779219266742-842936160-Mule_Fuel.png,3.5,grams,6,24.66,
happydays:129cc2c056e26d1c,happydays:129cc2c056e26d1c,3.5g,HD-129cc2c056e26d1c,True,50,50,3.5g,,,https://imgix.dispenseapp.com/145c714690909516_1779119753452-102553557-Screenshot_2026-05-18_115538.png,3.5,grams,30,29.78,
happydays:08f2eb0d8eef179b,happydays:08f2eb0d8eef179b,3.5g,HD-08f2eb0d8eef179b,True,50,50,3.5g,,,https://imgix.dispenseapp.com/145c714690909516_1779218904656-230018255-Biscotto_glaze.jpeg,3.5,grams,5,28.53,
happydays:bb8f8e475e62d06a,happydays:bb8f8e475e62d06a,2g,HD-bb8f8e475e62d06a,True,72,90,2g,,,https://imgix.dispenseapp.com/145c714690909516_1779116719590-915957263-154446.png,2,grams,54,79.18,
happydays:1930ad060e4ee53b,happydays:1930ad060e4ee53b,Apparel,HDSSWCMOS01,True,90,90,,,,https://imgix.dispenseapp.com/145c714690909516_1779370360316-362882731-est._stay_happpy_green_(13).png,,,2,,
happydays:31e2525cdbab145a,happydays:31e2525cdbab145a,Apparel,HDSSWCMOM01,True,90,90,,,,https://imgix.dispenseapp.com/145c714690909516_1779370340080-110369863-est._stay_happpy_green_(13).png,,,23,,
happydays:4d5c0e6b0b836875,happydays:4d5c0e6b0b836875,Apparel,HDSSWCMOL01,True,90,90,,,,https://imgix.dispenseapp.com/145c714690909516_1779370315017-444654222-est._stay_happpy_green_(13).png,,,10,,
happydays:f725a18eac92b348,happydays:f725a18eac92b348,Apparel,05-16-26GreyCropZip-S,True,60,60,,,,https://imgix.dispenseapp.com/145c714690909516_1784754228334-695009155-Crop_Top_-_Grey_Pink_Lettering.png,,,10,,
happydays:3f298106ac7c6392,happydays:3f298106ac7c6392,1g,HD-3f298106ac7c6392,True,55.1,55.1,1g,,,https://imgix.dispenseapp.com/145c714690909516_1778790177351-874973538-12351.png,1,grams,7,73.15,
happydays:7d63754f8bda315c,happydays:7d63754f8bda315c,3.5g,HD-7d63754f8bda315c,True,32,32,3.5g,,,https://imgix.dispenseapp.com/145c714690909516_1778768685164-835391768-1649.jfif,3.5,grams,16,28.69,
happydays:6daf58ab33b9e060,happydays:6daf58ab33b9e060,3.5g,HD-6daf58ab33b9e060,True,32,32,3.5g,,,https://imgix.dispenseapp.com/145c714690909516_1778768594138-445283367-155548.jfif,3.5,grams,12,32.38,
happydays:9d45fff2f8d09751,happydays:9d45fff2f8d09751,2g,HD-9d45fff2f8d09751,True,65,65,2g,,,https://imgix.dispenseapp.com/145c714690909516_1778692543246-550616908-8878.webp,2,grams,27,88.37,
happydays:f03fa07356eef280,happydays:f03fa07356eef280,2g,HD-f03fa07356eef280,True,70,70,2g,,,https://imgix.dispenseapp.com/145c714690909516_1778693060533-855332180-9946.webp,2,grams,146,84.88,
happydays:d238f8da55d8dda7,happydays:d238f8da55d8dda7,1g,NY-SL-26-20260424 - A,True,60,70,1g,,,https://imgix.dispenseapp.com/145c714690909516_1778505578926-512246324-444569.png,1,grams,39,83.2,
happydays:aa03542b748af87e,happydays:aa03542b748af87e,3g,HD-aa03542b748af87e,True,90,100,3g,,,https://imgix.dispenseapp.com/145c714690909516_1778672566285-460511447-114445.png,3,grams,31,76.1,
happydays:9f393fab6ef2ce87,happydays:9f393fab6ef2ce87,3g,HD-9f393fab6ef2ce87,True,90,100,3g,,,https://imgix.dispenseapp.com/145c714690909516_1778672721276-315168812-77887.png,3,grams,22,76.7,
happydays:f3689dc3967128af,happydays:f3689dc3967128af,3g,HD-f3689dc3967128af,True,90,100,3g,,,https://imgix.dispenseapp.com/145c714690909516_1778672819751-687820195-1144.png,3,grams,42,75.8,
happydays:f09e834bb2b0b470,happydays:f09e834bb2b0b470,1g,HD-f09e834bb2b0b470,True,65,65,1g,,,https://imgix.dispenseapp.com/145c714690909516_1779890712267-257336575-34435234.avif,1,grams,15,80.2,
happydays:74a6eb66ead6885f,happydays:74a6eb66ead6885f,2g,OTR-2-SOG,True,50,50,2g,,,https://imgix.dispenseapp.com/145c714690909516_1778680461622-927335301-314.png,2,grams,13,88.3,
happydays:1df0b138d375bbf9,happydays:1df0b138d375bbf9,1g,HD-1df0b138d375bbf9,True,7,7,1g,,,https://imgix.dispenseapp.com/145c714690909516_1778596906613-272955738-11225.avif,1,grams,28,27.85,
happydays:f2f0bb6771d47497,happydays:f2f0bb6771d47497,100mg,HD-f2f0bb6771d47497,True,17.6,22,100mg,,,https://imgix.dispenseapp.com/145c714690909516_1779201340005-919424689-35345345.avif,100,milligrams,36,,
happydays:2d58b6260d9e97b0,happydays:2d58b6260d9e97b0,100mg,HD-2d58b6260d9e97b0,True,17.6,22,100mg,,,https://imgix.dispenseapp.com/145c714690909516_1779201306866-806854616-45345345.jpg,100,milligrams,22,,
happydays:f88456178b6145d3,happydays:f88456178b6145d3,1g,HD-f88456178b6145d3,True,15,15,1g,,,https://imgix.dispenseapp.com/145c714690909516_1785503428425-536198728-atomicapple.JPG,1,grams,6,24.27,
happydays:b355f2cbc00e1524,happydays:b355f2cbc00e1524,3.5g,HD-b355f2cbc00e1524,True,60,60,3.5g,,,https://imgix.dispenseapp.com/145c714690909516_1778521698647-670479866-11557.png,3.5,grams,6,29.06,
happydays:adaf8876cf49d639,happydays:adaf8876cf49d639,1g,HD-adaf8876cf49d639,True,6.5,6.5,1g,,,https://imgix.dispenseapp.com/145c714690909516_1778266160911-443177600-Photoroom_20260508_143447.jpeg,1,grams,318,22.89,
happydays:e23f83e473c24984,happydays:e23f83e473c24984,3.5g,HD-e23f83e473c24984,True,50,50,3.5g,,,https://imgix.dispenseapp.com/145c714690909516_1778271924589-243825880-IMG_1386-Heavyweight.png,3.5,grams,63,26.88,
happydays:ab4ad818ea5f6639,happydays:ab4ad818ea5f6639,1g,HD-ab4ad818ea5f6639,True,10,10,1g,,,https://imgix.dispenseapp.com/145c714690909516_1785510935885-168733001-BLUEBERRY_KUSH_MINTS_-_BSRPRBBKM00008.jpg,1,grams,54,23.32,
happydays:d9698d95b6219809,happydays:d9698d95b6219809,3.5g,HD-d9698d95b6219809,True,50,50,3.5g,,,https://imgix.dispenseapp.com/145c714690909516_1778272309635-679005299-IMG_1386-Heavyweight.png,3.5,grams,14,26.84,
happydays:719b4d05e288a255,happydays:719b4d05e288a255,3.5g,HD-719b4d05e288a255,True,50,50,3.5g,,,https://imgix.dispenseapp.com/145c714690909516_1778272266325-816787555-IMG_1386-Heavyweight.png,3.5,grams,91,26.82,
happydays:5bb304a007ddf1fa,happydays:5bb304a007ddf1fa,3g,HD-5bb304a007ddf1fa,True,35,35,3g,,,https://imgix.dispenseapp.com/145c714690909516_1777845255757-974869409-452.jpg,3,grams,5,26.56,
happydays:2e07c4acc71f64ac,happydays:2e07c4acc71f64ac,3.5g,HD-2e07c4acc71f64ac,True,50,50,3.5g,,,https://imgix.dispenseapp.com/145c714690909516_1778272297468-5804314-IMG_1386-Heavyweight.png,3.5,grams,54,27.24,
happydays:1bff747338246150,happydays:1bff747338246150,28g,HD-1bff747338246150,True,71.25,95,28g,,,https://imgix.dispenseapp.com/145c714690909516_1778263357050-882017126-Photoroom_20260508_123301.jpeg,28,grams,112,17.65,
happydays:ce0a890a9816f0fd,happydays:ce0a890a9816f0fd,28g,HD-ce0a890a9816f0fd,True,71.25,95,28g,,,https://imgix.dispenseapp.com/145c714690909516_1778263327016-273850859-Photoroom_20260508_123345.jpeg,28,grams,29,19.13,
happydays:293ef655a02ca7ec,happydays:293ef655a02ca7ec,3.5g,HD-293ef655a02ca7ec,True,42.5,50,3.5g,,,https://imgix.dispenseapp.com/145c714690909516_1778264014098-329211000-Photoroom_20260508_123449.jpeg,3.5,grams,45,50.83,
happydays:00153b9d6b952fca,happydays:00153b9d6b952fca,3.5g,HD-00153b9d6b952fca,True,42.5,50,3.5g,,,https://imgix.dispenseapp.com/145c714690909516_1778264060513-533431990-Photoroom_20260508_123449.jpeg,3.5,grams,29,57,
happydays:d250e8f51f8cf2fe,happydays:d250e8f51f8cf2fe,7g,HD-d250e8f51f8cf2fe,True,56,70,7g,,,https://imgix.dispenseapp.com/145c714690909516_1778244694203-661587487-7894.png,7,grams,20,20.09,
happydays:9fd64fc82c10bd1c,happydays:9fd64fc82c10bd1c,100mg,HTTPS://1A4.COM/13U2YPUQ3S3YMT9Y09T5JO,True,12,15,100mg,,,https://imgix.dispenseapp.com/145c714690909516_1778502002969-881769633-12225.jpg,100,milligrams,93,,
happydays:1165883a798d3702,happydays:1165883a798d3702,100mg,HTTPS://1A4.COM/13U2YPUQ3S3YMT9Y0A1EEW,True,12,15,100mg,,,https://imgix.dispenseapp.com/145c714690909516_1778261127071-31375632-HIGHAF_Blue-Raz-Bag-and-gummies_01w.png,100,milligrams,158,,
happydays:4fd76abd7c96c7f7,happydays:4fd76abd7c96c7f7,100mg,HTTPS://1A4.COM/13U2YPUQ3S3YMT9Y0F2PEZ,True,12,15,100mg,,,https://imgix.dispenseapp.com/145c714690909516_1778261034741-291039839-High-AF_-Blood-Orange-Bag-and-gummies_01w.png,100,milligrams,40,,
happydays:a68837cb3251ddd1,happydays:a68837cb3251ddd1,100mg,HD-a68837cb3251ddd1,True,12,15,100mg,,,https://imgix.dispenseapp.com/145c714690909516_1778261161484-908177840-HIGHAF_FRUIT-PUNCH-Bag-and-gummies_01w.png,100,milligrams,162,,
happydays:446ddc8f09583ff0,happydays:446ddc8f09583ff0,100mg,HD-446ddc8f09583ff0,True,12,15,100mg,,,https://imgix.dispenseapp.com/145c714690909516_1778261231672-298946068-High-AF_Strawberry-Bag-and-gumy_01w.png,100,milligrams,134,,
happydays:4017c5eeeef5397c,happydays:4017c5eeeef5397c,10mg,HD-4017c5eeeef5397c,True,4,5,10mg,,,https://imgix.dispenseapp.com/145c714690909516_1782246706547-352781739-HP_Margarita_FINAL_01.png,10,milligrams,222,,
happydays:a86fb98d4ac3c6ee,happydays:a86fb98d4ac3c6ee,1g,HD-a86fb98d4ac3c6ee,True,55,55,1g,,,https://imgix.dispenseapp.com/145c714690909516_1778163017143-420671196-LOUD_1g_Ion_Tank_-_Acapulco_Gold_(NY).png,1,grams,74,87.17,
happydays:faa1000c79f17043,happydays:faa1000c79f17043,1g,HD-faa1000c79f17043,True,55,55,1g,,,https://imgix.dispenseapp.com/145c714690909516_1778075360483-37421991-456456456.png,1,grams,5,86.27,
happydays:59505de12b8f4923,happydays:59505de12b8f4923,3.5g,HD-59505de12b8f4923,True,52.5,52.5,3.5g,,,https://imgix.dispenseapp.com/145c714690909516_1778288266962-798422173-Permanent_marker_(1).jpeg,3.5,grams,37,33.93,
happydays:13be6565367d8fd0,happydays:13be6565367d8fd0,2.5g,HD-13be6565367d8fd0,True,29.75,35,2.5g,,,https://imgix.dispenseapp.com/145c714690909516_1778502501332-720331367-112236.jpeg,2.5,grams,42,27.46,
happydays:f5b939d099995f91,happydays:f5b939d099995f91,2.5g,HD-f5b939d099995f91,True,29.75,35,2.5g,,,https://imgix.dispenseapp.com/145c714690909516_1778502689503-8719119-12456.jpeg,2.5,grams,13,27.27,
happydays:63b0b04c9a52fc6e,happydays:63b0b04c9a52fc6e,1g,HD-63b0b04c9a52fc6e,True,36,45,1g,,,https://imgix.dispenseapp.com/145c714690909516_1778005216459-826458454-77889.jpg,1,grams,56,87.73,
happydays:d4fc24b2ad7fcfb2,happydays:d4fc24b2ad7fcfb2,3.5g,HD-d4fc24b2ad7fcfb2,True,52.5,52.5,3.5g,,,https://imgix.dispenseapp.com/145c714690909516_1778288170622-595161159-Jokerz31.jpeg,3.5,grams,3,28.06,
happydays:3afe438e681d4a30,happydays:3afe438e681d4a30,1g,HD-3afe438e681d4a30,True,22,22,1g,,,https://imgix.dispenseapp.com/145c714690909516_1777902248347-540541163-4325423526.avif,1,grams,29,41.79,
happydays:f41935e64f88e3c9,happydays:f41935e64f88e3c9,1g,HD-f41935e64f88e3c9,True,65,65,1g,,,https://imgix.dispenseapp.com/145c714690909516_1777667975830-933896534-1g_PRELOAD_PREMIUM_Hybrid.png,1,grams,3,81.25,
happydays:4388747d0a6b39e7,happydays:4388747d0a6b39e7,100mg,HD-4388747d0a6b39e7,True,27,27,100mg,,,https://imgix.dispenseapp.com/145c714690909516_1777652249815-713173215-546736756754.jpg,100,milligrams,19,,
happydays:23135eaf491d3966,happydays:23135eaf491d3966,100mg,HD-23135eaf491d3966,True,27,27,100mg,,,https://imgix.dispenseapp.com/145c714690909516_1777652261108-588792267-546736756754.jpg,100,milligrams,66,,
happydays:4d2c2adebf5a4129,happydays:4d2c2adebf5a4129,0.5g,HD-4d2c2adebf5a4129,True,37.5,50,0.5g,,,https://imgix.dispenseapp.com/145c714690909516_1777489140636-814953609-563456345634.jpg,0.5,grams,22,71.7,
happydays:9b66a9c57427d865,happydays:9b66a9c57427d865,1g,HD-9b66a9c57427d865,True,8,11,1g,,,https://imgix.dispenseapp.com/145c714690909516_1777463813122-74853244-557.png,1,grams,47,19.92,
happydays:af073e845a8200e7,happydays:af073e845a8200e7,1g,HD-af073e845a8200e7,True,8,11,1g,,,https://imgix.dispenseapp.com/145c714690909516_1777463278222-476910596-557.png,1,grams,92,19.55,
happydays:545b037d1a064b5e,happydays:545b037d1a064b5e,1g,HD-545b037d1a064b5e,True,8,11,1g,,,https://imgix.dispenseapp.com/145c714690909516_1777463428933-709810735-557.png,1,grams,61,18.73,
happydays:9a64f7479b67defb,happydays:9a64f7479b67defb,4g,HD-9a64f7479b67defb,True,60,60,4g,,,https://imgix.dispenseapp.com/145c714690909516_1777406510905-148222885-3452345243.avif,4,grams,8,53.91,
happydays:928a388098a6190a,happydays:928a388098a6190a,1g,HD-928a388098a6190a,True,50,50,1g,,,https://imgix.dispenseapp.com/145c714690909516_1777388397629-785352325-4352345.jpg,1,grams,15,86.24,
happydays:3f0cec5f9e41b95a,happydays:3f0cec5f9e41b95a,4g,HD-3f0cec5f9e41b95a,True,60,60,4g,,,https://imgix.dispenseapp.com/145c714690909516_1777377559819-380554567-45587.jpeg,4,grams,22,58.46,
happydays:790321e233e50793,happydays:790321e233e50793,7g,HD-790321e233e50793,True,44,44,7g,,,https://imgix.dispenseapp.com/145c714690909516_1777391287358-294216031-Fortune_Cookie_-_7g_Flower.jpg,7,grams,24,27.63,
happydays:787e4e02ee47ac28,happydays:787e4e02ee47ac28,3.5g,HD-787e4e02ee47ac28,True,34,40,3.5g,,,https://imgix.dispenseapp.com/145c714690909516_1777394914641-569203773-15448.jpg,3.5,grams,24,40.28,
happydays:7db4a4d335fa700b,happydays:7db4a4d335fa700b,3.5g,HD-7db4a4d335fa700b,True,24,24,3.5g,,,https://imgix.dispenseapp.com/145c714690909516_1777391316814-935471426-Fortune_Cookie_-_3.5g_Flower.jpg,3.5,grams,29,26.71,
happydays:95ec55a54161d5ef,happydays:95ec55a54161d5ef,3.5g,HD-95ec55a54161d5ef,True,24,24,3.5g,,,https://imgix.dispenseapp.com/145c714690909516_1778854808634-306377804-GMO_-_3.5g_Flower.jpg,3.5,grams,24,27.1,
happydays:6c8889b6217b48db,happydays:6c8889b6217b48db,14g,HD-6c8889b6217b48db,True,50,50,14g,,,https://imgix.dispenseapp.com/145c714690909516_1777317471976-598770089-Nic_The_Bruiser_-_14g_Ground_Flower.jpg,14,grams,52,26.72,
happydays:f142bc3227987cc8,happydays:f142bc3227987cc8,14g,HD-f142bc3227987cc8,True,50,50,14g,,,https://imgix.dispenseapp.com/145c714690909516_1777317418071-741298069-Lemon_Venom_-_14g_Ground_Flower.jpg,14,grams,30,24.71,
happydays:07fce129e607af6d,happydays:07fce129e607af6d,14g,HD-07fce129e607af6d,True,50,50,14g,,,https://imgix.dispenseapp.com/145c714690909516_1777317344863-16833459-Chronic_Tonic_-_14g_Ground_Flower.jpg,14,grams,38,24.19,
happydays:3d098076fc0d6d53,happydays:3d098076fc0d6d53,14g,HD-3d098076fc0d6d53,True,50,50,14g,,,https://imgix.dispenseapp.com/145c714690909516_1777317372691-736009035-Hella_Jelly_-_14g_Ground_Flower.jpg,14,grams,60,22.32,
happydays:f9b0ebaf0b0c148d,happydays:f9b0ebaf0b0c148d,14g,HD-f9b0ebaf0b0c148d,True,50,50,14g,,,https://imgix.dispenseapp.com/145c714690909516_1777317394192-563706131-Kush_Cake_-_14g_Ground_Flower.jpg,14,grams,70,23.9,
happydays:4dbc8fc116c9ecc4,happydays:4dbc8fc116c9ecc4,14g,HD-4dbc8fc116c9ecc4,True,50,50,14g,,,https://imgix.dispenseapp.com/145c714690909516_1777317493434-429911226-Super_Boof_-_14g_Ground_Flower.jpg,14,grams,25,31.97,
happydays:f6a0ee63e102c1f6,happydays:f6a0ee63e102c1f6,3.5g,HD-f6a0ee63e102c1f6,True,60,60,3.5g,,,https://imgix.dispenseapp.com/145c714690909516_1777549993446-830998204-9978.png,3.5,grams,14,28.94,
happydays:96d98b243f4067f6,happydays:96d98b243f4067f6,1g,HD-96d98b243f4067f6,True,15,15,1g,,,https://imgix.dispenseapp.com/145c714690909516_1777904756354-613278272-2342342.jpg,1,grams,11,20.89,
happydays:ab406cded3b53c95,happydays:ab406cded3b53c95,100mg,HD-ab406cded3b53c95,True,20.4,24,100mg,,,https://imgix.dispenseapp.com/145c714690909516_1777049746035-566762277-Calamity_Jane__High_Noon.png,100,milligrams,33,,
happydays:420d884e2eb7eb95,happydays:420d884e2eb7eb95,1g,HD-420d884e2eb7eb95,True,53.6,67,1g,,,https://imgix.dispenseapp.com/145c714690909516_1777052972377-844028072-143524313451.webp,1,grams,25,83.06,
happydays:f8fca28efca0cfaa,happydays:f8fca28efca0cfaa,Bongs/pipes,HD-f8fca28efca0cfaa,True,12,12,,,,https://imgix.dispenseapp.com/145c714690909516_1784754050429-806687288-Basic_Bowl_14mm.png,,,11,,
happydays:e2a2dd849913fe03,happydays:e2a2dd849913fe03,3.5g,HD-e2a2dd849913fe03,True,44,44,3.5g,,,https://imgix.dispenseapp.com/145c714690909516_1776963317012-471930127-Photoroom_20260423_105957.jpeg,3.5,grams,21,31.55,
happydays:99e162243c314e53,happydays:99e162243c314e53,3.5g,HD-99e162243c314e53,True,44,44,3.5g,,,https://imgix.dispenseapp.com/145c714690909516_1776963354881-133581574-Photoroom_20260423_125130.jpeg,3.5,grams,12,29.1,
happydays:bc1e9d711be17650,happydays:bc1e9d711be17650,1g,HD-bc1e9d711be17650,True,60,60,1g,,,https://imgix.dispenseapp.com/145c714690909516_1777577165083-319086179-NY03853.avif,1,grams,14,70.63,
happydays:54a2ccc6f9e4af6f,happydays:54a2ccc6f9e4af6f,1g,HD-54a2ccc6f9e4af6f,True,58.260000000000005,68.26,1g,,,https://imgix.dispenseapp.com/145c714690909516_1776259057626-524343027-0415202633333.png,1,grams,6,66.1,
happydays:562b7310e92b992a,happydays:562b7310e92b992a,1g,HD-562b7310e92b992a,True,33.75,45,1g,,,https://imgix.dispenseapp.com/145c714690909516_1776802257727-538768112-CART_1G_SATIVA_-_WHITE_THUMBNAIL.png,1,grams,14,87.83,
happydays:5c0b11af0fed7a74,happydays:5c0b11af0fed7a74,1g,HD-5c0b11af0fed7a74,True,33.75,45,1g,,,https://imgix.dispenseapp.com/145c714690909516_1776801286296-772166364-CART_1G_INDICA_-_GREEN_THUMBNAIL_(2).png,1,grams,33,89.54,
happydays:536fe2526b12f95a,happydays:536fe2526b12f95a,1g,HD-536fe2526b12f95a,True,37.5,50,1g,,,https://imgix.dispenseapp.com/145c714690909516_1776802220861-358843092-AIO_1G_SATIVA_-_WHITE_THUMBNAIL.png,1,grams,5,87.83,
happydays:1ba464ef6bb4a3e0,happydays:1ba464ef6bb4a3e0,1g,HD-1ba464ef6bb4a3e0,True,37.5,50,1g,,,https://imgix.dispenseapp.com/145c714690909516_1776802149184-261407482-AIO_1G_SATIVA_-_WHITE_THUMBNAIL.png,1,grams,40,89.9,
happydays:3ab633fc87d537b3,happydays:3ab633fc87d537b3,1g,HD-3ab633fc87d537b3,True,37.5,50,1g,,,https://imgix.dispenseapp.com/145c714690909516_1776801722507-722791044-AIO_1G_HYBRID_-_WHITE_THUMBNAIL.png,1,grams,63,90.72,
happydays:30e5183037174475,happydays:30e5183037174475,3.5g,HD-30e5183037174475,True,53,53,3.5g,,,https://imgix.dispenseapp.com/145c714690909516_1776785768930-573887598-1359.webp,3.5,grams,2,25.49,
happydays:68d8755211aeffb0,happydays:68d8755211aeffb0,1.5g,HD-68d8755211aeffb0,True,44,55,1.5g,,,https://imgix.dispenseapp.com/145c714690909516_1776790701021-607629469-Screenshot_2026-04-21_125814.png,1.5,grams,30,87.15,
happydays:4ae90b31fc72a85c,happydays:4ae90b31fc72a85c,1g,HD-4ae90b31fc72a85c,True,42.5,50,1g,,,https://imgix.dispenseapp.com/145c714690909516_1776773857236-842843468-456456456.jpg,1,grams,14,93.08,
happydays:d227b155be1fbd41,happydays:d227b155be1fbd41,7g,HD-d227b155be1fbd41,True,44,44,7g,,,https://imgix.dispenseapp.com/145c714690909516_1776799850723-939713296-Macaroon_-_7g_Flower.jpg,7,grams,12,26.4,
happydays:0776063403619029,happydays:0776063403619029,28g,HD-0776063403619029,True,71.25,95,28g,,,https://imgix.dispenseapp.com/145c714690909516_1776717474378-938449454-1354649.jpeg,28,grams,56,26.48,
happydays:a2a8d0f656c17818,happydays:a2a8d0f656c17818,28g,HD-a2a8d0f656c17818,True,71.25,95,28g,,,https://imgix.dispenseapp.com/145c714690909516_1778263559522-223219361-Photoroom_20260508_123200.jpeg,28,grams,24,25.21,
happydays:2ceef0cdbaab8917,happydays:2ceef0cdbaab8917,3.5g,HD-2ceef0cdbaab8917,True,60,60,3.5g,,,https://imgix.dispenseapp.com/145c714690909516_1776817036972-946846630-977.png,3.5,grams,12,30.64,
happydays:dfb1ee5b7f24d7e8,happydays:dfb1ee5b7f24d7e8,3.5g,HD-dfb1ee5b7f24d7e8,True,50,50,3.5g,,,https://imgix.dispenseapp.com/145c714690909516_1776534763940-996461291-3423423423423424324.png,3.5,grams,110,27.22,
happydays:264e9beb95a7c2e6,happydays:264e9beb95a7c2e6,2g,HD-264e9beb95a7c2e6,True,200,200,2g,,,https://imgix.dispenseapp.com/145c714690909516_1776352457085-193310647-342234234234.jpeg,2,grams,9,72.27,
happydays:2c74998403d60d14,happydays:2c74998403d60d14,1.5g,HD-2c74998403d60d14,True,25,25,1.5g,,,https://imgix.dispenseapp.com/145c714690909516_1776438294054-629525950-56151651.avif,1.5,grams,37,37.44,
happydays:3349ac8622361849,happydays:3349ac8622361849,Dab Accessories,HD-3349ac8622361849,True,60,60,,,,https://imgix.dispenseapp.com/145c714690909516_1774041193859-676288774-987654.webp,,,19,,
happydays:64376795ba17076a,happydays:64376795ba17076a,3.5g,HD-64376795ba17076a,True,44,55,3.5g,,,https://imgix.dispenseapp.com/145c714690909516_1776347689029-704015924-Screenshot_2026-04-16_094908.png,3.5,grams,88,35.72,
happydays:bb9a14695c491513,happydays:bb9a14695c491513,3.5g,HD-bb9a14695c491513,True,44,55,3.5g,,,https://imgix.dispenseapp.com/145c714690909516_1776347633749-350719595-Screenshot_2026-04-16_094908.png,3.5,grams,149,33.43,
happydays:af173695fcbde756,happydays:af173695fcbde756,3.5g,HD-af173695fcbde756,True,44,55,3.5g,,,https://imgix.dispenseapp.com/145c714690909516_1776347602167-871727260-Screenshot_2026-04-16_094908.png,3.5,grams,54,29.3,
happydays:ae69915eb9dc162c,happydays:ae69915eb9dc162c,3.5g,HD-ae69915eb9dc162c,True,36,40,3.5g,,,https://imgix.dispenseapp.com/145c714690909516_1776476965435-238990888-7145.jpg,3.5,grams,50,30.58,
happydays:96c366fa8066b205,happydays:96c366fa8066b205,1g,HD-96c366fa8066b205,True,44,44,1g,,,https://imgix.dispenseapp.com/145c714690909516_1776358646884-3294129-White_Diamonds_Hash.png,1,grams,10,58.76,
happydays:001b5e132c970022,happydays:001b5e132c970022,1g,HD-001b5e132c970022,True,12,12,1g,,,https://imgix.dispenseapp.com/145c714690909516_1776353005590-28619789-32132151435.jpg,1,grams,7,25.57,
happydays:b541397e7dedeb23,happydays:b541397e7dedeb23,100mg,HD-b541397e7dedeb23,True,38,38,100mg,,,https://imgix.dispenseapp.com/145c714690909516_1776256973387-540450357-415202624.png,100,milligrams,25,,
happydays:64a280ed40c99bd8,happydays:64a280ed40c99bd8,1g,HD-64a280ed40c99bd8,True,54,60,1g,,,https://imgix.dispenseapp.com/145c714690909516_1776172104595-676637585-222241.png,1,grams,27,70.75,
happydays:f7ae46a6220f8f51,happydays:f7ae46a6220f8f51,3.5g,HD-f7ae46a6220f8f51,True,40,40,3.5g,,,https://imgix.dispenseapp.com/145c714690909516_1776174081213-499482523-4443.png,3.5,grams,27,27.33,
happydays:7e9aa396a8ad915e,happydays:7e9aa396a8ad915e,1g,WIP-C1-PT-260324,True,32,40,1g,,,https://imgix.dispenseapp.com/145c714690909516_1776453903132-10382520-465.JPG,1,grams,86,71.7,
happydays:6bf8abe7d7ca243b,happydays:6bf8abe7d7ca243b,1g,WIP-C1-FD-260325,True,32,40,1g,,,https://imgix.dispenseapp.com/145c714690909516_1776453914963-685337510-1132.JPG,1,grams,3,72.71,
happydays:70b60fb0aaa02d72,happydays:70b60fb0aaa02d72,3.5g,HD-70b60fb0aaa02d72,True,24,24,3.5g,,,https://imgix.dispenseapp.com/145c714690909516_1776112062504-47529594-Macaroon_-_3.5g_Flower.jpg,3.5,grams,63,25.39,
happydays:6b6562953cfeff73,happydays:6b6562953cfeff73,7g,HD-6b6562953cfeff73,True,44,44,7g,,,https://imgix.dispenseapp.com/145c714690909516_1776111997573-158556055-Gorilla_Zkittlez_-_7g_Flower.jpg,7,grams,33,26.08,
happydays:c36cf3487dfde958,happydays:c36cf3487dfde958,28g,HD-c36cf3487dfde958,True,128,160,28g,,,https://imgix.dispenseapp.com/145c714690909516_1776112034575-813976106-Gorilla_Zkittlez_-_28g_Flower.jpg,28,grams,51,26.08,
happydays:9446a11418eb0085,happydays:9446a11418eb0085,4.2g,HD-9446a11418eb0085,True,55,55,4.2g,,,https://imgix.dispenseapp.com/145c714690909516_1775950376052-307045149-454.png,4.2,grams,68,27.59,
happydays:9f1cbf4f836178ce,happydays:9f1cbf4f836178ce,1g,HD-9f1cbf4f836178ce,True,32,40,1g,,,https://imgix.dispenseapp.com/145c714690909516_1776167394887-228477682-7411.png,1,grams,14,79.93,
happydays:c583e0c2d35e56a7,happydays:c583e0c2d35e56a7,1g,HD-c583e0c2d35e56a7,True,55,55,1g,,,https://imgix.dispenseapp.com/145c714690909516_1776173163385-854369634-1g_RELOAD_Indica.png,1,grams,6,81.25,
happydays:51e689f3c13f1c5f,happydays:51e689f3c13f1c5f,1g,HD-51e689f3c13f1c5f,True,55,55,1g,,,https://imgix.dispenseapp.com/145c714690909516_1780509099952-754519490-251156.avif,1,grams,15,81.48,
happydays:7cb766bd1206d4d5,happydays:7cb766bd1206d4d5,3.5g,HD-7cb766bd1206d4d5,True,40,40,3.5g,,,https://imgix.dispenseapp.com/145c714690909516_1787099952448-201250566-LemonCherryWafflezFX.png,3.5,grams,30,31.02,
happydays:983777574a4f37d5,happydays:983777574a4f37d5,3.5g,HD-983777574a4f37d5,True,40,40,3.5g,,,https://imgix.dispenseapp.com/145c714690909516_1787099876026-119880471-GasMaskFX.png,3.5,grams,84,29.3,
happydays:372e087d2f0d3587,happydays:372e087d2f0d3587,3.5g,HD-372e087d2f0d3587,True,40,40,3.5g,,,https://imgix.dispenseapp.com/145c714690909516_1787100236349-89783619-DevilAdeFX.png,3.5,grams,71,27.63,
happydays:84153e865f84eb1c,happydays:84153e865f84eb1c,3g,HD-84153e865f84eb1c,True,45,45,3g,,,https://imgix.dispenseapp.com/145c714690909516_1775585518046-191575075-145548.png,3,grams,31,45.22,
happydays:a61856f599e1c496,happydays:a61856f599e1c496,3.5g,HD-a61856f599e1c496,True,100,120,3.5g,,,https://imgix.dispenseapp.com/145c714690909516_1775834787666-833585562-Photoroom_20260410_111940.jpeg,3.5,grams,45,67.76,
happydays:261ef1ace699dff7,happydays:261ef1ace699dff7,3g,HD-261ef1ace699dff7,True,45,45,3g,,,https://imgix.dispenseapp.com/145c714690909516_1775585284513-57821047-13455.png,3,grams,39,42.15,
happydays:4acbdbc2f8879d5a,happydays:4acbdbc2f8879d5a,3g,HD-4acbdbc2f8879d5a,True,31.5,35,3g,,,https://imgix.dispenseapp.com/145c714690909516_1775583252644-291602813-135468.png,3,grams,18,25.19,
happydays:ddfbafec43bad8ac,happydays:ddfbafec43bad8ac,3g,HD-ddfbafec43bad8ac,True,31.5,35,3g,,,https://imgix.dispenseapp.com/145c714690909516_1775584193821-787456618-132396.png,3,grams,19,22.83,
happydays:ee412d7f15de6ee5,happydays:ee412d7f15de6ee5,3g,HD-ee412d7f15de6ee5,True,31.5,35,3g,,,https://imgix.dispenseapp.com/145c714690909516_1775583685329-694398350-88.png,3,grams,29,29.33,
happydays:346ff44634c75408,happydays:346ff44634c75408,3g,HD-346ff44634c75408,True,31.5,35,3g,,,https://imgix.dispenseapp.com/145c714690909516_1775583922791-505415879-1323.png,3,grams,26,26.26,
happydays:6900b5471a54d647,happydays:6900b5471a54d647,100mg,HD-6900b5471a54d647,True,17,20,100mg,,,https://imgix.dispenseapp.com/145c714690909516_1775753561845-718543105-1356.png,100,milligrams,15,,
happydays:fac6993c235ba997,happydays:fac6993c235ba997,3.5g,HD-fac6993c235ba997,True,57.6,64,3.5g,,,https://imgix.dispenseapp.com/145c714690909516_1775322758189-5937137-35135.jpg,3.5,grams,39,22,
happydays:97cb8b3bd99c1515,happydays:97cb8b3bd99c1515,2g,HD-97cb8b3bd99c1515,True,64,80,2g,,,https://imgix.dispenseapp.com/145c714690909516_1775692693429-256207470-145.png,2,grams,43,89.02,
happydays:8eb298283ccaadda,happydays:8eb298283ccaadda,14g,HD-8eb298283ccaadda,True,85,95,14g,,,https://imgix.dispenseapp.com/145c714690909516_1775692085416-377726352-9999.png,14,grams,63,31.85,
happydays:dc1dddc1298cff33,happydays:dc1dddc1298cff33,1g,vbcfl042825,True,30,40,1g,,,https://imgix.dispenseapp.com/145c714690909516_1775693660424-79204062-223.png,1,grams,17,81.45,
happydays:a43c963af4a8ec57,happydays:a43c963af4a8ec57,7g,HD-a43c963af4a8ec57,True,44,44,7g,,,https://imgix.dispenseapp.com/145c714690909516_1775508188827-562085605-2134.jpeg,7,grams,45,28.89,
happydays:3497a34effbdbeef,happydays:3497a34effbdbeef,3.5g,HD-3497a34effbdbeef,True,60,60,3.5g,,,https://imgix.dispenseapp.com/145c714690909516_1775478251937-148429179-135464.png,3.5,grams,3,30.26,
happydays:79a62a6a59752ccb,happydays:79a62a6a59752ccb,3.5g,HD-79a62a6a59752ccb,True,60,60,3.5g,,,https://imgix.dispenseapp.com/145c714690909516_1775692335163-552031306-176.jpg,3.5,grams,15,29.03,
happydays:cd826faef7adb953,happydays:cd826faef7adb953,Papers,HD-cd826faef7adb953,True,3,3,,,,https://imgix.dispenseapp.com/145c714690909516_1778182346242-449295997-raw-classic-artesano-1-14-with-tray-paper-and-tips.png,,,10,,
happydays:d197e36fe40a9730,happydays:d197e36fe40a9730,2.5g,HD-d197e36fe40a9730,True,29,29,2.5g,,,https://imgix.dispenseapp.com/145c714690909516_1775131015003-532759641-0112.jpg,2.5,grams,25,30.37,
happydays:d534719ce7fd2266,happydays:d534719ce7fd2266,1g,HD-d534719ce7fd2266,True,30,40,1g,,,https://imgix.dispenseapp.com/145c714690909516_1775231009040-121451402-HOS3468.jpeg,1,grams,47,92.57,
happydays:7e24acbffbeb41aa,happydays:7e24acbffbeb41aa,1g,HD-7e24acbffbeb41aa,True,100,100,1g,,,https://imgix.dispenseapp.com/145c714690909516_1775161963054-55024550-43654456.png,1,grams,19,80.96,
happydays:94a742825cf922d8,happydays:94a742825cf922d8,Apparel,HD-94a742825cf922d8,True,35,35,,,,https://imgix.dispenseapp.com/145c714690909516_1784750008834-513792096-8.png,,,2,,
happydays:d6cf95e9c686635c,happydays:d6cf95e9c686635c,Apparel,HD-d6cf95e9c686635c,True,35,35,,,,https://imgix.dispenseapp.com/145c714690909516_1784750014677-556106254-8.png,,,7,,
happydays:2b6614655a1d13d2,happydays:2b6614655a1d13d2,Apparel,HD-2b6614655a1d13d2,True,35,35,,,,https://imgix.dispenseapp.com/145c714690909516_1784750020820-709408331-8.png,,,6,,
happydays:e869fb467b62233c,happydays:e869fb467b62233c,Apparel,HD-e869fb467b62233c,True,35,35,,,,https://imgix.dispenseapp.com/145c714690909516_1784749990863-526668613-8.png,,,6,,
happydays:8c0225e0d7095e76,happydays:8c0225e0d7095e76,Apparel,HD-8c0225e0d7095e76,True,35,35,,,,https://imgix.dispenseapp.com/145c714690909516_1784750025945-29646802-8.png,,,7,,
happydays:65f05dc59a94a7dc,happydays:65f05dc59a94a7dc,Apparel,HD-65f05dc59a94a7dc,True,35,35,,,,https://imgix.dispenseapp.com/145c714690909516_1784750071054-551036788-1.png,,,7,,
happydays:905f05c33848aea7,happydays:905f05c33848aea7,Apparel,HD-905f05c33848aea7,True,35,35,,,,https://imgix.dispenseapp.com/145c714690909516_1784750065055-354769699-1.png,,,3,,
happydays:e2277fb3f06b3a37,happydays:e2277fb3f06b3a37,Apparel,HD-e2277fb3f06b3a37,True,35,35,,,,https://imgix.dispenseapp.com/145c714690909516_1784750076139-854966345-1.png,,,5,,
happydays:9ca02c2708827bad,happydays:9ca02c2708827bad,Apparel,HD-9ca02c2708827bad,True,35,35,,,,https://imgix.dispenseapp.com/145c714690909516_1784750057007-993764217-1.png,,,6,,
happydays:17966eb551f35bd9,happydays:17966eb551f35bd9,Apparel,HD-17966eb551f35bd9,True,35,35,,,,https://dispense-images.imgix.net/default-accessories.png,,,2,,
happydays:0304d1777508c4a9,happydays:0304d1777508c4a9,3g,720140164911,True,40,40,3g,,,https://imgix.dispenseapp.com/145c714690909516_1775507458381-413066456-AYR-PreRoll-ATF-Circle.jpg,3,grams,25,34.91,
happydays:4c4d9ae783ded6d2,happydays:4c4d9ae783ded6d2,1g,HD-4c4d9ae783ded6d2,True,54.9,61,1g,,,https://imgix.dispenseapp.com/145c714690909516_1775061456612-55073934-21354.png,1,grams,8,76.73,
happydays:b3ee1d796ce23632,happydays:b3ee1d796ce23632,1g,HD-b3ee1d796ce23632,True,54.9,61,1g,,,https://imgix.dispenseapp.com/145c714690909516_1775061143627-294283109-1555.png,1,grams,15,87.97,
happydays:3cbcfa77e5d83bf7,happydays:3cbcfa77e5d83bf7,28g,850066346396,True,150,150,28g,,,https://imgix.dispenseapp.com/145c714690909516_1774983427077-212783712-12556.jpeg,28,grams,15,23.31,
happydays:04e2f4d1511e14b9,happydays:04e2f4d1511e14b9,Bongs/pipes,850070860109,True,45,45,,,,https://imgix.dispenseapp.com/145c714690909516_1776470053356-138287596-45165165.webp,,,8,,
happydays:18e2d2c54f107df3,happydays:18e2d2c54f107df3,Bongs/pipes,850070860093,True,45,45,,,,https://imgix.dispenseapp.com/145c714690909516_1776469980199-649811219-651651.webp,,,9,,
happydays:3122142c6656e4f2,happydays:3122142c6656e4f2,Bongs/pipes,850070860048,True,45,45,,,,https://imgix.dispenseapp.com/145c714690909516_1776469750756-312556547-561651561.webp,,,12,,
happydays:738eef63f988bb3f,happydays:738eef63f988bb3f,Batteries,HD-738eef63f988bb3f,True,35,35,,,,https://imgix.dispenseapp.com/145c714690909516_1784561149385-646876785-3234234.webp,,,45,,
happydays:312a74790c59e8ad,happydays:312a74790c59e8ad,1g,HD-312a74790c59e8ad,True,30,30,1g,,,https://imgix.dispenseapp.com/145c714690909516_1775233960175-790043632-997.png,1,grams,19,86.05,
happydays:0eeab9a283d8f25b,happydays:0eeab9a283d8f25b,1g,HD-0eeab9a283d8f25b,True,30,30,1g,,,https://imgix.dispenseapp.com/145c714690909516_1775232726240-240066047-7779.png,1,grams,25,83.81,
happydays:881f51fb22507532,happydays:881f51fb22507532,1g,HD-881f51fb22507532,True,30,30,1g,,,https://imgix.dispenseapp.com/145c714690909516_1775233806834-462307732-333333.png,1,grams,7,85.26,
happydays:2fc8118accfa607d,happydays:2fc8118accfa607d,2g,HD-2fc8118accfa607d,True,56,80,2g,,,https://imgix.dispenseapp.com/145c714690909516_1774885901166-496901873-1564.avif,2,grams,68,75.17,
happydays:0676405504d4c458,happydays:0676405504d4c458,3.5g,HD-0676405504d4c458,True,40,40,3.5g,,,https://imgix.dispenseapp.com/145c714690909516_1781898000688-698799254-99292923.png,3.5,grams,54,21.2,
happydays:7a64d8833d27845d,happydays:7a64d8833d27845d,3.5g,HD-7a64d8833d27845d,True,40,40,3.5g,,,https://imgix.dispenseapp.com/145c714690909516_1774747155015-241511630-333.png,3.5,grams,51,20.74,
happydays:b2669e5d437cf753,happydays:b2669e5d437cf753,1.5g,HD-b2669e5d437cf753,True,56,70,1.5g,,,https://imgix.dispenseapp.com/145c714690909516_1774642748277-999081054-1313.png,1.5,grams,27,90.35,
happydays:ae19b6a410643098,happydays:ae19b6a410643098,1.5g,HD-ae19b6a410643098,True,56,70,1.5g,,,https://imgix.dispenseapp.com/145c714690909516_1774642710363-137140305-548.png,1.5,grams,37,89.5,
happydays:f6da42ed63293e03,happydays:f6da42ed63293e03,1.5g,HD-f6da42ed63293e03,True,56,70,1.5g,,,https://imgix.dispenseapp.com/145c714690909516_1774642649437-397235021-752.png,1.5,grams,14,93.7,
happydays:40259bc6efd4e1df,happydays:40259bc6efd4e1df,1g,HD-40259bc6efd4e1df,True,32,40,1g,,,https://imgix.dispenseapp.com/145c714690909516_1774621890229-493661673-Live_Resin_Vape_Device_Render_Transparent_(1).png,1,grams,67,74.19,
happydays:3f29ec51de844a16,happydays:3f29ec51de844a16,3.5g,HD-3f29ec51de844a16,True,32,32,3.5g,,,https://imgix.dispenseapp.com/145c714690909516_1774561463956-265856212-1469.png,3.5,grams,22,26.81,
happydays:dbd3fb36fa7f6d1c,happydays:dbd3fb36fa7f6d1c,3.5g,HD-dbd3fb36fa7f6d1c,True,32,32,3.5g,,,https://imgix.dispenseapp.com/145c714690909516_1774561492203-537115683-32156.png,3.5,grams,69,26.28,
happydays:c189f87355b0d47a,happydays:c189f87355b0d47a,1g,HD-c189f87355b0d47a,True,40,50,1g,,,https://imgix.dispenseapp.com/145c714690909516_1774562524632-617299518-1455.png,1,grams,9,85.72,
happydays:b97f5f9c0e3c1561,happydays:b97f5f9c0e3c1561,3.5g,HD-b97f5f9c0e3c1561,True,40,40,3.5g,,,https://imgix.dispenseapp.com/145c714690909516_1774900042697-519415285-i145.png,3.5,grams,22,18.53,
happydays:11d9c1bb23a76fe0,happydays:11d9c1bb23a76fe0,1g,HD-11d9c1bb23a76fe0,True,30,40,1g,,,https://imgix.dispenseapp.com/145c714690909516_1775155221838-203910669-BP938476,1,grams,9,80.5,
happydays:0f6b70bd19fe33e7,happydays:0f6b70bd19fe33e7,1g,HD-0f6b70bd19fe33e7,True,51,60,1g,,,https://imgix.dispenseapp.com/145c714690909516_1782246361116-837838045-Strawberry_Shortcake_ROSIN.png,1,grams,12,62.39,
happydays:a7e72764a4a2ae77,happydays:a7e72764a4a2ae77,1g,HD-a7e72764a4a2ae77,True,42.5,50,1g,,,https://imgix.dispenseapp.com/145c714690909516_1782246324301-185308306-WarheadZ.png,1,grams,22,40.59,
happydays:5433f6e0ebfeef91,happydays:5433f6e0ebfeef91,1g,HD-5433f6e0ebfeef91,True,10.2,12,1g,,,https://imgix.dispenseapp.com/145c714690909516_1783021905829-294034772-Preroll-_Platinum_Kush_Breath-_Hybrid-_uX.png,1,grams,66,23.94,
happydays:3a24237e99e76a12,happydays:3a24237e99e76a12,Apparel,HDESFSPCHYXL01,True,38,38,,,,https://imgix.dispenseapp.com/145c714690909516_1777475189789-433259449-4.png,,,1,,
happydays:57f9a47847875ed6,happydays:57f9a47847875ed6,Apparel,HDESFHCHYM01,True,35,35,,,,https://imgix.dispenseapp.com/145c714690909516_1777475103295-925981299-3.png,,,3,,
happydays:8607969964f15697,happydays:8607969964f15697,Apparel,HDESFSPCHYM01,True,38,38,,,,https://imgix.dispenseapp.com/145c714690909516_1777475177419-741176345-4.png,,,2,,
happydays:e32027fcacb9de47,happydays:e32027fcacb9de47,Apparel,HDESFSPCHYL01,True,38,38,,,,https://imgix.dispenseapp.com/145c714690909516_1777475183024-352850100-4.png,,,1,,
happydays:12218e568037f462,happydays:12218e568037f462,Apparel,HDESFSCHYM01,True,27,27,,,,https://imgix.dispenseapp.com/145c714690909516_1779371343979-443436835-Burnout_Fleece_Shorts_-_Cherry.png,,,2,,
happydays:8f61391879f4bbe2,happydays:8f61391879f4bbe2,Apparel,HDESFSCHYS01,True,27,27,,,,https://imgix.dispenseapp.com/145c714690909516_1779371334665-166936044-Burnout_Fleece_Shorts_-_Cherry.png,,,1,,
happydays:c6052f3edef65b51,happydays:c6052f3edef65b51,Apparel,HDESFSCHYXL01,True,27,27,,,,https://imgix.dispenseapp.com/145c714690909516_1779371398403-981882637-Burnout_Fleece_Shorts_-_Cherry.png,,,1,,
happydays:11d2fd403cfd039f,happydays:11d2fd403cfd039f,Apparel,HDESFHCHYS01,True,35,35,,,,https://imgix.dispenseapp.com/145c714690909516_1777475094199-940870195-3.png,,,1,,
happydays:0a4ec9b5aa84cdad,happydays:0a4ec9b5aa84cdad,Apparel,HDBOFSCBLUXL01,True,28,28,,,,https://imgix.dispenseapp.com/145c714690909516_1779370951926-56563400-Burnout_Fleece_Shorts_-_Capri_Blue.png,,,1,,
happydays:951ea9619b5cdc6d,happydays:951ea9619b5cdc6d,Apparel,HDBOFZFHCBLUM01,True,43,43,,,,https://imgix.dispenseapp.com/145c714690909516_1779371000899-532600553-est._stay_happpy_green_(11).png,,,1,,
happydays:b62feb181a9f85e8,happydays:b62feb181a9f85e8,Apparel,HDBOFZFHCBLUXL01,True,43,43,,,,https://imgix.dispenseapp.com/145c714690909516_1779371014043-610335725-est._stay_happpy_green_(11).png,,,1,,
happydays:30ed88756f80cb7e,happydays:30ed88756f80cb7e,Apparel,HDBOFJCBLUXL01,True,39,39,,,,https://imgix.dispenseapp.com/145c714690909516_1779371243900-723761781-est._stay_happpy_green_(12).png,,,1,,
happydays:3111ad34190a625b,happydays:3111ad34190a625b,Apparel,HDBOFZFHCBLUS01,True,43,43,,,,https://imgix.dispenseapp.com/145c714690909516_1779370990042-12026282-est._stay_happpy_green_(11).png,,,1,,
happydays:6500e519cc27143a,happydays:6500e519cc27143a,Apparel,HDBOFJCBLUL01,True,39,39,,,,https://imgix.dispenseapp.com/145c714690909516_1779371238437-16617054-est._stay_happpy_green_(12).png,,,3,,
happydays:b1f31e8ac1dc23fe,happydays:b1f31e8ac1dc23fe,Apparel,HDBOFJPPNKM01,True,39,39,,,,https://imgix.dispenseapp.com/145c714690909516_1777475329544-653244045-6.png,,,2,,
happydays:1eba17d6f2dabcb5,happydays:1eba17d6f2dabcb5,Apparel,HDBOFJPPNKL01,True,39,39,,,,https://imgix.dispenseapp.com/145c714690909516_1779371869225-442542339-6.png,,,1,,
happydays:6d866d69dcc8d3ca,happydays:6d866d69dcc8d3ca,Apparel,HDBOFSPPNKXL01,True,28,28,,,,https://imgix.dispenseapp.com/145c714690909516_1777475257612-705090700-7.png,,,2,,
happydays:8fe99c2d302733b6,happydays:8fe99c2d302733b6,Apparel,HDBOFJPPNKXL01,True,39,39,,,,https://imgix.dispenseapp.com/145c714690909516_1779371875884-264834760-6.png,,,1,,
happydays:6eece27a097e2f6f,happydays:6eece27a097e2f6f,Apparel,HDBOFZFHPPNKXL01,True,43,43,,,,https://imgix.dispenseapp.com/145c714690909516_1777475303335-949900692-5.png,,,1,,
happydays:bcbd852f17ba605a,happydays:bcbd852f17ba605a,Apparel,HDBOFSPPNKL01,True,28,28,,,,https://imgix.dispenseapp.com/145c714690909516_1777475251208-347068337-7.png,,,1,,
happydays:7b4fcc53b0d09f35,happydays:7b4fcc53b0d09f35,Apparel,HDBOFJPPNKS01,True,39,39,,,,https://imgix.dispenseapp.com/145c714690909516_1777475321373-790142053-6.png,,,1,,
happydays:83dceb38a8c48d0d,happydays:83dceb38a8c48d0d,Other Accessories,HD-83dceb38a8c48d0d,True,7,7,,,,https://imgix.dispenseapp.com/145c714690909516_1774352693839-737225891-444588.jpg,,,289,,
happydays:5b2a08bff27639ff,happydays:5b2a08bff27639ff,3.5g,HD-5b2a08bff27639ff,True,60,60,3.5g,,,https://imgix.dispenseapp.com/145c714690909516_1774287733236-390539752-15489.png,3.5,grams,56,26.77,
happydays:7de127519ecfdaae,happydays:7de127519ecfdaae,3.5g,HD-7de127519ecfdaae,True,60,60,3.5g,,,https://imgix.dispenseapp.com/145c714690909516_1774381733751-870383500-bw723634.png,3.5,grams,67,32.79,
happydays:7fb567bb4da37057,happydays:7fb567bb4da37057,3.5g,HD-7fb567bb4da37057,True,60,60,3.5g,,,https://imgix.dispenseapp.com/145c714690909516_1774381864858-883005145-ps2654.jpg,3.5,grams,12,31.88,
happydays:a6a5031c059fa86a,happydays:a6a5031c059fa86a,3.5g,HD-a6a5031c059fa86a,True,60,60,3.5g,,,https://imgix.dispenseapp.com/145c714690909516_1785503585855-874253105-cosmiccereal.JPG,3.5,grams,37,31.54,
happydays:04e2e9be53bcf732,happydays:04e2e9be53bcf732,2g,HD-04e2e9be53bcf732,True,58.5,65,2g,,,https://imgix.dispenseapp.com/145c714690909516_1775225077467-573516139-GDP_x_King_Louis!.png,2,grams,24,84.9,
happydays:c1b854adc66467ff,happydays:c1b854adc66467ff,2g,HD-c1b854adc66467ff,True,74.7,83,2g,,,https://imgix.dispenseapp.com/145c714690909516_1769111809959-525950-454524242424242424.png,2,grams,60,80.99,
happydays:5ca31f4a8237b665,happydays:5ca31f4a8237b665,Dab Accessories,HD-5ca31f4a8237b665,True,60,60,,,,https://imgix.dispenseapp.com/145c714690909516_1774041073572-621030417-B987654.webp,,,14,,
happydays:612d59ee54a39ad1,happydays:612d59ee54a39ad1,1g,810220980019,True,21,28,1g,,,https://imgix.dispenseapp.com/145c714690909516_1775155030085-422504009-HH394863.avif,1,grams,60,84.88,
happydays:c0ac32bf784fe32a,happydays:c0ac32bf784fe32a,1g,810220980033,True,21,28,1g,,,https://imgix.dispenseapp.com/145c714690909516_1775693795217-289939990-2225.jpg,1,grams,44,84.94,
happydays:de1fd8d750bf0217,happydays:de1fd8d750bf0217,1g,HD-de1fd8d750bf0217,True,33.75,45,1g,,,https://imgix.dispenseapp.com/145c714690909516_1773948543083-367761569-4973.png,1,grams,15,80.11,
happydays:b9a852a42ecb6363,happydays:b9a852a42ecb6363,1g,HD-b9a852a42ecb6363,True,45,45,1g,,,https://imgix.dispenseapp.com/145c714690909516_1773948817402-302776688-755.png,1,grams,1,75.3,
happydays:673c122837e2f155,happydays:673c122837e2f155,1g,HD-673c122837e2f155,True,80,80,1g,,,https://imgix.dispenseapp.com/145c714690909516_1773949117896-321644408-999.png,1,grams,36,87.09,
happydays:9c29448adcec9493,happydays:9c29448adcec9493,10mg,720140165925,True,5,5,10mg,,,https://imgix.dispenseapp.com/145c714690909516_1766596570704-106778582-Screenshot_2025-12-24_121601.png,10,milligrams,159,,
happydays:a4d87fa7129ee710,happydays:a4d87fa7129ee710,2g,102025BD-T2,True,69.6,87,2g,,,https://imgix.dispenseapp.com/145c714690909516_1775227277985-639737594-BD697835.webp,2,grams,7,86.19,
happydays:441e6dcf1491e4d0,happydays:441e6dcf1491e4d0,1g,020926BRBA-1000,True,45.6,57,1g,,,https://imgix.dispenseapp.com/145c714690909516_1775226890496-393133381-T38469.jpeg,1,grams,8,83.73,
happydays:01f5aa5e730e6808,happydays:01f5aa5e730e6808,3.5g,HD-01f5aa5e730e6808,True,60,60,3.5g,,,https://imgix.dispenseapp.com/145c714690909516_1774290111491-951093816-Photoroom_20260320_223020.JPG,3.5,grams,28,43.52,
happydays:dc6674b2d75209a2,happydays:dc6674b2d75209a2,1g,HD-dc6674b2d75209a2,True,30,40,1g,,,https://imgix.dispenseapp.com/145c714690909516_1773949807769-523431432-1234567895.jpg,1,grams,115,92.47,
happydays:8df55a8adb4fd823,happydays:8df55a8adb4fd823,3.5g,HD-8df55a8adb4fd823,True,45,45,3.5g,,,https://imgix.dispenseapp.com/145c714690909516_1774017233101-76743415-307566.jpg,3.5,grams,31,27.27,
happydays:6bc9c60c60f2e430,happydays:6bc9c60c60f2e430,3.5g,HD-6bc9c60c60f2e430,True,36,36,3.5g,,,https://imgix.dispenseapp.com/145c714690909516_1787700525103-419118864-BANANACONDAVALUE.webp,3.5,grams,56,35.6,
happydays:8dec18be380f8d5c,happydays:8dec18be380f8d5c,1g,HD-8dec18be380f8d5c,True,7,7,1g,,,https://imgix.dispenseapp.com/145c714690909516_1773775811494-262685215-7891.avif,1,grams,137,25.68,
happydays:355247825db6ae3d,happydays:355247825db6ae3d,Papers,HD-355247825db6ae3d,True,4,4,,,,https://imgix.dispenseapp.com/145c714690909516_1773438956312-548247829-135.jpeg,,,480,,
happydays:ae03b3128543c48a,happydays:ae03b3128543c48a,Papers,HD-ae03b3128543c48a,True,2,2,,,,https://imgix.dispenseapp.com/145c714690909516_1773438880083-441727917-1354.jpeg,,,51,,
happydays:dbbf5acea5b13f38,happydays:dbbf5acea5b13f38,1g,HD-dbbf5acea5b13f38,True,68,68,1g,,,https://imgix.dispenseapp.com/145c714690909516_1773430342081-492530152-original-867714DC-42F8-43B7-A882-F6C27473CCD3.jpeg,1,grams,8,71.37,
happydays:3966e29543e2c668,happydays:3966e29543e2c668,1g,850078096074,True,36,45,1g,,,https://d1qjybsjlbmhj3.cloudfront.net/1773349153562-571788602-Jaunty%20%E2%80%93%20Rainbow%20Belts.jpg,1,grams,48,86.45,
happydays:fc77797419a1c325,happydays:fc77797419a1c325,3.5g,HD-fc77797419a1c325,True,40,40,3.5g,,,https://imgix.dispenseapp.com/145c714690909516_1773082139093-877011979-2585.png,3.5,grams,50,28.13,
happydays:1c1b9ed159e0742b,happydays:1c1b9ed159e0742b,2.5g,HD-1c1b9ed159e0742b,True,29,29,2.5g,,,https://imgix.dispenseapp.com/145c714690909516_1773082992998-849627659-489.jpg,2.5,grams,25,29.85,
happydays:1c0900921eae15e1,happydays:1c0900921eae15e1,1g,850078096180,True,48,60,1g,,,https://imgix.dispenseapp.com/145c714690909516_1773349889221-414941317-Gelato33-LiveResin-Vape.png,1,grams,20,76.95,
happydays:1a9991dc9444ae40,happydays:1a9991dc9444ae40,3.5g,HD-1a9991dc9444ae40,True,40,50,3.5g,,,https://imgix.dispenseapp.com/145c714690909516_1773358747662-51372238-565.png,3.5,grams,46,31.1,
happydays:132b8ff7ec7fc310,happydays:132b8ff7ec7fc310,1000mg,HD-132b8ff7ec7fc310,True,38,38,1000mg,,,https://imgix.dispenseapp.com/145c714690909516_1773147298037-171074205-2125.png,1000,milligrams,48,,
happydays:42c4926d86e9ff47,happydays:42c4926d86e9ff47,600mg,https://highendprocessing.com/product-certification/,True,32,32,600mg,,,https://imgix.dispenseapp.com/145c714690909516_1773147322185-199804190-21258.png,600,milligrams,24,,
happydays:2487279ddce231a6,happydays:2487279ddce231a6,1g,HD-2487279ddce231a6,True,48.75,65,1g,,,https://imgix.dispenseapp.com/145c714690909516_1773403407706-624706811-55.png,1,grams,29,76.66,
happydays:b3d71ab6fa8fa5ad,happydays:b3d71ab6fa8fa5ad,0.5g,HD-b3d71ab6fa8fa5ad,True,28.5,38,0.5g,,,https://imgix.dispenseapp.com/145c714690909516_1773403224723-597061868-95.png,0.5,grams,25,75.31,
happydays:2f7c6e90fac6946c,happydays:2f7c6e90fac6946c,3g,HD-2f7c6e90fac6946c,True,37.5,50,3g,,,https://imgix.dispenseapp.com/145c714690909516_1773403007978-699990971-46.jpg,3,grams,26,33.19,
happydays:606575dc1cc21d4c,happydays:606575dc1cc21d4c,1g,HD-606575dc1cc21d4c,True,41.25,55,1g,,,https://imgix.dispenseapp.com/145c714690909516_1773403076847-799681492-78.jpg,1,grams,5,73.93,
happydays:12ad0940785a587d,happydays:12ad0940785a587d,2g,HD-12ad0940785a587d,True,56,70,2g,,,https://imgix.dispenseapp.com/145c714690909516_1773403568902-47575148-99.png,2,grams,40,82.64,
happydays:0db0bc75cde632ee,happydays:0db0bc75cde632ee,3.5g,1A4120300000208000001254,True,30,30,3.5g,,,https://imgix.dispenseapp.com/145c714690909516_1773770982317-862073665-159.png,3.5,grams,24,27.71,
happydays:0a581316a37e31aa,happydays:0a581316a37e31aa,3.5g,FSSD-010226,True,30,30,3.5g,,,https://imgix.dispenseapp.com/145c714690909516_1773769347722-33740977-888.png,3.5,grams,91,30.13,
happydays:6f7791ee6981123a,happydays:6f7791ee6981123a,1g,850066346372,True,8.25,11,1g,,,https://imgix.dispenseapp.com/145c714690909516_1773409608345-999931868-123.jpeg,1,grams,208,33.77,
happydays:0280530ac487faf0,happydays:0280530ac487faf0,1.25g,HD-0280530ac487faf0,True,10.5,14,1.25g,,,https://imgix.dispenseapp.com/145c714690909516_1773409655341-330155874-1235.jpeg,1.25,grams,42,23.42,
happydays:4f061473b6439e54,happydays:4f061473b6439e54,1g,010526SRD-T1,True,53.6,67,1g,,,https://imgix.dispenseapp.com/145c714690909516_1773251307244-953763678-3426435543.png,1,grams,23,84.53,
happydays:2187b903e97083b4,happydays:2187b903e97083b4,3.5g,HD-2187b903e97083b4,True,30,30,3.5g,,,https://imgix.dispenseapp.com/145c714690909516_1773771107902-658548676-4657.png,3.5,grams,40,28.99,
happydays:2db6f6711b4e8883,happydays:2db6f6711b4e8883,1g,HD-2db6f6711b4e8883,True,30,40,1g,,,https://imgix.dispenseapp.com/145c714690909516_1773414109428-98239387-14.jpg,1,grams,28,95.06,
happydays:c45690a8022f7ab3,happydays:c45690a8022f7ab3,1g,HD-c45690a8022f7ab3,True,44,44,1g,,,https://imgix.dispenseapp.com/145c714690909516_1773419521178-538021623-trop_cherry_single_source_hash_house_of_sacci_1g.png,1,grams,11,64.87,
happydays:edbd021461034737,happydays:edbd021461034737,28g,HD-edbd021461034737,True,120,120,28g,,,https://imgix.dispenseapp.com/145c714690909516_1773177522152-39488648-4325425234.webp,28,grams,65,19.97,
happydays:060cdb98bfe5b5e6,happydays:060cdb98bfe5b5e6,3.5g,HD-060cdb98bfe5b5e6,True,39,39,3.5g,,,https://imgix.dispenseapp.com/145c714690909516_1773075190166-552482576-6894.jpg,3.5,grams,93,34.67,
happydays:1452bcf486548958,happydays:1452bcf486548958,10mg,720140163334,True,5,5,10mg,,,https://imgix.dispenseapp.com/145c714690909516_1779128096919-866585078-00887.png,10,milligrams,300,,
happydays:6fec3016480fc70f,happydays:6fec3016480fc70f,10mg,HD-6fec3016480fc70f,True,5,5,10mg,,,https://imgix.dispenseapp.com/145c714690909516_1779127870042-609695182-155467.png,10,milligrams,208,,
happydays:da4d28428acb408e,happydays:da4d28428acb408e,3.5g,HD-da4d28428acb408e,True,56,56,3.5g,,,https://imgix.dispenseapp.com/145c714690909516_1772896501098-97334913-TKS_-_Big_Apple.JPEG,3.5,grams,36,20.92,
happydays:d5a9a363147ca4b6,happydays:d5a9a363147ca4b6,1g,HD-d5a9a363147ca4b6,True,70,70,1g,,,https://imgix.dispenseapp.com/145c714690909516_1772808780574-812217160-13254321424123.png,1,grams,21,75.47,
happydays:78cca2ff57adbe52,happydays:78cca2ff57adbe52,1g,HD-78cca2ff57adbe52,True,70,70,1g,,,https://imgix.dispenseapp.com/145c714690909516_1772808939497-536494147-54434563636.png,1,grams,24,77.16,
happydays:91987a05e8303d4d,happydays:91987a05e8303d4d,Papers,HD-91987a05e8303d4d,True,2.5,2.5,,,,https://imgix.dispenseapp.com/145c714690909516_1784754072757-169915858-Bob_Marley_Papers.png,,,30,,
happydays:5e56e9e778108402,happydays:5e56e9e778108402,3.5g,HD-5e56e9e778108402,True,34,40,3.5g,,,https://imgix.dispenseapp.com/145c714690909516_1703281886919-767482734-Flower___Florist_Farms___La_Bomba___3.5g.jpg,3.5,grams,3,27.83,
happydays:699082362c196fb2,happydays:699082362c196fb2,2.5g,HD-699082362c196fb2,True,29.75,35,2.5g,,,https://imgix.dispenseapp.com/145c714690909516_1772658913028-997253406-12347.JPEG,2.5,grams,29,28.04,
happydays:78b1ab14e779caae,happydays:78b1ab14e779caae,7g,HD-78b1ab14e779caae,True,44,44,7g,,,https://imgix.dispenseapp.com/145c714690909516_1772574629672-112757018-154798.png,7,grams,49,27.52,
happydays:dae1bcbd549d4cf3,happydays:dae1bcbd549d4cf3,28g,HD-dae1bcbd549d4cf3,True,128,160,28g,,,https://imgix.dispenseapp.com/145c714690909516_1781101720422-42044329-Kush_Cake_-_28g_Flower.jpg,28,grams,31,24.67,
happydays:2e355d0c28d952f0,happydays:2e355d0c28d952f0,1g,HD-2e355d0c28d952f0,True,7,7,1g,,,https://imgix.dispenseapp.com/145c714690909516_1772462020944-833770685-1758031338114-577476965-allgasogleal.avif,1,grams,170,22.59,
happydays:92facb8b4cf2e68b,happydays:92facb8b4cf2e68b,28g,HD-92facb8b4cf2e68b,True,125,125,28g,,,https://imgix.dispenseapp.com/145c714690909516_1772467216047-836860153-IMG_9386.jpeg,28,grams,11,20.35,
happydays:6e1ece66dcbbc067,happydays:6e1ece66dcbbc067,3.5g,HD-6e1ece66dcbbc067,True,36,45,3.5g,,,https://imgix.dispenseapp.com/145c714690909516_1772303062501-651790367-Blueberry_Muffin_3.5g.JPG,3.5,grams,27,28.3,
happydays:1486b39ff7151ef5,happydays:1486b39ff7151ef5,3.5g,634562465269,True,36,45,3.5g,,,https://imgix.dispenseapp.com/145c714690909516_1772302860664-559851632-Buffalo_Cheese_3.5g.png,3.5,grams,19,23.6,
happydays:96388c1831648eca,happydays:96388c1831648eca,3.75g,769293503109,True,36,40,3.75g,,,https://imgix.dispenseapp.com/145c714690909516_1772303791159-125017422-monster_cookies_V002.png,3.75,grams,18,40.9,
happydays:ad3276524f219003,happydays:ad3276524f219003,1000mg,7297989151288,True,100,100,1000mg,,,https://imgix.dispenseapp.com/145c714690909516_1772217198768-921501925-2345725262.png,1000,milligrams,18,,
happydays:3ac575edddd4c29e,happydays:3ac575edddd4c29e,Papers,716165296829,True,10,10,,,,https://imgix.dispenseapp.com/145c714690909516_1778182507853-243973507-download_(1).jpg,,,36,,
happydays:708135e9a49c0061,happydays:708135e9a49c0061,3.5g,MPRJGOM-101025,True,40,40,3.5g,,,https://imgix.dispenseapp.com/145c714690909516_1771859280012-204029408-IP987876.png,3.5,grams,33,19.76,
happydays:1e2f97555d1f77cb,happydays:1e2f97555d1f77cb,1g,HD-1e2f97555d1f77cb,True,32,40,1g,,,https://imgix.dispenseapp.com/145c714690909516_1772575855323-287986250-Live_Resin_Vape_Device_Render_Transparent.png,1,grams,39,71.24,
happydays:46f2445e8bbfb1c2,happydays:46f2445e8bbfb1c2,2g,810210392006,True,80,80,2g,,,https://imgix.dispenseapp.com/145c714690909516_1776173220133-353459971-2g_RELOAD_Indica.png,2,grams,13,78.72,
happydays:69741352b226fb8b,happydays:69741352b226fb8b,2g,HD-69741352b226fb8b,True,80,80,2g,,,https://imgix.dispenseapp.com/145c714690909516_1776173020009-440821092-2g_RELOAD_Indica.png,2,grams,4,79.25,
happydays:0cf02db19802b31f,happydays:0cf02db19802b31f,499mg,IMORESCR2,True,33.75,45,499mg,,,https://imgix.dispenseapp.com/145c714690909516_1771937349809-453024587-53.jpg,499,milligrams,13,,
happydays:42173055a2649ac0,happydays:42173055a2649ac0,28g,HD-42173055a2649ac0,True,152,190,28g,,,https://imgix.dispenseapp.com/145c714690909516_1771591755560-844579007-125343.jpg,28,grams,22,28.26,
happydays:c8dd39918584abd7,happydays:c8dd39918584abd7,1g,HD-c8dd39918584abd7,True,40,50,1g,,,https://imgix.dispenseapp.com/145c714690909516_1771592725463-123932376-301515.jpg,1,grams,49,92.63,
happydays:6a3697c57df38c09,happydays:6a3697c57df38c09,2g,HD-6a3697c57df38c09,True,56,70,2g,,,https://imgix.dispenseapp.com/145c714690909516_1771604836032-322602670-output.auto.jpg,2,grams,58,79.98,
happydays:dd398260f9b7f27d,happydays:dd398260f9b7f27d,6.5g,HD-dd398260f9b7f27d,True,53.1,59,6.5g,,,https://imgix.dispenseapp.com/145c714690909516_1771947961194-617914552-Banana_Creme_blunts.png,6.5,grams,4,27.6,
happydays:be54431ea0942401,happydays:be54431ea0942401,1.4g,HD-be54431ea0942401,True,7.2,8,1.4g,,,https://imgix.dispenseapp.com/145c714690909516_1771608560486-68918696-Infused_Jelly_Pancakes_2pk_PRJ.png,1.4,grams,71,23.76,
happydays:86fc37de52d5b013,happydays:86fc37de52d5b013,1.4g,HD-86fc37de52d5b013,True,7.2,8,1.4g,,,https://imgix.dispenseapp.com/145c714690909516_1756463038594-788291136-63363487424524.jpg,1.4,grams,64,23.59,
happydays:9e21450c08e1d4dd,happydays:9e21450c08e1d4dd,28g,HD-9e21450c08e1d4dd,True,150,150,28g,,,https://imgix.dispenseapp.com/145c714690909516_1773769166443-878612572-6456.png,28,grams,14,18.73,
happydays:218363534a72ba50,happydays:218363534a72ba50,1g,HD-218363534a72ba50,True,22,22,1g,,,https://imgix.dispenseapp.com/145c714690909516_1777903782330-67786852-56756764575674.avif,1,grams,19,38.43,
happydays:697d3c0fe04e66e8,happydays:697d3c0fe04e66e8,1g,~4202561797171837,True,22,22,1g,,,https://imgix.dispenseapp.com/145c714690909516_1777904117299-391837433-567574567465.avif,1,grams,31,36.87,
happydays:3aeb559feeb294be,happydays:3aeb559feeb294be,1g,HD-3aeb559feeb294be,True,72.5,72.5,1g,,,https://imgix.dispenseapp.com/145c714690909516_1786196275777-316003280-bananapiepaya.png,1,grams,6,74.5,
happydays:243e545e57226f37,happydays:243e545e57226f37,Dab Accessories,HD-243e545e57226f37,True,280,280,,,,https://imgix.dispenseapp.com/145c714690909516_1770835263413-821092193-Proxy_-Haze_-Profile_-Left.webp,,,5,,
happydays:4716eb6f143a43bf,happydays:4716eb6f143a43bf,1g,HD-4716eb6f143a43bf,True,60,60,1g,,,https://imgix.dispenseapp.com/145c714690909516_1770745059268-366981290-1761745567335-274680035-2342344444243.jpg,1,grams,4,60.1,
happydays:965c77371676e773,happydays:965c77371676e773,1g,PNS-1G-JP-PR,True,10.35,11.5,1g,,,https://imgix.dispenseapp.com/145c714690909516_1770727465528-882817732-35848652.png,1,grams,180,32.08,
happydays:4a572292dd35ff07,happydays:4a572292dd35ff07,3.5g,HD-4a572292dd35ff07,True,24,24,3.5g,,,https://imgix.dispenseapp.com/145c714690909516_1781101777906-572750029-Jungle_Gemz_-_3.5g_Flower.jpg,3.5,grams,58,26.74,
happydays:753c3eaa6ea9cb81,happydays:753c3eaa6ea9cb81,2.5g,HD-753c3eaa6ea9cb81,True,40,40,2.5g,,,https://imgix.dispenseapp.com/145c714690909516_1770732724832-39038239-648685.png,2.5,grams,9,37,
happydays:f731e74d01fb156f,happydays:f731e74d01fb156f,2.5g,HD-f731e74d01fb156f,True,25,25,2.5g,,,https://imgix.dispenseapp.com/145c714690909516_1770382464440-626562899-IMG_0765.jpg,2.5,grams,58,26.9,
happydays:8d2e66225e6f7488,happydays:8d2e66225e6f7488,Apparel,HDWBRKRBLKS01,True,59.99,59.99,,,,https://imgix.dispenseapp.com/145c714690909516_1779372045411-396088793-est._stay_happpy_green_(9).png,,,3,,
happydays:496927fce39573eb,happydays:496927fce39573eb,Apparel,HDWBRKRBLKM01,True,59.99,59.99,,,,https://imgix.dispenseapp.com/145c714690909516_1779372054726-11972051-est._stay_happpy_green_(9).png,,,7,,
happydays:30d3f1176c362a0c,happydays:30d3f1176c362a0c,Apparel,HDWBRKRBLK2XL01,True,59.99,59.99,,,,https://imgix.dispenseapp.com/145c714690909516_1779372084546-602981067-est._stay_happpy_green_(9).png,,,3,,
happydays:6163421c116a4784,happydays:6163421c116a4784,Apparel,HDWBRKRBLKXL01,True,59.99,59.99,,,,https://imgix.dispenseapp.com/145c714690909516_1779372071983-806350731-est._stay_happpy_green_(9).png,,,9,,
happydays:b8a3a139569d74d2,happydays:b8a3a139569d74d2,Apparel,HDWBRKRBLKL01,True,59.99,59.99,,,,https://imgix.dispenseapp.com/145c714690909516_1779372079893-739989244-est._stay_happpy_green_(9).png,,,7,,
happydays:06bf9f40a4d44c9e,happydays:06bf9f40a4d44c9e,Apparel,HDTDHTANM01,True,59.99,59.99,,,,https://imgix.dispenseapp.com/145c714690909516_1779370412389-904133219-est._stay_happpy_green_(10).png,,,6,,
happydays:ebafcec387562edd,happydays:ebafcec387562edd,Apparel,HDTDHTANS01,True,59.99,59.99,,,,https://imgix.dispenseapp.com/145c714690909516_1779370406799-40469672-est._stay_happpy_green_(10).png,,,6,,
happydays:2e7864ed00c654d5,happydays:2e7864ed00c654d5,6g,378894459472,True,120,120,6g,,,https://imgix.dispenseapp.com/145c714690909516_1770647002983-202748797-232534265.png,6,grams,32,83.9,
happydays:dd66069ea6bf7686,happydays:dd66069ea6bf7686,6g,378894459496,True,120,120,6g,,,https://imgix.dispenseapp.com/145c714690909516_1770647404906-72390433-6557764.png,6,grams,22,84.98,
happydays:d43be054d86b412d,happydays:d43be054d86b412d,6g,378894459489,True,120,120,6g,,,https://imgix.dispenseapp.com/145c714690909516_1770647191984-618421327-897697697.png,6,grams,50,84.18,
happydays:09fcbe2f247f02e9,happydays:09fcbe2f247f02e9,6g,378894459502,True,120,120,6g,,,https://imgix.dispenseapp.com/145c714690909516_1770647260969-580189897-6347347.png,6,grams,30,80.38,
happydays:3188d6f9f3ca47bc,happydays:3188d6f9f3ca47bc,6g,378894459465,True,120,120,6g,,,https://imgix.dispenseapp.com/145c714690909516_1770646928946-376786356-32453245634.png,6,grams,73,87.87,
happydays:b05bc074baac44aa,happydays:b05bc074baac44aa,1g,794677768874,True,13.5,15,1g,,,https://imgix.dispenseapp.com/145c714690909516_1770768305761-505663559-Sunny_Diesel.png,1,grams,29,28.4,
happydays:bfd3209bf51b831e,happydays:bfd3209bf51b831e,2g,HD-bfd3209bf51b831e,True,84,105,2g,,,https://imgix.dispenseapp.com/145c714690909516_1770470631660-165144535-RYTHM-Concentrate-LiveRosin-INDICA-Tier2-Img1.png,2,grams,72,73.8,
happydays:b182c79b15c72115,happydays:b182c79b15c72115,2g,HD-b182c79b15c72115,True,84,105,2g,,,https://imgix.dispenseapp.com/145c714690909516_1770470997164-741689445-RYTHM-Concentrate-LiveRosin-INDICA-Tier2-Img1.png,2,grams,14,76.51,
happydays:a012a1f2af77649f,happydays:a012a1f2af77649f,1g,HD-a012a1f2af77649f,True,52,65,1g,,,https://imgix.dispenseapp.com/145c714690909516_1770472580354-813835723-RYTHM-VAPE-LiquidDiamonds-DurbanPoison-2g-Img1.png,1,grams,26,90.64,
happydays:0361dbce1da9d43e,happydays:0361dbce1da9d43e,28g,HD-0361dbce1da9d43e,True,135,150,28g,,,https://imgix.dispenseapp.com/145c714690909516_1786991542677-925621435-gdfhdfgh.png,28,grams,44,27.5,
happydays:8ec6d193d31355f1,happydays:8ec6d193d31355f1,3.5g,769293923945,True,23.4,23.4,3.5g,,,https://imgix.dispenseapp.com/145c714690909516_1770477283847-116683741-waferzlites.jpg,3.5,grams,64,25.45,
happydays:32a8bf8a09383282,happydays:32a8bf8a09383282,Dab Accessories,HD-32a8bf8a09383282,True,6,6,,,,https://imgix.dispenseapp.com/145c714690909516_1770474583108-432240897-213545484131.png,,,226,,
happydays:267585e3559ca06a,happydays:267585e3559ca06a,Dab Accessories,HD-267585e3559ca06a,True,20,20,,,,https://imgix.dispenseapp.com/145c714690909516_1770992206185-348774793-64656565.webp,,,763,,
happydays:f45044d6e8d9af90,happydays:f45044d6e8d9af90,2g,810210391979,True,80,80,2g,,,https://imgix.dispenseapp.com/145c714690909516_1770307763234-695967969-1737753069183-334470306-45241524521.png,2,grams,30,72.02,
happydays:5f04856a94be6031,happydays:5f04856a94be6031,92.4mg,850074667254,True,10,10,92.4mg,,,https://imgix.dispenseapp.com/145c714690909516_1770419605078-274862192-56165413201354352023132.jpg,92.4,milligrams,71,,
happydays:0e118a5559711c03,happydays:0e118a5559711c03,1g,HD-0e118a5559711c03,True,33.75,45,1g,,,https://imgix.dispenseapp.com/145c714690909516_1770298287007-820289087-Screenshot_2026-02-05_083000.png,1,grams,13,83.43,
happydays:0fea2497b5397c01,happydays:0fea2497b5397c01,1g,HD-0fea2497b5397c01,True,48.75,65,1g,,,https://imgix.dispenseapp.com/145c714690909516_1770228301793-803567069-45745745.jpg,1,grams,19,72.88,
happydays:47dde4d6ae2f8b76,happydays:47dde4d6ae2f8b76,1g,HD-47dde4d6ae2f8b76,True,34,40,1g,,,https://imgix.dispenseapp.com/145c714690909516_1770151830260-567554356-215454144.png,1,grams,19,71.2,
happydays:d1d7c9ecbb8bf2bb,happydays:d1d7c9ecbb8bf2bb,1g,350106501063,True,14,14,1g,,,https://imgix.dispenseapp.com/145c714690909516_1770141179631-57122448-34563456.png,1,grams,76,30.68,
happydays:81dfe84d629bdf45,happydays:81dfe84d629bdf45,5g,GABU-005-PRMP1,True,35,35,5g,,,https://imgix.dispenseapp.com/145c714690909516_1770132384879-839239382-IDH_5PK.png,5,grams,30,20.1,
happydays:222e7516b6892f8a,happydays:222e7516b6892f8a,5g,FOCO-005-PRMP1,True,35,35,5g,,,https://imgix.dispenseapp.com/145c714690909516_1770132429894-56735914-hybrid_5pk.png,5,grams,25,27.41,
happydays:d913e370f9cc6f74,happydays:d913e370f9cc6f74,1g,001341000704,True,7,7,1g,,,https://imgix.dispenseapp.com/145c714690909516_1770130296050-982256597-45363457345.png,1,grams,135,22,
happydays:5480e1071a1bc737,happydays:5480e1071a1bc737,100mg,HD-5480e1071a1bc737,True,28,28,100mg,,,https://imgix.dispenseapp.com/145c714690909516_1770049057038-82583322-Watermelon_RSO_600px.jpg,100,milligrams,30,,
happydays:237d2a678c424c0f,happydays:237d2a678c424c0f,1g,HD-237d2a678c424c0f,True,33.75,45,1g,,,https://imgix.dispenseapp.com/145c714690909516_1766573768226-617443705-651651651651651651651651.jpg,1,grams,19,85.62,
happydays:97d8f6dfe3b60a4d,happydays:97d8f6dfe3b60a4d,1g,850057212600,True,36,36,1g,,,https://imgix.dispenseapp.com/145c714690909516_1771011477752-868255859-1762436586614-332007511-64534432423423423.jpg,1,grams,40,75.77,
happydays:8135c6bb24387f03,happydays:8135c6bb24387f03,3.5g,HD-8135c6bb24387f03,True,24,24,3.5g,,,https://imgix.dispenseapp.com/145c714690909516_1781101817559-976159534-Grape_Cake_-_3.5g_Flower.jpg,3.5,grams,46,25.61,
happydays:d6912bf40c9bb4f8,happydays:d6912bf40c9bb4f8,28g,HD-d6912bf40c9bb4f8,True,128,160,28g,,,https://imgix.dispenseapp.com/145c714690909516_1781101911229-839995331-Garlic_Budder_-_28g_Flower.jpg,28,grams,19,27.29,
happydays:032695a78083c3ba,happydays:032695a78083c3ba,28g,HD-032695a78083c3ba,True,128,160,28g,,,https://imgix.dispenseapp.com/145c714690909516_1769777471670-177139744-34535345.png,28,grams,16,26.5,
happydays:fc2b294d533d9828,happydays:fc2b294d533d9828,28g,HTTPS://1A4.COM/5LO1I9DSO1FT7SOKM878,True,99,99,28g,,,https://imgix.dispenseapp.com/145c714690909516_1769711499541-651109255-345345346344234.png,28,grams,54,24.5,
happydays:5090b89406464662,happydays:5090b89406464662,2g,720140165215,True,75,75,2g,,,https://imgix.dispenseapp.com/145c714690909516_1769528419238-568875265-14142848752741.jpg,2,grams,41,89,
happydays:3222bc151da90eb8,happydays:3222bc151da90eb8,2g,720140165253,True,75,75,2g,,,https://imgix.dispenseapp.com/145c714690909516_1769528485396-649240699-4235635234243242.jpg,2,grams,26,90.7,
happydays:21f50d86d94db5ce,happydays:21f50d86d94db5ce,2g,810198210095,True,75,75,2g,,,https://imgix.dispenseapp.com/145c714690909516_1769528365242-566267369-35345345667663.jpg,2,grams,10,85.41,
happydays:3630a919277d102c,happydays:3630a919277d102c,100mg,https://share.confidentcannabis.com/samples/public/share/0d24777b-1826-473d-82b4-fce11b2cb67c,True,17,20,100mg,,,https://imgix.dispenseapp.com/145c714690909516_1769289160118-93525598-NomNom-Black_Cherry_Bliss-Menu_Image.png,100,milligrams,75,,
happydays:4119fc5c33105fe4,happydays:4119fc5c33105fe4,100mg,HD-4119fc5c33105fe4,True,20.4,24,100mg,,,https://imgix.dispenseapp.com/145c714690909516_1769289508154-118576159-4.png,100,milligrams,50,,
happydays:8f32b305559f1b9f,happydays:8f32b305559f1b9f,1g,794677768607,True,13.5,15,1g,,,https://imgix.dispenseapp.com/145c714690909516_1770768229039-409410402-Blueberry_Gelato.png,1,grams,128,38,
happydays:e64156bec71c0402,happydays:e64156bec71c0402,1g,794677768683,True,13.5,15,1g,,,https://imgix.dispenseapp.com/145c714690909516_1770768291661-840287988-Pink_Lemonade.png,1,grams,4,24,
happydays:f01f48f79328c7ce,happydays:f01f48f79328c7ce,1g,794677768782,True,13.5,15,1g,,,https://imgix.dispenseapp.com/145c714690909516_1770768263683-49290966-Maui_Pineapple.png,1,grams,237,25,
happydays:d51860feecceac91,happydays:d51860feecceac91,1g,794677768881,True,13.5,15,1g,,,https://imgix.dispenseapp.com/145c714690909516_1770768299074-811759404-Purple_Punch.png,1,grams,91,29.7,
happydays:52f841e7b703326a,happydays:52f841e7b703326a,1g,794677768614,True,13.5,15,1g,,,https://imgix.dispenseapp.com/145c714690909516_1770768240849-162545314-Cherry_Pie.png,1,grams,69,36.25,
happydays:ca8f86fb05fe1263,happydays:ca8f86fb05fe1263,1g,HD-ca8f86fb05fe1263,True,36,40,1g,,,https://imgix.dispenseapp.com/145c714690909516_1769283405597-261983846-ANY_INDICA_CART.png,1,grams,5,83.2,
happydays:196e457fe67828c5,happydays:196e457fe67828c5,1g,HD-196e457fe67828c5,True,36,40,1g,,,https://imgix.dispenseapp.com/145c714690909516_1769283113020-950098295-ANY_INDICA_CART.png,1,grams,13,83.5,
happydays:bcd0d3334efab21a,happydays:bcd0d3334efab21a,2g,HD-bcd0d3334efab21a,True,56,70,2g,,,https://imgix.dispenseapp.com/145c714690909516_1769536835225-781188747-3453456653.png,2,grams,33,84.33,
happydays:caa283fbc27e3017,happydays:caa283fbc27e3017,2.5g,HD-caa283fbc27e3017,True,29.75,35,2.5g,,,https://imgix.dispenseapp.com/145c714690909516_1769453757462-709721225-rf_blank.png,2.5,grams,25,27.03,
happydays:056d4275519cb637,happydays:056d4275519cb637,1g,850047472335,True,32,32,1g,,,https://imgix.dispenseapp.com/145c714690909516_1769866091758-880223336-Screenshot_2026-01-31_082805.png,1,grams,26,81.89,
happydays:6b60aa02d098dd7c,happydays:6b60aa02d098dd7c,1g,850047472304,True,32,32,1g,,,https://imgix.dispenseapp.com/145c714690909516_1769865904134-774851156-Screenshot_2026-01-31_082444.png,1,grams,42,85.73,
happydays:da709ed103c9b3bb,happydays:da709ed103c9b3bb,1g,UXT-LRO-1225-PKB-1G,True,51,60,1g,,,https://imgix.dispenseapp.com/145c714690909516_1782246856808-722412826-56456.avif,1,grams,53,60.55,
happydays:59468af14968841b,happydays:59468af14968841b,1g,HD-59468af14968841b,True,9,9,1g,,,https://imgix.dispenseapp.com/145c714690909516_1768837755674-583854175-9a8f2907-0f79-4eca-8c97-d714c9c293bb.jpg,1,grams,41,40.01,
happydays:f110241938667297,happydays:f110241938667297,1g,HD-f110241938667297,True,45,45,1g,,,https://imgix.dispenseapp.com/145c714690909516_1768928274214-858001206-Vape_Specs.png,1,grams,61,,
happydays:c994e9f1338d53c8,happydays:c994e9f1338d53c8,5g,HD-c994e9f1338d53c8,True,35,35,5g,,,https://imgix.dispenseapp.com/145c714690909516_1768865764580-238709952-Pistachio_-_Pre-Roll_Multipack.png,5,grams,6,30.91,
happydays:0b1f2cf88a26c1dd,happydays:0b1f2cf88a26c1dd,2g,810029769198,True,52.5,70,2g,,,https://imgix.dispenseapp.com/145c714690909516_1769866258285-569092-StrawD2g-Disposable-Mocks.png,2,grams,25,89.14,
happydays:15de434d91b35e21,happydays:15de434d91b35e21,2g,HD-15de434d91b35e21,True,58.5,65,2g,,,https://imgix.dispenseapp.com/145c714690909516_1768599969596-958576714-2g_pr_x_b.png,2,grams,30,85,
happydays:6b5ad8f1f47ca573,happydays:6b5ad8f1f47ca573,Papers,HD-6b5ad8f1f47ca573,True,8,8,,,,https://imgix.dispenseapp.com/145c714690909516_1768829822186-86293956-king-palm-slim-5-pack_2e5b627f-1659-412d-9150-32094541275e.jpg,,,372,,
happydays:2559b5a198d42cf5,happydays:2559b5a198d42cf5,3.5g,810029769662,True,44,44,3.5g,,,https://imgix.dispenseapp.com/145c714690909516_1768484311957-286140224-RainbowRuntz.jpg,3.5,grams,1,24.3,
happydays:ac609fdae97613e2,happydays:ac609fdae97613e2,1.25g,https://qr-codes.io/mzcUqZ,True,10.5,14,1.25g,,,https://imgix.dispenseapp.com/145c714690909516_1768240604475-612982283-4564564564774564.jpg,1.25,grams,63,27.55,
happydays:a02ba2ebff0d0b44,happydays:a02ba2ebff0d0b44,0.75g,HD-a02ba2ebff0d0b44,True,7.5,10,0.75g,,,https://imgix.dispenseapp.com/145c714690909516_1768240540396-252229514-46747474.jpg,0.75,grams,56,21.6,
happydays:f9e0970debe953de,happydays:f9e0970debe953de,1g,850066346334,True,8.25,11,1g,,,https://imgix.dispenseapp.com/145c714690909516_1768240615134-449116526-8677563453535.jpg,1,grams,119,27.25,
happydays:6b36cf1070a60cc3,happydays:6b36cf1070a60cc3,1.25g,850066346341,True,10.5,14,1.25g,,,https://imgix.dispenseapp.com/145c714690909516_1768240588328-609644666-567657546332424.jpg,1.25,grams,48,22.24,
happydays:8fdf88108b9dd42f,happydays:8fdf88108b9dd42f,1g,HD-8fdf88108b9dd42f,True,55,55,1g,,,https://imgix.dispenseapp.com/145c714690909516_1768228056748-360799510-7869767534556474.png,1,grams,8,73.98,
happydays:ec33c69aee4b2e5e,happydays:ec33c69aee4b2e5e,1g,HD-ec33c69aee4b2e5e,True,55,55,1g,,,https://imgix.dispenseapp.com/145c714690909516_1768228074587-693570599-5675677563453535353333.png,1,grams,8,70.89,
happydays:d995dd4463af6e1d,happydays:d995dd4463af6e1d,1g,HD-d995dd4463af6e1d,True,55,55,1g,,,https://imgix.dispenseapp.com/145c714690909516_1768228092903-288078745-66666666666.png,1,grams,3,77.91,
happydays:d69f33646db42d2f,happydays:d69f33646db42d2f,100mg,HD-d69f33646db42d2f,True,20,20,100mg,,,https://imgix.dispenseapp.com/145c714690909516_1767885268949-36479574-10mg_blueberry.jpg,100,milligrams,18,,
happydays:328b410737a4996b,happydays:328b410737a4996b,28g,HTTPS://1A4.COM/5LO1I9DSO1FT7SOJWU9R,True,99,99,28g,,,https://imgix.dispenseapp.com/145c714690909516_1767883017305-222080747-c8f5156f40ae690dd245dfd42ce94df9.jpg,28,grams,80,27.9,
happydays:56b55355b7a6a7f9,happydays:56b55355b7a6a7f9,28g,HTTPS://1A4.COM/5LO1I9DSO1FT7SOKM80C,True,99,99,28g,,,https://imgix.dispenseapp.com/145c714690909516_1767883892594-938749422-c8f5156f40ae690dd245dfd42ce94df9.jpg,28,grams,119,26.1,
happydays:9dc7ab634dc843a2,happydays:9dc7ab634dc843a2,28g,HTTPS://1A4.COM/5LO1I9DSO1FT7SOKM7U6,True,99,99,28g,,,https://imgix.dispenseapp.com/145c714690909516_1768218467290-257794350-Screenshot_2026-01-12_064713.png,28,grams,159,26,
happydays:718588d09423289f,happydays:718588d09423289f,1g,HD-718588d09423289f,True,56.25,75,1g,,,https://imgix.dispenseapp.com/145c714690909516_1767821748592-96969889-MFNY_Live_Rosin_Concentrate_The_Belafonte_1g.jpg,1,grams,22,77.94,
happydays:d50ec77d1a450d6e,happydays:d50ec77d1a450d6e,3.5g,HD-d50ec77d1a450d6e,True,44,44,3.5g,,,https://imgix.dispenseapp.com/145c714690909516_1767707302900-218668105-2346235423.png,3.5,grams,25,26.21,
happydays:5bbb255bf172e07c,happydays:5bbb255bf172e07c,2.5g,HTTPS://1A4.COM/5LO1I9DSNZICM7GOXLHV,True,29.75,35,2.5g,,,https://imgix.dispenseapp.com/145c714690909516_1767737534813-699864136-67345763467.jpeg,2.5,grams,58,27.86,
happydays:01feec16ac0c5d10,happydays:01feec16ac0c5d10,2g,MF112025RCL,True,65,65,2g,,,https://imgix.dispenseapp.com/145c714690909516_1768308037281-392576318-RainbowCloud.webp,2,grams,7,82.68,
happydays:3632d05eba98f17f,happydays:3632d05eba98f17f,Papers,716165252955,True,10,10,,,,https://imgix.dispenseapp.com/145c714690909516_1784562145195-600972647-23423424.avif,,,57,,
happydays:5eb12e43f932a691,happydays:5eb12e43f932a691,3.5g,1a4120300000268000001027,True,40,50,3.5g,,,https://imgix.dispenseapp.com/145c714690909516_1767004196527-237906746-453452482224.png,3.5,grams,43,29.87,
happydays:31b3e0e066bf70c3,happydays:31b3e0e066bf70c3,1g,https://ny.yourcoa.com/coa/coa-view?sample=AL51118002-010&mrk=0&wl_id=0&spanish=0&is_marketing_only=0&isExternal=0,True,33.75,45,1g,,,https://imgix.dispenseapp.com/145c714690909516_1766573550194-911725709-51651651651651.jpg,1,grams,67,90.87,
happydays:64394439b7c7348a,happydays:64394439b7c7348a,1g,810029769587,True,21,28,1g,,,https://imgix.dispenseapp.com/145c714690909516_1767005195454-344527059-35635635635636363636.jpg,1,grams,89,87.18,
happydays:c52d5cd513cca9ce,happydays:c52d5cd513cca9ce,1g,810029769563,True,21,28,1g,,,https://imgix.dispenseapp.com/145c714690909516_1767005322650-793882574-54666654646453.jpg,1,grams,95,87.71,
happydays:22fcb4fbaba765cf,happydays:22fcb4fbaba765cf,1g,810029769594,True,21,28,1g,,,https://imgix.dispenseapp.com/145c714690909516_1767005357363-149076797-34535345344663453.jpg,1,grams,76,85.2,
happydays:29c9fb854c5feca0,happydays:29c9fb854c5feca0,1g,810029769570,True,21,28,1g,,,https://imgix.dispenseapp.com/145c714690909516_1767005269887-942150668-647467467747474747.jpg,1,grams,86,84.36,
happydays:bcbdaef285823ecb,happydays:bcbdaef285823ecb,2g,https://l.ead.me/bgWfqH,True,68,68,2g,,,https://imgix.dispenseapp.com/145c714690909516_1770756615524-91426428-40d8e6_1c2105a454c140c6b8f02471d1d9d638~mv2.avif,2,grams,14,83.6,
happydays:a75e9cb4ba3d9073,happydays:a75e9cb4ba3d9073,2g,MF111925BB,True,65,65,2g,,,https://imgix.dispenseapp.com/145c714690909516_1766145833646-347259828-467474774.png,2,grams,53,86.6,
happydays:d9ba8f51199f9e38,happydays:d9ba8f51199f9e38,100mg,378894459557,True,30,30,100mg,,,https://imgix.dispenseapp.com/145c714690909516_1766058834880-693814057-4674747474774747.jpg,100,milligrams,21,,
happydays:628f313e613402d9,happydays:628f313e613402d9,10mg,720140163907,True,5,5,10mg,,,https://imgix.dispenseapp.com/145c714690909516_1779127951784-827525615-11447.png,10,milligrams,287,,
happydays:086139a059be3b2c,happydays:086139a059be3b2c,10mg,720140163761,True,5,5,10mg,,,https://imgix.dispenseapp.com/145c714690909516_1779128003893-422934540-0022.png,10,milligrams,197,,
happydays:2c10e8c565b32f5c,happydays:2c10e8c565b32f5c,10mg,720140165055,True,5,5,10mg,,,https://imgix.dispenseapp.com/145c714690909516_1766001046189-878212057-34523452345.png,10,milligrams,145,,
happydays:fb7a38154644496b,happydays:fb7a38154644496b,10mg,HD-fb7a38154644496b,True,5,5,10mg,,,https://imgix.dispenseapp.com/145c714690909516_1766000997663-20356075-234523453245.png,10,milligrams,81,,
happydays:3111dc72bcea5a88,happydays:3111dc72bcea5a88,3.5g,1A41203000011FF000000040,True,54,54,3.5g,,,https://imgix.dispenseapp.com/145c714690909516_1765537660402-365622379-33453534566.png,3.5,grams,32,21.41,
happydays:cf8f5cad0eaeb8e0,happydays:cf8f5cad0eaeb8e0,100mg,810139763215,True,22.5,30,100mg,,,https://imgix.dispenseapp.com/145c714690909516_1765403804408-665785345-2354154.jpg,100,milligrams,57,,
happydays:0822e95c7d399731,happydays:0822e95c7d399731,1g,707129720214,True,22,22,1g,,,https://imgix.dispenseapp.com/145c714690909516_1777903402734-211851313-12341321.avif,1,grams,22,35.76,
happydays:a420ae1d52bf555a,happydays:a420ae1d52bf555a,0.5g,HD-a420ae1d52bf555a,True,15,15,0.5g,,,https://imgix.dispenseapp.com/145c714690909516_1765192340959-35399537-2345234524524352452435245.png,0.5,grams,46,45.4,
happydays:5ec9c35debc9b7f9,happydays:5ec9c35debc9b7f9,Gift Cards,HD-5ec9c35debc9b7f9,True,2.95,2.95,,,,https://imgix.dispenseapp.com/145c714690909516_1765203152550-533809155-IMG_4037.jpg,,,136,,
happydays:f51ea5172050d0d1,happydays:f51ea5172050d0d1,3.5g,HTTPS://1A4.COM/5LO1I9DSNZICM7GOXP1H,True,52.5,52.5,3.5g,,,https://imgix.dispenseapp.com/145c714690909516_1764968442062-919487254-3247365895.JPG,3.5,grams,65,29.35,
happydays:4a08bf5db21ef1e2,happydays:4a08bf5db21ef1e2,1g,NYFK500977.IN371J,True,60,60,1g,,,https://imgix.dispenseapp.com/145c714690909516_1764970800723-340281506-69897.JPG,1,grams,18,64.1,
happydays:fe63459feb2b06f7,happydays:fe63459feb2b06f7,Papers,716165174028,True,3,3,,,,https://imgix.dispenseapp.com/145c714690909516_1766420004978-353779861-347367673.jpg,,,167,,
happydays:3e2d2cec6983d9ee,happydays:3e2d2cec6983d9ee,4.2g,HD-3e2d2cec6983d9ee,True,55,55,4.2g,,,https://imgix.dispenseapp.com/145c714690909516_1764758704324-428419198-4625253667647.png,4.2,grams,39,28.06,
happydays:e811f775b698d5f9,happydays:e811f775b698d5f9,2g,HD-e811f775b698d5f9,True,56,70,2g,,,https://imgix.dispenseapp.com/145c714690909516_1764757953233-426194450-5652342.png,2,grams,46,83.03,
happydays:69da330245d9e1da,happydays:69da330245d9e1da,Other Accessories,HD-69da330245d9e1da,True,6,6,,,,https://imgix.dispenseapp.com/145c714690909516_1784754370843-613375006-Wooden_Label_Skewers.png,,,250,,
happydays:f42177d629190782,happydays:f42177d629190782,3.5g,HD-f42177d629190782,True,30,30,3.5g,,,https://imgix.dispenseapp.com/145c714690909516_1764858052269-330732490-67467467467477.png,3.5,grams,67,22.52,
happydays:cb956cf499df118f,happydays:cb956cf499df118f,1g,850049967914,True,48,60,1g,,,https://imgix.dispenseapp.com/145c714690909516_1764691119930-627990681-234344444442.png,1,grams,3,76.29,
happydays:132f8301fb414cf2,happydays:132f8301fb414cf2,1g,001341000605,True,7,7,1g,,,https://imgix.dispenseapp.com/145c714690909516_1764670199528-421989074-4524524141242545245245241414141.jpeg,1,grams,160,27.73,
happydays:67040699f61de67a,happydays:67040699f61de67a,100mg,HD-67040699f61de67a,True,40,40,100mg,,,https://imgix.dispenseapp.com/145c714690909516_1764070840304-130059987-6545653525246356356365636.png,100,milligrams,52,,
happydays:d61b9a6a1d7b0e4d,happydays:d61b9a6a1d7b0e4d,1g,HD-d61b9a6a1d7b0e4d,True,45,45,1g,,,https://imgix.dispenseapp.com/145c714690909516_1764105596650-548138783-456455775.jpg,1,grams,17,,
happydays:ed8038be131f986e,happydays:ed8038be131f986e,1g,006008000097,True,11,11,1g,,,https://imgix.dispenseapp.com/145c714690909516_1763986502577-471082409-4524484114124242.jpg,1,grams,26,38.7,
happydays:c2d60bc8a498a299,happydays:c2d60bc8a498a299,1g,006008000028,True,11,11,1g,,,https://imgix.dispenseapp.com/145c714690909516_1763986358679-603545583-46746747433.jpg,1,grams,50,47.17,
happydays:a2c11385fd4a6c37,happydays:a2c11385fd4a6c37,1g,HD-a2c11385fd4a6c37,True,11,11,1g,,,https://imgix.dispenseapp.com/145c714690909516_1763986436064-455641052-412842412848.jpg,1,grams,155,41.86,
happydays:0ecb7e2995101600,happydays:0ecb7e2995101600,7g,702571814092,True,70,70,7g,,,https://imgix.dispenseapp.com/145c714690909516_1764153857058-834543583-967575636363.png,7,grams,38,23.52,
happydays:0add36ed5bf84aa2,happydays:0add36ed5bf84aa2,7g,702571814108,True,70,70,7g,,,https://imgix.dispenseapp.com/145c714690909516_1764153395944-971064710-452428414248.png,7,grams,18,19.5,
happydays:84fd38f7d59fb6f0,happydays:84fd38f7d59fb6f0,Apparel,HDLSSSHBLKS01,True,30,30,,,,https://imgix.dispenseapp.com/145c714690909516_1764109802997-998657303-black_est_stay_happy[1].png,,,20,,
happydays:eb3f8d869d313ed5,happydays:eb3f8d869d313ed5,Apparel,HDLSSSHBLKM01,True,30,30,,,,https://imgix.dispenseapp.com/145c714690909516_1764109818801-234155230-black_est_stay_happy[1].png,,,22,,
happydays:dc08f9c8f3e3ff18,happydays:dc08f9c8f3e3ff18,Apparel,HDLSSSHBLKL01,True,30,30,,,,https://imgix.dispenseapp.com/145c714690909516_1764109834201-794609063-black_est_stay_happy[1].png,,,21,,
happydays:b1408c2d52f029dc,happydays:b1408c2d52f029dc,Apparel,HDLSSSHBLKXL01,True,30,30,,,,https://imgix.dispenseapp.com/145c714690909516_1764109855055-295029684-black_est_stay_happy[1].png,,,22,,
happydays:aeeae845fac350c6,happydays:aeeae845fac350c6,Apparel,HDLSSSHMGRNS01,True,30,30,,,,https://imgix.dispenseapp.com/145c714690909516_1764109387636-492178990-14[1].png,,,23,,
happydays:06e1481495ca0eee,happydays:06e1481495ca0eee,Apparel,HDLSSSHMGRNL01,True,30,30,,,,https://imgix.dispenseapp.com/145c714690909516_1764109427171-618324100-14[1].png,,,21,,
happydays:215d8b48c1dfe53c,happydays:215d8b48c1dfe53c,Apparel,HDLSSSHMGRNM01,True,30,30,,,,https://imgix.dispenseapp.com/145c714690909516_1764109403531-752522618-14[1].png,,,22,,
happydays:c9935b8670dbb305,happydays:c9935b8670dbb305,Apparel,HDLSSSHMGRNXL01,True,30,30,,,,https://imgix.dispenseapp.com/145c714690909516_1764109440532-924465430-14[1].png,,,23,,
happydays:6fd2dec2fef58d34,happydays:6fd2dec2fef58d34,Apparel,HDLSSSHWHTS01,True,30,30,,,,https://imgix.dispenseapp.com/145c714690909516_1764169581203-493773047-white_est_stay_happy[1].png,,,20,,
happydays:94c3164eae731d17,happydays:94c3164eae731d17,Apparel,HDLSSSHWHTM01,True,30,30,,,,https://imgix.dispenseapp.com/145c714690909516_1764169594344-395387501-white_est_stay_happy[1].png,,,20,,
happydays:25a57ffc4e45563a,happydays:25a57ffc4e45563a,Apparel,HDLSSSHINDGM01,True,30,30,,,,https://imgix.dispenseapp.com/145c714690909516_1777474996756-103847027-2.png,,,23,,
happydays:ad5612a120a06106,happydays:ad5612a120a06106,Apparel,HDLSSSHINDGL01,True,30,30,,,,https://imgix.dispenseapp.com/145c714690909516_1777475006588-976297580-2.png,,,19,,
happydays:6cba14e07507f85b,happydays:6cba14e07507f85b,Apparel,HDLSSSHINDGXL01,True,30,30,,,,https://imgix.dispenseapp.com/145c714690909516_1777475015608-215580052-2.png,,,23,,
happydays:f6aa482d5abafa96,happydays:f6aa482d5abafa96,Apparel,HDLSSSHWHTL01,True,30,30,,,,https://imgix.dispenseapp.com/145c714690909516_1764169611570-904911540-white_est_stay_happy[1].png,,,22,,
happydays:c5b80d6532e22d15,happydays:c5b80d6532e22d15,Apparel,HDLSSSHWHTXL01,True,30,30,,,,https://imgix.dispenseapp.com/145c714690909516_1764169628192-886107963-white_est_stay_happy[1].png,,,24,,
happydays:d963a5a5b33ea39d,happydays:d963a5a5b33ea39d,Apparel,HDLSSSHINDGS01,True,30,30,,,,https://imgix.dispenseapp.com/145c714690909516_1777474897839-134344557-2.png,,,23,,
happydays:24e030d83c154205,happydays:24e030d83c154205,Apparel,HDLSSM3FTCHARS01,True,30,30,,,,https://imgix.dispenseapp.com/145c714690909516_1767013280284-672940818-5643576.png,,,21,,
happydays:226b02cfc154697a,happydays:226b02cfc154697a,Apparel,HDLSSM3FTCHARM01,True,30,30,,,,https://imgix.dispenseapp.com/145c714690909516_1767013288375-854317391-5643576.png,,,23,,
happydays:b35dd02ad6c3e63a,happydays:b35dd02ad6c3e63a,Apparel,HDLSSYMRBLUXL01,True,30,30,,,,https://imgix.dispenseapp.com/145c714690909516_1764109213573-836301846-11[1].png,,,23,,
happydays:7093697491de2f33,happydays:7093697491de2f33,Apparel,HDLSSM3FTCHARL01,True,30,30,,,,https://imgix.dispenseapp.com/145c714690909516_1767013295430-388175667-5643576.png,,,19,,
happydays:04a34ce89e69677f,happydays:04a34ce89e69677f,Apparel,HDLSSMTFGRNM01,True,30,30,,,,https://imgix.dispenseapp.com/145c714690909516_1764166773813-538369695-midnight_toker[1].png,,,22,,
happydays:c0c26291605c9f11,happydays:c0c26291605c9f11,Apparel,HDLSSMTFGRNS01,True,30,30,,,,https://imgix.dispenseapp.com/145c714690909516_1764166547065-780480328-midnight_toker[1].png,,,21,,
happydays:8b2f2a39edd26941,happydays:8b2f2a39edd26941,Apparel,HDLSSMTFGRNL01,True,30,30,,,,https://imgix.dispenseapp.com/145c714690909516_1764166784977-532905968-midnight_toker[1].png,,,20,,
happydays:9a97e1142f5a2e2d,happydays:9a97e1142f5a2e2d,Apparel,HDLSSM3FTCHARXL01,True,30,30,,,,https://imgix.dispenseapp.com/145c714690909516_1767013301877-790321259-5643576.png,,,18,,
happydays:0389e86ff904027b,happydays:0389e86ff904027b,Apparel,HDLSSYMRBLUM01,True,30,30,,,,https://imgix.dispenseapp.com/145c714690909516_1764109180008-858011446-11[1].png,,,23,,
happydays:b3b0720fe282c4e1,happydays:b3b0720fe282c4e1,Apparel,HDLSSHRBLKM01,True,30,30,,,,https://imgix.dispenseapp.com/145c714690909516_1769550176329-313010855-11.png,,,23,,
happydays:53f1eb8d3da508b7,happydays:53f1eb8d3da508b7,Apparel,HDLSSYMRBLUS01,True,30,30,,,,https://imgix.dispenseapp.com/145c714690909516_1764109103351-324809700-11[1].png,,,24,,
happydays:3f7447cf7babd209,happydays:3f7447cf7babd209,Apparel,HDLSSMTFGRNXL01,True,30,30,,,,https://imgix.dispenseapp.com/145c714690909516_1764166801397-531168365-midnight_toker[1].png,,,22,,
happydays:aca0d75728424dfa,happydays:aca0d75728424dfa,Apparel,HDLSSHRBLKL01,True,30,30,,,,https://imgix.dispenseapp.com/145c714690909516_1769550158284-44144830-11.png,,,18,,
happydays:f5aece432e0d3d3f,happydays:f5aece432e0d3d3f,Apparel,HDLSSHRBLKXL01,True,30,30,,,,https://imgix.dispenseapp.com/145c714690909516_1769550189462-908515718-11.png,,,23,,
happydays:c3b212e685bcb30f,happydays:c3b212e685bcb30f,Apparel,HDLSSHRBLKS01,True,30,30,,,,https://imgix.dispenseapp.com/145c714690909516_1769550183973-31785319-11.png,,,22,,
happydays:44818465ae0c1170,happydays:44818465ae0c1170,Apparel,HDLSSYMRBLUL01,True,30,30,,,,https://imgix.dispenseapp.com/145c714690909516_1764109194349-127756959-11[1].png,,,23,,
happydays:07a71fd5814e1e4b,happydays:07a71fd5814e1e4b,Apparel,HDLSSRMBLKS01,True,30,30,,,,https://imgix.dispenseapp.com/145c714690909516_1764168071227-196146580-roll_model[1].png,,,23,,
happydays:7f6f878c6438f3b1,happydays:7f6f878c6438f3b1,Apparel,HDLSSRMBLKM01,True,30,30,,,,https://imgix.dispenseapp.com/145c714690909516_1764168085706-17800026-roll_model[1].png,,,22,,
happydays:e3a294d9b1e284b0,happydays:e3a294d9b1e284b0,Apparel,HDLSSRMBLKXL01,True,30,30,,,,https://imgix.dispenseapp.com/145c714690909516_1764168124846-81579470-roll_model[1].png,,,22,,
happydays:33ceb502092f2734,happydays:33ceb502092f2734,Apparel,HDLSSLHRBLUS01,True,30,30,,,,https://imgix.dispenseapp.com/145c714690909516_1764166360098-178498219-lit_happens[1].png,,,22,,
happydays:7121bc8d7d51747d,happydays:7121bc8d7d51747d,Apparel,HDLSSRMBLKL01,True,30,30,,,,https://imgix.dispenseapp.com/145c714690909516_1764168107396-904620669-roll_model[1].png,,,20,,
happydays:1569afc435f91786,happydays:1569afc435f91786,Apparel,HDLSSLHRBLUXL01,True,30,30,,,,https://imgix.dispenseapp.com/145c714690909516_1764166415824-150889835-lit_happens[1].png,,,22,,
happydays:f5a34d7d5d87342b,happydays:f5a34d7d5d87342b,Apparel,HDLSSYMSGRYS01,True,30,30,,,,https://imgix.dispenseapp.com/145c714690909516_1765471549118-572215928-grey_you_matter[1].png,,,24,,
happydays:a7047e21382eb9d7,happydays:a7047e21382eb9d7,Apparel,HDLSSLHRBLUL01,True,30,30,,,,https://imgix.dispenseapp.com/145c714690909516_1764166387351-201222183-lit_happens[1].png,,,22,,
happydays:a7991597b8f42b8e,happydays:a7991597b8f42b8e,Apparel,HDLSSRWMHMGRNM01,True,30,30,,,,https://imgix.dispenseapp.com/145c714690909516_1769549040544-301606467-5.png,,,22,,
happydays:8dde40b539526e3e,happydays:8dde40b539526e3e,Apparel,HDLSSLHRBLUM01,True,30,30,,,,https://imgix.dispenseapp.com/145c714690909516_1764166373197-632525527-lit_happens[1].png,,,24,,
happydays:0b4fa71bffa2e69b,happydays:0b4fa71bffa2e69b,Apparel,HDWLSSPPPBLKS01,True,30,30,,,,https://imgix.dispenseapp.com/145c714690909516_1764167845256-527754547-preroll[1].png,,,18,,
happydays:08ec18e4b5012b74,happydays:08ec18e4b5012b74,Apparel,HDLSSRWMHMGRNL01,True,30,30,,,,https://imgix.dispenseapp.com/145c714690909516_1769549021415-943290239-5.png,,,20,,
happydays:255e99ded0def600,happydays:255e99ded0def600,Apparel,HDLSSRWMHMGRNS01,True,30,30,,,,https://imgix.dispenseapp.com/145c714690909516_1769549047691-191495895-5.png,,,24,,
happydays:0433197919169072,happydays:0433197919169072,Apparel,HDWLSSPPPBLKL01,True,30,30,,,,https://imgix.dispenseapp.com/145c714690909516_1764167775281-730140112-preroll[1].png,,,22,,
happydays:1e8fa3bd5caf63f0,happydays:1e8fa3bd5caf63f0,Apparel,HDLSSYMSGRYL01,True,30,30,,,,https://imgix.dispenseapp.com/145c714690909516_1764609459914-996930307-grey_you_matter[1].png,,,22,,
happydays:858dc783f8c31853,happydays:858dc783f8c31853,Apparel,HDWLSSPPPBLKM01,True,30,30,,,,https://imgix.dispenseapp.com/145c714690909516_1764167749701-302531173-preroll[1].png,,,22,,
happydays:1ee9fbb63be1e5e5,happydays:1ee9fbb63be1e5e5,Apparel,HDLSSYMSGRYXL01,True,30,30,,,,https://imgix.dispenseapp.com/145c714690909516_1764609586394-344608038-grey_you_matter[1].png,,,22,,
happydays:4de8f49fd484a200,happydays:4de8f49fd484a200,Apparel,HDLSSRWMHMGRNXL01,True,30,30,,,,https://imgix.dispenseapp.com/145c714690909516_1769549055645-733308391-5.png,,,20,,
happydays:d59b35a2f333ae96,happydays:d59b35a2f333ae96,Apparel,HDLSSYMSGRYM01,True,30,30,,,,https://imgix.dispenseapp.com/145c714690909516_1764609556713-620004114-grey_you_matter[1].png,,,24,,
happydays:79b2f7cc551d1fbe,happydays:79b2f7cc551d1fbe,Apparel,HDWLSSPPPBLKXL01,True,30,30,,,,https://imgix.dispenseapp.com/145c714690909516_1764167817663-145844392-preroll[1].png,,,24,,
happydays:4b64abed4f55ae7d,happydays:4b64abed4f55ae7d,2g,HD-4b64abed4f55ae7d,True,56,70,2g,,,https://imgix.dispenseapp.com/145c714690909516_1763724066222-248771226-53625321431431512.png,2,grams,67,84.92,
happydays:6ad0636e3811bedc,happydays:6ad0636e3811bedc,1g,355750341294,True,35,35,1g,,,https://imgix.dispenseapp.com/145c714690909516_1703342593364-415028009-Screenshot_2023-12-23_093028.png,1,grams,8,86.59,
happydays:5986a093f1cbc912,happydays:5986a093f1cbc912,2.5g,922202502529,True,43,43,2.5g,,,https://imgix.dispenseapp.com/145c714690909516_1763658757790-874866745-34637347.png,2.5,grams,46,41.18,
happydays:26433feed7e56c4a,happydays:26433feed7e56c4a,Apparel,HDBOSPGRYL01,True,36,36,,,,https://imgix.dispenseapp.com/145c714690909516_1767013736675-402091425-578567.png,,,8,,
happydays:ccb61ee70db37475,happydays:ccb61ee70db37475,Apparel,HDBOSPGRYM01,True,36,36,,,,https://imgix.dispenseapp.com/145c714690909516_1767013730675-85986934-578567.png,,,1,,
happydays:876769bb96ca8214,happydays:876769bb96ca8214,Apparel,HDBOSPGRYXL01,True,36,36,,,,https://imgix.dispenseapp.com/145c714690909516_1767013760823-674008832-578567.png,,,4,,
happydays:f0e2afb7fa56c563,happydays:f0e2afb7fa56c563,1g,HD-f0e2afb7fa56c563,True,40,40,1g,,,https://imgix.dispenseapp.com/145c714690909516_1763649906681-496624484-23423423444444.jpg,1,grams,16,53.51,
happydays:af40b1e943ae1869,happydays:af40b1e943ae1869,2g,100125ATF-T2,True,69.6,87,2g,,,https://imgix.dispenseapp.com/145c714690909516_1763465440184-542408813-4767474843.jpg,2,grams,22,85.54,
happydays:15d4b8a7fd375f89,happydays:15d4b8a7fd375f89,2g,100125ALT-T2,True,69.6,87,2g,,,https://imgix.dispenseapp.com/145c714690909516_1763465100279-287985396-53463462352525.jpg,2,grams,18,85.46,
happydays:970c4130a0fc7d45,happydays:970c4130a0fc7d45,1000mg,HD-970c4130a0fc7d45,True,41.25,55,1000mg,,,https://imgix.dispenseapp.com/145c714690909516_1763481924643-457517613-2342342342344234234234.png,1000,milligrams,8,,
happydays:3ec552c751cee281,happydays:3ec552c751cee281,Apparel,HDBOSPGRHTL01,True,35,35,,,,https://imgix.dispenseapp.com/145c714690909516_1764110396387-639134923-burnout_graphite_sweats[1].png,,,9,,
happydays:f3bf6c10ff8c3258,happydays:f3bf6c10ff8c3258,Apparel,HDBOSPGRHTXL01,True,35,35,,,,https://imgix.dispenseapp.com/145c714690909516_1764110381238-115801202-burnout_graphite_sweats[1].png,,,2,,
happydays:7005598858c6ba3a,happydays:7005598858c6ba3a,3.5g,HD-7005598858c6ba3a,True,34,40,3.5g,,,https://imgix.dispenseapp.com/145c714690909516_1763393860597-514966923-222344234234.jpg,3.5,grams,4,25.72,
happydays:4afea3546606384d,happydays:4afea3546606384d,3.5g,1511026254539581,True,34,40,3.5g,,,https://imgix.dispenseapp.com/145c714690909516_1763393848905-809828106-23434442.jpg,3.5,grams,18,33.03,
happydays:31639c589fff3328,happydays:31639c589fff3328,1g,NYFK500977.INJZDF,True,60,60,1g,,,https://imgix.dispenseapp.com/145c714690909516_1763143401317-283924886-564685263.jpg,1,grams,34,59.3,
happydays:809dd0fbd21e0d78,happydays:809dd0fbd21e0d78,2g,HD-809dd0fbd21e0d78,True,65,65,2g,,,https://imgix.dispenseapp.com/145c714690909516_1763138657486-928842389-43264244266.avif,2,grams,14,91.55,
happydays:5435559b3df0e3ff,happydays:5435559b3df0e3ff,2g,HD-5435559b3df0e3ff,True,56,70,2g,,,https://imgix.dispenseapp.com/145c714690909516_1763036534624-674911622-23423423456523424.png,2,grams,20,83.42,
happydays:fd934a2b80747464,happydays:fd934a2b80747464,28g,HD-fd934a2b80747464,True,152,190,28g,,,https://imgix.dispenseapp.com/145c714690909516_1763036295357-170779934-6475245525252523454.png,28,grams,1,21.24,
happydays:efdf9a967efd4dee,happydays:efdf9a967efd4dee,7g,810200122583,True,50,50,7g,,,https://imgix.dispenseapp.com/145c714690909516_1782930800129-334416348-2342.png,7,grams,105,26.45,
happydays:7e2e2f03d32972fd,happydays:7e2e2f03d32972fd,1.2g,uxg0000056,True,13.6,16,1.2g,,,https://imgix.dispenseapp.com/145c714690909516_1782246170502-302749057-Goliath_PREROLL_INFUSED.png,1.2,grams,9,26.39,
happydays:46c2b1663cdbdbe2,happydays:46c2b1663cdbdbe2,1.5g,850049967990,True,44,55,1.5g,,,https://imgix.dispenseapp.com/145c714690909516_1762880899824-716454372-2342342356763534.png,1.5,grams,32,85.42,
happydays:c2004e812dcf4fc1,happydays:c2004e812dcf4fc1,1.5g,850049967983,True,44,55,1.5g,,,https://imgix.dispenseapp.com/145c714690909516_1762880937281-519297102-2344545523542.png,1.5,grams,17,87.35,
happydays:6668ee3c389fe2f5,happydays:6668ee3c389fe2f5,1g,142005420022,True,14,14,1g,,,https://imgix.dispenseapp.com/145c714690909516_1762886561603-108594398-42524118841.jpg,1,grams,76,32.3,
happydays:a8237212cd1dfae4,happydays:a8237212cd1dfae4,100mg,000117000023,True,19,19,100mg,,,https://imgix.dispenseapp.com/145c714690909516_1762856639906-573709674-355552.jpg,100,milligrams,91,,
happydays:b605233963ceb993,happydays:b605233963ceb993,28g,HD-b605233963ceb993,True,128,160,28g,,,https://imgix.dispenseapp.com/145c714690909516_1762858161006-747820331-2345452525.jpg,28,grams,12,24.9,
happydays:017d0771089ec5b9,happydays:017d0771089ec5b9,3.5g,https://qr-codes.io/k3zJVp,True,30,40,3.5g,,,https://imgix.dispenseapp.com/145c714690909516_1762857749297-301811079-43534234356532.jpg,3.5,grams,16,33.41,
happydays:9460750a972a1e65,happydays:9460750a972a1e65,2.5g,HTTPS://1A4.COM/5LO1I9DSNZICM7GOXPA7,True,29.75,35,2.5g,,,https://imgix.dispenseapp.com/145c714690909516_1762773809505-122091743-51513514181818.JPG,2.5,grams,24,28.71,
happydays:b3914fe90b5f9da6,happydays:b3914fe90b5f9da6,1g,000000126175,True,34,40,1g,,,https://imgix.dispenseapp.com/145c714690909516_1762773594391-21861929-44245334821.jpg,1,grams,10,84.5,
happydays:36cd639d48d5da2c,happydays:36cd639d48d5da2c,Papers,051497011628,True,3,3,,,,https://imgix.dispenseapp.com/145c714690909516_1784561783489-742327730-345345.webp,,,180,,
happydays:7387670d23dc6ab2,happydays:7387670d23dc6ab2,7g,https://qrco.de/bgBX8w,True,80,80,7g,,,https://imgix.dispenseapp.com/145c714690909516_1762436597774-575495821-3334532342.jpg,7,grams,31,43.39,
happydays:e572b4d3037040fa,happydays:e572b4d3037040fa,7g,https://qrco.de/bgBXCn,True,80,80,7g,,,https://imgix.dispenseapp.com/145c714690909516_1762436609787-289902390-55343453.jpg,7,grams,39,47.97,
happydays:44a8bafed79dec30,happydays:44a8bafed79dec30,100mg,HD-44a8bafed79dec30,True,22.5,30,100mg,,,https://imgix.dispenseapp.com/145c714690909516_1762428795255-902481313-356452413413435.png,100,milligrams,33,,
happydays:867376f648c7f4bd,happydays:867376f648c7f4bd,100mg,HD-867376f648c7f4bd,True,17,17,100mg,,,https://imgix.dispenseapp.com/145c714690909516_1762428884016-315243897-453542424824.jpg,100,milligrams,21,,
happydays:cf1d3f0bf5930e0a,happydays:cf1d3f0bf5930e0a,1.75g,HD-cf1d3f0bf5930e0a,True,30,30,1.75g,,,https://imgix.dispenseapp.com/145c714690909516_1762343514416-887862005-897645352352.png,1.75,grams,38,23.71,
happydays:3fea28b6c60d5387,happydays:3fea28b6c60d5387,1g,httpsmcrlabsnysharefilecompublicsharewebs06438df138d64b14923bcec75e728c70,True,36,40,1g,,,https://imgix.dispenseapp.com/145c714690909516_1762446124234-11307897-Screenshot_2025-11-06_112010.png,1,grams,3,88.9,
happydays:adaa57780d673b76,happydays:adaa57780d673b76,1g,https://mcrlabsny.sharefile.com/public/share/web-s80b5714f47bb44ec8da1753d6765a834,True,36,40,1g,,,https://imgix.dispenseapp.com/145c714690909516_1762446864177-476483278-Screenshot_2025-11-06_112010.png,1,grams,27,83.1,
happydays:4c8a0fd662abb269,happydays:4c8a0fd662abb269,2g,HD-4c8a0fd662abb269,True,74.7,83,2g,,,https://imgix.dispenseapp.com/145c714690909516_1762429966548-421719246-46535364.png,2,grams,33,84.93,
happydays:02828004fbe1fb37,happydays:02828004fbe1fb37,1g,HD-02828004fbe1fb37,True,45,50,1g,,,https://imgix.dispenseapp.com/145c714690909516_1762252400512-125200190-23423432423534234234234.png,1,grams,31,81.25,
happydays:d0ff1d67cfa093fa,happydays:d0ff1d67cfa093fa,100mg,810076071800,True,22.5,30,100mg,,,https://imgix.dispenseapp.com/145c714690909516_1761660120154-429906198-874656423524524525.jpg,100,milligrams,17,,
happydays:1545979293cf20d1,happydays:1545979293cf20d1,100mg,810076073309,True,22.5,30,100mg,,,https://imgix.dispenseapp.com/145c714690909516_1761659994895-105313202-3453535456345324242342356523.jpg,100,milligrams,22,,
happydays:544714e02e705ef1,happydays:544714e02e705ef1,100mg,810076073286,True,22.5,30,100mg,,,https://imgix.dispenseapp.com/145c714690909516_1786112551736-411760367-boysenberry.jpg,100,milligrams,12,,
happydays:dae65f55fdd14fb4,happydays:dae65f55fdd14fb4,100mg,810076071831,True,22.5,30,100mg,,,https://imgix.dispenseapp.com/145c714690909516_1761660251694-60798419-7773453453254242.jpg,100,milligrams,12,,
happydays:ca3b1ee02af625dd,happydays:ca3b1ee02af625dd,1g,https://mcrlabsny.sharefile.com/public/share/web-se8b3fbb053014e2bb12b993ee617cc84,True,13.5,15,1g,,,https://imgix.dispenseapp.com/145c714690909516_1770768315579-726359278-Temporary_Watermelon_Mojito_1g_infused_preroll.png,1,grams,39,35.4,
happydays:329aa8f95d7f76de,happydays:329aa8f95d7f76de,1g,https://mcrlabsny.sharefile.com/public/share/web-s9ef136af8cf24e74a072588dbd219c10,True,13.5,15,1g,,,https://imgix.dispenseapp.com/145c714690909516_1770768282361-892653279-Pineapple_Splash.png,1,grams,28,39.2,
happydays:94e15cb00e001fba,happydays:94e15cb00e001fba,Rewards Hoodies,HDRWHBLKS01,True,35,35,,,,https://imgix.dispenseapp.com/145c714690909516_1761936671599-416622936-47.png,,,20,,
happydays:7ebc195658e242ac,happydays:7ebc195658e242ac,Rewards Hoodies,HDRWHBURS01,True,35,35,,,,https://imgix.dispenseapp.com/145c714690909516_1761936748837-840229218-50.png,,,7,,
happydays:ca636ce5eb7e8628,happydays:ca636ce5eb7e8628,Rewards Hoodies,HDRWHBLUS01,True,35,35,,,,https://imgix.dispenseapp.com/145c714690909516_1761937178579-933126379-fxgzdhdzbnzdn.png,,,21,,
happydays:550bbdc589d59bbb,happydays:550bbdc589d59bbb,Rewards Hoodies,HDRWHGRYS01,True,35,35,,,,https://imgix.dispenseapp.com/145c714690909516_1761937255575-126250706-hvnfznzdngnn.png,,,19,,
happydays:28b860609423ea38,happydays:28b860609423ea38,28g,HD-28b860609423ea38,True,152,190,28g,,,https://imgix.dispenseapp.com/145c714690909516_1761310783334-94705578-2342343242366735232.png,28,grams,37,30.17,
happydays:7d141864a7d59dd0,happydays:7d141864a7d59dd0,2g,101520502965,True,39.75,39.75,2g,,,https://imgix.dispenseapp.com/145c714690909516_1776947987903-296549193-1333.png,2,grams,29,41.73,
happydays:f6bb4a3c6054d631,happydays:f6bb4a3c6054d631,2g,https://mcrlabsny.sharefile.com/public/share/web-sdee14214395649758cb1f8978f0adc24,True,31.5,35,2g,,,https://imgix.dispenseapp.com/145c714690909516_1761217667964-101518565-7777674534555.png,2,grams,40,30.3,
happydays:4610ae6fcc8a2599,happydays:4610ae6fcc8a2599,2g,https://mcrlabsny.sharefile.com/public/share/web-sa14e49b172d748d7becc06b001d98556,True,31.5,35,2g,,,https://imgix.dispenseapp.com/145c714690909516_1761217656846-431211844-765436423524525.png,2,grams,11,31.9,
happydays:25278857aa537d6a,happydays:25278857aa537d6a,2g,794677768881,True,31.5,35,2g,,,https://imgix.dispenseapp.com/145c714690909516_1761217721394-223218901-33333424234556234234.png,2,grams,57,33.2,
happydays:9dc9a854cba935a0,happydays:9dc9a854cba935a0,50mg,810029769778,True,12,16,50mg,,,https://imgix.dispenseapp.com/145c714690909516_1761159259533-692180605-Cotton_Candy.jpg,50,milligrams,23,,
happydays:39db236411f8e376,happydays:39db236411f8e376,1g,AI090625TC - 1C,True,50,50,1g,,,https://imgix.dispenseapp.com/145c714690909516_1785247711518-227704436-RENDER-AP-1G-FL-LDS-TRCH-S-18-AC.png,1,grams,75,96.76,
happydays:9861c763a61ca26d,happydays:9861c763a61ca26d,100mg,HD-9861c763a61ca26d,True,16,16,100mg,,,https://imgix.dispenseapp.com/145c714690909516_1761041104518-510234846-34234242342342.png,100,milligrams,18,,
happydays:5efb4e2bc002eabd,happydays:5efb4e2bc002eabd,28g,HD-5efb4e2bc002eabd,True,152,190,28g,,,https://imgix.dispenseapp.com/145c714690909516_1761039873912-207674290-653542352345345.png,28,grams,23,32.77,
happydays:fc52b97f3eb2f37b,happydays:fc52b97f3eb2f37b,7g,001341200395,True,44,44,7g,,,https://imgix.dispenseapp.com/145c714690909516_1765285921828-937341463-45687894564.PNG,7,grams,56,25.22,
happydays:dc571a2fad6a3ddb,happydays:dc571a2fad6a3ddb,0.5g,HD-dc571a2fad6a3ddb,True,15,15,0.5g,,,https://imgix.dispenseapp.com/145c714690909516_1760699084070-406704333-234344444444444.png,0.5,grams,98,45.37,
happydays:3f0c44fe88e6532a,happydays:3f0c44fe88e6532a,0.5g,HD-3f0c44fe88e6532a,True,15,15,0.5g,,,https://imgix.dispenseapp.com/145c714690909516_1760699028226-512738410-411414151514515131.png,0.5,grams,49,49.9,
happydays:fe18dbea593ad8a0,happydays:fe18dbea593ad8a0,0.5g,HD-fe18dbea593ad8a0,True,15,15,0.5g,,,https://imgix.dispenseapp.com/145c714690909516_1760699463215-905328435-234344444444444.png,0.5,grams,46,46.3,
happydays:5f8eeb9cd641babf,happydays:5f8eeb9cd641babf,100mg,810029768115,True,12,16,100mg,,,https://imgix.dispenseapp.com/145c714690909516_1787065316437-869171719-CaliMelonHH.jpg,100,milligrams,97,,
happydays:94d7a6e08cda7d8c,happydays:94d7a6e08cda7d8c,100mg,810029768122,True,12,16,100mg,,,https://imgix.dispenseapp.com/145c714690909516_1787065291043-184566491-PinaColadaHH.jpg,100,milligrams,24,,
happydays:b7e913af4cab2005,happydays:b7e913af4cab2005,100mg,https://ny-keystonestatetesting.grow.labware.cloud/COA?guid=2120DA64-03A8-4D64-906D-4767CEF601AA,True,24,24,100mg,,,https://imgix.dispenseapp.com/145c714690909516_1787100633281-959793298-SweetDreamsFx.png,100,milligrams,97,,
happydays:127c7938f5b2d165,happydays:127c7938f5b2d165,100mg,HD-127c7938f5b2d165,True,24,24,100mg,,,https://imgix.dispenseapp.com/145c714690909516_1787100507711-546756250-GoodVibesFX.png,100,milligrams,92,,
happydays:50d493c5682dce5f,happydays:50d493c5682dce5f,2g,HD-50d493c5682dce5f,True,68,85,2g,,,https://imgix.dispenseapp.com/145c714690909516_1759960558017-996929971-RYTHM-Concentrate-Live-INDICA-500mg-1g-AnimalFace-Img1.png,2,grams,65,79.9,
happydays:4c213bad82474458,happydays:4c213bad82474458,0.5g,HD-4c213bad82474458,True,32,40,0.5g,,,https://imgix.dispenseapp.com/145c714690909516_1759960098060-893401688-RYTHM-Vape-SOLVENTLESS-INDICA-500mg-img1.png,0.5,grams,2,79.79,
happydays:dad1dd1667ec9773,happydays:dad1dd1667ec9773,1g,810029769174,True,6.75,9,1g,,,https://imgix.dispenseapp.com/145c714690909516_1762252965788-747712977-35345345345664534324.png,1,grams,24,24.58,
happydays:621b3b51b611a40f,happydays:621b3b51b611a40f,1g,810029768894,True,6.75,9,1g,,,https://imgix.dispenseapp.com/145c714690909516_1776944872563-515152858-4533.jpeg,1,grams,80,24.04,
happydays:e7717adae081469a,happydays:e7717adae081469a,3.5g,742239422399,True,44,44,3.5g,,,https://imgix.dispenseapp.com/145c714690909516_1761566599969-341988947-423624374873583476438.png,3.5,grams,59,31.01,
happydays:d5ad0da83b393030,happydays:d5ad0da83b393030,100mg,HD-d5ad0da83b393030,True,17,20,100mg,,,https://imgix.dispenseapp.com/145c714690909516_1759495683898-47344372-23423565534234123123.png,100,milligrams,100,,
happydays:3e490dc9eea258bf,happydays:3e490dc9eea258bf,100mg,HD-3e490dc9eea258bf,True,11.05,13,100mg,,,https://imgix.dispenseapp.com/145c714690909516_1759496234817-35197285-586522354375244234.png,100,milligrams,230,,
happydays:a50b1c856e470326,happydays:a50b1c856e470326,100mg,HD-a50b1c856e470326,True,11.05,13,100mg,,,https://imgix.dispenseapp.com/145c714690909516_1759496371626-273952875-9875463546524243.png,100,milligrams,233,,
happydays:3009d404d3d01776,happydays:3009d404d3d01776,100mg,HTTPS://1A4.COM/13U2YPUQ3SE8634HXYL6P4,True,11.05,13,100mg,,,https://imgix.dispenseapp.com/145c714690909516_1759496281574-684862650-9867563542342424234.png,100,milligrams,393,,
happydays:f13216d46c78e3b4,happydays:f13216d46c78e3b4,100mg,https://share.confidentlims.com/samples/public/share/3b6b0a16-0fde-4bde-bb7a-3538fd40f81b,True,20.4,24,100mg,,,https://imgix.dispenseapp.com/145c714690909516_1759420260022-263306422-2342555423432423412.png,100,milligrams,24,,
happydays:91fc38b91efdc764,happydays:91fc38b91efdc764,100mg,https://share.confidentlims.com/samples/public/share/672d68c5-4c1d-47f0-b3bf-8fece6c06ec8,True,20.4,24,100mg,,,https://imgix.dispenseapp.com/145c714690909516_1759495891465-661362133-2345243534312312313123123.png,100,milligrams,44,,
happydays:968e836d03f3ca8d,happydays:968e836d03f3ca8d,100mg,HD-968e836d03f3ca8d,True,20.4,24,100mg,,,https://imgix.dispenseapp.com/145c714690909516_1759420385668-988417155-1212312344523412312312312.png,100,milligrams,79,,
happydays:5c0b0fc23aef87aa,happydays:5c0b0fc23aef87aa,3.5g,HD-5c0b0fc23aef87aa,True,60,60,3.5g,,,https://imgix.dispenseapp.com/145c714690909516_1760350392587-912196056-7545334234245353.png,3.5,grams,6,44.3,
happydays:2f4ef0e5fd181233,happydays:2f4ef0e5fd181233,2g,810139762744,True,67.5,90,2g,,,https://imgix.dispenseapp.com/145c714690909516_1756913585790-842929101-63634248248241787414.jpg,2,grams,15,69.39,
happydays:a5e12f027a75bd9e,happydays:a5e12f027a75bd9e,3.75g,https://mcrlabsny.sharefile.com/public/share/web-s5fb59d24d71e4562aa1633a72f97714d,True,36,40,3.75g,,,https://imgix.dispenseapp.com/145c714690909516_1759242640304-848883932-Banana_Creme_prerolls.png,3.75,grams,30,24.3,
happydays:084ba35404f840bc,happydays:084ba35404f840bc,2g,https://mcrlabsny.sharefile.com/public/share/web-s97ceb4b7ade041b8963d29a673aad7c9,True,58.5,65,2g,,,https://imgix.dispenseapp.com/145c714690909516_1759875649361-805934432-345642356235.png,2,grams,35,86.1,
happydays:13b03fb6119cd6a6,happydays:13b03fb6119cd6a6,2g,110720216060,True,58.5,65,2g,,,https://imgix.dispenseapp.com/145c714690909516_1759875678539-70611590-2g_sd_x_mw.png,2,grams,17,83.5,
happydays:776be34a438e7f2b,happydays:776be34a438e7f2b,2g,https://mcrlabsny.sharefile.com/public/share/web-s662bcb43a2ef4722bedd8ff3523d2e97,True,31.5,35,2g,,,https://imgix.dispenseapp.com/145c714690909516_1759242177552-753689377-LC_infused_blunt.png,2,grams,28,37,
happydays:c91231ba1fc8d181,happydays:c91231ba1fc8d181,1g,HD-c91231ba1fc8d181,True,9,10,1g,,,https://imgix.dispenseapp.com/145c714690909516_1759242589106-494653399-5464545745.png,1,grams,29,19.7,
happydays:b14a1477c574526c,happydays:b14a1477c574526c,Other Accessories,HD-b14a1477c574526c,True,7.5,7.5,,,,https://imgix.dispenseapp.com/145c714690909516_1768834227581-337005486-Photoroom_20260119_094710.jpeg,,,5,,
happydays:5a464a1427eee452,happydays:5a464a1427eee452,Other Accessories,HD-5a464a1427eee452,True,7.5,7.5,,,,https://imgix.dispenseapp.com/145c714690909516_1768834117216-13821080-Photoroom_20260119_094204.jpeg,,,30,,
happydays:a3967656f20f2c3e,happydays:a3967656f20f2c3e,Other Accessories,HD-a3967656f20f2c3e,True,7.5,7.5,,,,https://imgix.dispenseapp.com/145c714690909516_1768834140883-419326649-Photoroom_20260119_094012.jpeg,,,15,,
happydays:86846ba126c14d5c,happydays:86846ba126c14d5c,1g,7485769901849826,True,42.5,50,1g,,,https://imgix.dispenseapp.com/145c714690909516_1758885647588-345980460-3454353424234234.png,1,grams,12,91.09,
happydays:c4e2e470cf5cee2b,happydays:c4e2e470cf5cee2b,Storage,601527409569,True,10,10,,,,https://imgix.dispenseapp.com/145c714690909516_1758832394215-198596398-HDD_Dube_Tube.jpg,,,62,,
happydays:68c7e2d2d7cbe127,happydays:68c7e2d2d7cbe127,Bongs/pipes,HD-68c7e2d2d7cbe127,True,7.5,7.5,,,,https://imgix.dispenseapp.com/145c714690909516_1768834289530-590963281-Photoroom_20260119_094139.jpeg,,,8,,
happydays:1e4ae182c9221f21,happydays:1e4ae182c9221f21,Papers,HD-1e4ae182c9221f21,True,3,3,,,,https://imgix.dispenseapp.com/145c714690909516_1766422245289-674927565-514541651.png,,,45,,
happydays:7c454bebdaf19c0f,happydays:7c454bebdaf19c0f,1g,HD-7c454bebdaf19c0f,True,45,45,1g,,,https://imgix.dispenseapp.com/145c714690909516_1758611750513-721242855-IMG_9547.png,1,grams,36,75.3,
happydays:2df980b03314a0e5,happydays:2df980b03314a0e5,2g,HD-2df980b03314a0e5,True,56,70,2g,,,https://imgix.dispenseapp.com/145c714690909516_1758189830791-673328267-764552435.png,2,grams,36,86.26,
happydays:c75a5b12a9361985,happydays:c75a5b12a9361985,2g,810029768702,True,52.5,70,2g,,,https://imgix.dispenseapp.com/145c714690909516_1755083396923-624407304-165156165131351321313132151.jpg,2,grams,59,88.73,
happydays:1d96dbcec6a1de3e,happydays:1d96dbcec6a1de3e,3.75g,https://mcrlabsny.sharefile.com/public/share/web-s4184dc51555249df9684b41b8f8e6bb5,True,36,40,3.75g,,,https://imgix.dispenseapp.com/145c714690909516_1759326385713-463627791-wm_ll.png,3.75,grams,2,34.4,
happydays:457dbc7e451403a8,happydays:457dbc7e451403a8,3.5g,HD-457dbc7e451403a8,True,30,30,3.5g,,,https://imgix.dispenseapp.com/145c714690909516_1787411587653-256093344-LAPopRockzBotanist.avif,3.5,grams,72,26.95,
happydays:06c098a950b694b3,happydays:06c098a950b694b3,2g,HD-06c098a950b694b3,True,74.7,83,2g,,,https://imgix.dispenseapp.com/145c714690909516_1758031921579-387882090-141415181812515151515.png,2,grams,46,79.44,
happydays:2a536f240a927426,happydays:2a536f240a927426,2g,HD-2a536f240a927426,True,74.7,83,2g,,,https://imgix.dispenseapp.com/145c714690909516_1758031823408-315621965-23423423455234234234234234234234.png,2,grams,34,82.89,
happydays:0d61f33198f03091,happydays:0d61f33198f03091,2g,HD-0d61f33198f03091,True,74.7,83,2g,,,https://imgix.dispenseapp.com/145c714690909516_1758032005141-970363628-23423423532532523424234234234.png,2,grams,52,81.89,
happydays:7ee665388972188a,happydays:7ee665388972188a,2g,HD-7ee665388972188a,True,74.7,83,2g,,,https://imgix.dispenseapp.com/145c714690909516_1758032113547-600621445-234234255554524234234234.png,2,grams,21,81.8,
happydays:60a6b350aec6030f,happydays:60a6b350aec6030f,1.5g,850049967976,True,44,55,1.5g,,,https://imgix.dispenseapp.com/145c714690909516_1758033913194-712358268-2424523543453452424532453.png,1.5,grams,37,89.98,
happydays:d82c3b607564a20f,happydays:d82c3b607564a20f,Bongs/pipes,HD-d82c3b607564a20f,True,70,70,,,,https://imgix.dispenseapp.com/145c714690909516_1758144358050-439381531-BONG_1.png,,,34,,
happydays:5b019168f4e87b5f,happydays:5b019168f4e87b5f,Bongs/pipes,HD-5b019168f4e87b5f,True,65,65,,,,https://imgix.dispenseapp.com/145c714690909516_1758144331846-936982489-BONG_2.png,,,63,,
happydays:781c3840e32acd69,happydays:781c3840e32acd69,1.2g,UXG0000052,True,13.6,16,1.2g,,,https://imgix.dispenseapp.com/145c714690909516_1788289348761-450058027-Hash_Infused_Preroll-_Berries_and_Banana-_Indica-_uX.png,1.2,grams,60,23.36,
happydays:001eee3d02088fda,happydays:001eee3d02088fda,2.5g,HTTPS://1A4.COM/5LO1I9DSNZICM7GOXPU0,True,29.75,35,2.5g,,,https://imgix.dispenseapp.com/145c714690909516_1758047085968-808069558-specimen.JPG,2.5,grams,25,23.63,
happydays:8f9846ca24870dba,happydays:8f9846ca24870dba,2.5g,HTTPS://1A4.COM/5LO1I9DSNZICM7GOXR9N,True,29.75,35,2.5g,,,https://imgix.dispenseapp.com/145c714690909516_1758047107119-961465627-sboof.JPG,2.5,grams,55,24.99,
happydays:10ffa320807c5d99,happydays:10ffa320807c5d99,2.5g,HTTPS://1A4.COM/5LO1I9DSNZICM7GOXPGU,True,29.75,35,2.5g,,,https://imgix.dispenseapp.com/145c714690909516_1758046906728-116260043-chimera.JPG,2.5,grams,39,24.47,
happydays:94872670d15abfe3,happydays:94872670d15abfe3,2.5g,https://ny.yourcoa.com/coa/redirect-url/58204,True,29.75,35,2.5g,,,https://imgix.dispenseapp.com/145c714690909516_1758046885366-665434300-cap.JPG,2.5,grams,40,23.82,
happydays:004699b2a9265c10,happydays:004699b2a9265c10,1g,806202501525,True,26,26,1g,,,https://imgix.dispenseapp.com/145c714690909516_1757947985709-533301988-67643543242342345634534.png,1,grams,72,36.96,
happydays:bf0db24849ae5d59,happydays:bf0db24849ae5d59,2.5g,929202502672,True,43,43,2.5g,,,https://imgix.dispenseapp.com/145c714690909516_1757948134880-828854042-635421875242425421.png,2.5,grams,49,39.83,
happydays:4b742119948c5348,happydays:4b742119948c5348,Bongs/pipes,HD-4b742119948c5348,True,15,15,,,,https://imgix.dispenseapp.com/145c714690909516_1784566162754-507963960-744565.jpeg,,,55,,
happydays:acd339d2b10d6999,happydays:acd339d2b10d6999,2g,HD-acd339d2b10d6999,True,56,70,2g,,,https://imgix.dispenseapp.com/145c714690909516_1756989983550-788550313-RYTHM-Vape-Bag-DVP-2g-Sativa-Img1.png,2,grams,2,86.63,
happydays:3772ccc1c83fe2e9,happydays:3772ccc1c83fe2e9,2g,HD-3772ccc1c83fe2e9,True,56,70,2g,,,https://imgix.dispenseapp.com/145c714690909516_1756989838658-375478240-RYTHM-Vape-Bag-DVP-2g-Sativa-Img1.png,2,grams,66,88.22,
happydays:e00cca23fea53198,happydays:e00cca23fea53198,Other Accessories,HD-e00cca23fea53198,True,16,16,,,,https://imgix.dispenseapp.com/145c714690909516_1778182218230-905689608-Special_Blue_Black_Panther_Torch.jpg,,,9,,
happydays:615e5e3113419f36,happydays:615e5e3113419f36,1.75g,HD-615e5e3113419f36,True,28,28,1.75g,,,https://imgix.dispenseapp.com/145c714690909516_1756989312614-9337783-3453454577777774563453.png,1.75,grams,15,33.77,
happydays:67f1bf0a6fc04066,happydays:67f1bf0a6fc04066,1g,850049967938,True,36,45,1g,,,https://imgix.dispenseapp.com/145c714690909516_1757413433510-877767669-577656342342565343.jpg,1,grams,22,83.56,
happydays:06a3e24bd85bdb81,happydays:06a3e24bd85bdb81,1g,850049967921,True,36,45,1g,,,https://imgix.dispenseapp.com/145c714690909516_1757413484697-399575557-678687564354243663756.jpg,1,grams,19,85,
happydays:ac0105aeccfed868,happydays:ac0105aeccfed868,2.5g,916202502405,True,43,43,2.5g,,,https://imgix.dispenseapp.com/145c714690909516_1756465038479-845027561-546666656332344242.png,2.5,grams,44,36.81,
happydays:4bd8d6a80bf76fdf,happydays:4bd8d6a80bf76fdf,2.5g,915202502361,True,43,43,2.5g,,,https://imgix.dispenseapp.com/145c714690909516_1756465314642-465148533-65168518155515151515156.png,2.5,grams,97,36.8,
happydays:502e706f18735810,happydays:502e706f18735810,2g,121720501858,True,39.75,39.75,2g,,,https://imgix.dispenseapp.com/145c714690909516_1756466267056-401659712-465666456453242234.png,2,grams,12,37.55,
happydays:17f7fe3e962094ef,happydays:17f7fe3e962094ef,2.5g,312202605649,True,43,43,2.5g,,,https://imgix.dispenseapp.com/145c714690909516_1756465224623-488641070-63636532788421451824.png,2.5,grams,44,34.88,
happydays:0503c377c2ebaff0,happydays:0503c377c2ebaff0,Apparel,HDBUCKBLK01,True,20,20,,,,https://imgix.dispenseapp.com/145c714690909516_1757347859900-461790935-1.png,,,121,,
happydays:fa8690bebef8697c,happydays:fa8690bebef8697c,Apparel,HDBUCKGRN01,True,20,20,,,,https://imgix.dispenseapp.com/145c714690909516_1757347869149-249590349-2.png,,,120,,
happydays:646f65c6bf93ec37,happydays:646f65c6bf93ec37,3.5g,850074036197,True,39,39,3.5g,,,https://imgix.dispenseapp.com/145c714690909516_1757006500416-208963318-45245242824242452524524214.jpg,3.5,grams,24,22.25,
happydays:c503eb774d6aeef4,happydays:c503eb774d6aeef4,3.5g,FOSN-101325,True,30,30,3.5g,,,https://imgix.dispenseapp.com/145c714690909516_1776950135697-472985553-484.png,3.5,grams,8,23.54,
happydays:edab440c1588a692,happydays:edab440c1588a692,1g,LE2026AB,True,9,9,1g,,,https://imgix.dispenseapp.com/145c714690909516_1764796467892-410615348-LESOESPRESSOIMG.jpg,1,grams,789,43.58,
happydays:40428fe5f974e4b2,happydays:40428fe5f974e4b2,1g,001341000629,True,7,7,1g,,,https://imgix.dispenseapp.com/145c714690909516_1756203330554-263086832-2342435346454352342342342342.png,1,grams,72,27.79,
happydays:b985379db96fa8c5,happydays:b985379db96fa8c5,Bongs/pipes,HD-b985379db96fa8c5,True,60,60,,,,https://imgix.dispenseapp.com/145c714690909516_1755860207110-242876295-3423423423423423442121212122.png,,,29,,
happydays:67047dd36ab2d7d0,happydays:67047dd36ab2d7d0,150mg,https://www.canna-clinicals.com/testing,True,18.75,25,150mg,,,https://imgix.dispenseapp.com/145c714690909516_1755790621864-201450198-2342342432432424234242423423423423432.png,150,milligrams,55,,
happydays:342f939f5664c964,happydays:342f939f5664c964,Bongs/pipes,HD-342f939f5664c964,True,35,35,,,,https://imgix.dispenseapp.com/145c714690909516_1784754019743-510995062-8in_Bong_Waterpipe.png,,,8,,
happydays:725224148029287f,happydays:725224148029287f,Cbd Topical,HD-725224148029287f,True,60,60,,,,https://imgix.dispenseapp.com/145c714690909516_1755515550550-88138618-234324234234234234.png,,,7,,
happydays:8a60938633ada493,happydays:8a60938633ada493,100mg,uxc0000084,True,30,30,100mg,,,https://imgix.dispenseapp.com/145c714690909516_1755187980841-931318033-4353453534645675643454345354.jpg,100,milligrams,26,,
happydays:6a2d6498b55503a2,happydays:6a2d6498b55503a2,100mg,810076073170,True,22.5,30,100mg,,,https://imgix.dispenseapp.com/145c714690909516_1755178749223-322941566-5415641651651651651.jpg,100,milligrams,16,,
happydays:f58182689516857d,happydays:f58182689516857d,2.5g,850076930172,True,34,40,2.5g,,,https://imgix.dispenseapp.com/145c714690909516_1760093739636-937181825-99764635546.png,2.5,grams,41,33.32,
happydays:b62e9ad1374aefde,happydays:b62e9ad1374aefde,1g,HD-b62e9ad1374aefde,True,33.75,45,1g,,,https://imgix.dispenseapp.com/145c714690909516_1776802118644-660418475-CART_1G_SATIVA_-_WHITE_THUMBNAIL.png,1,grams,37,87.95,
happydays:153ad8256dfd43f2,happydays:153ad8256dfd43f2,7g,HD-153ad8256dfd43f2,True,44,44,7g,,,https://imgix.dispenseapp.com/145c714690909516_1755082838443-988778680-4524524382482428278274.jpg,7,grams,64,27.65,
happydays:e6fdb66f70847b87,happydays:e6fdb66f70847b87,Apparel,HDLSSHMBOMTCGRYM01,True,25,25,,,,https://imgix.dispenseapp.com/145c714690909516_1769549887540-347433952-6.png,,,14,,
happydays:288c108b741aac59,happydays:288c108b741aac59,Apparel,HDLSSHMBOMTCGRY3XL01,True,25,25,,,,https://imgix.dispenseapp.com/145c714690909516_1769549931292-678937965-6.png,,,5,,
happydays:9f2818a867950372,happydays:9f2818a867950372,Apparel,HDLSSSLGSFGRNS01,True,25,25,,,,https://imgix.dispenseapp.com/145c714690909516_1769550063029-701878735-7.png,,,10,,
happydays:df101e8c1a265e45,happydays:df101e8c1a265e45,Apparel,HDLSSHMBOMTCGRY2XL01,True,25,25,,,,https://imgix.dispenseapp.com/145c714690909516_1769549916084-991242409-6.png,,,8,,
happydays:aa25ef5c33990527,happydays:aa25ef5c33990527,Apparel,HDLSSHMBOMTCGRYL01,True,25,25,,,,https://imgix.dispenseapp.com/145c714690909516_1769549879892-632531242-6.png,,,17,,
happydays:feddac7b74a08517,happydays:feddac7b74a08517,Apparel,HDLSSHMBOMTCGRYXL01,True,25,25,,,,https://imgix.dispenseapp.com/145c714690909516_1769549908817-66898577-6.png,,,19,,
happydays:f1f75b630fdd2495,happydays:f1f75b630fdd2495,Apparel,HDLSSHMBOMTCGRYS01,True,25,25,,,,https://imgix.dispenseapp.com/145c714690909516_1769549894783-697188845-6.png,,,10,,
happydays:8a01e9503af47fd7,happydays:8a01e9503af47fd7,Apparel,HDLSSSLGSFGRN2XL01,True,25,25,,,,https://imgix.dispenseapp.com/145c714690909516_1769550078161-544236521-7.png,,,9,,
happydays:2e856d8d0951fbd7,happydays:2e856d8d0951fbd7,Apparel,HDLSSSLGSFGRNL01,True,25,25,,,,https://imgix.dispenseapp.com/145c714690909516_1769550032608-139199629-7.png,,,21,,
happydays:39a08ac2847dde33,happydays:39a08ac2847dde33,Apparel,HDLSSSLGSFGRNM01,True,25,25,,,,https://imgix.dispenseapp.com/145c714690909516_1769550055224-867665677-7.png,,,17,,
happydays:5ba69903b6793a60,happydays:5ba69903b6793a60,Apparel,HDLSSSLGSFGRN3XL01,True,25,25,,,,https://imgix.dispenseapp.com/145c714690909516_1769550083630-436995399-7.png,,,4,,
happydays:5822d84c24434656,happydays:5822d84c24434656,Apparel,HDLSSSLGSFGRNXL01,True,25,25,,,,https://imgix.dispenseapp.com/145c714690909516_1769550070980-984969981-7.png,,,22,,
happydays:58896f6cf49eef4e,happydays:58896f6cf49eef4e,Apparel,HD-58896f6cf49eef4e,True,25,25,,,,https://imgix.dispenseapp.com/145c714690909516_1754653652943-973072207-345345345556766745634.png,,,13,,
happydays:3f7d19e994aa1a9a,happydays:3f7d19e994aa1a9a,Apparel,HD-3f7d19e994aa1a9a,True,25,25,,,,https://imgix.dispenseapp.com/145c714690909516_1754653659699-952071795-345345345556766745634.png,,,5,,
happydays:b22949ad5a459262,happydays:b22949ad5a459262,Apparel,HDSSOHWSBLUS01,True,25,25,,,,https://imgix.dispenseapp.com/145c714690909516_1754653481722-913306610-2342342343556346345353.png,,,4,,
happydays:188010b3026e2bf3,happydays:188010b3026e2bf3,Apparel,HDSSVNBMBLKL01,True,25,25,,,,https://imgix.dispenseapp.com/145c714690909516_1754653201248-824270733-345345335345345534.png,,,8,,
happydays:9ef83d004d106ffe,happydays:9ef83d004d106ffe,Apparel,HD-9ef83d004d106ffe,True,25,25,,,,https://imgix.dispenseapp.com/145c714690909516_1754653663667-588219690-345345345556766745634.png,,,3,,
happydays:36097d05cf7e5d5d,happydays:36097d05cf7e5d5d,Apparel,HD-36097d05cf7e5d5d,True,25,25,,,,https://imgix.dispenseapp.com/145c714690909516_1754653656248-652221824-345345345556766745634.png,,,16,,
happydays:f2a8f380e6cffccd,happydays:f2a8f380e6cffccd,Apparel,HD-f2a8f380e6cffccd,True,25,25,,,,https://imgix.dispenseapp.com/145c714690909516_1754653649780-696370866-345345345556766745634.png,,,9,,
happydays:3e9e1556b3538c84,happydays:3e9e1556b3538c84,Apparel,HDSSVNBMBLKS01,True,25,25,,,,https://imgix.dispenseapp.com/145c714690909516_1754653211633-777432519-345345335345345534.png,,,10,,
happydays:ce7813cabf1079cb,happydays:ce7813cabf1079cb,Apparel,HD-ce7813cabf1079cb,True,25,25,,,,https://imgix.dispenseapp.com/145c714690909516_1754653644505-955002734-345345345556766745634.png,,,3,,
happydays:aa3aeb43607d0f53,happydays:aa3aeb43607d0f53,Apparel,HDSSVNBMBLKM01,True,25,25,,,,https://imgix.dispenseapp.com/145c714690909516_1754653206051-341016087-345345335345345534.png,,,6,,
happydays:3afd3c29e5fcb11c,happydays:3afd3c29e5fcb11c,Apparel,HDSSOHWSBLUM01,True,25,25,,,,https://imgix.dispenseapp.com/145c714690909516_1754653477094-230439420-2342342343556346345353.png,,,11,,
happydays:25c76649cf245ac7,happydays:25c76649cf245ac7,Apparel,HDSSOHWSBLU2XL01,True,25,25,,,,https://imgix.dispenseapp.com/145c714690909516_1754653464645-388650604-2342342343556346345353.png,,,6,,
happydays:b519e3a213c4bde6,happydays:b519e3a213c4bde6,Apparel,HDSSOHWSBLUL01,True,25,25,,,,https://imgix.dispenseapp.com/145c714690909516_1754653473156-439436423-2342342343556346345353.png,,,14,,
happydays:fdce0d71dd74d6bf,happydays:fdce0d71dd74d6bf,Apparel,HDSSOHWSBLU3XL01,True,25,25,,,,https://imgix.dispenseapp.com/145c714690909516_1754653459496-842612214-2342342343556346345353.png,,,3,,
happydays:b11d9dd22097e991,happydays:b11d9dd22097e991,Apparel,HDSSOHWSBLUXL01,True,25,25,,,,https://imgix.dispenseapp.com/145c714690909516_1754653468717-824835318-2342342343556346345353.png,,,14,,
happydays:5e0416d972d6c189,happydays:5e0416d972d6c189,100mg,720140165963,True,25,25,100mg,,,https://imgix.dispenseapp.com/145c714690909516_1755688566864-963635245-2344324235532424.png,100,milligrams,101,,
happydays:3a05ad517e6e2d43,happydays:3a05ad517e6e2d43,100mg,NYBBM4B1225,True,18,18,100mg,,,https://imgix.dispenseapp.com/145c714690909516_1754317556512-427050039-35636356746753654344444.jpg,100,milligrams,6,,
happydays:7b05606bbbf10a22,happydays:7b05606bbbf10a22,100mg,HD-7b05606bbbf10a22,True,12,12,100mg,,,https://imgix.dispenseapp.com/145c714690909516_1754316604629-832838433-234324235346463454543423423.jpg,100,milligrams,36,,
happydays:6bc49a79665db21d,happydays:6bc49a79665db21d,100mg,810109863952,True,24,30,100mg,,,https://imgix.dispenseapp.com/145c714690909516_1754053002559-333898667-23432432534534534523423.jpg,100,milligrams,139,,
happydays:74e9bb6e4ffd0965,happydays:74e9bb6e4ffd0965,100mg,810109863945,True,20.8,26,100mg,,,https://imgix.dispenseapp.com/145c714690909516_1754053571368-396909073-4526525642525243524.jpg,100,milligrams,51,,
happydays:d89ee93942406670,happydays:d89ee93942406670,100mg,810109863938,True,20.8,26,100mg,,,https://imgix.dispenseapp.com/145c714690909516_1754053386538-219818428-23423423543253454353433453.jpg,100,milligrams,56,,
happydays:04d27ca788738bd7,happydays:04d27ca788738bd7,100mg,810109863921,True,20.8,26,100mg,,,https://imgix.dispenseapp.com/145c714690909516_1754053493516-291558790-23423455325324234324234.jpg,100,milligrams,33,,
happydays:7292d2c84a6d9392,happydays:7292d2c84a6d9392,3.5g,https://ny.yourcoa.com/coa/coa-view?sample=AL51113004-003,True,30,30,3.5g,,,https://imgix.dispenseapp.com/145c714690909516_1783541412028-949664672-4449.png,3.5,grams,49,29.2,
happydays:f732044c06511df6,happydays:f732044c06511df6,100mg,850052046088,True,24,24,100mg,,,https://imgix.dispenseapp.com/145c714690909516_1755273586065-158886847-4564565464577745654634535345.png,100,milligrams,10,,
happydays:9dee28fbfd2cd162,happydays:9dee28fbfd2cd162,Apparel,HDSSSMSHBLKL01,True,25,25,,,,https://imgix.dispenseapp.com/145c714690909516_1754306309531-313282308-414524524214528258757.png,,,8,,
happydays:cbf02abb41b452c6,happydays:cbf02abb41b452c6,Apparel,HDSSHHLBLUS01,True,25,25,,,,https://imgix.dispenseapp.com/145c714690909516_1754305922120-806809165-452452452345324523452.png,,,2,,
happydays:c23318dc991b8555,happydays:c23318dc991b8555,Apparel,HDSSDDDYSGEM01,True,25,25,,,,https://imgix.dispenseapp.com/145c714690909516_1754306207884-470810184-5324534521424824124.png,,,6,,
happydays:ac4be2c08ceaf24f,happydays:ac4be2c08ceaf24f,Apparel,HDSSSMSHBLKS01,True,25,25,,,,https://imgix.dispenseapp.com/145c714690909516_1754306321262-498872095-414524524214528258757.png,,,4,,
happydays:8cda97e13858488d,happydays:8cda97e13858488d,Apparel,HDSSSMSHBLKXL01,True,25,25,,,,https://imgix.dispenseapp.com/145c714690909516_1754306303586-737624506-414524524214528258757.png,,,6,,
happydays:1ed799ab30f3c84d,happydays:1ed799ab30f3c84d,Apparel,HDSSSMSHBLK3XL01,True,25,25,,,,https://imgix.dispenseapp.com/145c714690909516_1754306292499-244678873-414524524214528258757.png,,,2,,
happydays:fc2cb89188cccf98,happydays:fc2cb89188cccf98,Apparel,HDSSHHLBLUXL01,True,25,25,,,,https://imgix.dispenseapp.com/145c714690909516_1754305936741-300490829-452452452345324523452.png,,,14,,
happydays:62d7aac5f159a58c,happydays:62d7aac5f159a58c,Apparel,HDSSSMSHBLK2XL01,True,25,25,,,,https://imgix.dispenseapp.com/145c714690909516_1754306298291-124656300-414524524214528258757.png,,,1,,
happydays:6936e276c051ac31,happydays:6936e276c051ac31,Apparel,HDSSSMSHBLKM01,True,25,25,,,,https://imgix.dispenseapp.com/145c714690909516_1754306315543-843319977-414524524214528258757.png,,,6,,
happydays:98e9d73babada040,happydays:98e9d73babada040,Apparel,HDSSDDDYSGES01,True,25,25,,,,https://imgix.dispenseapp.com/145c714690909516_1754306194253-728253893-5324534521424824124.png,,,3,,
happydays:04c867a710a5678a,happydays:04c867a710a5678a,Apparel,HDSSDDDYSGEL01,True,25,25,,,,https://imgix.dispenseapp.com/145c714690909516_1754306213408-531346434-5324534521424824124.png,,,11,,
happydays:243315d85f3ac6df,happydays:243315d85f3ac6df,Apparel,HDSSHHLBLUL01,True,25,25,,,,https://imgix.dispenseapp.com/145c714690909516_1754305914898-341578153-452452452345324523452.png,,,9,,
happydays:c78a8f4966a2a0d1,happydays:c78a8f4966a2a0d1,Apparel,HDSSHHLBLUM01,True,25,25,,,,https://imgix.dispenseapp.com/145c714690909516_1754305929130-37507954-452452452345324523452.png,,,9,,
happydays:61e069529543d148,happydays:61e069529543d148,Apparel,HDSSHHLBLU2XL01,True,25,25,,,,https://imgix.dispenseapp.com/145c714690909516_1754305943506-296765863-452452452345324523452.png,,,3,,
happydays:9fdd562f9379bc38,happydays:9fdd562f9379bc38,Apparel,HDSSHHLBLU3XL01,True,25,25,,,,https://imgix.dispenseapp.com/145c714690909516_1754305950245-145922716-452452452345324523452.png,,,3,,
happydays:9de3e388c0e13a0d,happydays:9de3e388c0e13a0d,Apparel,HDSSDDDYSGEXL01,True,25,25,,,,https://imgix.dispenseapp.com/145c714690909516_1754306218643-47058861-5324534521424824124.png,,,8,,
happydays:f1c46039fe126a1c,happydays:f1c46039fe126a1c,Apparel,HDSSDDDYSGE2XL01,True,25,25,,,,https://imgix.dispenseapp.com/145c714690909516_1754306224137-161746151-5324534521424824124.png,,,2,,
happydays:82f5e68afbeb580b,happydays:82f5e68afbeb580b,100mg,850063095761,True,28,28,100mg,,,https://imgix.dispenseapp.com/145c714690909516_1753707629370-393472588-542452451245254.png,100,milligrams,30,,
happydays:86bec0dcd560f8fe,happydays:86bec0dcd560f8fe,Bongs/pipes,HD-86bec0dcd560f8fe,True,37,37,,,,https://imgix.dispenseapp.com/145c714690909516_1767385922741-808413627-CNC_STEAMROLLER.png,,,7,,
happydays:05e630a7aa8884f5,happydays:05e630a7aa8884f5,Apparel,HDSSSBTBLBLUS01,True,25,25,,,,https://imgix.dispenseapp.com/145c714690909516_1754653376182-687026024-23434324325342642352345.png,,,4,,
happydays:387027d8e233d0f3,happydays:387027d8e233d0f3,Apparel,HDSSVNHMBOMTGRDL01,True,25,25,,,,https://imgix.dispenseapp.com/145c714690909516_1754476826967-935815428-2342323432543464356345324.png,,,3,,
happydays:22810394887960d7,happydays:22810394887960d7,Apparel,HDSSVNHMBOMTGRDS01,True,25,25,,,,https://imgix.dispenseapp.com/145c714690909516_1754476838589-195984523-2342323432543464356345324.png,,,5,,
happydays:17abd7fa3b4a7432,happydays:17abd7fa3b4a7432,Apparel,HDSSSBTBLBLU3XL01,True,25,25,,,,https://imgix.dispenseapp.com/145c714690909516_1754653402215-958262090-23434324325342642352345.png,,,3,,
happydays:3396c869ed20e4f5,happydays:3396c869ed20e4f5,Apparel,HDSSSBTBLBLUXL01,True,25,25,,,,https://imgix.dispenseapp.com/145c714690909516_1754653391176-149868419-23434324325342642352345.png,,,12,,
happydays:f35055e03406511f,happydays:f35055e03406511f,Apparel,HDSSSBTBLBLUM01,True,25,25,,,,https://imgix.dispenseapp.com/145c714690909516_1754653381523-2361416-23434324325342642352345.png,,,5,,
happydays:22eed2e4ea269ab8,happydays:22eed2e4ea269ab8,Apparel,HDSSSBTBLBLU2XL01,True,25,25,,,,https://imgix.dispenseapp.com/145c714690909516_1754653396157-666288497-23434324325342642352345.png,,,3,,
happydays:5c2beb3d92470874,happydays:5c2beb3d92470874,Apparel,HDSSSBTBLBLUL01,True,25,25,,,,https://imgix.dispenseapp.com/145c714690909516_1754653386466-556022017-23434324325342642352345.png,,,10,,
happydays:ee24da8ae713c97d,happydays:ee24da8ae713c97d,Apparel,HDSSVNHMBOMTGRDM01,True,25,25,,,,https://imgix.dispenseapp.com/145c714690909516_1754476833737-454257734-2342323432543464356345324.png,,,8,,
happydays:31636c2c4f5c743c,happydays:31636c2c4f5c743c,Apparel,HDSSILBBFGRNM01,True,25,25,,,,https://imgix.dispenseapp.com/145c714690909516_1754477174284-851733652-45254245248248242453453454141.png,,,1,,
happydays:dda86bd166c59c53,happydays:dda86bd166c59c53,Apparel,HDSSILBBFGRN2XL01,True,25,25,,,,https://imgix.dispenseapp.com/145c714690909516_1754477191846-368564131-45254245248248242453453454141.png,,,2,,
happydays:596617a0c636626e,happydays:596617a0c636626e,Apparel,HDSSILBBFGRNS01,True,25,25,,,,https://imgix.dispenseapp.com/145c714690909516_1754477179157-903050246-45254245248248242453453454141.png,,,2,,
happydays:b6cd250c9a8c62f4,happydays:b6cd250c9a8c62f4,Apparel,HDSSILBBFGRNL01,True,25,25,,,,https://imgix.dispenseapp.com/145c714690909516_1754477168309-26590213-45254245248248242453453454141.png,,,7,,
happydays:aebee34ac0d325be,happydays:aebee34ac0d325be,Apparel,HDSSILBBFGRNXL01,True,25,25,,,,https://imgix.dispenseapp.com/145c714690909516_1754477184465-878420139-45254245248248242453453454141.png,,,4,,
happydays:900c53ddbb055b8d,happydays:900c53ddbb055b8d,Apparel,HDSSILBBFGRN3XL01,True,25,25,,,,https://imgix.dispenseapp.com/145c714690909516_1754477198899-699779866-45254245248248242453453454141.png,,,3,,
happydays:ae3a50bbe3efcfa4,happydays:ae3a50bbe3efcfa4,3.5g,810029768672,True,37.5,50,3.5g,,,https://imgix.dispenseapp.com/145c714690909516_1753888091131-907269461-234234235467578664536.png,3.5,grams,24,34.37,
happydays:575a7e6b6688c8de,happydays:575a7e6b6688c8de,28g,HD-575a7e6b6688c8de,True,152,190,28g,,,https://imgix.dispenseapp.com/145c714690909516_1753354335818-186687827-36343421824852482442.png,28,grams,2,21.54,
happydays:00b6cfe48053a99f,happydays:00b6cfe48053a99f,3.5g,HD-00b6cfe48053a99f,True,40,50,3.5g,,,https://imgix.dispenseapp.com/145c714690909516_1753354212540-264538434-452452542542452452542.png,3.5,grams,59,31.6,
happydays:5da3a1d5ea4aae53,happydays:5da3a1d5ea4aae53,3.5g,HD-5da3a1d5ea4aae53,True,40,50,3.5g,,,https://imgix.dispenseapp.com/145c714690909516_1753354896000-574333592-2354534532423457567657.png,3.5,grams,46,26.35,
happydays:41ed9fcd1968744d,happydays:41ed9fcd1968744d,1g,NYFK500977.INXDTF,True,60,60,1g,,,https://imgix.dispenseapp.com/145c714690909516_1764970967045-912391468-3512531.JPG,1,grams,14,62.6,
happydays:2b7c01fd65cee269,happydays:2b7c01fd65cee269,2g,HD-2b7c01fd65cee269,True,60,75,2g,,,https://imgix.dispenseapp.com/145c714690909516_1775824403338-89056049-8887.png,2,grams,4,88.05,
happydays:ac389c66bf93bc33,happydays:ac389c66bf93bc33,1g,HD-ac389c66bf93bc33,True,40,40,1g,,,https://imgix.dispenseapp.com/145c714690909516_1752773633358-856784193-4524524532453431.jpg,1,grams,13,71.17,
happydays:d0a482df117f73ce,happydays:d0a482df117f73ce,1g,HD-d0a482df117f73ce,True,44,44,1g,,,https://imgix.dispenseapp.com/145c714690909516_1752773603611-699067498-452452428242842452.jpg,1,grams,7,75.27,
happydays:67828371e83125e6,happydays:67828371e83125e6,2g,HD-67828371e83125e6,True,56,70,2g,,,https://imgix.dispenseapp.com/145c714690909516_1756737097074-254348486-1561651561651651561561651.png,2,grams,86,84.54,
happydays:22ca80098d8d7c6e,happydays:22ca80098d8d7c6e,1.5g,850049967839,True,44,55,1.5g,,,https://imgix.dispenseapp.com/145c714690909516_1752591570673-888963461-AlienOG-All-In-One-Vape.png,1.5,grams,31,87.18,
happydays:a561beb71a15f251,happydays:a561beb71a15f251,1g,WIP-LRV-GP-251202,True,32,40,1g,,,https://imgix.dispenseapp.com/145c714690909516_1756463199990-17156796-1111111111111111111111111111111111111111111524.jpg,1,grams,3,74.42,
happydays:79daf1d37b63b628,happydays:79daf1d37b63b628,100mg,810076071848,True,22.5,30,100mg,,,https://d1qjybsjlbmhj3.cloudfront.net/1751568584521-640396539-032165165153.png,100,milligrams,25,,
happydays:cddff4b0a93431c3,happydays:cddff4b0a93431c3,100mg,810076072722,True,22.5,30,100mg,,,https://imgix.dispenseapp.com/145c714690909516_1751290449216-6566222-LostFarm.NY.SL.NA.ProductMenu_wGummies.jpg,100,milligrams,36,,
happydays:788bfd32121db00b,happydays:788bfd32121db00b,100mg,0812948092167336,True,14.45,17,100mg,,,https://imgix.dispenseapp.com/145c714690909516_1753813842217-60772711-651651651651651651.jpg,100,milligrams,15,,
happydays:f18d29cfe05f6a23,happydays:f18d29cfe05f6a23,1g,HD-f18d29cfe05f6a23,True,88,88,1g,,,https://imgix.dispenseapp.com/145c714690909516_1751366494437-331366924-452452542322114.png,1,grams,25,80.45,
happydays:ef1bad5dbd593bc6,happydays:ef1bad5dbd593bc6,Dab Accessories,HD-ef1bad5dbd593bc6,True,25,25,,,,https://imgix.dispenseapp.com/145c714690909516_1751035160346-518141045-0005484654131.png,,,26,,
happydays:b2e379d9be7d7f2f,happydays:b2e379d9be7d7f2f,4.2g,HD-b2e379d9be7d7f2f,True,60,60,4.2g,,,https://imgix.dispenseapp.com/145c714690909516_1750933382922-702611308-456445654654645654654645.png,4.2,grams,71,26.87,
happydays:bff3d80b865e88f7,happydays:bff3d80b865e88f7,28g,HTTPS://1A4.COM/13U2YPUQ3UY8FRFYLLPEKH,True,99,99,28g,,,https://imgix.dispenseapp.com/145c714690909516_1755597256689-838964695-14141412424452452452452452452.png,28,grams,26,26.4,
happydays:ce55614f3bb88825,happydays:ce55614f3bb88825,Apparel,HDPOVRSANDM01,True,40,40,,,,https://imgix.dispenseapp.com/145c714690909516_1750268295263-362829521-Picture_1.png,,,6,,
happydays:5932b8f5da518527,happydays:5932b8f5da518527,Rewards Hoodies,HDCREWESPS01,True,35,35,,,,https://imgix.dispenseapp.com/145c714690909516_1750268454133-890392632-4.png,,,7,,
happydays:81344850639cd326,happydays:81344850639cd326,Apparel,HDPOVRSANDL01,True,40,40,,,,https://imgix.dispenseapp.com/145c714690909516_1750268282385-614692521-Picture_1.png,,,7,,
happydays:57d800ee33bc8e50,happydays:57d800ee33bc8e50,Apparel,HDPOVRSAND2XL01,True,40,40,,,,https://imgix.dispenseapp.com/145c714690909516_1750268251836-598715221-Picture_1.png,,,6,,
happydays:419521e3fbc00089,happydays:419521e3fbc00089,Rewards Hoodies,HDCREWESPXL01,True,35,35,,,,https://imgix.dispenseapp.com/145c714690909516_1750268414623-918368943-4.png,,,1,,
happydays:6c756e6ba314b361,happydays:6c756e6ba314b361,Apparel,HDPOVRSANDXL01,True,40,40,,,,https://imgix.dispenseapp.com/145c714690909516_1750268274140-954192986-Picture_1.png,,,6,,
happydays:9f789c2506eaf751,happydays:9f789c2506eaf751,Rewards Hoodies,HDCREWMNTL01,True,35,35,,,,https://imgix.dispenseapp.com/145c714690909516_1750268340649-754525412-6.png,,,4,,
happydays:2dd5220871081e35,happydays:2dd5220871081e35,Rewards Hoodies,HDCREWMNTXL01,True,35,35,,,,https://imgix.dispenseapp.com/145c714690909516_1750268320360-150957349-6.png,,,1,,
happydays:42b21ccfb06f1db5,happydays:42b21ccfb06f1db5,Rewards Hoodies,HDCREWESPM01,True,35,35,,,,https://imgix.dispenseapp.com/145c714690909516_1750268443727-946946731-4.png,,,3,,
happydays:f8346916d0ef2226,happydays:f8346916d0ef2226,Rewards Hoodies,HDFLHDSBLUL01,True,36,36,,,,https://imgix.dispenseapp.com/145c714690909516_1750268069096-116483206-Picture_3.png,,,1,,
happydays:68002fc98061d8a1,happydays:68002fc98061d8a1,Rewards Hoodies,HDFLHDSBLU2XL01,True,36,36,,,,https://imgix.dispenseapp.com/145c714690909516_1750267900290-118450370-Picture_3.png,,,4,,
happydays:75da56338e3b8c0c,happydays:75da56338e3b8c0c,Rewards Hoodies,HDFLHDSBLUM01,True,36,36,,,,https://imgix.dispenseapp.com/145c714690909516_1750268076734-609258090-Picture_3.png,,,1,,
happydays:6724e75de48c2ea1,happydays:6724e75de48c2ea1,Apparel,HDFLHDBRDM01,True,36,36,,,,https://imgix.dispenseapp.com/145c714690909516_1750267873428-418326592-5.png,,,3,,
happydays:a18dd6b6baa87802,happydays:a18dd6b6baa87802,Rewards Hoodies,HDFLHDSBLUXL01,True,36,36,,,,https://imgix.dispenseapp.com/145c714690909516_1750267907042-817454119-Picture_3.png,,,1,,
happydays:bcf59c52114e3db6,happydays:bcf59c52114e3db6,Apparel,HDFLHDBRDL01,True,36,36,,,,https://imgix.dispenseapp.com/145c714690909516_1750267847165-329618559-5.png,,,9,,
happydays:38e5d47aba114c66,happydays:38e5d47aba114c66,Apparel,HDFLHDBRD2XL01,True,36,36,,,,https://imgix.dispenseapp.com/145c714690909516_1750267783474-908351164-5.png,,,8,,
happydays:19be51e2fc143b96,happydays:19be51e2fc143b96,Apparel,HD-19be51e2fc143b96,True,25,25,,,,https://imgix.dispenseapp.com/145c714690909516_1750353534532-142481554-26.png,,,2,,
happydays:27486aa8a42c5dad,happydays:27486aa8a42c5dad,Apparel,HDQPOVRSBLUM01,True,35,35,,,,https://imgix.dispenseapp.com/145c714690909516_1749674033695-849676857-3_(1).png,,,9,,
happydays:69411055d4e4d795,happydays:69411055d4e4d795,Apparel,HDQPOVRSBLUL01,True,35,35,,,,https://imgix.dispenseapp.com/145c714690909516_1749674042802-470168739-3_(1).png,,,8,,
happydays:cc90446533465447,happydays:cc90446533465447,Apparel,HDQPOVRSBLUS01,True,35,35,,,,https://imgix.dispenseapp.com/145c714690909516_1749674009393-70485629-3_(1).png,,,10,,
happydays:7fe1a53bb6cbd88c,happydays:7fe1a53bb6cbd88c,1.5g,~4663648581416319,True,25,25,1.5g,,,https://imgix.dispenseapp.com/145c714690909516_1777903450563-559504823-565245.avif,1.5,grams,21,37.6,
happydays:308ef244d9ae83aa,happydays:308ef244d9ae83aa,1.5g,HD-308ef244d9ae83aa,True,25,25,1.5g,,,https://imgix.dispenseapp.com/145c714690909516_1777904163909-284263414-543636546456.avif,1.5,grams,25,39.15,
happydays:8691c22cddf560e7,happydays:8691c22cddf560e7,1.5g,~3070909240542081,True,25,25,1.5g,,,https://imgix.dispenseapp.com/145c714690909516_1777903728751-566612638-53462456345.avif,1.5,grams,7,35.31,
happydays:b3bf5a2e914e2df1,happydays:b3bf5a2e914e2df1,1g,810161523207,True,45.5,45.5,1g,,,https://imgix.dispenseapp.com/145c714690909516_1749055639570-839885366-156878781515.png,1,grams,27,88.4,
happydays:22e56144cb7e4625,happydays:22e56144cb7e4625,3g,718114166405,True,40,50,3g,,,https://imgix.dispenseapp.com/145c714690909516_1748869252508-737086479-234523452356.png,3,grams,79,20.54,
happydays:87f5cd1d64857ed6,happydays:87f5cd1d64857ed6,3g,718114166399,True,40,50,3g,,,https://imgix.dispenseapp.com/145c714690909516_1748869236792-883145769-325625634653.png,3,grams,103,23.3,
happydays:447ecf5331504290,happydays:447ecf5331504290,3g,718114166412,True,40,50,3g,,,https://imgix.dispenseapp.com/145c714690909516_1748869221145-159878383-345645634563.png,3,grams,114,22.62,
happydays:c36751e1020f5ea7,happydays:c36751e1020f5ea7,3g,718114166429,True,40,50,3g,,,https://imgix.dispenseapp.com/145c714690909516_1748869271605-20599172-345645634563.png,3,grams,128,19.51,
happydays:d42c2f6eee2f11ad,happydays:d42c2f6eee2f11ad,3g,slhpr08,True,32,32,3g,,,https://imgix.dispenseapp.com/145c714690909516_1748947508969-669181737-5756757567567567567.png,3,grams,35,27.29,
happydays:82a748716834ae07,happydays:82a748716834ae07,Bongs/pipes,HD-82a748716834ae07,True,120,120,,,,https://imgix.dispenseapp.com/145c714690909516_1748633073897-560082762-234234324324555.jpg,,,3,,
happydays:5137b95e445f5ed8,happydays:5137b95e445f5ed8,Bongs/pipes,HD-5137b95e445f5ed8,True,40,40,,,,https://imgix.dispenseapp.com/145c714690909516_1748638963775-11653575-99062234126666.png,,,1,,
happydays:a61a2c818278ee18,happydays:a61a2c818278ee18,Bongs/pipes,HD-a61a2c818278ee18,True,60,60,,,,https://imgix.dispenseapp.com/145c714690909516_1748704424613-636741551-453453525.png,,,3,,
happydays:6b96767b5b4125f0,happydays:6b96767b5b4125f0,100mg,7001191230013884,True,14.45,17,100mg,,,https://imgix.dispenseapp.com/145c714690909516_1750527190364-686581320-235425423553.jpg,100,milligrams,17,,
happydays:2b08704bb4b5cc93,happydays:2b08704bb4b5cc93,2g,HD-2b08704bb4b5cc93,True,68,85,2g,,,https://imgix.dispenseapp.com/145c714690909516_1748615374786-71860291-34143124113223.png,2,grams,49,80.25,
happydays:42af36349963d6a3,happydays:42af36349963d6a3,2g,767888685353,True,99,99,2g,,,https://imgix.dispenseapp.com/145c714690909516_1740572868979-269269276-333333333354.jpg,2,grams,37,88.49,
happydays:4d3de2f701ce47ee,happydays:4d3de2f701ce47ee,2g,767886673192,True,99,99,2g,,,https://imgix.dispenseapp.com/145c714690909516_1740572965287-326312787-22222222223.jpg,2,grams,42,88.86,
happydays:59fe0930606b3bbe,happydays:59fe0930606b3bbe,1g,720140167028,True,45,45,1g,,,https://imgix.dispenseapp.com/145c714690909516_1751636113208-607010530-54654646546546.png,1,grams,36,89.52,
happydays:0261f7ad7332efe8,happydays:0261f7ad7332efe8,Papers,716165173663,True,3,3,,,,https://imgix.dispenseapp.com/145c714690909516_1748382975438-373262868-165746841131.png,,,7,,
happydays:a78092576e352110,happydays:a78092576e352110,5g,PLCG-005-PRMP3,True,35,35,5g,,,https://imgix.dispenseapp.com/145c714690909516_1748515042057-275560248-6336378745242.jpg,5,grams,16,29.95,
happydays:af3fe7c0b438d27b,happydays:af3fe7c0b438d27b,5g,HD-af3fe7c0b438d27b,True,35,35,5g,,,https://imgix.dispenseapp.com/145c714690909516_1748515053751-21154012-6363482452452.jpg,5,grams,42,29.35,
happydays:3f57bd574d522a5e,happydays:3f57bd574d522a5e,100mg,810076070964,True,21,28,100mg,,,https://imgix.dispenseapp.com/145c714690909516_1747663910122-944304603-23423411234.png,100,milligrams,7,,
happydays:a8c90ae2925ae30a,happydays:a8c90ae2925ae30a,3g,jhpr08,True,32,32,3g,,,https://d1qjybsjlbmhj3.cloudfront.net/1747959871236-716680389-Jack%20Herer.png,3,grams,36,26.53,
happydays:8dbdef78e217f41a,happydays:8dbdef78e217f41a,Apparel,HD-8dbdef78e217f41a,True,20,20,,,,https://imgix.dispenseapp.com/145c714690909516_1747937954559-802941263-2.png,,,8,,
happydays:a0910a25b96b5e07,happydays:a0910a25b96b5e07,Apparel,HD-a0910a25b96b5e07,True,20,20,,,,https://imgix.dispenseapp.com/145c714690909516_1747938217667-981197607-2.png,,,5,,
happydays:65a37f56c3ae6111,happydays:65a37f56c3ae6111,Apparel,HD-65a37f56c3ae6111,True,20,20,,,,https://imgix.dispenseapp.com/145c714690909516_1747938301565-289326489-1.png,,,7,,
happydays:14d2b5b2b2462464,happydays:14d2b5b2b2462464,Apparel,HD-14d2b5b2b2462464,True,20,20,,,,https://imgix.dispenseapp.com/145c714690909516_1747938284922-741942771-1.png,,,3,,
happydays:019ecafd14ba2643,happydays:019ecafd14ba2643,Apparel,HD-019ecafd14ba2643,True,20,20,,,,https://imgix.dispenseapp.com/145c714690909516_1747938328962-115086984-1.png,,,6,,
happydays:ee8604d584e6b110,happydays:ee8604d584e6b110,Apparel,HD-ee8604d584e6b110,True,20,20,,,,https://imgix.dispenseapp.com/145c714690909516_1747937963901-77428082-2.png,,,8,,
happydays:c538668ec55a615f,happydays:c538668ec55a615f,Apparel,HD-c538668ec55a615f,True,20,20,,,,https://imgix.dispenseapp.com/145c714690909516_1747938228225-979933202-2.png,,,3,,
happydays:f617569fa02601d9,happydays:f617569fa02601d9,Apparel,HD-f617569fa02601d9,True,20,20,,,,https://imgix.dispenseapp.com/145c714690909516_1747937944426-273879746-2.png,,,5,,
happydays:951b07dc0bbabec8,happydays:951b07dc0bbabec8,Apparel,HD-951b07dc0bbabec8,True,20,20,,,,https://imgix.dispenseapp.com/145c714690909516_1747938275792-155126575-1.png,,,2,,
happydays:4c63b875cc29fd33,happydays:4c63b875cc29fd33,Apparel,HD-4c63b875cc29fd33,True,20,20,,,,https://imgix.dispenseapp.com/145c714690909516_1747938309621-778638592-1.png,,,8,,
happydays:eb76c9054fc4d1e0,happydays:eb76c9054fc4d1e0,Apparel,HD-eb76c9054fc4d1e0,True,20,20,,,,https://imgix.dispenseapp.com/145c714690909516_1747938293711-997837100-1.png,,,7,,
happydays:07fa990c716dc6d2,happydays:07fa990c716dc6d2,Apparel,HD-07fa990c716dc6d2,True,20,20,,,,https://imgix.dispenseapp.com/145c714690909516_1747938207064-691911619-2.png,,,7,,
happydays:f24cd3edcc03f276,happydays:f24cd3edcc03f276,100mg,720140163976,True,25,25,100mg,,,https://imgix.dispenseapp.com/145c714690909516_1748270933572-576628240-4524524884214.jpg,100,milligrams,72,,
happydays:462e2479e0b46746,happydays:462e2479e0b46746,1g,605468071502,True,12,12,1g,,,https://imgix.dispenseapp.com/145c714690909516_1787102112071-745888216-GreenCrackFXPR.png,1,grams,87,31.68,
happydays:112e68eb532cd285,happydays:112e68eb532cd285,2g,605468086834,True,75,85,2g,,,https://imgix.dispenseapp.com/145c714690909516_1787101226529-213551360-WhiteWidowFx.png,2,grams,77,91.68,
happydays:a3bc4bd283949e26,happydays:a3bc4bd283949e26,2g,605468007075,True,75,85,2g,,,https://imgix.dispenseapp.com/145c714690909516_1787101321750-123153133-LiftOffFx.png,2,grams,42,92.26,
happydays:b32b49e5c6a10b5e,happydays:b32b49e5c6a10b5e,1g,605468054246,True,12,12,1g,,,https://imgix.dispenseapp.com/145c714690909516_1787102147364-690636942-WhiteTruffleFxPR.png,1,grams,102,32.18,
happydays:e55448b8067baa9d,happydays:e55448b8067baa9d,1g,605468050545,True,12,12,1g,,,https://imgix.dispenseapp.com/145c714690909516_1787102007132-501657375-GlitterBombFxPR.png,1,grams,123,30.13,
happydays:45e9794635750ef7,happydays:45e9794635750ef7,2g,605468022474,True,75,85,2g,,,https://imgix.dispenseapp.com/145c714690909516_1787101142227-656795612-ChillOutFx.png,2,grams,105,,
happydays:bf46bb6affcc6652,happydays:bf46bb6affcc6652,1g,810161522989,True,45,45,1g,,,https://imgix.dispenseapp.com/145c714690909516_1747767515374-420409895-4524523434452.png,1,grams,16,74,
happydays:b9ac89755bf475cb,happydays:b9ac89755bf475cb,100mg,810109864126,True,20.8,26,100mg,,,https://imgix.dispenseapp.com/145c714690909516_1747662100275-61190100-45245248478.jpg,100,milligrams,136,,
happydays:c871aa9a9ad09bd7,happydays:c871aa9a9ad09bd7,Rewards Hoodies,HDRWHBLUM01,True,35,35,,,,https://imgix.dispenseapp.com/145c714690909516_1747604462212-109801527-10.png,,,32,,
happydays:d4ebd2419bea0694,happydays:d4ebd2419bea0694,Rewards Hoodies,HDRWHBLKXL01,True,35,35,,,,https://imgix.dispenseapp.com/145c714690909516_1747604450896-145815003-8.png,,,28,,
happydays:f9e89d27cc2fdbe2,happydays:f9e89d27cc2fdbe2,Rewards Hoodies,HDRWHGRYL01,True,35,35,,,,https://imgix.dispenseapp.com/145c714690909516_1747604439323-230352995-12.png,,,6,,
happydays:6834a0bd32b619de,happydays:6834a0bd32b619de,Rewards Hoodies,HDRWHGRYM01,True,35,35,,,,https://imgix.dispenseapp.com/145c714690909516_1747439443876-610165743-2465465656335435.png,,,9,,
happydays:594338781c270b42,happydays:594338781c270b42,Rewards Hoodies,HDRWHBURXL01,True,35,35,,,,https://imgix.dispenseapp.com/145c714690909516_1747439512455-288622768-1445687899.png,,,28,,
happydays:e7c72261db43e935,happydays:e7c72261db43e935,Rewards Hoodies,HDRWHBLUL01,True,35,35,,,,https://imgix.dispenseapp.com/145c714690909516_1747439565828-630429841-2344111143563.png,,,46,,
happydays:f0e1090667b315db,happydays:f0e1090667b315db,Rewards Hoodies,HDHoodieRewardsMaroon-M,True,35,35,,,,https://imgix.dispenseapp.com/145c714690909516_1747439519953-332142855-1445687899.png,,,9,,
happydays:f961ed33c922fd97,happydays:f961ed33c922fd97,100mg,HD-f961ed33c922fd97,True,20,20,100mg,,,https://imgix.dispenseapp.com/145c714690909516_1747395507101-120504858-54241788877.png,100,milligrams,29,,
happydays:9843c8b420548262,happydays:9843c8b420548262,3.5g,HD-9843c8b420548262,True,44,44,3.5g,,,https://imgix.dispenseapp.com/145c714690909516_1747327394732-219080137-Trop_Cherry_Flower.jpg,3.5,grams,17,27.8,
happydays:08c5f22b2d5b0ed8,happydays:08c5f22b2d5b0ed8,3.6g,850073994313,True,40,40,3.6g,,,https://imgix.dispenseapp.com/145c714690909516_1748117726250-387029674-414562152626.png,3.6,grams,5,29.03,
happydays:8976ed4a6b0782cd,happydays:8976ed4a6b0782cd,Rewards Hoodies,HDRWHGRY2XL01,True,35,35,,,,https://imgix.dispenseapp.com/145c714690909516_1747237115708-786929151-12.png,,,14,,
happydays:71d5c3ea5efc474e,happydays:71d5c3ea5efc474e,Rewards Hoodies,HDRWHBLK2XL01,True,35,35,,,,https://imgix.dispenseapp.com/145c714690909516_1747237129344-265706008-8.png,,,1,,
happydays:240c3d8b95cbb3ad,happydays:240c3d8b95cbb3ad,Rewards Hoodies,HDRWHBUR2XL01,True,35,35,,,,https://imgix.dispenseapp.com/145c714690909516_1747237156736-179735776-11.png,,,35,,
happydays:cc7b6cfbd10224c1,happydays:cc7b6cfbd10224c1,Rewards Hoodies,HDRWHBLK3XL01,True,35,35,,,,https://imgix.dispenseapp.com/145c714690909516_1747237102669-951850386-8.png,,,93,,
happydays:6db69465bdb4f36b,happydays:6db69465bdb4f36b,Rewards Hoodies,HDRWHBLU2XL01,True,35,35,,,,https://imgix.dispenseapp.com/145c714690909516_1747237145809-732153641-10.png,,,16,,
happydays:6cc144fa8bfac482,happydays:6cc144fa8bfac482,0.5g,767913689349,True,45,45,0.5g,,,https://imgix.dispenseapp.com/145c714690909516_1747146159614-897329212-45245248584877.png,0.5,grams,10,92.01,
happydays:e021a05dd029b615,happydays:e021a05dd029b615,0.5g,767914229254,True,45,45,0.5g,,,https://imgix.dispenseapp.com/145c714690909516_1746615020444-949804971-4928731314.png,0.5,grams,15,90.07,
happydays:63b669b027cb8796,happydays:63b669b027cb8796,0.5g,767915073900,True,45,45,0.5g,,,https://imgix.dispenseapp.com/145c714690909516_1746615147092-370274761-633634884141.png,0.5,grams,10,89.64,
happydays:0b48318061ce9558,happydays:0b48318061ce9558,2g,335172889079,True,65,65,2g,,,https://imgix.dispenseapp.com/145c714690909516_1746808928749-399978334-234234324123.jpg,2,grams,2,86.73,
happydays:41e72a1aa8899092,happydays:41e72a1aa8899092,100mg,7348392492332782,True,24,30,100mg,,,https://imgix.dispenseapp.com/145c714690909516_1746788976536-583500801-452452458884.png,100,milligrams,85,,
happydays:431064d3691d5f48,happydays:431064d3691d5f48,1g,HD-431064d3691d5f48,True,32,40,1g,,,https://imgix.dispenseapp.com/145c714690909516_1747046783168-20896991-452452428484.png,1,grams,7,81.58,
happydays:f0d2f706d612e311,happydays:f0d2f706d612e311,2.5g,HD-f0d2f706d612e311,True,32,40,2.5g,,,https://imgix.dispenseapp.com/145c714690909516_1746788478489-197855942-95925626512651.png,2.5,grams,21,45.47,
happydays:dd5793fa7d5dd6da,happydays:dd5793fa7d5dd6da,28g,HD-dd5793fa7d5dd6da,True,135,150,28g,,,https://imgix.dispenseapp.com/145c714690909516_1746786680666-309474214-3453455322234.png,28,grams,4,22.49,
happydays:c3278859e6f9e011,happydays:c3278859e6f9e011,2.5g,HD-c3278859e6f9e011,True,32,40,2.5g,,,https://imgix.dispenseapp.com/145c714690909516_1746788548548-751506375-515198165165.png,2.5,grams,125,44,
happydays:9c574c6b0e833d24,happydays:9c574c6b0e833d24,3.5g,742238422383,True,53,53,3.5g,,,https://imgix.dispenseapp.com/145c714690909516_1746729499944-654061140-6787843.jpg,3.5,grams,43,32.76,
happydays:72b15faccdeb5a0f,happydays:72b15faccdeb5a0f,Rewards Hoodies,HDRWHBLKL01,True,35,35,,,,https://imgix.dispenseapp.com/145c714690909516_1746899257695-827517348-8.png,,,23,,
happydays:fd082d857922e0d7,happydays:fd082d857922e0d7,Rewards Hoodies,HDRWHGRYXL01,True,35,35,,,,https://imgix.dispenseapp.com/145c714690909516_1746899495213-772282080-12.png,,,43,,
happydays:85a50b98aa086885,happydays:85a50b98aa086885,Rewards Hoodies,HDRWHBURL01,True,35,35,,,,https://imgix.dispenseapp.com/145c714690909516_1746899473073-21811237-11.png,,,19,,
happydays:c4c8b408e4c6e947,happydays:c4c8b408e4c6e947,Rewards Hoodies,HDRWHBLKM01,True,35,35,,,,https://imgix.dispenseapp.com/145c714690909516_1746899409479-657508756-8.png,,,9,,
happydays:39f1ddec3ac9ce65,happydays:39f1ddec3ac9ce65,Dab Accessories,810028443570,True,50,50,,,,https://imgix.dispenseapp.com/145c714690909516_1746906160847-854050513-6455722222222.webp,,grams,12,,
happydays:03e0a67af26f1691,happydays:03e0a67af26f1691,1g,810029767873,True,6.75,9,1g,,,https://imgix.dispenseapp.com/145c714690909516_1746655779705-783409274-43635635435235.jpg,1,grams,7,18.95,
happydays:ac9c8e5f9204a2e6,happydays:ac9c8e5f9204a2e6,1g,810029767866,True,6.75,9,1g,,,https://imgix.dispenseapp.com/145c714690909516_1746655742205-739121467-343563626236.jpg,1,grams,160,20.16,
happydays:b61efdd841a12edb,happydays:b61efdd841a12edb,7g,850050317968,True,40,40,7g,,,https://imgix.dispenseapp.com/145c714690909516_1746038780345-378787691-653756375.jpg,7,grams,50,29.61,
happydays:2b321ada99b0ddc9,happydays:2b321ada99b0ddc9,100mg,WNA-Q-092425-IP-10MG,True,18.759999999999998,28,100mg,,,https://imgix.dispenseapp.com/145c714690909516_1745862844207-215748675-63634521452452.png,100,milligrams,87,,
happydays:9ed03b9fadf9c5e8,happydays:9ed03b9fadf9c5e8,3.5g,HD-9ed03b9fadf9c5e8,True,40,50,3.5g,,,https://imgix.dispenseapp.com/145c714690909516_1751562649311-43623857-4141414142452452848.png,3.5,grams,29,32.85,
happydays:8e450cfd59b1750c,happydays:8e450cfd59b1750c,100mg,857181008505,True,18.759999999999998,28,100mg,,,https://imgix.dispenseapp.com/145c714690909516_1745862764851-556563989-3453455345345345.png,100,milligrams,77,,
happydays:1ce27b2586d34dfc,happydays:1ce27b2586d34dfc,Papers,051497011628,True,3,3,,,,https://imgix.dispenseapp.com/145c714690909516_1745787769865-898092375-6876878674.png,,,167,,
happydays:b1f64f3b20bf51ad,happydays:b1f64f3b20bf51ad,7g,792105136103,True,48,60,7g,,,https://imgix.dispenseapp.com/145c714690909516_1780331517071-955251212-1567.jpeg,7,grams,8,37.8,
happydays:9ce9993e64f27798,happydays:9ce9993e64f27798,7g,https://mcrlabsny.sharefile.com/public/share/web-s88ecd54768a340258c614532cfb07fdc,True,48,60,7g,,,https://imgix.dispenseapp.com/145c714690909516_1746887324702-551175781-675613212121.webp,7,grams,16,40.7,
happydays:96bd7b31b0e622c4,happydays:96bd7b31b0e622c4,3.5g,HD-96bd7b31b0e622c4,True,50,50,3.5g,,,https://imgix.dispenseapp.com/145c714690909516_1745326844132-77968304-222222222223.png,3.5,grams,9,28.68,
happydays:43fb75738c83f005,happydays:43fb75738c83f005,Papers,716165179177,True,3,3,,,,https://imgix.dispenseapp.com/145c714690909516_1745440127927-616198762-234234234432.png,,grams,16,,
happydays:68e0eaaf7648ceea,happydays:68e0eaaf7648ceea,Other Accessories,716165281429,True,5,5,,,,https://imgix.dispenseapp.com/145c714690909516_1745439962035-166402571-23424234234.jpg,,,51,,
happydays:05edd4deaf7d7f00,happydays:05edd4deaf7d7f00,1g,810029767521,True,6.75,9,1g,,,https://imgix.dispenseapp.com/145c714690909516_1760625432948-121302741-Maui_Wowie_copy.jpg,1,grams,143,23.21,
happydays:c669453c5e51679a,happydays:c669453c5e51679a,3.5g,810183301852,True,35,35,3.5g,,,https://imgix.dispenseapp.com/145c714690909516_1782132176209-600107234-4643.png,3.5,grams,16,27.38,
happydays:7a1f26e94190bd5c,happydays:7a1f26e94190bd5c,20mg,810031350100,True,5,5,20mg,,,https://imgix.dispenseapp.com/145c714690909516_1751554253515-409683183-234234332432432432423423432.jpg,20,milligrams,27,,
happydays:ee4cd4271c3bdb32,happydays:ee4cd4271c3bdb32,3.5g,HD-ee4cd4271c3bdb32,True,122,122,3.5g,,,https://imgix.dispenseapp.com/145c714690909516_1744890276308-124895709-63634214278.jpg,3.5,grams,39,66.37,
happydays:acb1b81732680e2d,happydays:acb1b81732680e2d,3.5g,335172889024,True,45,45,3.5g,,,https://imgix.dispenseapp.com/145c714690909516_1744888604718-710382822-452542414.jpg,3.5,grams,15,35.54,
happydays:a824070fc51c07a3,happydays:a824070fc51c07a3,3.5g,335172889062,True,45,45,3.5g,,,https://imgix.dispenseapp.com/145c714690909516_1745005467855-371370955-65763434734.png,3.5,grams,7,39.04,
happydays:ca4034c2d66e1fd5,happydays:ca4034c2d66e1fd5,3.5g,335172889055,True,45,45,3.5g,,,https://imgix.dispenseapp.com/145c714690909516_1744889085208-550097260-453245343453.jpg,3.5,grams,36,28.32,
happydays:f795049d435702c2,happydays:f795049d435702c2,7g,850067737377,True,59.5,70,7g,,,https://imgix.dispenseapp.com/145c714690909516_1763382248948-622158178-2343444444423.png,7,grams,37,26.8,
happydays:986cae6d3095e25b,happydays:986cae6d3095e25b,Bongs/pipes,HD-986cae6d3095e25b,True,70,70,,,,https://imgix.dispenseapp.com/145c714690909516_1744926713498-723184657-234141.png,,,1,,
happydays:e5a5ed46a820400f,happydays:e5a5ed46a820400f,3.5g,378894458673,True,122,122,3.5g,,,https://imgix.dispenseapp.com/145c714690909516_1744890270883-905090965-63634214278.jpg,3.5,grams,55,66.96,
happydays:0a16441ddae87c32,happydays:0a16441ddae87c32,100mg,HD-0a16441ddae87c32,True,20,20,100mg,,,https://imgix.dispenseapp.com/145c714690909516_1749810054253-289268604-52452482482.png,100,milligrams,18,,
happydays:712f43e8d29b01c5,happydays:712f43e8d29b01c5,3.6g,850070949934,True,40,40,3.6g,,,https://imgix.dispenseapp.com/145c714690909516_1744220727885-227259283-234234234234423434234324234234.jpg,3.6,grams,9,28.27,
happydays:1ece22532681f9b5,happydays:1ece22532681f9b5,100mg,uxc0000061,True,30,30,100mg,,,https://imgix.dispenseapp.com/145c714690909516_1760963105829-59504404-452452532241.png,100,milligrams,19,,
happydays:c4ee9511691e9e58,happydays:c4ee9511691e9e58,Papers,716165303862,True,3,3,,,,https://imgix.dispenseapp.com/145c714690909516_1743981324501-105590828-6875418641.png,,,90,,
happydays:01a21da7a9b63ca1,happydays:01a21da7a9b63ca1,Papers,HD-01a21da7a9b63ca1,True,3,3,,,,https://imgix.dispenseapp.com/145c714690909516_1743980849392-286697016-23746876854.png,,grams,90,,
happydays:ed2d6dedf2c731a4,happydays:ed2d6dedf2c731a4,100mg,852873008665,True,21,28,100mg,,,https://imgix.dispenseapp.com/145c714690909516_1751138667180-736185581-021545413.jpg,100,milligrams,14,,
happydays:9dd91508b2ba912b,happydays:9dd91508b2ba912b,1g,HD-9dd91508b2ba912b,True,60,75,1g,,,https://imgix.dispenseapp.com/145c714690909516_1743681750745-455941372-346545745.png,1,grams,43,75.94,
happydays:3be63efcf6e9d7cb,happydays:3be63efcf6e9d7cb,Apparel,HDSSTSHIRTS01,True,25,25,,,,https://imgix.dispenseapp.com/145c714690909516_1746980434854-115070070-39.png,,,32,,
happydays:19c175ca15adf5f5,happydays:19c175ca15adf5f5,Apparel,HDSSTSHIRTM01,True,25,25,,,,https://imgix.dispenseapp.com/145c714690909516_1746906441613-420627133-46.png,,,35,,
happydays:a946c00bf99ad4fc,happydays:a946c00bf99ad4fc,Apparel,HDSSTSHIRTXS01,True,25,25,,,,https://imgix.dispenseapp.com/145c714690909516_1746906291839-987388886-46.png,,,11,,
happydays:07d1c97506ad3de1,happydays:07d1c97506ad3de1,1g,130750212122,True,36,40,1g,,,https://imgix.dispenseapp.com/145c714690909516_1743510490861-395116188-23432423432423434234423.png,1,grams,47,79.2,
happydays:bdebcdc9582da527,happydays:bdebcdc9582da527,1g,LCNY-SW1C-111325,True,36,40,1g,,,https://imgix.dispenseapp.com/145c714690909516_1743510449074-441638022-111111212312312312.png,1,grams,77,81.5,
happydays:382baee4f203f66d,happydays:382baee4f203f66d,1g,HD-382baee4f203f66d,True,36,40,1g,,,https://imgix.dispenseapp.com/145c714690909516_1743510379251-248391918-111111212312312312.png,1,grams,24,88.8,
happydays:92b9ba007677b708,happydays:92b9ba007677b708,1g,HD-92b9ba007677b708,True,60,60,1g,,,https://imgix.dispenseapp.com/145c714690909516_1762253887295-38287458-111111111111111111114142.png,1,grams,39,63.6,
happydays:e6f18c6a8eca9e34,happydays:e6f18c6a8eca9e34,Papers,716165203339,True,10,10,,,,https://imgix.dispenseapp.com/145c714690909516_1784982545036-579439631-leancones.jpg,,,79,,
happydays:850cd1ee05d3e18a,happydays:850cd1ee05d3e18a,2g,810029767040,True,52.5,70,2g,,,https://imgix.dispenseapp.com/145c714690909516_1743517824849-581237457-347346736.png,2,grams,51,88.97,
happydays:d379508d10b4c1cb,happydays:d379508d10b4c1cb,2g,810029767064,True,52.5,70,2g,,,https://imgix.dispenseapp.com/145c714690909516_1743517810014-534739665-56736783.png,2,grams,37,88.01,
happydays:26ef3ae69951884c,happydays:26ef3ae69951884c,Dab Accessories,HD-26ef3ae69951884c,True,450,450,,,,https://imgix.dispenseapp.com/145c714690909516_1744053749738-815594285-13331112212111111111.png,,grams,5,,
happydays:ba909ce958331261,happydays:ba909ce958331261,Dab Accessories,810028446687,True,150,150,,,,https://imgix.dispenseapp.com/145c714690909516_1744053694585-783924721-2343242341112112.png,,grams,134,,
happydays:3f7aa79be961a36a,happydays:3f7aa79be961a36a,1g,65486118-20250127-DB0283,True,29.75,35,1g,,,https://imgix.dispenseapp.com/145c714690909516_1782906558953-518014129-9462.png,1,grams,59,85.47,
happydays:2a69a79d672ab497,happydays:2a69a79d672ab497,1g,720140165116,True,45,45,1g,,,https://imgix.dispenseapp.com/145c714690909516_1742999084420-132609697-32312434231.png,1,grams,27,59.46,
happydays:4511ea35cf7d6ddd,happydays:4511ea35cf7d6ddd,1g,720140165093,True,45,45,1g,,,https://imgix.dispenseapp.com/145c714690909516_1742999030899-366340563-41414142245.png,1,grams,37,71.85,
happydays:cb530fbb08547c01,happydays:cb530fbb08547c01,3.5g,810029767071,True,37.5,50,3.5g,,,https://imgix.dispenseapp.com/145c714690909516_1742911797615-265084637-4142424241411111.jpg,3.5,grams,32,37.12,
happydays:e7da2cb0b8a6a1f9,happydays:e7da2cb0b8a6a1f9,Apparel,HD-e7da2cb0b8a6a1f9,True,40,40,,,,https://imgix.dispenseapp.com/145c714690909516_1746909409081-64022104-nantuket_gray_(2).png,,,2,,
happydays:1276bc18cb08f54b,happydays:1276bc18cb08f54b,Apparel,HD-1276bc18cb08f54b,True,40,40,,,,https://imgix.dispenseapp.com/145c714690909516_1746909351468-825685830-nantuket_gray_(2).png,,,3,,
happydays:a3050e6f968e09f2,happydays:a3050e6f968e09f2,Apparel,HD-a3050e6f968e09f2,True,40,40,,,,https://imgix.dispenseapp.com/145c714690909516_1746909339868-156498717-nantuket_gray_(2).png,,,3,,
happydays:a086ee124ab72c9e,happydays:a086ee124ab72c9e,2.5g,HD-a086ee124ab72c9e,True,32,40,2.5g,,,https://imgix.dispenseapp.com/145c714690909516_1742939844075-655940471-9874458.png,2.5,grams,110,40.35,
happydays:dca92c965e23db67,happydays:dca92c965e23db67,2.5g,HD-dca92c965e23db67,True,32,40,2.5g,,,https://imgix.dispenseapp.com/145c714690909516_1742939892451-101498992-57645674567.png,2.5,grams,96,40.19,
happydays:5870d3faf44f0fb1,happydays:5870d3faf44f0fb1,2.5g,HD-5870d3faf44f0fb1,True,32,40,2.5g,,,https://imgix.dispenseapp.com/145c714690909516_1742939681706-439992713-3566456.png,2.5,grams,30,43.22,
happydays:c331de6ddca03c17,happydays:c331de6ddca03c17,3.5g,HD-c331de6ddca03c17,True,40,50,3.5g,,,https://imgix.dispenseapp.com/145c714690909516_1742816548910-805809298-63634141.png,3.5,grams,122,32.51,
happydays:3ea970001b4e1c5c,happydays:3ea970001b4e1c5c,Papers,716165303756,True,8,8,,,,https://imgix.dispenseapp.com/145c714690909516_1742827392669-16002960-452363563.png,,grams,54,,
happydays:9bc2cdc11743bc3e,happydays:9bc2cdc11743bc3e,3.5g,GG09,True,30,30,3.5g,,,https://imgix.dispenseapp.com/145c714690909516_1742901225847-742478251-234234234234234.png,3.5,grams,50,26.59,
happydays:db7860a04f7189fe,happydays:db7860a04f7189fe,3g,GGPR08,True,32,32,3g,,,https://imgix.dispenseapp.com/145c714690909516_1742901286452-179597321-23434423423423353532324.png,3,grams,54,28.31,
happydays:9b98ccf2fa0a81f1,happydays:9b98ccf2fa0a81f1,14g,JH1407,True,100,100,14g,,,https://imgix.dispenseapp.com/145c714690909516_1743785186842-456892860-2343342431111211.png,14,grams,33,25.45,
happydays:a771eddff00297bd,happydays:a771eddff00297bd,3g,agpr09,True,32,32,3g,,,https://imgix.dispenseapp.com/145c714690909516_1742901353524-374087843-232423423412143445.png,3,grams,66,25.44,
happydays:e965e11f7459f0a9,happydays:e965e11f7459f0a9,100mg,5236666743846261,True,14.45,17,100mg,,,https://imgix.dispenseapp.com/145c714690909516_1742500776486-650655085-IMG_7508.jpeg,100,milligrams,70,,
happydays:d1c044c204bd0b38,happydays:d1c044c204bd0b38,1g,HD-d1c044c204bd0b38,True,40,40,1g,,,https://imgix.dispenseapp.com/145c714690909516_1742471142818-66984804-34534534545435345345345.png,1,grams,2,92.01,
happydays:853a8a8933f5717b,happydays:853a8a8933f5717b,840mg,HD-853a8a8933f5717b,True,36,36,840mg,,,https://imgix.dispenseapp.com/145c714690909516_1742391946258-388581123-4141245345.png,840,milligrams,29,,
happydays:d361d2886c2ab6a7,happydays:d361d2886c2ab6a7,Other Accessories,716165280521,True,3,3,,,,https://imgix.dispenseapp.com/145c714690909516_1744247578003-324274824-657651564.png,,grams,188,,
happydays:0a73783254c97fe4,happydays:0a73783254c97fe4,Papers,716165174219,True,3,3,,,,https://imgix.dispenseapp.com/145c714690909516_1745610618253-153686065-354746531.png,,,179,,
happydays:674094021ee3ac5d,happydays:674094021ee3ac5d,1g,850049967792,True,54,60,1g,,,https://imgix.dispenseapp.com/145c714690909516_1742340811552-555627828-Jaunty-StrawberryMeltz-Badder.png,1,grams,19,67.57,
happydays:09b7c683af5400a3,happydays:09b7c683af5400a3,1g,795629760335,True,9,9,1g,,,https://imgix.dispenseapp.com/145c714690909516_1742467913566-933293570-453245354414.png,1,grams,126,39.69,
happydays:5530c62ae3b44346,happydays:5530c62ae3b44346,1g,001341000612,True,7,7,1g,,,https://imgix.dispenseapp.com/145c714690909516_1742468123304-923747111-899808908908.png,1,grams,54,26.41,
happydays:59210e8eb47a3d31,happydays:59210e8eb47a3d31,1g,001341000681,True,7,7,1g,,,https://imgix.dispenseapp.com/145c714690909516_1742468117692-457039296-899808908908.png,1,grams,111,26.62,
happydays:9a37c80925f0bdb2,happydays:9a37c80925f0bdb2,2g,810183301418,True,65,65,2g,,,https://imgix.dispenseapp.com/145c714690909516_1741980972180-889696424-122143432453.png,2,grams,18,57,
happydays:09ba4830e0b04962,happydays:09ba4830e0b04962,14g,NL1409,True,100,100,14g,,,https://imgix.dispenseapp.com/145c714690909516_1743785221823-557941219-11212443543242423.png,14,grams,75,28.89,
happydays:f30bd086d4fda16d,happydays:f30bd086d4fda16d,1g,850058286129,True,42.5,50,1g,,,https://imgix.dispenseapp.com/145c714690909516_1741861167123-111535916-234234234235555.png,1,grams,36,77.53,
happydays:c67659056096827f,happydays:c67659056096827f,1g,850058286105,True,42.5,50,1g,,,https://imgix.dispenseapp.com/145c714690909516_1760094722701-190855159-74674675544234252345425.png,1,grams,53,76.39,
happydays:4fe5ff48f7927fd7,happydays:4fe5ff48f7927fd7,1g,850058286099,True,34,40,1g,,,https://imgix.dispenseapp.com/145c714690909516_1760094575735-137471131-758432563452534.png,1,grams,40,82.65,
happydays:5ad2684a8c72c03e,happydays:5ad2684a8c72c03e,100mg,850001020923,True,20.4,24,100mg,,,https://imgix.dispenseapp.com/145c714690909516_1741860602751-795739129-23432411111111.jpg,100,milligrams,101,,
happydays:f9d0a56dc75481ee,happydays:f9d0a56dc75481ee,100mg,335172888997,True,30,30,100mg,,,https://imgix.dispenseapp.com/145c714690909516_1741781671234-633965919-2343412354455.jpg,100,milligrams,1,,
happydays:d6352f45e52267e2,happydays:d6352f45e52267e2,100mg,335172889017,True,30,30,100mg,,,https://imgix.dispenseapp.com/145c714690909516_1741781778534-957623628-1122452453.jpg,100,milligrams,1,,
happydays:17958501c9c54cbc,happydays:17958501c9c54cbc,28g,HD-17958501c9c54cbc,True,350,350,28g,,,https://imgix.dispenseapp.com/145c714690909516_1746094761959-48406251-234234241231232.png,28,grams,5,55.9,
happydays:4e8034f0600c255a,happydays:4e8034f0600c255a,Papers,716165177357,True,3,3,,,,https://imgix.dispenseapp.com/145c714690909516_1741733627773-437007398-raw_ks.png,,,179,,
happydays:a4a3ea44006e14c7,happydays:a4a3ea44006e14c7,7g,001341200470,True,44,44,7g,,,https://imgix.dispenseapp.com/145c714690909516_1741618763323-809572205-789688965856.jpg,7,grams,44,29.3,
happydays:fa086935948f4932,happydays:fa086935948f4932,100mg,HD-fa086935948f4932,True,30,30,100mg,,,https://imgix.dispenseapp.com/145c714690909516_1741702450849-457790325-414141222254.jpg,100,milligrams,7,,
happydays:729e57da7b46e8b0,happydays:729e57da7b46e8b0,1g,9007316405358220,True,42.5,50,1g,,,https://imgix.dispenseapp.com/145c714690909516_1758803129129-333138795-23423423423555234232.png,1,grams,11,90.52,
happydays:392a3d030cf4818b,happydays:392a3d030cf4818b,2.25g,HD-392a3d030cf4818b,True,40,40,2.25g,,,https://imgix.dispenseapp.com/145c714690909516_1741350913939-776355410-34545342222232354.png,2.25,grams,32,39.81,
happydays:11f174ba23972862,happydays:11f174ba23972862,300mg,720140163419,True,50,50,300mg,,,https://imgix.dispenseapp.com/145c714690909516_1745772498869-915828930-42566363634634.png,300,milligrams,26,,
happydays:5f90be72a824f5e0,happydays:5f90be72a824f5e0,1000mg,850051419111,True,60,60,1000mg,,,https://imgix.dispenseapp.com/145c714690909516_1741202206173-353370217-2343242234.png,1000,milligrams,33,,
happydays:8bb6c09dfbc120fa,happydays:8bb6c09dfbc120fa,1g,005499000074,True,33,33,1g,,,https://imgix.dispenseapp.com/145c714690909516_1740753769151-597005203-234344434423.jpg,1,grams,30,90.95,
happydays:fba7cc116b5b629c,happydays:fba7cc116b5b629c,1g,005499000050,True,33,33,1g,,,https://imgix.dispenseapp.com/145c714690909516_1740753791348-75388798-666654.jpg,1,grams,71,90.5,
happydays:9190c349a7e2f6c4,happydays:9190c349a7e2f6c4,7g,001341200449,True,44,44,7g,,,https://imgix.dispenseapp.com/145c714690909516_1765285779317-859711485-345684984.PNG,7,grams,48,27.7,
happydays:2ef3d6009cee69e2,happydays:2ef3d6009cee69e2,28g,HD-2ef3d6009cee69e2,True,128,160,28g,,,https://imgix.dispenseapp.com/145c714690909516_1765276731305-850691419-789625252.PNG,28,grams,82,25.63,
happydays:c79012f645c78427,happydays:c79012f645c78427,3.5g,HD-c79012f645c78427,True,40,50,3.5g,,,https://imgix.dispenseapp.com/145c714690909516_1740493579890-619831224-45245245245245254.png,3.5,grams,56,33.84,
happydays:f08cfcb375c61969,happydays:f08cfcb375c61969,3.5g,HD-f08cfcb375c61969,True,40,50,3.5g,,,https://imgix.dispenseapp.com/145c714690909516_1740758915005-700322989-45353534531121.jpg,3.5,grams,33,27.93,
happydays:2e1fe437123a4b39,happydays:2e1fe437123a4b39,2g,HD-2e1fe437123a4b39,True,56,70,2g,,,https://imgix.dispenseapp.com/145c714690909516_1740495022527-170411961-636354520.png,2,grams,3,87.55,
happydays:68b3c461f71a646e,happydays:68b3c461f71a646e,2g,767886710637,True,99,99,2g,,,https://imgix.dispenseapp.com/145c714690909516_1740572917251-151636561-111111111111212.jpg,2,grams,32,88.11,
happydays:9724a8bf2f8be946,happydays:9724a8bf2f8be946,2g,767887312601,True,99,99,2g,,,https://imgix.dispenseapp.com/145c714690909516_1740572810982-156882357-234234234234.jpg,2,grams,29,88.64,
happydays:057f0998842d1610,happydays:057f0998842d1610,Dab Accessories,810028448094,True,60,60,,,,https://imgix.dispenseapp.com/145c714690909516_1740414460679-492332883-chambers_0000_Pivot-Onyx_-2-Pack_-3D-Chamber_-Open.webp,,grams,19,,
happydays:30964a503dc5ad6a,happydays:30964a503dc5ad6a,7g,https://mcrlabsny.sharefile.com/public/share/web-s21b0aeef6c394a1fbf43010063ab36ce,True,48,60,7g,,,https://imgix.dispenseapp.com/145c714690909516_1762780538999-887750640-34534545555435.jpeg,7,grams,24,38.8,
happydays:e9d95d5c53a75363,happydays:e9d95d5c53a75363,1g,850049967754,True,36,45,1g,,,https://imgix.dispenseapp.com/145c714690909516_1769685559331-890545761-11.jpg,1,grams,45,85.68,
happydays:7f0bd3c96467a150,happydays:7f0bd3c96467a150,1g,850049967747,True,36,45,1g,,,https://imgix.dispenseapp.com/145c714690909516_1740401696457-702643092-111414141422.jpg,1,grams,7,86.35,
happydays:ef97ac3b2c3d5d3c,happydays:ef97ac3b2c3d5d3c,2g,355750342024,True,65,65,2g,,,https://imgix.dispenseapp.com/145c714690909516_1740095483755-795706044-578578568.jpg,2,grams,8,89.45,
happydays:aee9f405677a5897,happydays:aee9f405677a5897,3.5g,HD-aee9f405677a5897,True,30,30,3.5g,,,https://imgix.dispenseapp.com/145c714690909516_1785510852951-201483792-ICE_CREAM_SUNDAE_3.5_JAR_-_BSRICS00003.jpg,3.5,grams,45,23.49,
happydays:0e3be4d7965c2a76,happydays:0e3be4d7965c2a76,1g,HD-0e3be4d7965c2a76,True,37.5,37.5,1g,,,https://imgix.dispenseapp.com/145c714690909516_1739617912122-822693054-galactic_gas_-_disposable.jpeg,1,grams,35,92.72,
happydays:1bb47b637c63e490,happydays:1bb47b637c63e490,1g,HD-1bb47b637c63e490,True,37.5,37.5,1g,,,https://imgix.dispenseapp.com/145c714690909516_1739618001505-141845242-raspberry_kush_-_disposable.jpeg,1,grams,29,86.8,
happydays:446aa177c7fc49e1,happydays:446aa177c7fc49e1,1g,HD-446aa177c7fc49e1,True,37.5,37.5,1g,,,https://imgix.dispenseapp.com/145c714690909516_1739618117419-926845877-tiger's_blood_-_disposable.jpeg,1,grams,26,92.7,
happydays:ae0da4956ea52a12,happydays:ae0da4956ea52a12,1g,HD-ae0da4956ea52a12,True,33,33,1g,,,https://imgix.dispenseapp.com/145c714690909516_1739618250547-865830428-alien_og_-_510_thread.jpeg,1,grams,19,88.6,
happydays:9e0c7461c980fc68,happydays:9e0c7461c980fc68,1g,HD-9e0c7461c980fc68,True,33,33,1g,,,https://imgix.dispenseapp.com/145c714690909516_1739618345455-847990509-jealousy_-_510_thread.jpeg,1,grams,8,89.8,
happydays:6d453f4b067d68b3,happydays:6d453f4b067d68b3,2g,HD-6d453f4b067d68b3,True,65,65,2g,,,https://imgix.dispenseapp.com/145c714690909516_1739909390519-128055470-414141414142.png,2,grams,1,53.87,
happydays:8dd383bb0330a9ab,happydays:8dd383bb0330a9ab,840mg,HD-8dd383bb0330a9ab,True,36,36,840mg,,,https://imgix.dispenseapp.com/145c714690909516_1755775230194-183676784-3543424524142142414414.PNG,840,milligrams,7,,
happydays:842c51dc4a8e37ff,happydays:842c51dc4a8e37ff,1g,HD-842c51dc4a8e37ff,True,45,45,1g,,,https://imgix.dispenseapp.com/145c714690909516_1739548524970-130325415-1212342543545.png,1,grams,42,,
happydays:9ca3503a5981aca0,happydays:9ca3503a5981aca0,Apparel,HDCREWOATS01,True,40,40,,,,https://imgix.dispenseapp.com/145c714690909516_1784566335913-808278935-234223424.png,,,3,,
happydays:b4df72deaefe1a3b,happydays:b4df72deaefe1a3b,Apparel,HD-b4df72deaefe1a3b,True,40,40,,,,https://imgix.dispenseapp.com/145c714690909516_1774556658890-119767426-6.png,,,7,,
happydays:6dbe13ee23921112,happydays:6dbe13ee23921112,Apparel,HDTDHCCXL01,True,45,45,,,,https://imgix.dispenseapp.com/145c714690909516_1746903293894-554362878-dip_dye_hoodie.png,,,1,,
happydays:6b1bca1d6745b204,happydays:6b1bca1d6745b204,Apparel,HD-6b1bca1d6745b204,True,35,35,,,,https://imgix.dispenseapp.com/145c714690909516_1746904072375-594492885-dip_dye_shorts.png,,,3,,
happydays:77255e99e0f66183,happydays:77255e99e0f66183,Apparel,HD-77255e99e0f66183,True,25,25,,,,https://imgix.dispenseapp.com/145c714690909516_1746904117910-375761248-blue_crop.png,,,3,,
happydays:ebf9d4d3756e1f45,happydays:ebf9d4d3756e1f45,Apparel,HD-ebf9d4d3756e1f45,True,25,25,,,,https://imgix.dispenseapp.com/145c714690909516_1746904133093-56925230-blue_crop.png,,,1,,
happydays:9168adaee51ba8f1,happydays:9168adaee51ba8f1,Apparel,HD-9168adaee51ba8f1,True,25,25,,,,https://imgix.dispenseapp.com/145c714690909516_1746904148323-961547953-blue_crop.png,,,5,,
happydays:8506ea40e7c9319e,happydays:8506ea40e7c9319e,Apparel,HD-8506ea40e7c9319e,True,25,25,,,,https://imgix.dispenseapp.com/145c714690909516_1746904217863-991406104-blue_crop.png,,,1,,
happydays:596eeaef7e4a5e8c,happydays:596eeaef7e4a5e8c,Apparel,HD-596eeaef7e4a5e8c,True,25,25,,,,https://imgix.dispenseapp.com/145c714690909516_1746904452176-359566100-coffee_crop.png,,,1,,
happydays:94fbe554b7588fff,happydays:94fbe554b7588fff,Apparel,HD-94fbe554b7588fff,True,25,25,,,,https://imgix.dispenseapp.com/145c714690909516_1746904434730-641834986-coffee_crop.png,,,7,,
happydays:859ac9b6da23196c,happydays:859ac9b6da23196c,Apparel,HD-859ac9b6da23196c,True,25,25,,,,https://imgix.dispenseapp.com/145c714690909516_1746904414176-38954961-coffee_crop.png,,,3,,
happydays:b58c788427ce385d,happydays:b58c788427ce385d,1g,HD-b58c788427ce385d,True,88,88,1g,,,https://imgix.dispenseapp.com/145c714690909516_1738668571495-33414647-1232333431243434.png,1,grams,5,78.17,
happydays:c69c4d721ba87dd9,happydays:c69c4d721ba87dd9,1g,HD-c69c4d721ba87dd9,True,7.5,7.5,1g,,,https://imgix.dispenseapp.com/145c714690909516_1739273286891-647363331-12121234445.png,1,grams,71,31.97,
happydays:75439f467e397f2b,happydays:75439f467e397f2b,1g,005499000081,True,33,33,1g,,,https://imgix.dispenseapp.com/145c714690909516_1739267422923-976594523-tangie_dream_-_510_thread.jpeg,1,grams,18,87.3,
happydays:d368bd38da4c6b3f,happydays:d368bd38da4c6b3f,1g,HD-d368bd38da4c6b3f,True,37.5,37.5,1g,,,https://imgix.dispenseapp.com/145c714690909516_1739267471486-315542242-king_louis_xiii_-_disposable.jpeg,1,grams,64,95.44,
happydays:ec1f925696fc8a1c,happydays:ec1f925696fc8a1c,14g,AG1409,True,100,100,14g,,,https://imgix.dispenseapp.com/145c714690909516_1739051774210-573690083-Orange_14g_(Acapulco_Gold).png,14,grams,84,31.82,
happydays:72952d8efb654f98,happydays:72952d8efb654f98,3.5g,SLH11,True,30,30,3.5g,,,https://imgix.dispenseapp.com/145c714690909516_1739051812415-84908094-Cream_3.5_(Super_Lemon_Haze).png,3.5,grams,36,22.3,
happydays:a434ed7548981e41,happydays:a434ed7548981e41,3.5g,JH10,True,30,30,3.5g,,,https://imgix.dispenseapp.com/145c714690909516_1739051787093-556326534-Green_3.5_(Jack_Herer).png,3.5,grams,19,22.63,
happydays:6312201b62bc8f33,happydays:6312201b62bc8f33,1g,810099152234,True,88,88,1g,,,https://imgix.dispenseapp.com/145c714690909516_1738668009293-928745149-12334122343.png,1,grams,12,80.71,
happydays:60356f14b29c7531,happydays:60356f14b29c7531,1g,810099152531,True,88,88,1g,,,https://imgix.dispenseapp.com/145c714690909516_1738667902380-123627104-2342341212.png,1,grams,12,77.72,
happydays:10757e2e3b2532f1,happydays:10757e2e3b2532f1,1g,HD-10757e2e3b2532f1,True,55,55,1g,,,https://imgix.dispenseapp.com/145c714690909516_1738668791336-173512230-999879676.png,1,grams,10,77.27,
happydays:6ab11211d699a150,happydays:6ab11211d699a150,1g,HD-6ab11211d699a150,True,55,55,1g,,,https://imgix.dispenseapp.com/145c714690909516_1738668471268-485730776-2342341213424.png,1,grams,7,80.98,
happydays:21cae26a382a6811,happydays:21cae26a382a6811,28g,850070767231,True,112.5,150,28g,,,https://imgix.dispenseapp.com/145c714690909516_1738771766661-296527260-234234123444.png,28,grams,18,17.48,
happydays:e05607a3b63a4267,happydays:e05607a3b63a4267,Bongs/pipes,HD-e05607a3b63a4267,True,158,158,,,,https://imgix.dispenseapp.com/145c714690909516_1733503513262-185500641-16_Tall_Colour_Changing_Moe_Money_Tube_Triple_Donut.jpeg,,,5,,
happydays:48c7a4f704acdc2f,happydays:48c7a4f704acdc2f,100mg,810029766159,True,12,16,100mg,,,https://imgix.dispenseapp.com/145c714690909516_1787065268906-488650102-BlackCherryHH.jpg,100,milligrams,173,,
happydays:31abec79f78a864b,happydays:31abec79f78a864b,Apparel,HD-31abec79f78a864b,True,35,35,,,,https://imgix.dispenseapp.com/145c714690909516_1746902879325-148830463-3.png,,,4,,
happydays:66aebc765bb5dc94,happydays:66aebc765bb5dc94,Apparel,HDCCLSSWPICBLL01,True,35,35,,,,https://imgix.dispenseapp.com/145c714690909516_1747938485446-240685910-1_(1).png,,,1,,
happydays:b9917cf40e313cac,happydays:b9917cf40e313cac,Apparel,HD-b9917cf40e313cac,True,35,35,,,,https://imgix.dispenseapp.com/145c714690909516_1746903103240-210307640-4.png,,,5,,
happydays:d3880f2bc3e2c28d,happydays:d3880f2bc3e2c28d,Apparel,HD-d3880f2bc3e2c28d,True,35,35,,,,https://imgix.dispenseapp.com/145c714690909516_1746903117298-98869327-5.png,,,8,,
happydays:8127c7087dc72d47,happydays:8127c7087dc72d47,1g,810029766326,True,30,40,1g,,,https://imgix.dispenseapp.com/145c714690909516_1739274886057-144282355-1232144.png,1,grams,88,85.97,
happydays:b54089f51dd1deb7,happydays:b54089f51dd1deb7,1g,810029766333,True,30,40,1g,,,https://imgix.dispenseapp.com/145c714690909516_1739274909522-321270555-54523.png,1,grams,60,89.3,
happydays:f84b038f6d3dfc5f,happydays:f84b038f6d3dfc5f,3.5g,HD-f84b038f6d3dfc5f,True,40,40,3.5g,,,https://imgix.dispenseapp.com/145c714690909516_1737984237537-537011615-123334445543.jpg,3.5,grams,16,26.04,
happydays:b0d426a5b7bdf1e6,happydays:b0d426a5b7bdf1e6,3.5g,HD-b0d426a5b7bdf1e6,True,40,40,3.5g,,,https://imgix.dispenseapp.com/145c714690909516_1737984162972-164341349-123221223.jpg,3.5,grams,2,28.01,
happydays:5032a244b95ff2c3,happydays:5032a244b95ff2c3,1g,HD-5032a244b95ff2c3,True,11,11,1g,,,https://imgix.dispenseapp.com/145c714690909516_1763463983987-52383949-8434514254.jpg,1,grams,61,47.24,
happydays:66e265ecc96af270,happydays:66e265ecc96af270,1g,795629760250,True,9,9,1g,,,https://imgix.dispenseapp.com/145c714690909516_1737747566042-115496887-121212312341254124.jpg,1,grams,57,43.18,
happydays:1f61dd3da789e14b,happydays:1f61dd3da789e14b,Other Accessories,HD-1f61dd3da789e14b,True,25,25,,,,https://imgix.dispenseapp.com/145c714690909516_1746985886683-674604907-20250511_134507.jpg,,,6,,
happydays:670f810390715ea8,happydays:670f810390715ea8,2.5g,850067737346,True,34,40,2.5g,,,https://imgix.dispenseapp.com/145c714690909516_1760093706001-315748019-36345321428424141.png,2.5,grams,46,32.27,
happydays:d0a245ab068353a5,happydays:d0a245ab068353a5,3.5g,WW11,True,30,30,3.5g,,,https://imgix.dispenseapp.com/145c714690909516_1757425614886-876036131-White_Widow_3.5g,3.5,grams,53,27.06,
happydays:6074a53a02d09e86,happydays:6074a53a02d09e86,3g,wwpr09,True,32,32,3g,,,https://imgix.dispenseapp.com/145c714690909516_1750528039776-830540102-1212222487984.png,3,grams,59,26.47,
happydays:ef75de7f00b24970,happydays:ef75de7f00b24970,3g,MWPR09,True,32,32,3g,,,https://imgix.dispenseapp.com/145c714690909516_1737302571450-518543394-Yellow_Label_(Maui_Wowie).png,3,grams,75,21.17,
happydays:bd2def35005a7ce8,happydays:bd2def35005a7ce8,3.5g,MW11,True,30,30,3.5g,,,https://imgix.dispenseapp.com/145c714690909516_1737302455401-758579330-Yellow_3.5_(Maui_Wowie).png,3.5,grams,198,33.03,
happydays:5b1cd8f47e7fd52e,happydays:5b1cd8f47e7fd52e,3.5g,AG11,True,30,30,3.5g,,,https://imgix.dispenseapp.com/145c714690909516_1737302370728-660474839-Orange_3.5_(Acapulco_Gold).png,3.5,grams,100,22.58,
happydays:fb767a00d050c619,happydays:fb767a00d050c619,3.5g,NL12,True,30,30,3.5g,,,https://imgix.dispenseapp.com/145c714690909516_1737302323251-560117686-Purple_3.5_(Northern_Lights).png,3.5,grams,75,26.12,
happydays:19a7a2bfaa68bf10,happydays:19a7a2bfaa68bf10,3g,NLPR10,True,32,32,3g,,,https://imgix.dispenseapp.com/145c714690909516_1737302624383-705628388-Purple_Label_(Northern_Lights).png,3,grams,49,29,
happydays:5e0637c37f878680,happydays:5e0637c37f878680,Papers,716165280965,True,3,3,,,,https://imgix.dispenseapp.com/145c714690909516_1741735051709-34511430-raw114b.png,,,32,,
happydays:9d1137492f170ef5,happydays:9d1137492f170ef5,Storage,HD-9d1137492f170ef5,True,25,25,,,,https://imgix.dispenseapp.com/145c714690909516_1746980912651-417566140-20250427_124932.jpg,,,710,,
happydays:06c84912b004703f,happydays:06c84912b004703f,Storage,HD-06c84912b004703f,True,30,30,,,,https://imgix.dispenseapp.com/145c714690909516_1746980942328-531165885-20250427_124630.jpg,,,516,,
happydays:97db018bfe4e0006,happydays:97db018bfe4e0006,1g,850058286464,True,42.5,50,1g,,,https://imgix.dispenseapp.com/145c714690909516_1760094337005-225834692-999654234245435.png,1,grams,46,79.94,
happydays:9cc023e42578e683,happydays:9cc023e42578e683,7g,850067737438,True,59.5,70,7g,,,https://imgix.dispenseapp.com/145c714690909516_1746524764238-612265599-452451111412.jpg,7,grams,35,27.01,
happydays:7ac7b0b8a42cb51e,happydays:7ac7b0b8a42cb51e,6.5g,https://mcrlabsny.sharefile.com/public/share/web-s705530fb725c488886201b4e06c01309,True,53.1,59,6.5g,,,https://imgix.dispenseapp.com/145c714690909516_1737637017835-913827452-45242542345333.jpg,6.5,grams,46,31.8,
happydays:b284a55f0fc4a94e,happydays:b284a55f0fc4a94e,3.75g,769293503116,True,36,40,3.75g,,,https://imgix.dispenseapp.com/145c714690909516_1735933514507-41433317-Pineapple_Splash_Infused_Prerolls.jpg,3.75,grams,223,42.4,
happydays:2fbc3360094f0b00,happydays:2fbc3360094f0b00,6.5g,https://mcrlabsny.sharefile.com/public/share/web-s6f2ac5ed676d4b84ad1311f5c6d31f9e,True,53.1,59,6.5g,,,https://imgix.dispenseapp.com/145c714690909516_1735932571437-258156540-Maui_Waui_mini_blunts.jpg,6.5,grams,17,28.8,
happydays:3a0f2984fc989493,happydays:3a0f2984fc989493,3.75g,https://mcrlabsny.sharefile.com/public/share/web-s2ef36c3e10e64555883595923c2da53a,True,36,40,3.75g,,,https://imgix.dispenseapp.com/145c714690909516_1735933308392-615703620-Grape_Cookies_Infused_Prerolls.jpg,3.75,grams,11,43,
happydays:cd057cdc4e640dac,happydays:cd057cdc4e640dac,3.75g,699838919471,True,36,40,3.75g,,,https://imgix.dispenseapp.com/145c714690909516_1735933586005-869439237-Maui_Waui_Infused_prerolls.jpg,3.75,grams,122,41.8,
happydays:9b428eda144a6f9d,happydays:9b428eda144a6f9d,28g,850067994602,True,350,350,28g,,,https://imgix.dispenseapp.com/145c714690909516_1736103688460-75829066-Blueberry_Muffin_Space_Ballers.png,28,grams,14,62.92,
happydays:526a576fa6a00368,happydays:526a576fa6a00368,4g,HD-526a576fa6a00368,True,60,60,4g,,,https://imgix.dispenseapp.com/145c714690909516_1736220614293-619569039-GRAPE_BUBBLY_MOONROCKS.png,4,grams,54,63.8,
happydays:e00082aa70608b03,happydays:e00082aa70608b03,1g,HD-e00082aa70608b03,True,7,7,1g,,,https://imgix.dispenseapp.com/145c714690909516_1737704108764-1645304-leal_1g_pre-roll.jpeg,1,grams,42,25.17,
happydays:290a704562a320e7,happydays:290a704562a320e7,1g,006008000127,True,11,11,1g,,,https://imgix.dispenseapp.com/145c714690909516_1763463936232-353007412-35665365466664.jpg,1,grams,56,39.1,
happydays:e0ede842a3fdad7a,happydays:e0ede842a3fdad7a,1g,006008000134,True,11,11,1g,,,https://imgix.dispenseapp.com/145c714690909516_1763463946123-986970104-64767562352.jpg,1,grams,147,44.12,
happydays:1e7bbc17fe629c85,happydays:1e7bbc17fe629c85,1g,00600800110,True,11,11,1g,,,https://imgix.dispenseapp.com/145c714690909516_1763464018847-480185022-42148414.jpg,1,grams,82,42,
happydays:63e08cae9adbdd8e,happydays:63e08cae9adbdd8e,1g,HD-63e08cae9adbdd8e,True,7,7,1g,,,https://imgix.dispenseapp.com/145c714690909516_1737703916372-460752882-leal_1g_pre-roll.jpeg,1,grams,69,29.79,
happydays:e10b2d81b73e931f,happydays:e10b2d81b73e931f,28g,5800445076693260,True,135,150,28g,,,https://imgix.dispenseapp.com/145c714690909516_1736253301445-856780381-53345.png,28,grams,60,22,
happydays:530d962526d7cd8b,happydays:530d962526d7cd8b,Dab Accessories,HD-530d962526d7cd8b,True,250,250,,,,https://imgix.dispenseapp.com/145c714690909516_1744054124164-764982899-112124454523.png,,grams,8,,
happydays:872066eb1d461650,happydays:872066eb1d461650,1.5g,850049967686,True,44,55,1.5g,,,https://imgix.dispenseapp.com/145c714690909516_1734463680714-207509512-121234444.png,1.5,grams,39,84.02,
happydays:b2cdb0c31ccd5c0c,happydays:b2cdb0c31ccd5c0c,1.5g,850049967679,True,44,55,1.5g,,,https://imgix.dispenseapp.com/145c714690909516_1734463717950-401442668-11111111111112.png,1.5,grams,13,86.72,
happydays:241c8b4cd1a4329d,happydays:241c8b4cd1a4329d,1.5g,850049967655,True,44,55,1.5g,,,https://imgix.dispenseapp.com/145c714690909516_1734463553856-343987010-414157522.png,1.5,grams,45,83.22,
happydays:39b7e43c32b40b41,happydays:39b7e43c32b40b41,1.5g,850049967662,True,44,55,1.5g,,,https://imgix.dispenseapp.com/145c714690909516_1734463797086-278319938-45224524533.png,1.5,grams,36,86.85,
happydays:7e4b1e4a0b7f548d,happydays:7e4b1e4a0b7f548d,467.5mg,810139761808,True,19.2,48,467.5mg,,,https://imgix.dispenseapp.com/145c714690909516_1734615529125-615450458-414122245456.jpg,467.5,milligrams,4,,
happydays:890350240d9e40ce,happydays:890350240d9e40ce,100mg,HD-890350240d9e40ce,True,22,22,100mg,,,https://imgix.dispenseapp.com/145c714690909516_1743595895220-591996234-1232331313453.png,100,milligrams,5,,
happydays:e5a1ea8cb55f0273,happydays:e5a1ea8cb55f0273,3.5g,HD-e5a1ea8cb55f0273,True,40,50,3.5g,,,https://imgix.dispenseapp.com/145c714690909516_1733831721582-828620103-4141755455.png,3.5,grams,66,29.47,
happydays:43e0c1c31e8e8674,happydays:43e0c1c31e8e8674,7g,850067737209,True,59.5,70,7g,,,https://imgix.dispenseapp.com/145c714690909516_1734375533959-212521579-1212334444.jpg,7,grams,20,25.56,
happydays:0ba2bb8a7860ab80,happydays:0ba2bb8a7860ab80,1g,725272732090,True,20,20,1g,,,https://imgix.dispenseapp.com/145c714690909516_1734092616788-96154837-234234234112.jpeg,1,grams,8,35.41,
happydays:66e131df562ec92c,happydays:66e131df562ec92c,Grinders,HDGRNDXL,True,30,30,,,,https://imgix.dispenseapp.com/145c714690909516_1746984135114-131549082-20250511_130027.jpg,,,997,,
happydays:c88d3b34c51f9b32,happydays:c88d3b34c51f9b32,Bongs/pipes,HD-c88d3b34c51f9b32,True,5,5,,,,https://imgix.dispenseapp.com/145c714690909516_1733957152538-401527582-2016-New-Portable-Metal-Smoking-Pipe-Tobacco-Herb-Pipes-Detachable-Leaf-Herb-Pipes-New-Gift-Mill.avif,,,1335,,
happydays:0b7d4192c0ccc90d,happydays:0b7d4192c0ccc90d,Bongs/pipes,HD-0b7d4192c0ccc90d,True,126,126,,,,https://imgix.dispenseapp.com/145c714690909516_1733504101113-294267598-15_Tall_Smoke_Power_To_The_Flower_Dual_Chamber_Hex_Beaker_Base_Water_Pipe.jpeg,,,4,,
happydays:079088d217a03569,happydays:079088d217a03569,Dab Accessories,HD-079088d217a03569,True,9.99,9.99,,,,https://imgix.dispenseapp.com/145c714690909516_1733519303058-692326818-16516516516516.jpg,,,5,,
happydays:299805909e167047,happydays:299805909e167047,Other Accessories,HD-299805909e167047,True,50,50,,,,https://imgix.dispenseapp.com/145c714690909516_1733502218074-363929008-f231428b-3106-4d36-be56-e0d02ee94606_1000x.webp,,,1,,
happydays:3276d041eca4243f,happydays:3276d041eca4243f,2g,355750342017,True,65,65,2g,,,https://imgix.dispenseapp.com/145c714690909516_1733322897024-679578933-666664542.jpg,2,grams,19,88.67,
happydays:9fe0bf53e0559c72,happydays:9fe0bf53e0559c72,28g,https://drive.google.com/file/d/1GUAkaaBbz_EjD_P1GyiDuZHWxJ2VXRqm/view?usp=drive_link,True,71.25,95,28g,,,https://imgix.dispenseapp.com/145c714690909516_1733407941904-334008539-232323111112.PNG,28,grams,98,17.95,
happydays:7ad4ec2bfb37519d,happydays:7ad4ec2bfb37519d,28g,850070767156,True,71.25,95,28g,,,https://imgix.dispenseapp.com/145c714690909516_1733408049320-102352823-323111221212.PNG,28,grams,86,24.04,
happydays:64c0a0dfb3c5bf27,happydays:64c0a0dfb3c5bf27,28g,https://drive.google.com/file/d/1tjgkOiGVlmhldEf6tgeO1lIGTE8mBWCz/view?usp=drive_link,True,71.25,95,28g,,,https://imgix.dispenseapp.com/145c714690909516_1733408258998-647054797-2323231112.PNG,28,grams,37,22.54,
happydays:5d46714181be3fcf,happydays:5d46714181be3fcf,28g,https://drive.google.com/file/d/1wQr6gEYz1dRHsNakbNBBDcDnOjSv2kE9/view?usp=drive_link,True,71.25,95,28g,,,https://imgix.dispenseapp.com/145c714690909516_1733408001143-227248844-33323112.PNG,28,grams,31,18.51,
happydays:2b5232d548fde576,happydays:2b5232d548fde576,28g,https://drive.google.com/file/d/1CFXq5Lj48AWpgEm5Xi2ZztMQeRT4l3C9/view?usp=drive_link,True,71.25,95,28g,,,https://imgix.dispenseapp.com/145c714690909516_1733408221463-269493638-23232332211112.PNG,28,grams,54,27.33,
happydays:f1d1f04047d065f3,happydays:f1d1f04047d065f3,Papers,716165202103,True,4,4,,,,https://imgix.dispenseapp.com/145c714690909516_1784561585936-479647552-67576.webp,,,422,,
happydays:430343c69bed8c5c,happydays:430343c69bed8c5c,Papers,716165289920,True,4,4,,,,https://imgix.dispenseapp.com/145c714690909516_1778181570617-880641965-raw-black-ks-3pk.jpg,,grams,781,,
happydays:c0bd357016684415,happydays:c0bd357016684415,Papers,716165174578,True,4,4,,,,https://d1qjybsjlbmhj3.cloudfront.net/1784561487602-32092879-8796.webp,,,523,,
happydays:af0eb98f347178ea,happydays:af0eb98f347178ea,Papers,716165201953,True,6,6,,,,https://imgix.dispenseapp.com/145c714690909516_1744740328118-499477995-3576754.png,,,7,,
happydays:f8526210dec967cd,happydays:f8526210dec967cd,1g,001341000384,True,7,7,1g,,,https://imgix.dispenseapp.com/145c714690909516_1733406656828-645588921-111111111121.png,1,grams,138,32.51,
happydays:46d95c24bc1a1f5b,happydays:46d95c24bc1a1f5b,3.5g,001341100725,True,24,24,3.5g,,,https://imgix.dispenseapp.com/145c714690909516_1765286048727-962175309-789456123.PNG,3.5,grams,78,29.91,
happydays:65094bfec8f19f01,happydays:65094bfec8f19f01,Gift Cards,HD-65094bfec8f19f01,True,75,75,,,,https://imgix.dispenseapp.com/145c714690909516_1732986917723-234404606-Gift_Card.png,,,135,,
happydays:33b3cfb8e98da27d,happydays:33b3cfb8e98da27d,Gift Cards,HD-33b3cfb8e98da27d,True,50,50,,,,https://imgix.dispenseapp.com/145c714690909516_1732986881186-948193709-Gift_Card.png,,,4,,
happydays:d34ee7300a986db0,happydays:d34ee7300a986db0,Gift Cards,HD-d34ee7300a986db0,True,100,100,,,,https://imgix.dispenseapp.com/145c714690909516_1732986949310-625504240-Gift_Card.png,,,3,,
happydays:485a15bd738ebd00,happydays:485a15bd738ebd00,1g,850058286884,True,34,40,1g,,,https://imgix.dispenseapp.com/145c714690909516_1746456118732-651789981-FF-CDT-Cart-PineappleExpress_040325.png,1,grams,6,76.56,
happydays:2711412b500e8af0,happydays:2711412b500e8af0,1g,850067737360,True,34,40,1g,,,https://imgix.dispenseapp.com/145c714690909516_1760094090920-826467867-88854534533222.png,1,grams,25,74.63,
happydays:3cc7d133c562b245,happydays:3cc7d133c562b245,1g,850067994541,True,40,40,1g,,,https://imgix.dispenseapp.com/145c714690909516_1732753386029-997640234-New_York_Honey_1g_AIO_Pen_-_Blue_Dream.png,1,grams,12,80.3,
happydays:0082f131b0abff34,happydays:0082f131b0abff34,2g,HD-0082f131b0abff34,True,50,50,2g,,,https://imgix.dispenseapp.com/145c714690909516_1732753130818-63056542-New_York_Honey_2g_Refill_Dab_Dart_-_Grape_Ape.png,2,grams,30,80.2,
happydays:d2d8fccc96ff76a5,happydays:d2d8fccc96ff76a5,Gift Cards,HD-d2d8fccc96ff76a5,True,25,25,,,,https://imgix.dispenseapp.com/145c714690909516_1733519569454-34478857-Gift_Card.png,,,8,,
happydays:ab3bf50a43cac772,happydays:ab3bf50a43cac772,3.6g,850070949514,True,40,40,3.6g,,,https://imgix.dispenseapp.com/145c714690909516_1732647127667-458834029-1212121212121.png,3.6,grams,50,25.75,
happydays:d67218ad7874456f,happydays:d67218ad7874456f,100mg,857181008666,True,18.759999999999998,28,100mg,,,https://imgix.dispenseapp.com/145c714690909516_1747046623562-480612711-7452452877582.png,100,milligrams,117,,
happydays:5e6f092cb8c3fc15,happydays:5e6f092cb8c3fc15,3.5g,HD-5e6f092cb8c3fc15,True,40,50,3.5g,,,https://imgix.dispenseapp.com/145c714690909516_1732701769844-880848740-IMG_8959.png,3.5,grams,23,31.83,
happydays:6ccdb989dee330ab,happydays:6ccdb989dee330ab,0.5g,0378910825356932,True,25.5,30,0.5g,,,https://imgix.dispenseapp.com/145c714690909516_1732724408586-13329119-4524523458888.jpg,0.5,grams,25,90.52,
happydays:6b17f3c016e53a9d,happydays:6b17f3c016e53a9d,2g,355750342031,True,65,65,2g,,,https://imgix.dispenseapp.com/145c714690909516_1732105782990-420273930-524524533.jpg,2,grams,9,92.81,
happydays:c8e23110dbd50b1e,happydays:c8e23110dbd50b1e,2g,HD-c8e23110dbd50b1e,True,65,65,2g,,,https://imgix.dispenseapp.com/145c714690909516_1732105811963-52894746-525248874.jpg,2,grams,14,92.58,
happydays:8e3210e20352b40e,happydays:8e3210e20352b40e,Papers,810134920231,True,5,5,,,,https://imgix.dispenseapp.com/145c714690909516_1773677479975-824439136-blazy.jpg,,,62,,
happydays:a804b78574054a23,happydays:a804b78574054a23,Papers,HD-a804b78574054a23,True,3,3,,,,https://imgix.dispenseapp.com/145c714690909516_1778182013038-382681642-Untitled_design_(2).png,,,130,,
happydays:56f56c13703f6044,happydays:56f56c13703f6044,Bongs/pipes,HD-56f56c13703f6044,True,2,2,,,,https://imgix.dispenseapp.com/145c714690909516_1732297339916-376992531-brass-pipe-screens-5-pack__31488.jpg,,,497,,
happydays:b2da2078c744a6a3,happydays:b2da2078c744a6a3,Apparel,HD-b2da2078c744a6a3,True,35,35,,,,https://imgix.dispenseapp.com/145c714690909516_1746902223883-829342232-Burnout_color_1.png,,,4,,
happydays:ad5519f6fe3f4fb3,happydays:ad5519f6fe3f4fb3,Apparel,HD-ad5519f6fe3f4fb3,True,35,35,,,,https://imgix.dispenseapp.com/145c714690909516_1778182748738-753843870-1746902223883-829342232-Burnout_color_1.png,,,1,,
happydays:cd1c15454623b3a1,happydays:cd1c15454623b3a1,3.5g,20241209JFOG-FRY18-1,True,40,50,3.5g,,,https://imgix.dispenseapp.com/145c714690909516_1732118820317-538122539-4141878.png,3.5,grams,72,30.71,
happydays:5b2ec3c9904f00b5,happydays:5b2ec3c9904f00b5,1.75g,HD-5b2ec3c9904f00b5,True,28,28,1.75g,,,https://imgix.dispenseapp.com/145c714690909516_1732118852319-851455939-63634884.png,1.75,grams,68,24.39,
happydays:04e3a3e092e53eef,happydays:04e3a3e092e53eef,2.5g,000000609777,True,30,30,2.5g,,,https://imgix.dispenseapp.com/145c714690909516_1732032775278-128828029-555555555454.jpg,2.5,grams,59,32.85,
happydays:5dfbd0d225a6318b,happydays:5dfbd0d225a6318b,100mg,810029766098,True,12,16,100mg,,,https://imgix.dispenseapp.com/145c714690909516_1787065364631-401545876-StrawberryHH.jpg,100,milligrams,86,,
happydays:487868ff731cf8fd,happydays:487868ff731cf8fd,Dab Accessories,HD-487868ff731cf8fd,True,450,450,,,,https://imgix.dispenseapp.com/145c714690909516_1731170848774-787569851-PeakProOnyxLeft3Quarter3DXL.webp,,grams,6,,
happydays:4ee9098921ab1445,happydays:4ee9098921ab1445,7g,HD-4ee9098921ab1445,True,44,44,7g,,,https://imgix.dispenseapp.com/145c714690909516_1732630499917-100372909-4524524523453245.jpg,7,grams,46,28.13,
happydays:ee4f73b11605f2b1,happydays:ee4f73b11605f2b1,1g,HD-ee4f73b11605f2b1,True,88,88,1g,,,https://imgix.dispenseapp.com/145c714690909516_1730928057851-205434755-444444443213.png,1,grams,4,80.46,
happydays:e2d2be2665f0811c,happydays:e2d2be2665f0811c,1g,HD-e2d2be2665f0811c,True,88,88,1g,,,https://imgix.dispenseapp.com/145c714690909516_1730928119507-526869674-45244111.png,1,grams,12,77.69,
happydays:43d8df079a686a67,happydays:43d8df079a686a67,7g,850050317890,True,40,40,7g,,,https://imgix.dispenseapp.com/145c714690909516_1730929296341-360699601-8967865.jpg,7,grams,14,20.21,
happydays:caac76e5f123fffb,happydays:caac76e5f123fffb,7g,850050317975,True,40,40,7g,,,https://imgix.dispenseapp.com/145c714690909516_1730929242569-519098232-6345345352.jpg,7,grams,18,30.11,
happydays:e8ebd20f646d131d,happydays:e8ebd20f646d131d,3g,720140164928,True,40,40,3g,,,https://imgix.dispenseapp.com/145c714690909516_1730910629736-205726663-452452463.png,3,grams,36,35.03,
happydays:be10bcece9e668ed,happydays:be10bcece9e668ed,3g,720140164904,True,40,40,3g,,,https://imgix.dispenseapp.com/145c714690909516_1730910761360-241968972-6363452.png,3,grams,34,35.58,
happydays:25b095337a4415e2,happydays:25b095337a4415e2,1g,HD-25b095337a4415e2,True,37.5,37.5,1g,,,https://imgix.dispenseapp.com/145c714690909516_1731964735445-198361232-4141414178.jpg,1,grams,52,92.44,
happydays:d74ffa9fde5f4ca5,happydays:d74ffa9fde5f4ca5,1g,005499100118,True,37.5,37.5,1g,,,https://imgix.dispenseapp.com/145c714690909516_1731964902995-736192761-636363485.jpg,1,grams,62,92.88,
happydays:6f39823eb3e9786f,happydays:6f39823eb3e9786f,1g,HD-6f39823eb3e9786f,True,33,33,1g,,,https://imgix.dispenseapp.com/145c714690909516_1731090876963-397054774-66666645.jpg,1,grams,44,93.56,
happydays:0a9a213cf264e1e8,happydays:0a9a213cf264e1e8,1g,HD-0a9a213cf264e1e8,True,37.5,37.5,1g,,,https://imgix.dispenseapp.com/145c714690909516_1731964761811-415326887-6664558.jpg,1,grams,57,90,
happydays:3a638fbb712a39b5,happydays:3a638fbb712a39b5,1g,005499000029,True,33,33,1g,,,https://imgix.dispenseapp.com/145c714690909516_1731090838474-259922710-4588745444.jpg,1,grams,85,92.45,
happydays:f48da5be8f4ea6dd,happydays:f48da5be8f4ea6dd,1g,HD-f48da5be8f4ea6dd,True,37.5,37.5,1g,,,https://imgix.dispenseapp.com/145c714690909516_1731964777117-190038153-666645458.jpg,1,grams,27,90.1,
happydays:01b09f68c9a1d88b,happydays:01b09f68c9a1d88b,1g,005499000005,True,33,33,1g,,,https://imgix.dispenseapp.com/145c714690909516_1731090854444-964065960-66666664.jpg,1,grams,23,90.69,
happydays:fda1aacc02c6ec60,happydays:fda1aacc02c6ec60,1g,005499000036,True,33,33,1g,,,https://imgix.dispenseapp.com/145c714690909516_1731090889462-457411827-522545488.jpg,1,grams,35,88.32,
happydays:c0bc5631cd374e04,happydays:c0bc5631cd374e04,3.5g,001341100817,True,24,24,3.5g,,,https://imgix.dispenseapp.com/145c714690909516_1732630586586-570299855-52525254548.jpg,3.5,grams,49,27.63,
happydays:f8a47b2caa4a4a8c,happydays:f8a47b2caa4a4a8c,2g,810029767057,True,52.5,70,2g,,,https://imgix.dispenseapp.com/145c714690909516_1730294148501-362752491-66645.jpg,2,grams,24,87.01,
happydays:6a42d89c3e586bcd,happydays:6a42d89c3e586bcd,1g,810029765497,True,30,40,1g,,,https://imgix.dispenseapp.com/145c714690909516_1730294183928-789073571-905452.jpg,1,grams,83,87.41,
happydays:2b87a9139b74cbf7,happydays:2b87a9139b74cbf7,2g,810029767033,True,52.5,70,2g,,,https://imgix.dispenseapp.com/145c714690909516_1730294123142-66008551-7856452.jpg,2,grams,70,89.89,
happydays:493ebc98eea334ae,happydays:493ebc98eea334ae,1g,810029765480,True,30,40,1g,,,https://imgix.dispenseapp.com/145c714690909516_1730294113328-108139905-646454.jpg,1,grams,16,85.01,
happydays:34a27af65ef64019,happydays:34a27af65ef64019,3.5g,355750341829,True,45,45,3.5g,,,https://imgix.dispenseapp.com/145c714690909516_1729865140401-383223102-45212.jpg,3.5,grams,69,33.82,
happydays:592a680f4c42da48,happydays:592a680f4c42da48,3.5g,355750341843,True,45,45,3.5g,,,https://imgix.dispenseapp.com/145c714690909516_1729865418100-216237982-4534204112.jpg,3.5,grams,10,33.24,
happydays:c76cbf4bda869e81,happydays:c76cbf4bda869e81,Other Accessories,HD-c76cbf4bda869e81,True,65,65,,,,https://imgix.dispenseapp.com/145c714690909516_1730206877885-931288823-23453453222.jpg,,,1,,
happydays:fdde3406ef6b0f7a,happydays:fdde3406ef6b0f7a,2g,810210391870,True,65,65,2g,,,https://imgix.dispenseapp.com/145c714690909516_1738756438448-386965842-452133333453.png,2,grams,2,89.87,
happydays:41013f1686764b5f,happydays:41013f1686764b5f,1g,720140164980,True,45,45,1g,,,https://imgix.dispenseapp.com/145c714690909516_1729778402439-126023923-684168516516516315.png,1,grams,13,88.27,
happydays:4c3b613aa1ed0cf2,happydays:4c3b613aa1ed0cf2,100mg,NY.CH.PBB.05,True,20,20,100mg,,,https://imgix.dispenseapp.com/145c714690909516_1749810191672-430259816-82452452523453.png,100,milligrams,22,,
happydays:f52260e0c485ed61,happydays:f52260e0c485ed61,0.5g,HD-f52260e0c485ed61,True,32,40,0.5g,,,https://imgix.dispenseapp.com/145c714690909516_1729164481411-421232799-45345201.png,0.5,grams,17,80.07,
happydays:50558d20d1a34b0c,happydays:50558d20d1a34b0c,1g,HD-50558d20d1a34b0c,True,60,75,1g,,,https://imgix.dispenseapp.com/145c714690909516_1753960712225-566882178-76856756746535345345.png,1,grams,50,76.79,
happydays:9eb863b318036465,happydays:9eb863b318036465,1g,HD-9eb863b318036465,True,60,75,1g,,,https://imgix.dispenseapp.com/145c714690909516_1741190000038-514492982-41142123453.png,1,grams,40,76.52,
happydays:1d03c6cb3832d9fa,happydays:1d03c6cb3832d9fa,1g,HD-1d03c6cb3832d9fa,True,54,54,1g,,,https://imgix.dispenseapp.com/145c714690909516_1728568450619-509274012-121542.jpg,1,grams,38,63.28,
happydays:043d09a0c8271162,happydays:043d09a0c8271162,1g,MY071025OG,True,54,54,1g,,,https://imgix.dispenseapp.com/145c714690909516_1728568569591-249701841-524784.jpg,1,grams,18,33.17,
happydays:b0a88eb6e3e8ce1f,happydays:b0a88eb6e3e8ce1f,7g,HD-b0a88eb6e3e8ce1f,True,44,44,7g,,,https://imgix.dispenseapp.com/145c714690909516_1730991454740-390183965-636345.jpg,7,grams,20,31.02,
happydays:f08e2e36014360d6,happydays:f08e2e36014360d6,100mg,355750341805,True,20,20,100mg,,,https://imgix.dispenseapp.com/145c714690909516_1747995479747-801889179-45248841.jpg,100,milligrams,11,,
happydays:795dbe91a720c6a0,happydays:795dbe91a720c6a0,100mg,HD-795dbe91a720c6a0,True,22,22,100mg,,,https://imgix.dispenseapp.com/145c714690909516_1728568890493-431621969-4524.jpg,100,milligrams,16,,
happydays:ed429d4cef9fbffd,happydays:ed429d4cef9fbffd,100mg,MYHIG082925G,True,22,22,100mg,,,https://imgix.dispenseapp.com/145c714690909516_1728568949236-714832431-98754.jpg,100,milligrams,13,,
happydays:78e05b97da04b698,happydays:78e05b97da04b698,Cleaner,721405571420,True,10,10,,,,https://imgix.dispenseapp.com/145c714690909516_1728328193685-806436445-99.jpg,,,196,,
happydays:a11fa6643d5d7989,happydays:a11fa6643d5d7989,Bongs/pipes,HD-a11fa6643d5d7989,True,25,25,,,,https://imgix.dispenseapp.com/145c714690909516_1728327904315-704361559-45454545454545.jpg,,,4,,
happydays:337af4e9f49aa10c,happydays:337af4e9f49aa10c,Bongs/pipes,766008633649,True,15,15,,,,https://imgix.dispenseapp.com/145c714690909516_1747941485664-460302717-Silcone_with_glass_Bowl.avif,,,378,,
happydays:e9e07003575b9be0,happydays:e9e07003575b9be0,3.5g,20251006JD-FRY18-1,True,40,50,3.5g,,,https://imgix.dispenseapp.com/145c714690909516_1736344361163-196442949-12312332232333.png,3.5,grams,21,27.86,
happydays:02150d95ac70d626,happydays:02150d95ac70d626,100mg,853126004793,True,30,30,100mg,,,https://imgix.dispenseapp.com/145c714690909516_1727951255160-505194147-IMG_6887.jpeg,100,milligrams,8,,
happydays:586179b995c3f893,happydays:586179b995c3f893,100mg,852873008580,True,30,30,100mg,,,https://imgix.dispenseapp.com/145c714690909516_1727951291671-83512222-IMG_6888.jpeg,100,milligrams,20,,
happydays:3645459ec09a4c29,happydays:3645459ec09a4c29,100mg,850012603443,True,30,30,100mg,,,https://imgix.dispenseapp.com/145c714690909516_1727951220304-812249133-IMG_6886.jpeg,100,milligrams,9,,
happydays:4249f2563ea0df29,happydays:4249f2563ea0df29,100mg,853126004809,True,30,30,100mg,,,https://imgix.dispenseapp.com/145c714690909516_1727951173898-604452607-IMG_6885.jpeg,100,milligrams,14,,
happydays:fa374231b08bddd6,happydays:fa374231b08bddd6,Dab Accessories,HD-fa374231b08bddd6,True,280,280,,,,https://imgix.dispenseapp.com/145c714690909516_1727467465127-401096245-AERIS_Clear_-_Product_Photos_Square_500x.webp,,,2,,
happydays:a67ef1a2849b7aa9,happydays:a67ef1a2849b7aa9,100mg,860010568378,True,30,30,100mg,,,https://imgix.dispenseapp.com/145c714690909516_1747046469213-556758825-452452452898957857.jpg,100,milligrams,9,,
happydays:9f025b9234d92b52,happydays:9f025b9234d92b52,3.5g,HD-9f025b9234d92b52,True,24,24,3.5g,,,https://imgix.dispenseapp.com/145c714690909516_1727350872262-877085718-2341.jpg,3.5,grams,60,24.1,
happydays:662b3b9afaf84167,happydays:662b3b9afaf84167,1g,810029767156,True,45,45,1g,,,https://imgix.dispenseapp.com/145c714690909516_1784213782612-38780211-88554.png,1,grams,51,91.45,
happydays:900ad8574105f617,happydays:900ad8574105f617,Batteries,HD-900ad8574105f617,True,35,35,,,,https://imgix.dispenseapp.com/145c714690909516_1726513439361-454810767-CORE_Blush_HERO-shadow_800_2048x.webp,,,47,,
happydays:e286024053c0fbb1,happydays:e286024053c0fbb1,Bongs/pipes,SG3-KIT-STBK-02,True,599.95,599.95,,,,https://imgix.dispenseapp.com/145c714690909516_1726327266249-180807146-Kompact_Mini_Black.webp,,,1,,
happydays:b1ea07c6f34110e6,happydays:b1ea07c6f34110e6,10mg,720140164744,True,5,5,10mg,,,https://imgix.dispenseapp.com/145c714690909516_1773089277431-53612229-AYR-10mg-Beverages-OrangeCreamsicle-Circle.jpg,10,milligrams,313,,
happydays:d2c0b1d50b2f4b47,happydays:d2c0b1d50b2f4b47,1g,HD-d2c0b1d50b2f4b47,True,46,46,1g,,,https://imgix.dispenseapp.com/145c714690909516_1725908304193-880598086-RELOAD_CLASSIC_1g_Hybrid_Packaging_w_Unit_T.png,1,grams,10,71.71,
happydays:785425656ac7cc4a,happydays:785425656ac7cc4a,100mg,SM1P007-PEC,True,12.8,16,100mg,,,https://imgix.dispenseapp.com/145c714690909516_1726056012347-2265663-453453.png,100,milligrams,16,,
happydays:2dec67ffe613c139,happydays:2dec67ffe613c139,1g,850049967488,True,36,45,1g,,,https://imgix.dispenseapp.com/145c714690909516_1769685142712-338040045-45654532424.jpg,1,grams,8,86.28,
happydays:18934d8d1ae0c828,happydays:18934d8d1ae0c828,1g,850049967464,True,36,45,1g,,,https://imgix.dispenseapp.com/145c714690909516_1769685327166-679302973-54645666.jpg,1,grams,52,84.98,
happydays:f587ae64e071adbb,happydays:f587ae64e071adbb,1g,810029765428,True,30,40,1g,,,https://imgix.dispenseapp.com/145c714690909516_1730294160134-535798752-55555554.jpg,1,grams,18,85.2,
happydays:bde663d5b6984c87,happydays:bde663d5b6984c87,1g,810029765411,True,30,40,1g,,,https://imgix.dispenseapp.com/145c714690909516_1730294173487-582548938-10502454.jpg,1,grams,45,89.65,
happydays:539be125e65789f5,happydays:539be125e65789f5,2g,HD-539be125e65789f5,True,65,65,2g,,,https://imgix.dispenseapp.com/145c714690909516_1725022880280-104610184-RELOAD_CLASSIC_2g_Indica_Packaging_w_Unit.png,2,grams,22,88.72,
happydays:d23de68c422e4a2b,happydays:d23de68c422e4a2b,2g,HD-d23de68c422e4a2b,True,65,65,2g,,,https://imgix.dispenseapp.com/145c714690909516_1725023329584-701058514-RELOAD_FUSION_2g_TT_Packaging_w_Unit.png,2,grams,1,57.59,
happydays:1d4bce47273be0da,happydays:1d4bce47273be0da,2g,HD-1d4bce47273be0da,True,65,65,2g,,,https://imgix.dispenseapp.com/145c714690909516_1725021989932-612435466-RELOAD_FUSION_2g_LL_Packaging_w_Unit.png,2,grams,5,50.53,
happydays:7a55f4cfc066bc85,happydays:7a55f4cfc066bc85,2g,810183303757,True,65,65,2g,,,https://imgix.dispenseapp.com/145c714690909516_1725022419404-278002886-RELOAD_FUSION_2g_MM_Packaging_w_Unit.png,2,grams,4,55.83,
happydays:cffb2db3f9ca94b7,happydays:cffb2db3f9ca94b7,2g,810183303221,True,75,75,2g,,,https://imgix.dispenseapp.com/145c714690909516_1739983063198-229703889-414111414222.png,2,grams,6,81.28,
happydays:3921f1ce4245f3e0,happydays:3921f1ce4245f3e0,1g,810183301517,True,11,11,1g,,,https://imgix.dispenseapp.com/145c714690909516_1725416799209-809068057-IMG_5681.webp,1,grams,10,25.01,
happydays:d9007a5d24187f52,happydays:d9007a5d24187f52,100mg,850052046064,True,24,24,100mg,,,https://imgix.dispenseapp.com/145c714690909516_1755273616183-875683857-3453534656646345325435345.png,100,milligrams,24,,
happydays:08c73f482cfa24cf,happydays:08c73f482cfa24cf,3.5g,850050317142,True,39,39,3.5g,,,https://imgix.dispenseapp.com/145c714690909516_1703275306813-136188851-NC_BLUE_DREAM_8TH_11_16_23-jar-360x360.jpg,3.5,grams,38,20.14,
happydays:bb92ed54880e69ba,happydays:bb92ed54880e69ba,100mg,810076070742,True,22.5,30,100mg,,,https://imgix.dispenseapp.com/145c714690909516_1725060664636-543258254-IMG_5430.jpeg,100,milligrams,97,,
happydays:a052b59fbe02f31c,happydays:a052b59fbe02f31c,Batteries,721750357229,True,17.5,17.5,,,,https://imgix.dispenseapp.com/145c714690909516_1724873811949-402568505-HDD_Digital_Battery.jpg,,,1717,,
happydays:e3743fc528c0de0e,happydays:e3743fc528c0de0e,1g,HD-e3743fc528c0de0e,True,45,45,1g,,,https://imgix.dispenseapp.com/default-image.png,1,grams,10,81.7,
happydays:574df3abfb68ec83,happydays:574df3abfb68ec83,100mg,HTTPS://1A4.COM/13U2YPUQ3TLUOZZDCGIZUY,True,12.8,16,100mg,,,https://imgix.dispenseapp.com/default-image.png,100,milligrams,63,,
happydays:f2e9b006dd7d2651,happydays:f2e9b006dd7d2651,100mg,SM1P002-SWT,True,12.8,16,100mg,,,https://imgix.dispenseapp.com/default-image.png,100,milligrams,27,,
happydays:e657ebf4c13c05e9,happydays:e657ebf4c13c05e9,1g,850038234836,True,34,40,1g,,,https://imgix.dispenseapp.com/default-image.png,1,grams,49,82.87,
happydays:1cacc305b6bfdceb,happydays:1cacc305b6bfdceb,100mg,850055309449,True,28,28,100mg,,,https://imgix.dispenseapp.com/default-image.png,100,milligrams,33,,
happydays:c4c1aeedeca1a27a,happydays:c4c1aeedeca1a27a,Dab Accessories,HD-c4c1aeedeca1a27a,True,80,80,,,,https://imgix.dispenseapp.com/145c714690909516_1722981672766-415362657-AERISBattery_500x.webp,,,1,,
happydays:fdf16e04901ef951,happydays:fdf16e04901ef951,100mg,810109861613,True,20.8,26,100mg,,,https://imgix.dispenseapp.com/145c714690909516_1722879516241-437604606-WYLD_BO.jpg,100,milligrams,61,,
happydays:1067bf8e8c217ce4,happydays:1067bf8e8c217ce4,100mg,857181008291,True,18.759999999999998,28,100mg,,,https://imgix.dispenseapp.com/145c714690909516_1722875331751-78728942-peach.jpg,100,milligrams,149,,
happydays:b5382631bc62e8b3,happydays:b5382631bc62e8b3,3.5g,HD-b5382631bc62e8b3,True,24,24,3.5g,,,https://imgix.dispenseapp.com/145c714690909516_1722696234995-67908251-87027AB2-0771-43E2-A8A3-578C76D9AA02.jpeg,3.5,grams,93,28,
happydays:f9bbf276a2754169,happydays:f9bbf276a2754169,7g,001341200463,True,44,44,7g,,,https://imgix.dispenseapp.com/145c714690909516_1722696271140-869926371-93A2405F-5EBC-4962-B91C-B9831DE20C7F.jpeg,7,grams,72,32.35,
happydays:64ff400cdb16476a,happydays:64ff400cdb16476a,3.5g,HD-64ff400cdb16476a,True,25,30,3.5g,,,https://imgix.dispenseapp.com/145c714690909516_1722484655342-608031487-IMG_3113.jpeg,3.5,grams,41,22.6,
happydays:0fdc3c6cdbb527e2,happydays:0fdc3c6cdbb527e2,3.5g,HD-0fdc3c6cdbb527e2,True,24,24,3.5g,,,https://imgix.dispenseapp.com/145c714690909516_1722347034018-82654554-animfalcface.jpg,3.5,grams,38,26.5,
happydays:ef514b1aa3d7fa09,happydays:ef514b1aa3d7fa09,3.5g,HD-ef514b1aa3d7fa09,True,24,24,3.5g,,,https://imgix.dispenseapp.com/145c714690909516_1722347039282-749573547-plcg.jpg,3.5,grams,64,27.1,
happydays:6ac7097fe54d045e,happydays:6ac7097fe54d045e,4000mg,HD-6ac7097fe54d045e,True,45,45,4000mg,,,https://imgix.dispenseapp.com/145c714690909516_1722266634597-776945598-KO_Menu_Bottle_Studio_Shot.png,4000,milligrams,44,,
happydays:7dd3d25e26a055ca,happydays:7dd3d25e26a055ca,100mg,HD-7dd3d25e26a055ca,True,19.2,24,100mg,,,https://imgix.dispenseapp.com/145c714690909516_1722606153667-60803521-WYLD_SA.jpg,100,milligrams,17,,
happydays:4548e0bfedf1ffb0,happydays:4548e0bfedf1ffb0,100mg,810109861989,True,20.8,26,100mg,,,https://imgix.dispenseapp.com/145c714690909516_1722605765363-6621669-BOYSEN_JPG.jpg,100,milligrams,342,,
happydays:b765631f306ec49a,happydays:b765631f306ec49a,100mg,810109861538,True,19.2,24,100mg,,,https://imgix.dispenseapp.com/145c714690909516_1722605955808-26468015-MB_JPG.jpg,100,milligrams,62,,
happydays:70a42c7bd7f258ed,happydays:70a42c7bd7f258ed,100mg,HD-70a42c7bd7f258ed,True,19.2,24,100mg,,,https://imgix.dispenseapp.com/145c714690909516_1722605943141-801483505-HB_JPG.jpg,100,milligrams,89,,
happydays:35bd0fe4b3f68e4d,happydays:35bd0fe4b3f68e4d,100mg,HD-35bd0fe4b3f68e4d,True,19.2,24,100mg,,,https://imgix.dispenseapp.com/145c714690909516_1722606167397-690130753-WYLD_SC.jpg,100,milligrams,21,,
happydays:72b7fe3a05e8ac6b,happydays:72b7fe3a05e8ac6b,10mg,810109861583,True,19.2,24,10mg,,,https://imgix.dispenseapp.com/145c714690909516_1722606195586-894209807-WYLD_STRAW.jpg,10,milligrams,49,,
happydays:1536fa9b0afd258c,happydays:1536fa9b0afd258c,100mg,HD-1536fa9b0afd258c,True,19.2,24,100mg,,,https://imgix.dispenseapp.com/145c714690909516_1722606140590-945633862-WYLD_RAZZ.jpg,100,milligrams,91,,
happydays:4fcb3bc66c8504d1,happydays:4fcb3bc66c8504d1,100mg,810109861576,True,20.8,26,100mg,,,https://imgix.dispenseapp.com/145c714690909516_1722605911186-298680261-ELDER_JPD.jpg,100,milligrams,194,,
happydays:7e8449951bba579f,happydays:7e8449951bba579f,100mg,810109861545,True,20.8,26,100mg,,,https://imgix.dispenseapp.com/145c714690909516_1722606126758-985256713-WYLD_POM.jpg,100,milligrams,32,,
happydays:01b4782bfd7d9692,happydays:01b4782bfd7d9692,100mg,810109861569,True,20.8,26,100mg,,,https://imgix.dispenseapp.com/145c714690909516_1722606113296-782542584-WYLD_PEAR.jpg,100,milligrams,126,,
happydays:64269afe64f9283a,happydays:64269afe64f9283a,Other Accessories,HD-64269afe64f9283a,True,3,3,,,,https://imgix.dispenseapp.com/145c714690909516_1746911519309-799669284-56057456747.png,,,2368,,
happydays:a2ebe87977ec9cc5,happydays:a2ebe87977ec9cc5,Other Accessories,HD-a2ebe87977ec9cc5,True,24,24,,,,https://imgix.dispenseapp.com/145c714690909516_1715357399359-763554363-Lip-Incense-Holder-3-scaled.jpg,,,5,,
happydays:3d7804916afe6122,happydays:3d7804916afe6122,Bongs/pipes,HD-3d7804916afe6122,True,65,65,,,,https://imgix.dispenseapp.com/145c714690909516_1744927117535-935470328-54354431.png,,,16,,
happydays:e62c1f43b8f12c88,happydays:e62c1f43b8f12c88,Bongs/pipes,HD-e62c1f43b8f12c88,True,65,65,,,,https://imgix.dispenseapp.com/145c714690909516_1721409215995-156881196-HelixMaritimeAngle_600x.webp,,,6,,
happydays:c19f8f03b9717163,happydays:c19f8f03b9717163,1g,850051419869,True,30,30,1g,,,https://imgix.dispenseapp.com/145c714690909516_1721957508436-898415893-IMG_4209.webp,1,grams,23,83.1,
happydays:405ac9de4494c49e,happydays:405ac9de4494c49e,1g,720140164522,True,45,45,1g,,,https://imgix.dispenseapp.com/145c714690909516_1721672887350-475468364-AYRVapeATFquare.png,1,grams,36,87.12,
happydays:289d47b1e8de9eec,happydays:289d47b1e8de9eec,1g,720140164560,True,45,45,1g,,,https://imgix.dispenseapp.com/145c714690909516_145c714690909516_1721672826555-184131799-AYRVapCerealMilk.png,1,grams,15,90.7,
happydays:94bf7da9dcbcfcd9,happydays:94bf7da9dcbcfcd9,1g,355750341607,True,35,35,1g,,,https://imgix.dispenseapp.com/145c714690909516_1722323817267-175365136-pp2.jpeg,1,grams,1,82.19,
happydays:3c939b2b0667c9a7,happydays:3c939b2b0667c9a7,Vaporizers,HD-3c939b2b0667c9a7,True,20,20,,,,https://imgix.dispenseapp.com/145c714690909516_1720826810606-591868395-Iven_WPA.webp,,,14,,
happydays:fc32353894750af5,happydays:fc32353894750af5,Vaporizers,HD-fc32353894750af5,True,10,10,,,,https://imgix.dispenseapp.com/145c714690909516_1746911278671-893239336-9780988443766525.webp,,,33,,
happydays:e0b48b25b7bd529d,happydays:e0b48b25b7bd529d,3.5g,850060650031,True,39,39,3.5g,,,https://imgix.dispenseapp.com/145c714690909516_1721137364993-838023517-durban.jpg,3.5,grams,7,19.6,
happydays:e8052823b9d1f00f,happydays:e8052823b9d1f00f,100mg,850049967501,True,21.6,24,100mg,,,https://imgix.dispenseapp.com/145c714690909516_1720778504337-246428257-jaunty_-_mango_sunrise_gummies_10_pack.jpeg,100,milligrams,112,,
happydays:1ad6bdf2d6865af1,happydays:1ad6bdf2d6865af1,150mg,195893353071,True,36,36,150mg,,,https://imgix.dispenseapp.com/145c714690909516_1720904165719-105003432-Happy-Hounds-Calm-Single.JPG,150,milligrams,51,,
happydays:293dc4fb8f1a9bf6,happydays:293dc4fb8f1a9bf6,100mg,857181008093,True,17.42,26,100mg,,,https://imgix.dispenseapp.com/145c714690909516_1719350345675-676674697-IMG_3117.png,100,milligrams,102,,
happydays:a9bb28ca6c745789,happydays:a9bb28ca6c745789,100mg,WNA-Q-250603-PC,True,18.759999999999998,28,100mg,,,https://imgix.dispenseapp.com/145c714690909516_1719350458883-303838785-IMG_3118.png,100,milligrams,29,,
happydays:00cb580c457c5a53,happydays:00cb580c457c5a53,100mg,857181008055,True,17.42,26,100mg,,,https://imgix.dispenseapp.com/145c714690909516_1719350198040-102843871-IMG_3115.png,100,milligrams,21,,
happydays:e5710408f5b7fa7d,happydays:e5710408f5b7fa7d,100mg,857181008482,True,18.759999999999998,28,100mg,,,https://imgix.dispenseapp.com/145c714690909516_1719350293605-445293249-IMG_3116.png,100,milligrams,70,,
happydays:571bb9931f4dbf14,happydays:571bb9931f4dbf14,Bongs/pipes,HD-571bb9931f4dbf14,True,1,1,,,,https://imgix.dispenseapp.com/145c714690909516_1750376942689-760542267-SS_Screen_2.jpg,,,677,,
happydays:36346c60ed1ee9de,happydays:36346c60ed1ee9de,1g,355750341614,True,35,35,1g,,,https://imgix.dispenseapp.com/145c714690909516_1722323859084-986106897-strawberry_kush-whitebg.jpeg,1,grams,25,82.18,
happydays:bcec75dbea78b770,happydays:bcec75dbea78b770,1g,355750341621,True,35,35,1g,,,https://imgix.dispenseapp.com/145c714690909516_1722323764941-400346955-lcg.png,1,grams,9,86.91,
happydays:0a1cedadc3523793,happydays:0a1cedadc3523793,1g,HD-0a1cedadc3523793,True,32,40,1g,,,https://imgix.dispenseapp.com/145c714690909516_1718268956511-923115206-IMG_2411.png,1,grams,22,84.76,
happydays:10c68ac01178b931,happydays:10c68ac01178b931,100mg,850054361141,True,30,30,100mg,,,https://imgix.dispenseapp.com/145c714690909516_1718229840570-321229222-SPS_Flower_Heros0706_1500_white.jpeg,100,milligrams,12,,
happydays:9e7cbefd3effb669,happydays:9e7cbefd3effb669,Bongs/pipes,HD-9e7cbefd3effb669,True,60,60,,,,https://imgix.dispenseapp.com/145c714690909516_1717084961902-767804571-Black_ume_Spoon.jpg,,,3,,
happydays:8525d27c35fb10f5,happydays:8525d27c35fb10f5,1.75g,HD-8525d27c35fb10f5,True,28,28,1.75g,,,https://imgix.dispenseapp.com/145c714690909516_1717037036690-38745200-IMG_0356.png,1.75,grams,24,26.34,
happydays:cb70556fe629db0a,happydays:cb70556fe629db0a,Apparel,HDBBCAP01,True,15,15,,,,https://imgix.dispenseapp.com/145c714690909516_1746900386994-724135621-caps.png,,,31,,
happydays:d7e62fcc39c71ecb,happydays:d7e62fcc39c71ecb,Batteries,HD-d7e62fcc39c71ecb,True,3,3,,,,https://imgix.dispenseapp.com/145c714690909516_1716309023046-151549739-Vapecharger.jpg,,,663,,
happydays:0bd7ba784bb6e647,happydays:0bd7ba784bb6e647,100mg,810076070032,True,22.5,30,100mg,,,https://imgix.dispenseapp.com/145c714690909516_1716248248792-902747599-IMG_1297.jpeg,100,milligrams,7,,
happydays:84cd0db3f316c620,happydays:84cd0db3f316c620,100mg,810076070100,True,21,28,100mg,,,https://imgix.dispenseapp.com/145c714690909516_1716248294675-25445889-IMG_1294.jpeg,100,milligrams,15,,
happydays:79889a0b2ebb1382,happydays:79889a0b2ebb1382,100mg,810076070001,True,21,28,100mg,,,https://imgix.dispenseapp.com/145c714690909516_1716248262784-573490668-IMG_1295.jpeg,100,milligrams,50,,
happydays:e7a4281337fdd0eb,happydays:e7a4281337fdd0eb,1g,718879592938,True,45,45,1g,,,https://imgix.dispenseapp.com/145c714690909516_1715979264207-887013095-bdream.png,1,grams,17,82.01,
happydays:a43506b1c6481b57,happydays:a43506b1c6481b57,100mg,355750341676,True,22,22,100mg,,,https://imgix.dispenseapp.com/145c714690909516_1715825844118-158163829-EDDA5F53-1EBC-48AE-BA68-25C010B8DA70_1_201_a.jpeg,100,milligrams,6,,
happydays:ab80fb1f12b2d75e,happydays:ab80fb1f12b2d75e,100mg,850008524653,True,29,29,100mg,,,https://imgix.dispenseapp.com/145c714690909516_1715119549301-470081877-blisstins.jpg,100,milligrams,40,,
happydays:fb618506fa5d941f,happydays:fb618506fa5d941f,3.5g,25-CC-LOV,True,35,35,3.5g,,,https://imgix.dispenseapp.com/145c714690909516_1715397368200-37447094-IMG_0920.jpeg,3.5,grams,6,22.23,
happydays:b3009175f285da1d,happydays:b3009175f285da1d,1g,07957154-20250127-APG0270,True,29.75,35,1g,,,https://imgix.dispenseapp.com/145c714690909516_1714704865002-439736728-Waahoo__Acapulco_Gold__Ecom__Vape_Carts__1g.png,1,grams,57,82.08,
happydays:3ddf8e2c63fcdc07,happydays:3ddf8e2c63fcdc07,200mg,HD-3ddf8e2c63fcdc07,True,30,30,200mg,,,https://imgix.dispenseapp.com/145c714690909516_1715396569679-605949628-IMG_0918.webp,200,milligrams,16,,
happydays:6ed35ceea5e46756,happydays:6ed35ceea5e46756,200mg,HD-6ed35ceea5e46756,True,30,30,200mg,,,https://imgix.dispenseapp.com/145c714690909516_1715396541424-975439484-IMG_0919.webp,200,milligrams,6,,
happydays:11492257e32ed1cf,happydays:11492257e32ed1cf,200mg,HD-11492257e32ed1cf,True,30,30,200mg,,,https://imgix.dispenseapp.com/145c714690909516_1715396480540-406311105-IMG_0917.webp,200,milligrams,12,,
happydays:945f045542d39352,happydays:945f045542d39352,Papers,HD-945f045542d39352,True,3,3,,,,https://imgix.dispenseapp.com/145c714690909516_1741733913478-90637133-rawtips.png,,,44,,
happydays:b2f9f6acefb60b03,happydays:b2f9f6acefb60b03,100mg,720140164348,True,25,25,100mg,,,https://imgix.dispenseapp.com/145c714690909516_1714444406339-940576122-IMG_0326.webp,100,milligrams,48,,
happydays:ddcdafb7cae90563,happydays:ddcdafb7cae90563,100mg,729798900155,True,28,28,100mg,,,https://imgix.dispenseapp.com/145c714690909516_1713626000129-697559494-omoooo.jpg,100,milligrams,5,,
happydays:972fe074335b9315,happydays:972fe074335b9315,1g,HD-972fe074335b9315,True,60,60,1g,,,https://imgix.dispenseapp.com/145c714690909516_1714008034817-872255419-IMG_0141.webp,1,grams,14,80.4,
happydays:a3364ffb6605a21a,happydays:a3364ffb6605a21a,Bongs/pipes,HD-a3364ffb6605a21a,True,65,65,,,,https://imgix.dispenseapp.com/145c714690909516_1713376560548-367774577-HelixGunmetalAngle_c0b408c5-77a5-4dc8-a307-c814d3fc46e5_720x.webp,,,6,,
happydays:7d7e1c2e88de54d6,happydays:7d7e1c2e88de54d6,Bongs/pipes,HD-7d7e1c2e88de54d6,True,70,70,,,,https://imgix.dispenseapp.com/145c714690909516_1713376861535-921813857-PipeGunmetalOpen_79c90c40-9073-4245-a044-cde77dee17c5.webp,,,9,,
happydays:b415c9e16ac2bb0a,happydays:b415c9e16ac2bb0a,Batteries,HD-b415c9e16ac2bb0a,True,35,35,,,,https://imgix.dispenseapp.com/145c714690909516_1713376330870-733519171-CoreSolsticeProductShotsSunset.webp,,,27,,
happydays:ce3ec2d17d8b2b42,happydays:ce3ec2d17d8b2b42,Cbd Topical,HD-ce3ec2d17d8b2b42,True,70,70,,,,https://imgix.dispenseapp.com/145c714690909516_145c714690909516_1712082642249-418229317-OP6_warming.png,,,21,,
happydays:7fc94663d5f7cd4c,happydays:7fc94663d5f7cd4c,Cbd Topical,HD-7fc94663d5f7cd4c,True,70,70,,,,https://imgix.dispenseapp.com/145c714690909516_145c714690909516_1712082767680-748913963-OP6.jpg,,,37,,
happydays:23d47bddc5622d94,happydays:23d47bddc5622d94,1g,810183301555,True,11,11,1g,,,https://imgix.dispenseapp.com/145c714690909516_1712180837651-140887691-CC_Drooler_PR.jpg,1,grams,1,24.67,
happydays:7d96847fa27cb4df,happydays:7d96847fa27cb4df,Cbd,HD-7d96847fa27cb4df,True,15,15,,,,https://imgix.dispenseapp.com/145c714690909516_1711982226885-921161591-CC-TRIO_CHIMECARD.jpg,,,6,,
happydays:3528a7ca1a5be320,happydays:3528a7ca1a5be320,Cbd Topical,HD-3528a7ca1a5be320,True,30,30,,,,https://imgix.dispenseapp.com/145c714690909516_1711982076993-490136757-CC-_CREAM_AM.jpg,,,10,,
happydays:26bb098498a097b1,happydays:26bb098498a097b1,Cbd Topical,HD-26bb098498a097b1,True,30,30,,,,https://imgix.dispenseapp.com/145c714690909516_1711982169166-945770832-CC-CREAM_PM.jpg,,,10,,
happydays:a3a56186fe7a3c63,happydays:a3a56186fe7a3c63,Cbd,HD-a3a56186fe7a3c63,True,30,30,,,,https://imgix.dispenseapp.com/145c714690909516_1711982202337-293168108-CC-SPA_SOAK_PM.jpg,,,11,,
happydays:84df7deb8a3eacc3,happydays:84df7deb8a3eacc3,Cbd,HD-84df7deb8a3eacc3,True,20,20,,,,https://imgix.dispenseapp.com/145c714690909516_1711982107460-116445385-CC-inSCENTives_AM.png.JPG,,,3,,
happydays:5d81440c9f5b4a81,happydays:5d81440c9f5b4a81,Cbd,HD-5d81440c9f5b4a81,True,30,30,,,,https://imgix.dispenseapp.com/145c714690909516_1711982154813-43783490-CC-SPA_SOAK_AM.jpg,,,10,,
happydays:cd161e3b2e8ed0d0,happydays:cd161e3b2e8ed0d0,Cbd,HD-cd161e3b2e8ed0d0,True,20,20,,,,https://imgix.dispenseapp.com/145c714690909516_1711982187321-589804265-CC-inSCENTives_PM.jpg.JPG,,,5,,
happydays:41167b263cd46695,happydays:41167b263cd46695,Bongs/pipes,HD-41167b263cd46695,True,6,6,,,,https://imgix.dispenseapp.com/145c714690909516_1746795305414-264944012-9864653432542.jpeg,,,86,,
happydays:64d7b630dc34f161,happydays:64d7b630dc34f161,2.25g,HD-64d7b630dc34f161,True,40,40,2.25g,,,https://imgix.dispenseapp.com/145c714690909516_1711833162632-584339619-DogWalkers-Infused-MiniShowDogs-SATIVA-Play-5-Pack-Img1.png,2.25,grams,1,43.37,
happydays:de68da2ec3231bae,happydays:de68da2ec3231bae,28g,HD-de68da2ec3231bae,True,120,160,28g,,,https://imgix.dispenseapp.com/145c714690909516_1716218876851-235871163-NY-MAT-FLDefault-28g.png,28,grams,137,22.06,
happydays:dcfd2511a07976ac,happydays:dcfd2511a07976ac,100mg,860004966821,True,30,30,100mg,,,https://imgix.dispenseapp.com/145c714690909516_1712963016178-842637473-Snoozy_Stress_Free_Mind_Gummies.jpeg,100,milligrams,96,,
happydays:9742b4918bba0f8e,happydays:9742b4918bba0f8e,100mg,860004966876,True,30,30,100mg,,,https://imgix.dispenseapp.com/145c714690909516_1712962984082-4028292-Sleep-NY-THC-7.jpeg,100,milligrams,99,,
happydays:159ea6c92886cf36,happydays:159ea6c92886cf36,Apparel,HDSSTSHIRTVC01,True,25,25,,,,https://imgix.dispenseapp.com/145c714690909516_1746900559442-54600613-46.png,,,85,,
happydays:1102c57cbaad9388,happydays:1102c57cbaad9388,Papers,716165252955,True,10,10,,,,https://imgix.dispenseapp.com/145c714690909516_1711662134001-260564127-raw20pk,,grams,43,,
happydays:c2242e64fbe8bc85,happydays:c2242e64fbe8bc85,100mg,810031350087,True,28,28,100mg,,,https://imgix.dispenseapp.com/145c714690909516_145c714690909516_1710602811803-744129894-FOYCBD_01-24-24_Nighttime_01.jpg,100,milligrams,117,,
happydays:f5733db1e351dc9b,happydays:f5733db1e351dc9b,100mg,810031350070,True,28,28,100mg,,,https://imgix.dispenseapp.com/145c714690909516_1710603016078-826879428-FOYCBD_01-24-24_Daytime_01.jpg,100,milligrams,66,,
happydays:4f19145c7a702ba1,happydays:4f19145c7a702ba1,100mg,850046334993,True,28,28,100mg,,,https://imgix.dispenseapp.com/145c714690909516_1715951935958-470478643-IMG_1191.jpeg,100,milligrams,53,,
happydays:3784be68b306ac39,happydays:3784be68b306ac39,90mg,850057539103,True,9,9,90mg,,,https://imgix.dispenseapp.com/145c714690909516_1710431922154-574725955-boosttt.jpg,90,milligrams,99,,
happydays:b47a6448742cc597,happydays:b47a6448742cc597,1.75g,HD-b47a6448742cc597,True,28,28,1.75g,,,https://imgix.dispenseapp.com/145c714690909516_1710953844671-465826908-sit.png,1.75,grams,3,29.71,
happydays:f8e7bdaac33b4ae7,happydays:f8e7bdaac33b4ae7,100mg,5188038690372905,True,21.25,25,100mg,,,https://imgix.dispenseapp.com/145c714690909516_1709925745230-233344342-caramelsss.png,100,milligrams,9,,
happydays:7cb3d8192962bd08,happydays:7cb3d8192962bd08,100mg,850052046040,True,24,24,100mg,,,https://imgix.dispenseapp.com/145c714690909516_1709840428266-346168470-hybridpro.png,100,milligrams,27,,
happydays:9afa75d48d1b28c8,happydays:9afa75d48d1b28c8,Bongs/pipes,HD-9afa75d48d1b28c8,True,35,35,,,,https://imgix.dispenseapp.com/145c714690909516_1748130240075-125079692-20250524_193504.jpg,,,197,,
happydays:d660eae5a3bd7f68,happydays:d660eae5a3bd7f68,Bongs/pipes,HD-d660eae5a3bd7f68,True,50,50,,,,https://imgix.dispenseapp.com/145c714690909516_1711424989572-247262260-doubble_chamber_bubbler.PNG,,,4,,
happydays:6de3a71f736ca786,happydays:6de3a71f736ca786,Bongs/pipes,HD-6de3a71f736ca786,True,125,125,,,,https://imgix.dispenseapp.com/145c714690909516_1748123812834-249759100-564521435646.png,,,6,,
happydays:c215aab0685a5bfd,happydays:c215aab0685a5bfd,Dab Accessories,HD-c215aab0685a5bfd,True,280,280,,,,https://imgix.dispenseapp.com/145c714690909516_1711661910722-141525655-puffcoproxyblack.webp,,,5,,
happydays:b02a814f203093d2,happydays:b02a814f203093d2,3.5g,HD-b02a814f203093d2,True,40,50,3.5g,,,https://imgix.dispenseapp.com/145c714690909516_1714521896242-235482393-IMG_0446.webp,3.5,grams,31,33.55,
happydays:fe257f803122ada4,happydays:fe257f803122ada4,Grinders,HDGRND,True,15,15,,,,https://imgix.dispenseapp.com/145c714690909516_1706309347676-148621736-IMG_3640.jpg,,,762,,
happydays:eb867e6e31990980,happydays:eb867e6e31990980,Trays,HDDTRY,True,10,10,,,,https://imgix.dispenseapp.com/145c714690909516_1706309282619-619771253-IMG_3642.jpg,,,884,,
happydays:1b4b7dfb2e69084c,happydays:1b4b7dfb2e69084c,Papers,HDDPPR,True,2,2,,,,https://imgix.dispenseapp.com/145c714690909516_1706309062401-492362700-IMG_3645.jpg,,,6493,,
happydays:e1df73dc2a6b0db8,happydays:e1df73dc2a6b0db8,Apparel,HDBEANBLK01,True,15,15,,,,https://dispense-images.imgix.net/145c714690909516_1705699324087-525001218-Screenshot_2024-01-19_162046.png,,,44,,
happydays:0ae359e8618a48df,happydays:0ae359e8618a48df,3.5g,HD-0ae359e8618a48df,True,40,50,3.5g,,,https://imgix.dispenseapp.com/145c714690909516_1714528734717-828747769-rythm_-_sat_dom_3.5g.JPG,3.5,grams,22,29.66,
happydays:1180083d583ba983,happydays:1180083d583ba983,1g,355750341546,True,35,35,1g,,,https://imgix.dispenseapp.com/145c714690909516_1715285663386-236322071-CannabalsSuperLemonHaze.png,1,grams,7,85.31,
happydays:9c1e772ace5aed51,happydays:9c1e772ace5aed51,1g,https://l.ead.me/bgKOJz,True,40,40,1g,,,https://imgix.dispenseapp.com/145c714690909516_1709327127876-224440581-golden.png,1,grams,35,82.4,
happydays:bb001702ae174496,happydays:bb001702ae174496,1g,HD-bb001702ae174496,True,30,30,1g,,,https://imgix.dispenseapp.com/145c714690909516_1703360350408-341736942-NY_Honey_510_cart_-_Ellen_Zwijacz.png,1,grams,56,83.6,
happydays:c8b81f51d7fc9723,happydays:c8b81f51d7fc9723,1g,850051419357,True,30,30,1g,,,https://imgix.dispenseapp.com/145c714690909516_1703360291164-993546555-NY_Honey_510_cart_-_Ellen_Zwijacz.png,1,grams,45,85,
happydays:ee6a088503abe7f6,happydays:ee6a088503abe7f6,2g,HD-ee6a088503abe7f6,True,50,50,2g,,,https://imgix.dispenseapp.com/145c714690909516_1709326452850-335433342-zkittlez.jpg,2,grams,24,82.02,
happydays:2093e4db813feb3f,happydays:2093e4db813feb3f,1g,https://l.ead.me/bgKPDF,True,40,40,1g,,,https://imgix.dispenseapp.com/145c714690909516_1709324910089-370061785-blue.png,1,grams,20,87.3,
happydays:99a57f3c07246f4d,happydays:99a57f3c07246f4d,100mg,850046334016,True,28,28,100mg,,,https://imgix.dispenseapp.com/145c714690909516_1715951901313-766062651-IMG_1193.jpeg,100,milligrams,14,,
happydays:7e494b0c0da98353,happydays:7e494b0c0da98353,100mg,850046334030,True,28,28,100mg,,,https://imgix.dispenseapp.com/145c714690909516_1715951866681-777328219-IMG_1194.jpeg,100,milligrams,96,,
happydays:c8ec2ed9f145db36,happydays:c8ec2ed9f145db36,1g,787790797425,True,80,80,1g,,,https://imgix.dispenseapp.com/145c714690909516_1706386281626-536258109-diamondvaporizer_bluedream_reload_3D.jpg,1,grams,8,88.91,
happydays:cf948bbebf7520a2,happydays:cf948bbebf7520a2,1g,793888884571,True,93.5,93.5,1g,,,https://imgix.dispenseapp.com/145c714690909516_1715921532159-451200681-1g_Rechargeable_Vapes_-_Maui_Waui.png,1,grams,8,88.17,
happydays:29ec863d5d847dd4,happydays:29ec863d5d847dd4,90mg,HD-29ec863d5d847dd4,True,16.5,22,90mg,,,https://imgix.dispenseapp.com/145c714690909516_1703697584556-505790257-Canna_Clinicals__Canna_Drops__Unwind.png,90,milligrams,33,,
happydays:7792bd0e6b97c354,happydays:7792bd0e6b97c354,100mg,HD-7792bd0e6b97c354,True,22.5,30,100mg,,,https://imgix.dispenseapp.com/145c714690909516_1703299632391-145002704-Canna_Clinicals__Canna_Caps__Max_Strength.png,100,milligrams,45,,
happydays:267e159af1750eb9,happydays:267e159af1750eb9,100mg,850046334047,True,28,28,100mg,,,https://imgix.dispenseapp.com/145c714690909516_1715951883452-604830861-IMG_1195.jpeg,100,milligrams,84,,
happydays:05b028b76e515b8d,happydays:05b028b76e515b8d,1g,850049967044,True,36,45,1g,,,https://imgix.dispenseapp.com/145c714690909516_1703296258616-18946462-Jaunty-BlueberryKush-Vape.png,1,grams,41,84.64,
happydays:6b4223f590689dd2,happydays:6b4223f590689dd2,1g,850049967020,True,36,45,1g,,,https://imgix.dispenseapp.com/145c714690909516_1703296295815-238185135-Jaunty-PineappleExpress-Vape.png,1,grams,45,88.84,
happydays:edfbcac0f67ebf6e,happydays:edfbcac0f67ebf6e,1000mg,TNC1012501,True,45,60,1000mg,,,https://imgix.dispenseapp.com/145c714690909516_1703299835635-646437685-Canna_Clinicals__Canna_Drops__Max_Strength.png,1000,milligrams,70,,
happydays:0ec66b403ba15455,happydays:0ec66b403ba15455,100mg,850046334054,True,28,28,100mg,,,https://imgix.dispenseapp.com/145c714690909516_1715951956223-608364308-IMG_1196.jpeg,100,milligrams,42,,
happydays:c30ddb83beccb5e7,happydays:c30ddb83beccb5e7,1g,850049967075,True,36,45,1g,,,https://imgix.dispenseapp.com/145c714690909516_1703296435614-294972600-Jaunty-SourDiesel-Vape.png,1,grams,35,87.47,
happydays:d5f148836460d143,happydays:d5f148836460d143,1g,850049967099,True,36,45,1g,,,https://imgix.dispenseapp.com/145c714690909516_1703296660129-48869923-Jaunty-WeddingCake-Vape.png,1,grams,31,86.8,
happydays:7135855747ce1554,happydays:7135855747ce1554,1g,850049967013,True,36,45,1g,,,https://imgix.dispenseapp.com/145c714690909516_1703296247127-751061896-Jaunty-AmnesiaHaze-Vape.png,1,grams,40,81.35,
happydays:12f275abfc5dcddd,happydays:12f275abfc5dcddd,2g,https://l.ead.me/bgGuky,True,50,50,2g,,,https://imgix.dispenseapp.com/145c714690909516_1709326504635-463554701-zkittlez.jpg,2,grams,12,79.7,
happydays:91745f999497dcfa,happydays:91745f999497dcfa,4g,HD-91745f999497dcfa,True,60,60,4g,,,https://imgix.dispenseapp.com/145c714690909516_1703351163707-922483080-SpaceBuds_MoonRocks_for_Upstate_Media_Image_-_Ellen_Zwijacz.png,4,grams,33,47.5,
happydays:6c8963a26c103420,happydays:6c8963a26c103420,900mg,HD-6c8963a26c103420,True,50,50,900mg,,,https://imgix.dispenseapp.com/145c714690909516_145c714690909516_1703877428264-84479069-VCC_WARRIOR_BALM.png,900,milligrams,12,,
happydays:a6606d797654c936,happydays:a6606d797654c936,0.5g,810139760467,True,28.5,38,0.5g,,,https://imgix.dispenseapp.com/145c714690909516_1703276896237-257655206-MFNY-510Cart-LiveResin-Mylar-HoneyBanana.png,0.5,grams,18,77.82,
happydays:2dcb5546dc36efd5,happydays:2dcb5546dc36efd5,1g,810139760474,True,41.25,55,1g,,,https://imgix.dispenseapp.com/145c714690909516_1703305225004-701566747-MFNY-Concentrates-LiveResin-HoneyBanana.png,1,grams,21,77.28,
happydays:030b0c068d993aee,happydays:030b0c068d993aee,1g,810139762614,True,41.25,55,1g,,,https://imgix.dispenseapp.com/145c714690909516_1703305109572-370322529-MFNY-Concentrates-LiveResin-HashBurger-5003.png,1,grams,12,68.35,
happydays:b0f7a23480818451,happydays:b0f7a23480818451,100mg,720140163044,True,25,25,100mg,,,https://imgix.dispenseapp.com/145c714690909516_1716299202796-881490926-IMG_1357.webp,100,milligrams,31,,
happydays:020d11432857b76f,happydays:020d11432857b76f,1000mg,720140163402,True,60,60,1000mg,,,https://imgix.dispenseapp.com/145c714690909516_1703296922976-784689920-ayrUP_highdose_withbox.png,1000,milligrams,30,,
happydays:414408243ce56d62,happydays:414408243ce56d62,100mg,720140163068,True,25,25,100mg,,,https://imgix.dispenseapp.com/145c714690909516_1716299441571-427420622-IMG_1360.webp,100,milligrams,58,,
happydays:9d40e8e33d160c83,happydays:9d40e8e33d160c83,100mg,720140163075,True,25,25,100mg,,,https://imgix.dispenseapp.com/145c714690909516_1716299563329-821436187-IMG_1359.webp,100,milligrams,41,,
happydays:ec117e9cf1400c45,happydays:ec117e9cf1400c45,1000mg,720140163433,True,55,55,1000mg,,,https://imgix.dispenseapp.com/145c714690909516_1716299285433-404684548-IMG_1356.webp,1000,milligrams,16,,
happydays:2a97e9e5f3c75d11,happydays:2a97e9e5f3c75d11,300mg,720140163891,True,50,50,300mg,,,https://imgix.dispenseapp.com/145c714690909516_1716299185110-841417514-IMG_1355.webp,300,milligrams,43,,
happydays:32a355630c274e75,happydays:32a355630c274e75,1000mg,720140163457,True,55,55,1000mg,,,https://imgix.dispenseapp.com/145c714690909516_1703299467515-648161861-ayr_thcbalm_restore_web.jpg,1000,milligrams,17,,
happydays:97b757777793d9a4,happydays:97b757777793d9a4,100mg,850052046071,True,24,24,100mg,,,https://imgix.dispenseapp.com/145c714690909516_1706902808720-978367482-lights_out.png,100,milligrams,40,,
happydays:f9c3b9b0943a9401,happydays:f9c3b9b0943a9401,100mg,850052046057,True,24,24,100mg,,,https://imgix.dispenseapp.com/145c714690909516_145c714690909516_1706902804555-831702540-protab_indica.png,100,milligrams,1,,
happydays:09955432af8efb63,happydays:09955432af8efb63,1g,HD-09955432af8efb63,True,7,7,1g,,,https://imgix.dispenseapp.com/145c714690909516_1703361323052-244995126-leal_preroll.jpg,1,grams,115,31.17,
happydays:26f583b4e0cd9f01,happydays:26f583b4e0cd9f01,1g,HD-26f583b4e0cd9f01,True,7,7,1g,,,https://imgix.dispenseapp.com/145c714690909516_1703361393626-226509859-leal_preroll.jpg,1,grams,96,24.18,
happydays:79dfa6c871c71083,happydays:79dfa6c871c71083,100mg,MYHI101425BB-10,True,39.9912,39.9912,100mg,,,https://imgix.dispenseapp.com/145c714690909516_1715440918357-530901734-berry10.png,100,milligrams,38,,
happydays:f412f0bbf6c7f2b2,happydays:f412f0bbf6c7f2b2,100mg,https://www.trucann.com/wp-content/uploads/2025/10/MyHi-Lively-Lemon-Stik-10-Pack-MYHI101525LL-10-COA.pdf,True,39.9912,39.9912,100mg,,,https://imgix.dispenseapp.com/145c714690909516_1715440811335-312843767-lemon10.png,100,milligrams,11,,
happydays:d17195e4befd501d,happydays:d17195e4befd501d,1g,HD-d17195e4befd501d,True,54,54,1g,,,https://imgix.dispenseapp.com/145c714690909516_1715440760084-172261603-socialsativa.png,1,grams,1,84.79,
happydays:8d0296e10abe3ba4,happydays:8d0296e10abe3ba4,1g,MY071025BR,True,54,54,1g,,,https://imgix.dispenseapp.com/145c714690909516_1715440699287-51141297-dreamyindica.png,1,grams,21,86.24,
happydays:4b4fbd1e67ad537a,happydays:4b4fbd1e67ad537a,100mg,SM0014-PEC,True,17.6,22,100mg,,,https://imgix.dispenseapp.com/145c714690909516_1703444406629-121112108-Smokiez_NY_100mg-THC_Peach_w-Candy_1920px.jpg,100,milligrams,3,,
happydays:16cb7f4fbeaf1b82,happydays:16cb7f4fbeaf1b82,1g,HD-16cb7f4fbeaf1b82,True,33,33,1g,,,https://imgix.dispenseapp.com/145c714690909516_1710948820817-279936285-bluedream.png,1,grams,22,77.43,
happydays:ee28575100f5de72,happydays:ee28575100f5de72,100mg,SM0014-BLR,True,17.6,22,100mg,,,https://imgix.dispenseapp.com/145c714690909516_1703444354964-685532657-Smokiez_NY_100mg-THC_Blue-Raspberry_w-Candy_1920px.jpg,100,milligrams,6,,
happydays:63f0e4cc01b7562b,happydays:63f0e4cc01b7562b,100mg,SM0015-SPE,True,17.6,22,100mg,,,https://imgix.dispenseapp.com/145c714690909516_1714445618670-264390160-IMG_0327.jpeg,100,milligrams,36,,
happydays:b93f9da507ef77f9,happydays:b93f9da507ef77f9,100mg,SM0005-BLB,True,17.6,22,100mg,,,https://imgix.dispenseapp.com/145c714690909516_1703444313154-85540236-Smokiez_NY_100mg-THC_Indica_Blackberry_Candy_1920px.jpg,100,milligrams,36,,
happydays:19094b9317b67fe8,happydays:19094b9317b67fe8,100mg,HD-19094b9317b67fe8,True,17.6,22,100mg,,,https://imgix.dispenseapp.com/145c714690909516_1715940013726-298379872-IMG_1177.webp,100,milligrams,21,,
happydays:00b221187416b837,happydays:00b221187416b837,1g,HD-00b221187416b837,True,88,88,1g,,,https://imgix.dispenseapp.com/145c714690909516_1706460962820-292239775-PAX_Live_Rosin_Pineapple_Express_1g_pod.png,1,grams,25,80.05,
happydays:ffc96d1aba8613c8,happydays:ffc96d1aba8613c8,100mg,7297989200788,True,28,28,100mg,,,https://imgix.dispenseapp.com/145c714690909516_1703791721188-533609491-blueberry.jpg,100,milligrams,5,,
happydays:7fb563f090d112c7,happydays:7fb563f090d112c7,100mg,850046334986,True,28,28,100mg,,,https://imgix.dispenseapp.com/145c714690909516_1715951916397-576582144-IMG_1192.jpeg,100,milligrams,62,,
happydays:250852e931a24151,happydays:250852e931a24151,1000mg,729798895352,True,100,100,1000mg,,,https://imgix.dispenseapp.com/145c714690909516_1703791542978-811180519-RSO_TINCTURE.png,1000,milligrams,21,,
happydays:03652977e5248a08,happydays:03652977e5248a08,2.5g,HTTPS://NY.YOURCOA.COM/COA/COA-VIEW?SAMPLE=al50702002-001&WL_ID=0&MRK=0,True,50,50,2.5g,,,https://imgix.dispenseapp.com/145c714690909516_1705172797834-790723411-HH-NY-power-puffs-GIGGLE.png,2.5,grams,16,33.62,
happydays:a6b7d966d8d6658e,happydays:a6b7d966d8d6658e,100mg,MYHI101325SF-10,True,39.9912,39.9912,100mg,,,https://imgix.dispenseapp.com/145c714690909516_1715441290709-703776192-flavorless10.png,100,milligrams,31,,
happydays:91cae1c9846e7db3,happydays:91cae1c9846e7db3,Papers,HD-91cae1c9846e7db3,True,6,6,,,,https://dispense-images.imgix.net/145c714690909516_1704157969965-417136718-raw_quarter_paper.jpg,,,92,,
happydays:4eebe7a632dc46a8,happydays:4eebe7a632dc46a8,Bongs/pipes,HD-4eebe7a632dc46a8,True,3,3,,,,https://imgix.dispenseapp.com/145c714690909516_145c714690909516_1704228516799-322823464-mp076-_01_.jpg,,,416,,
happydays:a8d879010f91390d,happydays:a8d879010f91390d,Papers,716165177111,True,6,6,,,,https://imgix.dispenseapp.com/145c714690909516_145c714690909516_1704158109473-908885414-king_sized_classics.jpg,,,54,,
happydays:15a8e9c8332c57a8,happydays:15a8e9c8332c57a8,Papers,HD-15a8e9c8332c57a8,True,10,10,,,,https://dispense-images.imgix.net/145c714690909516_1704158319362-571440704-raw_half_papers.jpg,,,23,,
happydays:28a47773360bb7a3,happydays:28a47773360bb7a3,Batteries,HD-28a47773360bb7a3,True,20,20,,,,https://cloudfront-alleaves.s3.us-east-2.amazonaws.com/1704157490340-474619798-Ooze-Slim-Twist-Pen-Vape-Battery-%E2%80%93-Lucky-Gold-Product.png,,,621,,
happydays:a537688b1e74808f,happydays:a537688b1e74808f,100mg,850008524141,True,29,29,100mg,,,https://imgix.dispenseapp.com/145c714690909516_1705959569324-341141979-go_beans_tin.png,100,milligrams,20,,
happydays:18ae16a6f4ac2410,happydays:18ae16a6f4ac2410,Bongs/pipes,HD-18ae16a6f4ac2410,True,5,5,,,,https://cloudfront-alleaves.s3.us-east-2.amazonaws.com/1704157708787-511207428-GP001-3%E2%80%B3-Glass-Pipes-Assorted-1-clean.png,,,237,,
happydays:166d0891d8cb1019,happydays:166d0891d8cb1019,100mg,850008524677,True,29,29,100mg,,,https://imgix.dispenseapp.com/145c714690909516_1705959515932-3328392-chill.png,100,milligrams,20,,
happydays:5366d3ac009766c7,happydays:5366d3ac009766c7,75mg,850008524622,True,29,29,75mg,,,https://imgix.dispenseapp.com/145c714690909516_1705959537873-520067902-genius.png,75,milligrams,20,,
happydays:c81b4ee8a55ea8de,happydays:c81b4ee8a55ea8de,100mg,850008524660,True,29,29,100mg,,,https://imgix.dispenseapp.com/145c714690909516_1705959446976-276984292-go.png,100,milligrams,9,,
happydays:85fcbad2c8a9bd10,happydays:85fcbad2c8a9bd10,75mg,850008524639,True,29,29,75mg,,,https://imgix.dispenseapp.com/145c714690909516_1705959479800-762543042-love.png,75,milligrams,20,,
happydays:19bccf7f56866b73,happydays:19bccf7f56866b73,Storage,HD-19bccf7f56866b73,True,11,11,,,,https://imgix.dispenseapp.com/145c714690909516_1747941604840-762615418-extendible_Jar.webp,,,5,,
happydays:f09fbca55e3c26f6,happydays:f09fbca55e3c26f6,Storage,HD-f09fbca55e3c26f6,True,4,4,,,,https://imgix.dispenseapp.com/145c714690909516_1711425554258-543032707-ooze_container_honeypot.PNG,,grams,63,,
happydays:fd387f302c417b6a,happydays:fd387f302c417b6a,Bongs/pipes,HD-fd387f302c417b6a,True,10,10,,,,https://imgix.dispenseapp.com/145c714690909516_1747941455127-698462080-Silcone_Bowl.avif,,,264,,
happydays:82d4ed92eebcb976,happydays:82d4ed92eebcb976,100mg,850008524684,True,9,9,100mg,,,https://imgix.dispenseapp.com/145c714690909516_1705959496202-302251448-boost.png,100,milligrams,135,,
happydays:b623b25fbb62b030,happydays:b623b25fbb62b030,2.5g,850058286211,True,34,40,2.5g,,,https://imgix.dispenseapp.com/145c714690909516_1706199837242-92949888-candy_5pk.png,2.5,grams,33,38.46,
happydays:ec49cb55c14a2f8e,happydays:ec49cb55c14a2f8e,2.5g,850058286228,True,34,40,2.5g,,,https://imgix.dispenseapp.com/145c714690909516_1746455371753-873312536-34634675.png,2.5,grams,75,38.39,
happydays:42ba763e7e8c2e32,happydays:42ba763e7e8c2e32,1g,85650231-20250127-SD0278,True,29.75,35,1g,,,https://imgix.dispenseapp.com/145c714690909516_1703300140426-281402233-Waahoo__Sour_Diesel__Ecom__Vape_Carts__1g.png,1,grams,62,83.61,
happydays:9215b5f0cedb21d4,happydays:9215b5f0cedb21d4,1g,88168639-20250127-PTW0276,True,29.75,35,1g,,,https://imgix.dispenseapp.com/145c714690909516_1703299970628-275932472-Waahoo__Pineapple_Trainwreck__Ecom__Vape_Carts__1g.png,1,grams,68,78.51,
happydays:31533605547934e5,happydays:31533605547934e5,100mg,355750341218,True,22,22,100mg,,,https://imgix.dispenseapp.com/145c714690909516_1715947467406-280367940-A7C99BF3-EAD3-4D6D-8D24-DC85BA74967A_1_105_c.jpeg,100,milligrams,58,,
happydays:55197cb7a2081bdd,happydays:55197cb7a2081bdd,1g,355750341300,True,35,35,1g,,,https://imgix.dispenseapp.com/145c714690909516_1715285726375-220654256-11.png,1,grams,30,80.81,
happydays:afb412c6498fde25,happydays:afb412c6498fde25,1g,355750341263,True,35,35,1g,,,https://imgix.dispenseapp.com/145c714690909516_1715283170769-628311806-ForbiddenFrui.png,1,grams,22,83.73,
happydays:ede466aada511fea,happydays:ede466aada511fea,100mg,355750341249,True,22,22,100mg,,,https://imgix.dispenseapp.com/145c714690909516_1715947653580-178379027-B856D294-54E4-4096-9947-6DC800889602_1_105_c.jpeg,100,milligrams,48,,
happydays:5b0b219b70bbe81b,happydays:5b0b219b70bbe81b,1g,850038234966,True,42.5,50,1g,,,https://imgix.dispenseapp.com/145c714690909516_145c714690909516_1706213194498-149237156-Screenshot_2024-01-25_150622.png,1,grams,36,75.5,
happydays:c378bad6b838e893,happydays:c378bad6b838e893,100mg,5382091202482578,True,18.7,22,100mg,,,https://imgix.dispenseapp.com/145c714690909516_1703343886463-768822300-bangin_blueberry.webp,100,milligrams,64,,
happydays:fcc2f9f8be0a9b43,happydays:fcc2f9f8be0a9b43,1g,355750341317,True,35,35,1g,,,https://imgix.dispenseapp.com/145c714690909516_1715285205113-592566824-CannabalsPurpleHaze.png,1,grams,18,80.07,
happydays:5ba7d8157224bf7b,happydays:5ba7d8157224bf7b,0.5g,4046128799495807,True,25.5,30,0.5g,,,https://imgix.dispenseapp.com/145c714690909516_1703343990098-451147540-gorilla_glu_vape.webp,0.5,grams,23,89.86,
happydays:701f881eb27623ff,happydays:701f881eb27623ff,100mg,850012603351,True,22.5,30,100mg,,,https://imgix.dispenseapp.com/145c714690909516_1716251130391-601753686-IMG_1311.jpeg,100,milligrams,11,,
happydays:1045be790c95b669,happydays:1045be790c95b669,100mg,810076070704,True,22.5,30,100mg,,,https://imgix.dispenseapp.com/145c714690909516_1716251141933-309064125-IMG_1314.jpeg,100,milligrams,42,,
happydays:f46bd27e8ee3986f,happydays:f46bd27e8ee3986f,100mg,2986237830741015,True,18.7,22,100mg,,,https://imgix.dispenseapp.com/145c714690909516_1703343960114-794360183-strawberry_pom.webp,100,milligrams,48,,
happydays:586c0093948c472e,happydays:586c0093948c472e,100mg,850012603252,True,22.5,30,100mg,,,https://imgix.dispenseapp.com/145c714690909516_1716251163280-356460035-IMG_1312.jpeg,100,milligrams,58,,
happydays:0445c66ded187c51,happydays:0445c66ded187c51,100mg,7415426320136600,True,18.7,22,100mg,,,https://imgix.dispenseapp.com/145c714690909516_1703343978688-244206098-citrus_crush.webp,100,milligrams,31,,
happydays:2d622788cbdfb420,happydays:2d622788cbdfb420,100mg,852873008689,True,21,28,100mg,,,https://imgix.dispenseapp.com/145c714690909516_145c714690909516_1716250676368-324847761-IMG_1304.jpeg,100,milligrams,102,,
happydays:9fcd56e5e6efc6d2,happydays:9fcd56e5e6efc6d2,100mg,850038234195,True,20.4,24,100mg,,,https://imgix.dispenseapp.com/145c714690909516_1703280116853-275133661-Gummies___FF___Blueberry_Bedtime___10pk.png,100,milligrams,100,,
happydays:57d20ff3eb9bdad9,happydays:57d20ff3eb9bdad9,100mg,850012603207,True,22.5,30,100mg,,,https://imgix.dispenseapp.com/145c714690909516_1716250731846-177589313-IMG_1306.jpeg,100,milligrams,68,,
